lift,noise_scale,length,cadence_days,channel,method,target,status,invalid_count,n_entities,rmse_kg,mae_kg,bias_kg,rmse_ci_low_kg,rmse_ci_high_kg
squat,0.0,1,1,assessment,last,P223_kg,COMPLETE,0,32,0.0,0.0,0.0,0.0,0.0
squat,0.0,1,1,assessment,last,C223_kg,COMPLETE,0,32,8.355255944106267,7.179541232125418,-7.179541232125418,6.65655554759836,10.139391111233694
squat,0.0,1,1,assessment,last,P230_kg,COMPLETE,0,32,2.8729727829927696,2.0972814989567836,2.0683724337906138,1.8869733281646428,3.7364087736791283
squat,0.0,1,1,assessment,mean,P223_kg,COMPLETE,0,32,0.0,0.0,0.0,0.0,0.0
squat,0.0,1,1,assessment,mean,C223_kg,COMPLETE,0,32,8.355255944106267,7.179541232125418,-7.179541232125418,6.65655554759836,10.139391111233694
squat,0.0,1,1,assessment,mean,P230_kg,COMPLETE,0,32,2.8729727829927696,2.0972814989567836,2.0683724337906138,1.8869733281646428,3.7364087736791283
squat,0.0,1,1,velocity,last,P223_kg,COMPLETE,0,32,8.702335715267317e-15,2.6645352591003757e-15,-8.881784197001252e-16,0.0,1.2306961192854808e-14
squat,0.0,1,1,velocity,last,C223_kg,COMPLETE,0,32,8.355255944106268,7.179541232125419,-7.179541232125419,6.65655554759836,10.139391111233692
squat,0.0,1,1,velocity,last,P230_kg,COMPLETE,0,32,2.8729727829927687,2.0972814989567827,2.068372433790613,1.886973328164642,3.736408773679127
squat,0.0,1,1,velocity,mean,P223_kg,COMPLETE,0,32,8.702335715267317e-15,2.6645352591003757e-15,-8.881784197001252e-16,0.0,1.2306961192854808e-14
squat,0.0,1,1,velocity,mean,C223_kg,COMPLETE,0,32,8.355255944106268,7.179541232125419,-7.179541232125419,6.65655554759836,10.139391111233692
squat,0.0,1,1,velocity,mean,P230_kg,COMPLETE,0,32,2.8729727829927687,2.0972814989567827,2.068372433790613,1.886973328164642,3.736408773679127
squat,0.0,1,1,combined,last,P223_kg,COMPLETE,0,32,7.105427357601002e-15,1.7763568394002505e-15,0.0,0.0,1.1234667099445444e-14
squat,0.0,1,1,combined,last,C223_kg,COMPLETE,0,32,8.355255944106267,7.179541232125418,-7.179541232125418,6.65655554759836,10.139391111233692
squat,0.0,1,1,combined,last,P230_kg,COMPLETE,0,32,2.872972782992769,2.0972814989567836,2.0683724337906138,1.8869733281646426,3.7364087736791283
squat,0.0,1,1,combined,mean,P223_kg,COMPLETE,0,32,7.105427357601002e-15,1.7763568394002505e-15,0.0,0.0,1.1234667099445444e-14
squat,0.0,1,1,combined,mean,C223_kg,COMPLETE,0,32,8.355255944106267,7.179541232125418,-7.179541232125418,6.65655554759836,10.139391111233692
squat,0.0,1,1,combined,mean,P230_kg,COMPLETE,0,32,2.872972782992769,2.0972814989567836,2.0683724337906138,1.8869733281646426,3.7364087736791283
squat,0.0,1,1,load,last,P223_kg,COMPLETE,0,32,3.2987172077334357,2.7041583704383463,0.2240285130510955,2.6229205930804054,3.927335494838753
squat,0.0,1,1,load,last,C223_kg,COMPLETE,0,32,9.04239342487149,7.040162450338306,-6.9555127190743224,6.5919175810609225,11.7200913793179
squat,0.0,1,1,load,last,P230_kg,COMPLETE,0,32,4.250104886341091,3.467121432131959,2.2924009468417093,3.2078593029086337,5.236506571698343
squat,0.0,1,1,load,mean,P223_kg,COMPLETE,0,32,3.2987172077334357,2.7041583704383463,0.2240285130510955,2.6229205930804054,3.927335494838753
squat,0.0,1,1,load,mean,C223_kg,COMPLETE,0,32,9.04239342487149,7.040162450338306,-6.9555127190743224,6.5919175810609225,11.7200913793179
squat,0.0,1,1,load,mean,P230_kg,COMPLETE,0,32,4.250104886341091,3.467121432131959,2.2924009468417093,3.2078593029086337,5.236506571698343
squat,0.0,1,7,assessment,last,P223_kg,COMPLETE,0,32,0.0,0.0,0.0,0.0,0.0
squat,0.0,1,7,assessment,last,C223_kg,COMPLETE,0,32,8.355255944106267,7.179541232125418,-7.179541232125418,6.65655554759836,10.139391111233694
squat,0.0,1,7,assessment,last,P230_kg,COMPLETE,0,32,2.8729727829927696,2.0972814989567836,2.0683724337906138,1.8869733281646428,3.7364087736791283
squat,0.0,1,7,assessment,mean,P223_kg,COMPLETE,0,32,0.0,0.0,0.0,0.0,0.0
squat,0.0,1,7,assessment,mean,C223_kg,COMPLETE,0,32,8.355255944106267,7.179541232125418,-7.179541232125418,6.65655554759836,10.139391111233694
squat,0.0,1,7,assessment,mean,P230_kg,COMPLETE,0,32,2.8729727829927696,2.0972814989567836,2.0683724337906138,1.8869733281646428,3.7364087736791283
squat,0.0,1,7,velocity,last,P223_kg,COMPLETE,0,32,8.702335715267317e-15,2.6645352591003757e-15,-8.881784197001252e-16,0.0,1.2306961192854808e-14
squat,0.0,1,7,velocity,last,C223_kg,COMPLETE,0,32,8.355255944106268,7.179541232125419,-7.179541232125419,6.65655554759836,10.139391111233692
squat,0.0,1,7,velocity,last,P230_kg,COMPLETE,0,32,2.8729727829927687,2.0972814989567827,2.068372433790613,1.886973328164642,3.736408773679127
squat,0.0,1,7,velocity,mean,P223_kg,COMPLETE,0,32,8.702335715267317e-15,2.6645352591003757e-15,-8.881784197001252e-16,0.0,1.2306961192854808e-14
squat,0.0,1,7,velocity,mean,C223_kg,COMPLETE,0,32,8.355255944106268,7.179541232125419,-7.179541232125419,6.65655554759836,10.139391111233692
squat,0.0,1,7,velocity,mean,P230_kg,COMPLETE,0,32,2.8729727829927687,2.0972814989567827,2.068372433790613,1.886973328164642,3.736408773679127
squat,0.0,1,7,combined,last,P223_kg,COMPLETE,0,32,7.105427357601002e-15,1.7763568394002505e-15,0.0,0.0,1.1234667099445444e-14
squat,0.0,1,7,combined,last,C223_kg,COMPLETE,0,32,8.355255944106267,7.179541232125418,-7.179541232125418,6.65655554759836,10.139391111233692
squat,0.0,1,7,combined,last,P230_kg,COMPLETE,0,32,2.872972782992769,2.0972814989567836,2.0683724337906138,1.8869733281646426,3.7364087736791283
squat,0.0,1,7,combined,mean,P223_kg,COMPLETE,0,32,7.105427357601002e-15,1.7763568394002505e-15,0.0,0.0,1.1234667099445444e-14
squat,0.0,1,7,combined,mean,C223_kg,COMPLETE,0,32,8.355255944106267,7.179541232125418,-7.179541232125418,6.65655554759836,10.139391111233692
squat,0.0,1,7,combined,mean,P230_kg,COMPLETE,0,32,2.872972782992769,2.0972814989567836,2.0683724337906138,1.8869733281646426,3.7364087736791283
squat,0.0,1,7,load,last,P223_kg,COMPLETE,0,32,3.2987172077334357,2.7041583704383463,0.2240285130510955,2.6229205930804054,3.927335494838753
squat,0.0,1,7,load,last,C223_kg,COMPLETE,0,32,9.04239342487149,7.040162450338306,-6.9555127190743224,6.5919175810609225,11.7200913793179
squat,0.0,1,7,load,last,P230_kg,COMPLETE,0,32,4.250104886341091,3.467121432131959,2.2924009468417093,3.2078593029086337,5.236506571698343
squat,0.0,1,7,load,mean,P223_kg,COMPLETE,0,32,3.2987172077334357,2.7041583704383463,0.2240285130510955,2.6229205930804054,3.927335494838753
squat,0.0,1,7,load,mean,C223_kg,COMPLETE,0,32,9.04239342487149,7.040162450338306,-6.9555127190743224,6.5919175810609225,11.7200913793179
squat,0.0,1,7,load,mean,P230_kg,COMPLETE,0,32,4.250104886341091,3.467121432131959,2.2924009468417093,3.2078593029086337,5.236506571698343
squat,0.0,4,1,assessment,last,P223_kg,COMPLETE,0,32,0.0,0.0,0.0,0.0,0.0
squat,0.0,4,1,assessment,last,C223_kg,COMPLETE,0,32,8.355255944106267,7.179541232125418,-7.179541232125418,6.65655554759836,10.139391111233694
squat,0.0,4,1,assessment,last,P230_kg,COMPLETE,0,32,2.8729727829927696,2.0972814989567836,2.0683724337906138,1.8869733281646428,3.7364087736791283
squat,0.0,4,1,assessment,mean,P223_kg,COMPLETE,0,32,0.11619330073620127,0.08956234956374232,0.08043951938834759,0.08605176632715228,0.1445201535825515
squat,0.0,4,1,assessment,mean,C223_kg,COMPLETE,0,32,8.297119619454746,7.09910171273707,-7.09910171273707,6.581471905786439,10.11347569997193
squat,0.0,4,1,assessment,mean,P230_kg,COMPLETE,0,32,2.9505390408080228,2.1621041412823074,2.1488119531789613,1.9429656598309881,3.8317824763005546
squat,0.0,4,1,velocity,last,P223_kg,COMPLETE,0,32,8.702335715267317e-15,2.6645352591003757e-15,-8.881784197001252e-16,0.0,1.2306961192854808e-14
squat,0.0,4,1,velocity,last,C223_kg,COMPLETE,0,32,8.355255944106268,7.179541232125419,-7.179541232125419,6.65655554759836,10.139391111233692
squat,0.0,4,1,velocity,last,P230_kg,COMPLETE,0,32,2.8729727829927687,2.0972814989567827,2.068372433790613,1.886973328164642,3.736408773679127
squat,0.0,4,1,velocity,mean,P223_kg,COMPLETE,0,32,0.11619330073620127,0.08956234956374232,0.08043951938834759,0.08605176632715228,0.1445201535825515
squat,0.0,4,1,velocity,mean,C223_kg,COMPLETE,0,32,8.297119619454746,7.09910171273707,-7.09910171273707,6.581471905786439,10.11347569997193
squat,0.0,4,1,velocity,mean,P230_kg,COMPLETE,0,32,2.9505390408080228,2.1621041412823074,2.1488119531789613,1.9429656598309881,3.8317824763005546
squat,0.0,4,1,combined,last,P223_kg,COMPLETE,0,32,7.105427357601002e-15,1.7763568394002505e-15,0.0,0.0,1.1234667099445444e-14
squat,0.0,4,1,combined,last,C223_kg,COMPLETE,0,32,8.355255944106267,7.179541232125418,-7.179541232125418,6.65655554759836,10.139391111233692
squat,0.0,4,1,combined,last,P230_kg,COMPLETE,0,32,2.872972782992769,2.0972814989567836,2.0683724337906138,1.8869733281646426,3.7364087736791283
squat,0.0,4,1,combined,mean,P223_kg,COMPLETE,0,32,0.11619330073620127,0.08956234956374232,0.08043951938834759,0.08605176632715228,0.1445201535825515
squat,0.0,4,1,combined,mean,C223_kg,COMPLETE,0,32,8.297119619454746,7.09910171273707,-7.09910171273707,6.581471905786439,10.11347569997193
squat,0.0,4,1,combined,mean,P230_kg,COMPLETE,0,32,2.9505390408080228,2.1621041412823074,2.1488119531789613,1.9429656598309881,3.8317824763005546
squat,0.0,4,1,load,last,P223_kg,COMPLETE,0,32,3.2987172077334357,2.7041583704383463,0.2240285130510955,2.6229205930804054,3.927335494838753
squat,0.0,4,1,load,last,C223_kg,COMPLETE,0,32,9.04239342487149,7.040162450338306,-6.9555127190743224,6.5919175810609225,11.7200913793179
squat,0.0,4,1,load,last,P230_kg,COMPLETE,0,32,4.250104886341091,3.467121432131959,2.2924009468417093,3.2078593029086337,5.236506571698343
squat,0.0,4,1,load,mean,P223_kg,COMPLETE,0,32,1.6499483977330018,1.2782464232189614,0.3105799302575676,1.245345381333254,2.076523918755283
squat,0.0,4,1,load,mean,C223_kg,COMPLETE,0,32,8.42782068166754,6.917140083920469,-6.86896130186785,6.3915031520270125,10.866875304350815
squat,0.0,4,1,load,mean,P230_kg,COMPLETE,0,32,3.548634183080175,2.696582365948849,2.3789523640481813,2.5475722919301953,4.605658503587282
squat,0.0,4,7,assessment,last,P223_kg,COMPLETE,0,32,0.0,0.0,0.0,0.0,0.0
squat,0.0,4,7,assessment,last,C223_kg,COMPLETE,0,32,8.355255944106267,7.179541232125418,-7.179541232125418,6.65655554759836,10.139391111233694
squat,0.0,4,7,assessment,last,P230_kg,COMPLETE,0,32,2.8729727829927696,2.0972814989567836,2.0683724337906138,1.8869733281646428,3.7364087736791283
squat,0.0,4,7,assessment,mean,P223_kg,COMPLETE,0,32,1.1960330807505235,0.931378676778456,-0.16082208730946235,0.8376736104261765,1.5234365663030915
squat,0.0,4,7,assessment,mean,C223_kg,COMPLETE,0,32,8.784375843065272,7.34036331943488,-7.34036331943488,6.8359444351404175,10.703083029552557
squat,0.0,4,7,assessment,mean,P230_kg,COMPLETE,0,32,2.6099277124415017,1.9075503464811514,1.9075503464811514,1.7832268785773462,3.328834194113818
squat,0.0,4,7,velocity,last,P223_kg,COMPLETE,0,32,8.702335715267317e-15,2.6645352591003757e-15,-8.881784197001252e-16,0.0,1.2306961192854808e-14
squat,0.0,4,7,velocity,last,C223_kg,COMPLETE,0,32,8.355255944106268,7.179541232125419,-7.179541232125419,6.65655554759836,10.139391111233692
squat,0.0,4,7,velocity,last,P230_kg,COMPLETE,0,32,2.8729727829927687,2.0972814989567827,2.068372433790613,1.886973328164642,3.736408773679127
squat,0.0,4,7,velocity,mean,P223_kg,COMPLETE,0,32,1.196033080750524,0.931378676778456,-0.16082208730946235,0.837673610426179,1.5234365663030915
squat,0.0,4,7,velocity,mean,C223_kg,COMPLETE,0,32,8.784375843065272,7.34036331943488,-7.34036331943488,6.8359444351404175,10.703083029552557
squat,0.0,4,7,velocity,mean,P230_kg,COMPLETE,0,32,2.6099277124415017,1.9075503464811514,1.9075503464811514,1.7832268785773462,3.3288341941138184
squat,0.0,4,7,combined,last,P223_kg,COMPLETE,0,32,7.105427357601002e-15,1.7763568394002505e-15,0.0,0.0,1.1234667099445444e-14
squat,0.0,4,7,combined,last,C223_kg,COMPLETE,0,32,8.355255944106267,7.179541232125418,-7.179541232125418,6.65655554759836,10.139391111233692
squat,0.0,4,7,combined,last,P230_kg,COMPLETE,0,32,2.872972782992769,2.0972814989567836,2.0683724337906138,1.8869733281646426,3.7364087736791283
squat,0.0,4,7,combined,mean,P223_kg,COMPLETE,0,32,1.196033080750524,0.9313786767784569,-0.16082208730946324,0.837673610426179,1.5234365663030915
squat,0.0,4,7,combined,mean,C223_kg,COMPLETE,0,32,8.784375843065272,7.340363319434881,-7.340363319434881,6.8359444351404175,10.703083029552557
squat,0.0,4,7,combined,mean,P230_kg,COMPLETE,0,32,2.6099277124415012,1.9075503464811505,1.9075503464811505,1.7832268785773455,3.328834194113818
squat,0.0,4,7,load,last,P223_kg,COMPLETE,0,32,3.2987172077334357,2.7041583704383463,0.2240285130510955,2.6229205930804054,3.927335494838753
squat,0.0,4,7,load,last,C223_kg,COMPLETE,0,32,9.04239342487149,7.040162450338306,-6.9555127190743224,6.5919175810609225,11.7200913793179
squat,0.0,4,7,load,last,P230_kg,COMPLETE,0,32,4.250104886341091,3.467121432131959,2.2924009468417093,3.2078593029086337,5.236506571698343
squat,0.0,4,7,load,mean,P223_kg,COMPLETE,0,32,1.9848945747429705,1.5563574032860323,0.11455413833067851,1.4286379552840545,2.4588924311257463
squat,0.0,4,7,load,mean,C223_kg,COMPLETE,0,32,8.677239654256871,7.075568100940604,-7.064987093794739,6.849395784884893,10.559238970077802
squat,0.0,4,7,load,mean,P230_kg,COMPLETE,0,32,3.0816862577292365,2.5867428788671893,2.1829265721212923,2.458384266880902,3.7029109222381473
squat,0.0,16,1,assessment,last,P223_kg,COMPLETE,0,32,0.0,0.0,0.0,0.0,0.0
squat,0.0,16,1,assessment,last,C223_kg,COMPLETE,0,32,8.355255944106267,7.179541232125418,-7.179541232125418,6.65655554759836,10.139391111233694
squat,0.0,16,1,assessment,last,P230_kg,COMPLETE,0,32,2.8729727829927696,2.0972814989567836,2.0683724337906138,1.8869733281646428,3.7364087736791283
squat,0.0,16,1,assessment,mean,P223_kg,COMPLETE,0,32,0.5847240477465384,0.46558766391608053,0.1466630535624347,0.449012497536095,0.7294158857454308
squat,0.0,16,1,assessment,mean,C223_kg,COMPLETE,0,32,8.368997591944101,7.032878178562983,-7.032878178562983,6.547171588585958,10.259438543037009
squat,0.0,16,1,assessment,mean,P230_kg,COMPLETE,0,32,2.9561270986525194,2.2150354873530484,2.2150354873530484,2.019549332747683,3.7795492600976663
squat,0.0,16,1,velocity,last,P223_kg,COMPLETE,0,32,8.702335715267317e-15,2.6645352591003757e-15,-8.881784197001252e-16,0.0,1.2306961192854808e-14
squat,0.0,16,1,velocity,last,C223_kg,COMPLETE,0,32,8.355255944106268,7.179541232125419,-7.179541232125419,6.65655554759836,10.139391111233692
squat,0.0,16,1,velocity,last,P230_kg,COMPLETE,0,32,2.8729727829927687,2.0972814989567827,2.068372433790613,1.886973328164642,3.736408773679127
squat,0.0,16,1,velocity,mean,P223_kg,COMPLETE,0,32,0.5847240477465377,0.46558766391607964,0.1466630535624338,0.4490124975360941,0.7294158857454308
squat,0.0,16,1,velocity,mean,C223_kg,COMPLETE,0,32,8.368997591944101,7.032878178562984,-7.032878178562984,6.547171588585958,10.259438543037009
squat,0.0,16,1,velocity,mean,P230_kg,COMPLETE,0,32,2.9561270986525194,2.2150354873530476,2.2150354873530476,2.019549332747683,3.779549260097666
squat,0.0,16,1,combined,last,P223_kg,COMPLETE,0,32,7.105427357601002e-15,1.7763568394002505e-15,0.0,0.0,1.1234667099445444e-14
squat,0.0,16,1,combined,last,C223_kg,COMPLETE,0,32,8.355255944106267,7.179541232125418,-7.179541232125418,6.65655554759836,10.139391111233692
squat,0.0,16,1,combined,last,P230_kg,COMPLETE,0,32,2.872972782992769,2.0972814989567836,2.0683724337906138,1.8869733281646426,3.7364087736791283
squat,0.0,16,1,combined,mean,P223_kg,COMPLETE,0,32,0.5847240477465384,0.46558766391608053,0.1466630535624347,0.449012497536095,0.7294158857454308
squat,0.0,16,1,combined,mean,C223_kg,COMPLETE,0,32,8.368997591944101,7.032878178562983,-7.032878178562983,6.547171588585958,10.259438543037009
squat,0.0,16,1,combined,mean,P230_kg,COMPLETE,0,32,2.9561270986525194,2.2150354873530484,2.2150354873530484,2.019549332747683,3.7795492600976663
squat,0.0,16,1,load,last,P223_kg,COMPLETE,0,32,3.2987172077334357,2.7041583704383463,0.2240285130510955,2.6229205930804054,3.927335494838753
squat,0.0,16,1,load,last,C223_kg,COMPLETE,0,32,9.04239342487149,7.040162450338306,-6.9555127190743224,6.5919175810609225,11.7200913793179
squat,0.0,16,1,load,last,P230_kg,COMPLETE,0,32,4.250104886341091,3.467121432131959,2.2924009468417093,3.2078593029086337,5.236506571698343
squat,0.0,16,1,load,mean,P223_kg,COMPLETE,0,32,1.1415891387150727,0.8666710936171764,0.18770346639617763,0.802250911966923,1.4517630703051745
squat,0.0,16,1,load,mean,C223_kg,COMPLETE,0,32,8.515949061344527,6.997304762308751,-6.99183776572924,6.557227355023045,10.65760519673397
squat,0.0,16,1,load,mean,P230_kg,COMPLETE,0,32,3.1095786750944505,2.346092721505945,2.2560759001867914,2.168429054287261,4.0121542985074035
squat,0.0,16,7,assessment,last,P223_kg,COMPLETE,0,32,0.0,0.0,0.0,0.0,0.0
squat,0.0,16,7,assessment,last,C223_kg,COMPLETE,0,32,8.355255944106267,7.179541232125418,-7.179541232125418,6.65655554759836,10.139391111233694
squat,0.0,16,7,assessment,last,P230_kg,COMPLETE,0,32,2.8729727829927696,2.0972814989567836,2.0683724337906138,1.8869733281646428,3.7364087736791283
squat,0.0,16,7,assessment,mean,P223_kg,COMPLETE,0,32,2.419593522652673,1.818285739897696,-1.4525147202941784,1.6879837247915261,3.057042389101477
squat,0.0,16,7,assessment,mean,C223_kg,COMPLETE,0,32,10.057493528577751,8.632055952419595,-8.632055952419595,8.082879736363667,12.035505091829204
squat,0.0,16,7,assessment,mean,P230_kg,COMPLETE,0,32,1.398347634520389,1.0993414058125843,0.6158577134964354,1.0744804378779946,1.7136454746723577
squat,0.0,16,7,velocity,last,P223_kg,COMPLETE,0,32,8.702335715267317e-15,2.6645352591003757e-15,-8.881784197001252e-16,0.0,1.2306961192854808e-14
squat,0.0,16,7,velocity,last,C223_kg,COMPLETE,0,32,8.355255944106268,7.179541232125419,-7.179541232125419,6.65655554759836,10.139391111233692
squat,0.0,16,7,velocity,last,P230_kg,COMPLETE,0,32,2.8729727829927687,2.0972814989567827,2.068372433790613,1.886973328164642,3.736408773679127
squat,0.0,16,7,velocity,mean,P223_kg,COMPLETE,0,32,2.4195935226526726,1.818285739897695,-1.4525147202941775,1.6879837247915253,3.057042389101476
squat,0.0,16,7,velocity,mean,C223_kg,COMPLETE,0,32,10.057493528577751,8.632055952419595,-8.632055952419595,8.082879736363667,12.035505091829204
squat,0.0,16,7,velocity,mean,P230_kg,COMPLETE,0,32,1.398347634520389,1.0993414058125834,0.6158577134964363,1.0744804378779946,1.7136454746723577
squat,0.0,16,7,combined,last,P223_kg,COMPLETE,0,32,7.105427357601002e-15,1.7763568394002505e-15,0.0,0.0,1.1234667099445444e-14
squat,0.0,16,7,combined,last,C223_kg,COMPLETE,0,32,8.355255944106267,7.179541232125418,-7.179541232125418,6.65655554759836,10.139391111233692
squat,0.0,16,7,combined,last,P230_kg,COMPLETE,0,32,2.872972782992769,2.0972814989567836,2.0683724337906138,1.8869733281646426,3.7364087736791283
squat,0.0,16,7,combined,mean,P223_kg,COMPLETE,0,32,2.419593522652673,1.818285739897696,-1.4525147202941784,1.6879837247915261,3.057042389101477
squat,0.0,16,7,combined,mean,C223_kg,COMPLETE,0,32,10.057493528577751,8.632055952419595,-8.632055952419595,8.082879736363667,12.035505091829204
squat,0.0,16,7,combined,mean,P230_kg,COMPLETE,0,32,1.398347634520389,1.0993414058125843,0.6158577134964354,1.0744804378779946,1.7136454746723577
squat,0.0,16,7,load,last,P223_kg,COMPLETE,0,32,3.2987172077334357,2.7041583704383463,0.2240285130510955,2.6229205930804054,3.927335494838753
squat,0.0,16,7,load,last,C223_kg,COMPLETE,0,32,9.04239342487149,7.040162450338306,-6.9555127190743224,6.5919175810609225,11.7200913793179
squat,0.0,16,7,load,last,P230_kg,COMPLETE,0,32,4.250104886341091,3.467121432131959,2.2924009468417093,3.2078593029086337,5.236506571698343
squat,0.0,16,7,load,mean,P223_kg,COMPLETE,0,32,2.5482729389269174,1.855201871536587,-1.4633013728834579,1.7274495760015816,3.3374493871177506
squat,0.0,16,7,load,mean,C223_kg,COMPLETE,0,32,10.098557051385988,8.642842605008877,-8.642842605008877,8.143947343035098,11.983309976926563
squat,0.0,16,7,load,mean,P230_kg,COMPLETE,0,32,1.4162207707808685,1.138745780275498,0.6050710609071559,1.0878882410478552,1.7211378606352643
squat,0.0,32,1,assessment,last,P223_kg,COMPLETE,0,32,0.0,0.0,0.0,0.0,0.0
squat,0.0,32,1,assessment,last,C223_kg,COMPLETE,0,32,8.355255944106267,7.179541232125418,-7.179541232125418,6.65655554759836,10.139391111233694
squat,0.0,32,1,assessment,last,P230_kg,COMPLETE,0,32,2.8729727829927696,2.0972814989567836,2.0683724337906138,1.8869733281646428,3.7364087736791283
squat,0.0,32,1,assessment,mean,P223_kg,COMPLETE,0,32,1.6215505310679008,1.2011441547149286,-0.5289688933519092,1.0902011136078678,2.1369029451590125
squat,0.0,32,1,assessment,mean,C223_kg,COMPLETE,0,32,9.226139879009006,7.708510125477327,-7.708510125477327,7.222795842953547,11.173625742702084
squat,0.0,32,1,assessment,mean,P230_kg,COMPLETE,0,32,2.230475342187531,1.5873424275022314,1.5394035404387045,1.5898572993118731,2.828804754365035
squat,0.0,32,1,velocity,last,P223_kg,COMPLETE,0,32,8.702335715267317e-15,2.6645352591003757e-15,-8.881784197001252e-16,0.0,1.2306961192854808e-14
squat,0.0,32,1,velocity,last,C223_kg,COMPLETE,0,32,8.355255944106268,7.179541232125419,-7.179541232125419,6.65655554759836,10.139391111233692
squat,0.0,32,1,velocity,last,P230_kg,COMPLETE,0,32,2.8729727829927687,2.0972814989567827,2.068372433790613,1.886973328164642,3.736408773679127
squat,0.0,32,1,velocity,mean,P223_kg,COMPLETE,0,32,1.6215505310679008,1.2011441547149286,-0.5289688933519092,1.0902011136078678,2.1369029451590125
squat,0.0,32,1,velocity,mean,C223_kg,COMPLETE,0,32,9.226139879009006,7.708510125477327,-7.708510125477327,7.222795842953547,11.173625742702084
squat,0.0,32,1,velocity,mean,P230_kg,COMPLETE,0,32,2.230475342187531,1.5873424275022314,1.5394035404387045,1.5898572993118731,2.828804754365035
squat,0.0,32,1,combined,last,P223_kg,COMPLETE,0,32,7.105427357601002e-15,1.7763568394002505e-15,0.0,0.0,1.1234667099445444e-14
squat,0.0,32,1,combined,last,C223_kg,COMPLETE,0,32,8.355255944106267,7.179541232125418,-7.179541232125418,6.65655554759836,10.139391111233692
squat,0.0,32,1,combined,last,P230_kg,COMPLETE,0,32,2.872972782992769,2.0972814989567836,2.0683724337906138,1.8869733281646426,3.7364087736791283
squat,0.0,32,1,combined,mean,P223_kg,COMPLETE,0,32,1.6215505310679008,1.2011441547149286,-0.5289688933519092,1.0902011136078678,2.1369029451590125
squat,0.0,32,1,combined,mean,C223_kg,COMPLETE,0,32,9.226139879009006,7.708510125477327,-7.708510125477327,7.222795842953547,11.173625742702084
squat,0.0,32,1,combined,mean,P230_kg,COMPLETE,0,32,2.230475342187531,1.5873424275022314,1.5394035404387045,1.5898572993118731,2.828804754365035
squat,0.0,32,1,load,last,P223_kg,COMPLETE,0,32,3.2987172077334357,2.7041583704383463,0.2240285130510955,2.6229205930804054,3.927335494838753
squat,0.0,32,1,load,last,C223_kg,COMPLETE,0,32,9.04239342487149,7.040162450338306,-6.9555127190743224,6.5919175810609225,11.7200913793179
squat,0.0,32,1,load,last,P230_kg,COMPLETE,0,32,4.250104886341091,3.467121432131959,2.2924009468417093,3.2078593029086337,5.236506571698343
squat,0.0,32,1,load,mean,P223_kg,COMPLETE,0,32,1.719447915885171,1.3102030398733469,-0.5065148220499509,1.167321035610056,2.220189577252211
squat,0.0,32,1,load,mean,C223_kg,COMPLETE,0,32,9.307889381647025,7.686056054175369,-7.686056054175369,7.22280319957909,11.392624661095404
squat,0.0,32,1,load,mean,P230_kg,COMPLETE,0,32,2.3052886764981335,1.7302533547636965,1.5618576117406628,1.700482746746388,2.8837500296199434
squat,0.0,32,7,assessment,last,P223_kg,COMPLETE,0,32,0.0,0.0,0.0,0.0,0.0
squat,0.0,32,7,assessment,last,C223_kg,COMPLETE,0,32,8.355255944106267,7.179541232125418,-7.179541232125418,6.65655554759836,10.139391111233694
squat,0.0,32,7,assessment,last,P230_kg,COMPLETE,0,32,2.8729727829927696,2.0972814989567836,2.0683724337906138,1.8869733281646428,3.7364087736791283
squat,0.0,32,7,assessment,mean,P223_kg,COMPLETE,0,32,5.263390194276293,4.120783716763297,-3.8885461241749817,3.9117165614634914,6.543501940416776
squat,0.0,32,7,assessment,mean,C223_kg,COMPLETE,0,32,12.721964009297418,11.0680873563004,-11.0680873563004,10.336700467009406,15.074300734573326
squat,0.0,32,7,assessment,mean,P230_kg,COMPLETE,0,32,3.135382119509743,2.1843610784403866,-1.820173690384368,2.044454528908136,4.218753811634453
squat,0.0,32,7,velocity,last,P223_kg,COMPLETE,0,32,8.702335715267317e-15,2.6645352591003757e-15,-8.881784197001252e-16,0.0,1.2306961192854808e-14
squat,0.0,32,7,velocity,last,C223_kg,COMPLETE,0,32,8.355255944106268,7.179541232125419,-7.179541232125419,6.65655554759836,10.139391111233692
squat,0.0,32,7,velocity,last,P230_kg,COMPLETE,0,32,2.8729727829927687,2.0972814989567827,2.068372433790613,1.886973328164642,3.736408773679127
squat,0.0,32,7,velocity,mean,P223_kg,COMPLETE,0,32,5.263390194276292,4.120783716763297,-3.888546124174981,3.911716561463491,6.543501940416776
squat,0.0,32,7,velocity,mean,C223_kg,COMPLETE,0,32,12.721964009297418,11.0680873563004,-11.0680873563004,10.336700467009404,15.074300734573324
squat,0.0,32,7,velocity,mean,P230_kg,COMPLETE,0,32,3.1353821195097424,2.1843610784403857,-1.820173690384367,2.0444545289081355,4.218753811634453
squat,0.0,32,7,combined,last,P223_kg,COMPLETE,0,32,7.105427357601002e-15,1.7763568394002505e-15,0.0,0.0,1.1234667099445444e-14
squat,0.0,32,7,combined,last,C223_kg,COMPLETE,0,32,8.355255944106267,7.179541232125418,-7.179541232125418,6.65655554759836,10.139391111233692
squat,0.0,32,7,combined,last,P230_kg,COMPLETE,0,32,2.872972782992769,2.0972814989567836,2.0683724337906138,1.8869733281646426,3.7364087736791283
squat,0.0,32,7,combined,mean,P223_kg,COMPLETE,0,32,5.263390194276291,4.120783716763295,-3.88854612417498,3.911716561463485,6.543501940416776
squat,0.0,32,7,combined,mean,C223_kg,COMPLETE,0,32,12.721964009297416,11.0680873563004,-11.0680873563004,10.336700467009402,15.074300734573319
squat,0.0,32,7,combined,mean,P230_kg,COMPLETE,0,32,3.1353821195097407,2.184361078440385,-1.8201736903843662,2.0444545289081333,4.218753811634453
squat,0.0,32,7,load,last,P223_kg,COMPLETE,0,32,3.2987172077334357,2.7041583704383463,0.2240285130510955,2.6229205930804054,3.927335494838753
squat,0.0,32,7,load,last,C223_kg,COMPLETE,0,32,9.04239342487149,7.040162450338306,-6.9555127190743224,6.5919175810609225,11.7200913793179
squat,0.0,32,7,load,last,P230_kg,COMPLETE,0,32,4.250104886341091,3.467121432131959,2.2924009468417093,3.2078593029086337,5.236506571698343
squat,0.0,32,7,load,mean,P223_kg,COMPLETE,0,32,5.319533773026696,4.04542993195013,-3.801419527029577,3.859215175024628,6.69831680934187
squat,0.0,32,7,load,mean,C223_kg,COMPLETE,0,32,12.674453090888996,10.980960759154996,-10.980960759154996,10.27651447598339,15.015501483914067
squat,0.0,32,7,load,mean,P230_kg,COMPLETE,0,32,3.1865942639292144,2.1976520778864783,-1.7330470932389632,2.038898851382842,4.216740732360204
squat,0.5,1,1,assessment,last,P223_kg,COMPLETE,0,32,5.801015044342378,4.6113727718747946,-1.7974806468886229,4.296161126007138,7.205403464961762
squat,0.5,1,1,assessment,last,C223_kg,COMPLETE,0,32,11.583892556077883,9.226690775677374,-8.97702187901404,8.880574306201549,14.172530975110721
squat,0.5,1,1,assessment,last,P230_kg,COMPLETE,0,32,5.404650764363429,4.420009860644047,0.2708917869019909,4.317017955361616,6.537507778544805
squat,0.5,1,1,assessment,mean,P223_kg,COMPLETE,0,32,5.801015044342378,4.6113727718747946,-1.7974806468886229,4.296161126007138,7.205403464961762
squat,0.5,1,1,assessment,mean,C223_kg,COMPLETE,0,32,11.583892556077883,9.226690775677374,-8.97702187901404,8.880574306201549,14.172530975110721
squat,0.5,1,1,assessment,mean,P230_kg,COMPLETE,0,32,5.404650764363429,4.420009860644047,0.2708917869019909,4.317017955361616,6.537507778544805
squat,0.5,1,1,velocity,last,P223_kg,COMPLETE,0,32,6.942999968033125,4.907807720281838,-0.9626059353050871,4.62740765245764,9.110123809879916
squat,0.5,1,1,velocity,last,C223_kg,COMPLETE,0,32,12.156315214633528,8.660986565326926,-8.142147167430505,8.412415963173656,15.719355695070226
squat,0.5,1,1,velocity,last,P230_kg,COMPLETE,0,32,6.832188158189291,5.048017066273704,1.1057664984855267,4.961997727329369,8.711784894495525
squat,0.5,1,1,velocity,mean,P223_kg,COMPLETE,0,32,6.942999968033125,4.907807720281838,-0.9626059353050871,4.62740765245764,9.110123809879916
squat,0.5,1,1,velocity,mean,C223_kg,COMPLETE,0,32,12.156315214633528,8.660986565326926,-8.142147167430505,8.412415963173656,15.719355695070226
squat,0.5,1,1,velocity,mean,P230_kg,COMPLETE,0,32,6.832188158189291,5.048017066273704,1.1057664984855267,4.961997727329369,8.711784894495525
squat,0.5,1,1,combined,last,P223_kg,COMPLETE,0,32,5.156749571748352,3.6812063784778166,-1.6430259231161317,3.0356799110918264,6.969456546480421
squat,0.5,1,1,combined,last,C223_kg,COMPLETE,0,32,11.420128382206464,8.82256715524155,-8.82256715524155,8.54734372306955,14.211634424142723
squat,0.5,1,1,combined,last,P230_kg,COMPLETE,0,32,4.7375017315735155,3.5213149526132033,0.42534651067448204,3.373575382306128,6.007799872982591
squat,0.5,1,1,combined,mean,P223_kg,COMPLETE,0,32,5.156749571748352,3.6812063784778166,-1.6430259231161317,3.0356799110918264,6.969456546480421
squat,0.5,1,1,combined,mean,C223_kg,COMPLETE,0,32,11.420128382206464,8.82256715524155,-8.82256715524155,8.54734372306955,14.211634424142723
squat,0.5,1,1,combined,mean,P230_kg,COMPLETE,0,32,4.7375017315735155,3.5213149526132033,0.42534651067448204,3.373575382306128,6.007799872982591
squat,0.5,1,1,load,last,P223_kg,COMPLETE,0,32,6.4011157319407195,4.5977442775431365,-1.5746691492396598,4.078807550079926,8.496181605740244
squat,0.5,1,1,load,last,C223_kg,COMPLETE,0,32,11.948293825852462,9.539853553300823,-8.754210381365077,8.971574224189565,14.953558072776675
squat,0.5,1,1,load,last,P230_kg,COMPLETE,0,32,5.957832642767904,4.447139561992,0.4937032845509539,4.2152371198489185,7.644980810959886
squat,0.5,1,1,load,mean,P223_kg,COMPLETE,0,32,6.4011157319407195,4.5977442775431365,-1.5746691492396598,4.078807550079926,8.496181605740244
squat,0.5,1,1,load,mean,C223_kg,COMPLETE,0,32,11.948293825852462,9.539853553300823,-8.754210381365077,8.971574224189565,14.953558072776675
squat,0.5,1,1,load,mean,P230_kg,COMPLETE,0,32,5.957832642767904,4.447139561992,0.4937032845509539,4.2152371198489185,7.644980810959886
squat,0.5,1,7,assessment,last,P223_kg,COMPLETE,0,32,5.801015044342378,4.6113727718747946,-1.7974806468886229,4.296161126007138,7.205403464961762
squat,0.5,1,7,assessment,last,C223_kg,COMPLETE,0,32,11.583892556077883,9.226690775677374,-8.97702187901404,8.880574306201549,14.172530975110721
squat,0.5,1,7,assessment,last,P230_kg,COMPLETE,0,32,5.404650764363429,4.420009860644047,0.2708917869019909,4.317017955361616,6.537507778544805
squat,0.5,1,7,assessment,mean,P223_kg,COMPLETE,0,32,5.801015044342378,4.6113727718747946,-1.7974806468886229,4.296161126007138,7.205403464961762
squat,0.5,1,7,assessment,mean,C223_kg,COMPLETE,0,32,11.583892556077883,9.226690775677374,-8.97702187901404,8.880574306201549,14.172530975110721
squat,0.5,1,7,assessment,mean,P230_kg,COMPLETE,0,32,5.404650764363429,4.420009860644047,0.2708917869019909,4.317017955361616,6.537507778544805
squat,0.5,1,7,velocity,last,P223_kg,COMPLETE,0,32,6.942999968033125,4.907807720281838,-0.9626059353050871,4.62740765245764,9.110123809879916
squat,0.5,1,7,velocity,last,C223_kg,COMPLETE,0,32,12.156315214633528,8.660986565326926,-8.142147167430505,8.412415963173656,15.719355695070226
squat,0.5,1,7,velocity,last,P230_kg,COMPLETE,0,32,6.832188158189291,5.048017066273704,1.1057664984855267,4.961997727329369,8.711784894495525
squat,0.5,1,7,velocity,mean,P223_kg,COMPLETE,0,32,6.942999968033125,4.907807720281838,-0.9626059353050871,4.62740765245764,9.110123809879916
squat,0.5,1,7,velocity,mean,C223_kg,COMPLETE,0,32,12.156315214633528,8.660986565326926,-8.142147167430505,8.412415963173656,15.719355695070226
squat,0.5,1,7,velocity,mean,P230_kg,COMPLETE,0,32,6.832188158189291,5.048017066273704,1.1057664984855267,4.961997727329369,8.711784894495525
squat,0.5,1,7,combined,last,P223_kg,COMPLETE,0,32,5.156749571748352,3.6812063784778166,-1.6430259231161317,3.0356799110918264,6.969456546480421
squat,0.5,1,7,combined,last,C223_kg,COMPLETE,0,32,11.420128382206464,8.82256715524155,-8.82256715524155,8.54734372306955,14.211634424142723
squat,0.5,1,7,combined,last,P230_kg,COMPLETE,0,32,4.7375017315735155,3.5213149526132033,0.42534651067448204,3.373575382306128,6.007799872982591
squat,0.5,1,7,combined,mean,P223_kg,COMPLETE,0,32,5.156749571748352,3.6812063784778166,-1.6430259231161317,3.0356799110918264,6.969456546480421
squat,0.5,1,7,combined,mean,C223_kg,COMPLETE,0,32,11.420128382206464,8.82256715524155,-8.82256715524155,8.54734372306955,14.211634424142723
squat,0.5,1,7,combined,mean,P230_kg,COMPLETE,0,32,4.7375017315735155,3.5213149526132033,0.42534651067448204,3.373575382306128,6.007799872982591
squat,0.5,1,7,load,last,P223_kg,COMPLETE,0,32,6.4011157319407195,4.5977442775431365,-1.5746691492396598,4.078807550079926,8.496181605740244
squat,0.5,1,7,load,last,C223_kg,COMPLETE,0,32,11.948293825852462,9.539853553300823,-8.754210381365077,8.971574224189565,14.953558072776675
squat,0.5,1,7,load,last,P230_kg,COMPLETE,0,32,5.957832642767904,4.447139561992,0.4937032845509539,4.2152371198489185,7.644980810959886
squat,0.5,1,7,load,mean,P223_kg,COMPLETE,0,32,6.4011157319407195,4.5977442775431365,-1.5746691492396598,4.078807550079926,8.496181605740244
squat,0.5,1,7,load,mean,C223_kg,COMPLETE,0,32,11.948293825852462,9.539853553300823,-8.754210381365077,8.971574224189565,14.953558072776675
squat,0.5,1,7,load,mean,P230_kg,COMPLETE,0,32,5.957832642767904,4.447139561992,0.4937032845509539,4.2152371198489185,7.644980810959886
squat,0.5,4,1,assessment,last,P223_kg,COMPLETE,0,32,5.801015044342378,4.6113727718747946,-1.7974806468886229,4.296161126007138,7.205403464961762
squat,0.5,4,1,assessment,last,C223_kg,COMPLETE,0,32,11.583892556077883,9.226690775677374,-8.97702187901404,8.880574306201549,14.172530975110721
squat,0.5,4,1,assessment,last,P230_kg,COMPLETE,0,32,5.404650764363429,4.420009860644047,0.2708917869019909,4.317017955361616,6.537507778544805
squat,0.5,4,1,assessment,mean,P223_kg,COMPLETE,0,32,3.4946198299149054,2.823649785102374,-0.19777632519044097,2.631028474432824,4.284469325813857
squat,0.5,4,1,assessment,mean,C223_kg,COMPLETE,0,32,9.163100953865266,7.387554943719408,-7.377317557315859,6.961396373915133,11.31390364581575
squat,0.5,4,1,assessment,mean,P230_kg,COMPLETE,0,32,4.371346546708163,3.315546124778375,1.8705961086001728,2.9789742688154406,5.906939997634855
squat,0.5,4,1,velocity,last,P223_kg,COMPLETE,0,32,6.942999968033125,4.907807720281838,-0.9626059353050871,4.62740765245764,9.110123809879916
squat,0.5,4,1,velocity,last,C223_kg,COMPLETE,0,32,12.156315214633528,8.660986565326926,-8.142147167430505,8.412415963173656,15.719355695070226
squat,0.5,4,1,velocity,last,P230_kg,COMPLETE,0,32,6.832188158189291,5.048017066273704,1.1057664984855267,4.961997727329369,8.711784894495525
squat,0.5,4,1,velocity,mean,P223_kg,COMPLETE,0,32,2.5478834836180035,2.0218297725050443,0.41897656014395057,1.9040792103791098,3.1883345353474364
squat,0.5,4,1,velocity,mean,C223_kg,COMPLETE,0,32,8.361760871692233,6.921957015813763,-6.760564671981467,6.3447160285732,10.521811045102302
squat,0.5,4,1,velocity,mean,P230_kg,COMPLETE,0,32,3.8039990614982804,2.9441397653788193,2.4873489939345643,2.7901625343725804,4.821813588845128
squat,0.5,4,1,combined,last,P223_kg,COMPLETE,0,32,5.156749571748352,3.6812063784778166,-1.6430259231161317,3.0356799110918264,6.969456546480421
squat,0.5,4,1,combined,last,C223_kg,COMPLETE,0,32,11.420128382206464,8.82256715524155,-8.82256715524155,8.54734372306955,14.211634424142723
squat,0.5,4,1,combined,last,P230_kg,COMPLETE,0,32,4.7375017315735155,3.5213149526132033,0.42534651067448204,3.373575382306128,6.007799872982591
squat,0.5,4,1,combined,mean,P223_kg,COMPLETE,0,32,2.1727577558567597,1.626772729287985,-0.2285817769253664,1.5906956782279038,2.7179194855974087
squat,0.5,4,1,combined,mean,C223_kg,COMPLETE,0,32,8.800699764209217,7.408123009050785,-7.408123009050785,6.920355827138127,10.79077851336513
squat,0.5,4,1,combined,mean,P230_kg,COMPLETE,0,32,3.2628407422522585,2.3383837976126216,1.8397906568652473,2.064173463860741,4.539628014228711
squat,0.5,4,1,load,last,P223_kg,COMPLETE,0,32,6.4011157319407195,4.5977442775431365,-1.5746691492396598,4.078807550079926,8.496181605740244
squat,0.5,4,1,load,last,C223_kg,COMPLETE,0,32,11.948293825852462,9.539853553300823,-8.754210381365077,8.971574224189565,14.953558072776675
squat,0.5,4,1,load,last,P230_kg,COMPLETE,0,32,5.957832642767904,4.447139561992,0.4937032845509539,4.2152371198489185,7.644980810959886
squat,0.5,4,1,load,mean,P223_kg,COMPLETE,0,32,3.450723923449759,2.799620601730471,0.024508818884863004,2.7272719281274997,4.15256895525387
squat,0.5,4,1,load,mean,C223_kg,COMPLETE,0,32,9.133047508596098,7.168850457610727,-7.155032413240555,6.840457803251387,11.376618152924053
squat,0.5,4,1,load,mean,P230_kg,COMPLETE,0,32,4.4617612717356065,3.228242901437436,2.0928812526754768,2.9166942882646367,5.93136035799961
squat,0.5,4,7,assessment,last,P223_kg,COMPLETE,0,32,5.801015044342378,4.6113727718747946,-1.7974806468886229,4.296161126007138,7.205403464961762
squat,0.5,4,7,assessment,last,C223_kg,COMPLETE,0,32,11.583892556077883,9.226690775677374,-8.97702187901404,8.880574306201549,14.172530975110721
squat,0.5,4,7,assessment,last,P230_kg,COMPLETE,0,32,5.404650764363429,4.420009860644047,0.2708917869019909,4.317017955361616,6.537507778544805
squat,0.5,4,7,assessment,mean,P223_kg,COMPLETE,0,32,3.898434760587316,3.0260747532380505,-0.47847185232040657,2.835331305950263,4.933153469248407
squat,0.5,4,7,assessment,mean,C223_kg,COMPLETE,0,32,9.79155589856391,7.663924409537756,-7.658013084445825,7.449311314820799,11.995750450899402
squat,0.5,4,7,assessment,mean,P230_kg,COMPLETE,0,32,4.400594255976095,3.225767087948114,1.5899005814702072,3.1365108240672726,5.491864653675579
squat,0.5,4,7,velocity,last,P223_kg,COMPLETE,0,32,6.942999968033125,4.907807720281838,-0.9626059353050871,4.62740765245764,9.110123809879916
squat,0.5,4,7,velocity,last,C223_kg,COMPLETE,0,32,12.156315214633528,8.660986565326926,-8.142147167430505,8.412415963173656,15.719355695070226
squat,0.5,4,7,velocity,last,P230_kg,COMPLETE,0,32,6.832188158189291,5.048017066273704,1.1057664984855267,4.961997727329369,8.711784894495525
squat,0.5,4,7,velocity,mean,P223_kg,COMPLETE,0,32,4.195130270120391,2.651828163543972,-0.8035648989006239,2.2216233051199956,6.2529133673101684
squat,0.5,4,7,velocity,mean,C223_kg,COMPLETE,0,32,10.425442057855875,8.11340853545499,-7.983106131026042,7.523141883845174,13.488211115117311
squat,0.5,4,7,velocity,mean,P230_kg,COMPLETE,0,32,3.895026344178304,2.943130348655464,1.2648075348899899,2.9017133343338894,4.8555895324027
squat,0.5,4,7,combined,last,P223_kg,COMPLETE,0,32,5.156749571748352,3.6812063784778166,-1.6430259231161317,3.0356799110918264,6.969456546480421
squat,0.5,4,7,combined,last,C223_kg,COMPLETE,0,32,11.420128382206464,8.82256715524155,-8.82256715524155,8.54734372306955,14.211634424142723
squat,0.5,4,7,combined,last,P230_kg,COMPLETE,0,32,4.7375017315735155,3.5213149526132033,0.42534651067448204,3.373575382306128,6.007799872982591
squat,0.5,4,7,combined,mean,P223_kg,COMPLETE,0,32,3.502384798547022,2.6321762339854633,-0.879162709073599,2.261336078242849,4.689105827297638
squat,0.5,4,7,combined,mean,C223_kg,COMPLETE,0,32,10.081806781527794,8.058703941199017,-8.058703941199017,7.63584169182469,12.55362436371699
squat,0.5,4,7,combined,mean,P230_kg,COMPLETE,0,32,3.507501043452321,2.4858391268105193,1.1892097247170148,2.3694089759245416,4.4469390536538045
squat,0.5,4,7,load,last,P223_kg,COMPLETE,0,32,6.4011157319407195,4.5977442775431365,-1.5746691492396598,4.078807550079926,8.496181605740244
squat,0.5,4,7,load,last,C223_kg,COMPLETE,0,32,11.948293825852462,9.539853553300823,-8.754210381365077,8.971574224189565,14.953558072776675
squat,0.5,4,7,load,last,P230_kg,COMPLETE,0,32,5.957832642767904,4.447139561992,0.4937032845509539,4.2152371198489185,7.644980810959886
squat,0.5,4,7,load,mean,P223_kg,COMPLETE,0,32,4.376478103976668,3.3337802953331765,-0.1979527093973692,2.9257722927161067,5.815766580835797
squat,0.5,4,7,load,mean,C223_kg,COMPLETE,0,32,9.766534816300888,7.47625703683381,-7.377493941522787,7.223714051816718,12.149189377356356
squat,0.5,4,7,load,mean,P230_kg,COMPLETE,0,32,4.8504281017384345,3.6368323523997685,1.8704197243932446,3.374137185686633,6.158685320479681
squat,0.5,16,1,assessment,last,P223_kg,COMPLETE,0,32,5.801015044342378,4.6113727718747946,-1.7974806468886229,4.296161126007138,7.205403464961762
squat,0.5,16,1,assessment,last,C223_kg,COMPLETE,0,32,11.583892556077883,9.226690775677374,-8.97702187901404,8.880574306201549,14.172530975110721
squat,0.5,16,1,assessment,last,P230_kg,COMPLETE,0,32,5.404650764363429,4.420009860644047,0.2708917869019909,4.317017955361616,6.537507778544805
squat,0.5,16,1,assessment,mean,P223_kg,COMPLETE,0,32,1.2484005841593282,1.0076594006497759,0.22538566883524336,0.9447281977340197,1.5341772072473472
squat,0.5,16,1,assessment,mean,C223_kg,COMPLETE,0,32,8.259438211583976,6.954155563290175,-6.954155563290175,6.515600701141721,10.17379381648408
squat,0.5,16,1,assessment,mean,P230_kg,COMPLETE,0,32,3.20898961070742,2.4408070383464886,2.293758102625857,2.30775673153535,4.0303695228383445
squat,0.5,16,1,velocity,last,P223_kg,COMPLETE,0,32,6.942999968033125,4.907807720281838,-0.9626059353050871,4.62740765245764,9.110123809879916
squat,0.5,16,1,velocity,last,C223_kg,COMPLETE,0,32,12.156315214633528,8.660986565326926,-8.142147167430505,8.412415963173656,15.719355695070226
squat,0.5,16,1,velocity,last,P230_kg,COMPLETE,0,32,6.832188158189291,5.048017066273704,1.1057664984855267,4.961997727329369,8.711784894495525
squat,0.5,16,1,velocity,mean,P223_kg,COMPLETE,0,32,1.783510004535013,1.3055289333864923,0.43497511865349026,1.1776292343766992,2.35743250824082
squat,0.5,16,1,velocity,mean,C223_kg,COMPLETE,0,32,8.334153269643533,6.780516456580276,-6.744566113471928,6.299808158151051,10.373049044777256
squat,0.5,16,1,velocity,mean,P230_kg,COMPLETE,0,32,3.3425206226490607,2.6396215235996077,2.503347552444104,2.3865467146951853,4.283388521241726
squat,0.5,16,1,combined,last,P223_kg,COMPLETE,0,32,5.156749571748352,3.6812063784778166,-1.6430259231161317,3.0356799110918264,6.969456546480421
squat,0.5,16,1,combined,last,C223_kg,COMPLETE,0,32,11.420128382206464,8.82256715524155,-8.82256715524155,8.54734372306955,14.211634424142723
squat,0.5,16,1,combined,last,P230_kg,COMPLETE,0,32,4.7375017315735155,3.5213149526132033,0.42534651067448204,3.373575382306128,6.007799872982591
squat,0.5,16,1,combined,mean,P223_kg,COMPLETE,0,32,1.244233351318813,0.9585317988673685,0.009984236705130378,0.853875198397659,1.5970426466345404
squat,0.5,16,1,combined,mean,C223_kg,COMPLETE,0,32,8.528019675047116,7.169556995420288,-7.169556995420288,6.6301877724839775,10.461768342161452
squat,0.5,16,1,combined,mean,P230_kg,COMPLETE,0,32,2.9243061501678382,2.210735868837299,2.078356670495744,2.0556859237289244,3.771322810495462
squat,0.5,16,1,load,last,P223_kg,COMPLETE,0,32,6.4011157319407195,4.5977442775431365,-1.5746691492396598,4.078807550079926,8.496181605740244
squat,0.5,16,1,load,last,C223_kg,COMPLETE,0,32,11.948293825852462,9.539853553300823,-8.754210381365077,8.971574224189565,14.953558072776675
squat,0.5,16,1,load,last,P230_kg,COMPLETE,0,32,5.957832642767904,4.447139561992,0.4937032845509539,4.2152371198489185,7.644980810959886
squat,0.5,16,1,load,mean,P223_kg,COMPLETE,0,32,1.5854087707566948,1.297551998622712,0.2666071270894257,1.2449886188316013,1.9098755865186456
squat,0.5,16,1,load,mean,C223_kg,COMPLETE,0,32,8.412544926823497,6.912934105035992,-6.912934105035992,6.485979507843768,10.491058683956142
squat,0.5,16,1,load,mean,P230_kg,COMPLETE,0,32,3.3481430665671863,2.532686633866582,2.3349795608800394,2.4204848428813626,4.18576849408724
squat,0.5,16,7,assessment,last,P223_kg,COMPLETE,0,32,5.801015044342378,4.6113727718747946,-1.7974806468886229,4.296161126007138,7.205403464961762
squat,0.5,16,7,assessment,last,C223_kg,COMPLETE,0,32,11.583892556077883,9.226690775677374,-8.97702187901404,8.880574306201549,14.172530975110721
squat,0.5,16,7,assessment,last,P230_kg,COMPLETE,0,32,5.404650764363429,4.420009860644047,0.2708917869019909,4.317017955361616,6.537507778544805
squat,0.5,16,7,assessment,mean,P223_kg,COMPLETE,0,32,3.069003794924316,2.2286297412488527,-1.4989710022487164,2.078705602162154,4.132545279002549
squat,0.5,16,7,assessment,mean,C223_kg,COMPLETE,0,32,10.310508430678794,8.678512234374136,-8.678512234374136,8.15221232634106,12.482564890088023
squat,0.5,16,7,assessment,mean,P230_kg,COMPLETE,0,32,2.223115566927042,1.758297518665171,0.5694014315418974,1.7566388725311057,2.625604943401805
squat,0.5,16,7,velocity,last,P223_kg,COMPLETE,0,32,6.942999968033125,4.907807720281838,-0.9626059353050871,4.62740765245764,9.110123809879916
squat,0.5,16,7,velocity,last,C223_kg,COMPLETE,0,32,12.156315214633528,8.660986565326926,-8.142147167430505,8.412415963173656,15.719355695070226
squat,0.5,16,7,velocity,last,P230_kg,COMPLETE,0,32,6.832188158189291,5.048017066273704,1.1057664984855267,4.961997727329369,8.711784894495525
squat,0.5,16,7,velocity,mean,P223_kg,COMPLETE,0,32,3.0659627526602735,2.1867707629716153,-1.610203251329858,2.0558992498428506,4.070061333323167
squat,0.5,16,7,velocity,mean,C223_kg,COMPLETE,0,32,10.495339405591125,8.789744483455276,-8.789744483455276,8.364932181612916,12.708040282551183
squat,0.5,16,7,velocity,mean,P230_kg,COMPLETE,0,32,1.477059932132026,1.1922343361183998,0.45816918246075566,1.178355558131197,1.7511060523342947
squat,0.5,16,7,combined,last,P223_kg,COMPLETE,0,32,5.156749571748352,3.6812063784778166,-1.6430259231161317,3.0356799110918264,6.969456546480421
squat,0.5,16,7,combined,last,C223_kg,COMPLETE,0,32,11.420128382206464,8.82256715524155,-8.82256715524155,8.54734372306955,14.211634424142723
squat,0.5,16,7,combined,last,P230_kg,COMPLETE,0,32,4.7375017315735155,3.5213149526132033,0.42534651067448204,3.373575382306128,6.007799872982591
squat,0.5,16,7,combined,mean,P223_kg,COMPLETE,0,32,3.0228526289592486,2.132655072304691,-1.86119462234348,1.9925977962420638,4.032731567319777
squat,0.5,16,7,combined,mean,C223_kg,COMPLETE,0,32,10.61044485292211,9.040735854468899,-9.040735854468899,8.4495511286013,12.827094999273449
squat,0.5,16,7,combined,mean,P230_kg,COMPLETE,0,32,1.4436696246168557,1.1770849908976388,0.20717781144713365,1.1322288791176764,1.712227043573456
squat,0.5,16,7,load,last,P223_kg,COMPLETE,0,32,6.4011157319407195,4.5977442775431365,-1.5746691492396598,4.078807550079926,8.496181605740244
squat,0.5,16,7,load,last,C223_kg,COMPLETE,0,32,11.948293825852462,9.539853553300823,-8.754210381365077,8.971574224189565,14.953558072776675
squat,0.5,16,7,load,last,P230_kg,COMPLETE,0,32,5.957832642767904,4.447139561992,0.4937032845509539,4.2152371198489185,7.644980810959886
squat,0.5,16,7,load,mean,P223_kg,COMPLETE,0,32,3.1714905452134436,2.236137343679127,-1.510869664793697,2.07084114476714,4.254247870469757
squat,0.5,16,7,load,mean,C223_kg,COMPLETE,0,32,10.351848101050507,8.690410896919115,-8.690410896919115,8.183682315320077,12.491398467023641
squat,0.5,16,7,load,mean,P230_kg,COMPLETE,0,32,2.2285518545170175,1.7829150853492233,0.5575027689969168,1.7627302241823717,2.6736351976336734
squat,0.5,32,1,assessment,last,P223_kg,COMPLETE,0,32,5.801015044342378,4.6113727718747946,-1.7974806468886229,4.296161126007138,7.205403464961762
squat,0.5,32,1,assessment,last,C223_kg,COMPLETE,0,32,11.583892556077883,9.226690775677374,-8.97702187901404,8.880574306201549,14.172530975110721
squat,0.5,32,1,assessment,last,P230_kg,COMPLETE,0,32,5.404650764363429,4.420009860644047,0.2708917869019909,4.317017955361616,6.537507778544805
squat,0.5,32,1,assessment,mean,P223_kg,COMPLETE,0,32,1.9234061672514449,1.4673260515782323,-0.4825096955547812,1.3278154921449883,2.508365942707431
squat,0.5,32,1,assessment,mean,C223_kg,COMPLETE,0,32,9.162245746587137,7.662050927680199,-7.662050927680199,7.233248298859807,11.084298249682085
squat,0.5,32,1,assessment,mean,P230_kg,COMPLETE,0,32,2.359819932420392,1.7536103722905492,1.5858627382358326,1.7160724642655896,2.93571117279466
squat,0.5,32,1,velocity,last,P223_kg,COMPLETE,0,32,6.942999968033125,4.907807720281838,-0.9626059353050871,4.62740765245764,9.110123809879916
squat,0.5,32,1,velocity,last,C223_kg,COMPLETE,0,32,12.156315214633528,8.660986565326926,-8.142147167430505,8.412415963173656,15.719355695070226
squat,0.5,32,1,velocity,last,P230_kg,COMPLETE,0,32,6.832188158189291,5.048017066273704,1.1057664984855267,4.961997727329369,8.711784894495525
squat,0.5,32,1,velocity,mean,P223_kg,COMPLETE,0,32,2.3535297456717394,1.590368896765332,-0.5116485942215441,1.3225474705170408,3.447087090258798
squat,0.5,32,1,velocity,mean,C223_kg,COMPLETE,0,32,9.557356684616396,7.726476563299828,-7.691189826346962,7.179715987768758,11.853764949097336
squat,0.5,32,1,velocity,mean,P230_kg,COMPLETE,0,32,2.527888888384306,1.8974918625977337,1.5567238395690697,1.878665760487792,3.150411839975649
squat,0.5,32,1,combined,last,P223_kg,COMPLETE,0,32,5.156749571748352,3.6812063784778166,-1.6430259231161317,3.0356799110918264,6.969456546480421
squat,0.5,32,1,combined,last,C223_kg,COMPLETE,0,32,11.420128382206464,8.82256715524155,-8.82256715524155,8.54734372306955,14.211634424142723
squat,0.5,32,1,combined,last,P230_kg,COMPLETE,0,32,4.7375017315735155,3.5213149526132033,0.42534651067448204,3.373575382306128,6.007799872982591
squat,0.5,32,1,combined,mean,P223_kg,COMPLETE,0,32,2.109419627755895,1.5112289802111478,-0.8003778988251016,1.3028565898062003,2.963533824372136
squat,0.5,32,1,combined,mean,C223_kg,COMPLETE,0,32,9.581761809333562,7.9799191309505195,-7.9799191309505195,7.492999543379202,11.629176913654799
squat,0.5,32,1,combined,mean,P230_kg,COMPLETE,0,32,2.1206104388537037,1.4907336655907746,1.2679945349655122,1.4963043472312474,2.6878135924756767
squat,0.5,32,1,load,last,P223_kg,COMPLETE,0,32,6.4011157319407195,4.5977442775431365,-1.5746691492396598,4.078807550079926,8.496181605740244
squat,0.5,32,1,load,last,C223_kg,COMPLETE,0,32,11.948293825852462,9.539853553300823,-8.754210381365077,8.971574224189565,14.953558072776675
squat,0.5,32,1,load,last,P230_kg,COMPLETE,0,32,5.957832642767904,4.447139561992,0.4937032845509539,4.2152371198489185,7.644980810959886
squat,0.5,32,1,load,mean,P223_kg,COMPLETE,0,32,1.9738247479138187,1.5130030127702225,-0.46155341161946684,1.398834843123323,2.4979212929341488
squat,0.5,32,1,load,mean,C223_kg,COMPLETE,0,32,9.24077883666727,7.641094643744885,-7.641094643744885,7.2625815987477385,11.374667548936687
squat,0.5,32,1,load,mean,P230_kg,COMPLETE,0,32,2.3995301629531145,1.8443240996848975,1.606819022171147,1.7869181427027938,2.9794923378228013
squat,0.5,32,7,assessment,last,P223_kg,COMPLETE,0,32,5.801015044342378,4.6113727718747946,-1.7974806468886229,4.296161126007138,7.205403464961762
squat,0.5,32,7,assessment,last,C223_kg,COMPLETE,0,32,11.583892556077883,9.226690775677374,-8.97702187901404,8.880574306201549,14.172530975110721
squat,0.5,32,7,assessment,last,P230_kg,COMPLETE,0,32,5.404650764363429,4.420009860644047,0.2708917869019909,4.317017955361616,6.537507778544805
squat,0.5,32,7,assessment,mean,P223_kg,COMPLETE,0,32,5.359954742645561,3.944133004554087,-3.8393358283849532,3.849856382945264,6.78319691736546
squat,0.5,32,7,assessment,mean,C223_kg,COMPLETE,0,32,12.721904277813744,11.01887706051037,-11.01887706051037,10.324053189773274,15.273653308438725
squat,0.5,32,7,assessment,mean,P230_kg,COMPLETE,0,32,3.3410520211512353,2.2975149634684477,-1.7709633945943395,2.0318463457224007,4.715412087544202
squat,0.5,32,7,velocity,last,P223_kg,COMPLETE,0,32,6.942999968033125,4.907807720281838,-0.9626059353050871,4.62740765245764,9.110123809879916
squat,0.5,32,7,velocity,last,C223_kg,COMPLETE,0,32,12.156315214633528,8.660986565326926,-8.142147167430505,8.412415963173656,15.719355695070226
squat,0.5,32,7,velocity,last,P230_kg,COMPLETE,0,32,6.832188158189291,5.048017066273704,1.1057664984855267,4.961997727329369,8.711784894495525
squat,0.5,32,7,velocity,mean,P223_kg,COMPLETE,0,32,5.17238917043036,3.9737871744270263,-3.537071407180359,3.8667346165011898,6.430103736308644
squat,0.5,32,7,velocity,mean,C223_kg,COMPLETE,0,32,12.412916639011755,10.716612639305776,-10.716612639305776,10.150499090327045,14.649277374150499
squat,0.5,32,7,velocity,mean,P230_kg,COMPLETE,0,32,2.9802948610433413,2.136941149171523,-1.468698973389745,2.030064907852708,3.8594481346337437
squat,0.5,32,7,combined,last,P223_kg,COMPLETE,0,32,5.156749571748352,3.6812063784778166,-1.6430259231161317,3.0356799110918264,6.969456546480421
squat,0.5,32,7,combined,last,C223_kg,COMPLETE,0,32,11.420128382206464,8.82256715524155,-8.82256715524155,8.54734372306955,14.211634424142723
squat,0.5,32,7,combined,last,P230_kg,COMPLETE,0,32,4.7375017315735155,3.5213149526132033,0.42534651067448204,3.373575382306128,6.007799872982591
squat,0.5,32,7,combined,mean,P223_kg,COMPLETE,0,32,5.446849292993655,4.173421401295846,-4.007975298397726,4.00098963450954,6.790768519249044
squat,0.5,32,7,combined,mean,C223_kg,COMPLETE,0,32,12.848961268666859,11.187516530523144,-11.187516530523144,10.461232411409666,15.330375468767999
squat,0.5,32,7,combined,mean,P230_kg,COMPLETE,0,32,3.257070823202036,2.287714748181174,-1.9396028646071128,2.050519847043549,4.442234942531122
squat,0.5,32,7,load,last,P223_kg,COMPLETE,0,32,6.4011157319407195,4.5977442775431365,-1.5746691492396598,4.078807550079926,8.496181605740244
squat,0.5,32,7,load,last,C223_kg,COMPLETE,0,32,11.948293825852462,9.539853553300823,-8.754210381365077,8.971574224189565,14.953558072776675
squat,0.5,32,7,load,last,P230_kg,COMPLETE,0,32,5.957832642767904,4.447139561992,0.4937032845509539,4.2152371198489185,7.644980810959886
squat,0.5,32,7,load,mean,P223_kg,COMPLETE,0,32,5.378528190837903,3.8739810664471483,-3.7540128133670687,3.808560103983129,6.847455669223256
squat,0.5,32,7,load,mean,C223_kg,COMPLETE,0,32,12.659855161757086,10.933554045492487,-10.933554045492487,10.245827136474102,15.202188809324728
squat,0.5,32,7,load,mean,P230_kg,COMPLETE,0,32,3.3293933145345487,2.238541284328316,-1.685640379576455,1.9734601373189948,4.661148442669867
squat,1.0,1,1,assessment,last,P223_kg,COMPLETE,0,32,11.602030088684755,9.222745543749593,-3.594961293777243,8.592322252014274,14.410806929923524
squat,1.0,1,1,assessment,last,C223_kg,COMPLETE,0,32,16.305409614583844,12.535704714615434,-10.774502525902662,11.899984133983939,20.435325022919994
squat,1.0,1,1,assessment,last,P230_kg,COMPLETE,0,32,10.838361418914964,8.881425968044482,-1.5265888599866293,8.302084705305903,13.173643003730247
squat,1.0,1,1,assessment,mean,P223_kg,COMPLETE,0,32,11.602030088684755,9.222745543749593,-3.594961293777243,8.592322252014274,14.410806929923524
squat,1.0,1,1,assessment,mean,C223_kg,COMPLETE,0,32,16.305409614583844,12.535704714615434,-10.774502525902662,11.899984133983939,20.435325022919994
squat,1.0,1,1,assessment,mean,P230_kg,COMPLETE,0,32,10.838361418914964,8.881425968044482,-1.5265888599866293,8.302084705305903,13.173643003730247
squat,1.0,1,1,velocity,last,P223_kg,COMPLETE,0,32,13.801675664144815,9.830581649174949,-1.6476369918607596,9.302702777144603,18.051446651233626
squat,1.0,1,1,velocity,last,C223_kg,COMPLETE,0,32,17.72771653389397,12.485578804812878,-8.827178223986177,11.724526651583071,23.341633620149814
squat,1.0,1,1,velocity,last,P230_kg,COMPLETE,0,32,13.463127662518342,9.846697311321215,0.4207354419298541,9.705397607061013,16.91241858402369
squat,1.0,1,1,velocity,mean,P223_kg,COMPLETE,0,32,13.801675664144815,9.830581649174949,-1.6476369918607596,9.302702777144603,18.051446651233626
squat,1.0,1,1,velocity,mean,C223_kg,COMPLETE,0,32,17.72771653389397,12.485578804812878,-8.827178223986177,11.724526651583071,23.341633620149814
squat,1.0,1,1,velocity,mean,P230_kg,COMPLETE,0,32,13.463127662518342,9.846697311321215,0.4207354419298541,9.705397607061013,16.91241858402369
squat,1.0,1,1,combined,last,P223_kg,COMPLETE,0,32,10.375318231631917,7.448856292619344,-3.6018104821592383,6.1587678231272385,13.976285476533484
squat,1.0,1,1,combined,last,C223_kg,COMPLETE,0,32,15.846876382215193,11.360988668088098,-10.781351714284657,10.874793219982779,20.553568036873475
squat,1.0,1,1,combined,last,P230_kg,COMPLETE,0,32,9.484364602556775,7.141710856529141,-1.5334380483686245,6.6174148462040865,12.262004723031104
squat,1.0,1,1,combined,mean,P223_kg,COMPLETE,0,32,10.375318231631917,7.448856292619344,-3.6018104821592383,6.1587678231272385,13.976285476533484
squat,1.0,1,1,combined,mean,C223_kg,COMPLETE,0,32,15.846876382215193,11.360988668088098,-10.781351714284657,10.874793219982779,20.553568036873475
squat,1.0,1,1,combined,mean,P230_kg,COMPLETE,0,32,9.484364602556775,7.141710856529141,-1.5334380483686245,6.6174148462040865,12.262004723031104
squat,1.0,1,1,load,last,P223_kg,COMPLETE,0,32,11.750486403026583,8.838755534760054,-3.3733668115304036,8.025186931394797,15.270906502344552
squat,1.0,1,1,load,last,C223_kg,COMPLETE,0,32,16.454952827175173,12.79748681944287,-10.552908043655822,11.822847793378749,21.056240430390424
squat,1.0,1,1,load,last,P230_kg,COMPLETE,0,32,10.951486143463475,8.515810871204847,-1.3049943777397899,7.67235838683197,13.947505353551177
squat,1.0,1,1,load,mean,P223_kg,COMPLETE,0,32,11.750486403026583,8.838755534760054,-3.3733668115304036,8.025186931394797,15.270906502344552
squat,1.0,1,1,load,mean,C223_kg,COMPLETE,0,32,16.454952827175173,12.79748681944287,-10.552908043655822,11.822847793378749,21.056240430390424
squat,1.0,1,1,load,mean,P230_kg,COMPLETE,0,32,10.951486143463475,8.515810871204847,-1.3049943777397899,7.67235838683197,13.947505353551177
squat,1.0,1,7,assessment,last,P223_kg,COMPLETE,0,32,11.602030088684755,9.222745543749593,-3.594961293777243,8.592322252014274,14.410806929923524
squat,1.0,1,7,assessment,last,C223_kg,COMPLETE,0,32,16.305409614583844,12.535704714615434,-10.774502525902662,11.899984133983939,20.435325022919994
squat,1.0,1,7,assessment,last,P230_kg,COMPLETE,0,32,10.838361418914964,8.881425968044482,-1.5265888599866293,8.302084705305903,13.173643003730247
squat,1.0,1,7,assessment,mean,P223_kg,COMPLETE,0,32,11.602030088684755,9.222745543749593,-3.594961293777243,8.592322252014274,14.410806929923524
squat,1.0,1,7,assessment,mean,C223_kg,COMPLETE,0,32,16.305409614583844,12.535704714615434,-10.774502525902662,11.899984133983939,20.435325022919994
squat,1.0,1,7,assessment,mean,P230_kg,COMPLETE,0,32,10.838361418914964,8.881425968044482,-1.5265888599866293,8.302084705305903,13.173643003730247
squat,1.0,1,7,velocity,last,P223_kg,COMPLETE,0,32,13.801675664144815,9.830581649174949,-1.6476369918607596,9.302702777144603,18.051446651233626
squat,1.0,1,7,velocity,last,C223_kg,COMPLETE,0,32,17.72771653389397,12.485578804812878,-8.827178223986177,11.724526651583071,23.341633620149814
squat,1.0,1,7,velocity,last,P230_kg,COMPLETE,0,32,13.463127662518342,9.846697311321215,0.4207354419298541,9.705397607061013,16.91241858402369
squat,1.0,1,7,velocity,mean,P223_kg,COMPLETE,0,32,13.801675664144815,9.830581649174949,-1.6476369918607596,9.302702777144603,18.051446651233626
squat,1.0,1,7,velocity,mean,C223_kg,COMPLETE,0,32,17.72771653389397,12.485578804812878,-8.827178223986177,11.724526651583071,23.341633620149814
squat,1.0,1,7,velocity,mean,P230_kg,COMPLETE,0,32,13.463127662518342,9.846697311321215,0.4207354419298541,9.705397607061013,16.91241858402369
squat,1.0,1,7,combined,last,P223_kg,COMPLETE,0,32,10.375318231631917,7.448856292619344,-3.6018104821592383,6.1587678231272385,13.976285476533484
squat,1.0,1,7,combined,last,C223_kg,COMPLETE,0,32,15.846876382215193,11.360988668088098,-10.781351714284657,10.874793219982779,20.553568036873475
squat,1.0,1,7,combined,last,P230_kg,COMPLETE,0,32,9.484364602556775,7.141710856529141,-1.5334380483686245,6.6174148462040865,12.262004723031104
squat,1.0,1,7,combined,mean,P223_kg,COMPLETE,0,32,10.375318231631917,7.448856292619344,-3.6018104821592383,6.1587678231272385,13.976285476533484
squat,1.0,1,7,combined,mean,C223_kg,COMPLETE,0,32,15.846876382215193,11.360988668088098,-10.781351714284657,10.874793219982779,20.553568036873475
squat,1.0,1,7,combined,mean,P230_kg,COMPLETE,0,32,9.484364602556775,7.141710856529141,-1.5334380483686245,6.6174148462040865,12.262004723031104
squat,1.0,1,7,load,last,P223_kg,COMPLETE,0,32,11.750486403026583,8.838755534760054,-3.3733668115304036,8.025186931394797,15.270906502344552
squat,1.0,1,7,load,last,C223_kg,COMPLETE,0,32,16.454952827175173,12.79748681944287,-10.552908043655822,11.822847793378749,21.056240430390424
squat,1.0,1,7,load,last,P230_kg,COMPLETE,0,32,10.951486143463475,8.515810871204847,-1.3049943777397899,7.67235838683197,13.947505353551177
squat,1.0,1,7,load,mean,P223_kg,COMPLETE,0,32,11.750486403026583,8.838755534760054,-3.3733668115304036,8.025186931394797,15.270906502344552
squat,1.0,1,7,load,mean,C223_kg,COMPLETE,0,32,16.454952827175173,12.79748681944287,-10.552908043655822,11.822847793378749,21.056240430390424
squat,1.0,1,7,load,mean,P230_kg,COMPLETE,0,32,10.951486143463475,8.515810871204847,-1.3049943777397899,7.67235838683197,13.947505353551177
squat,1.0,4,1,assessment,last,P223_kg,COMPLETE,0,32,11.602030088684755,9.222745543749593,-3.594961293777243,8.592322252014274,14.410806929923524
squat,1.0,4,1,assessment,last,C223_kg,COMPLETE,0,32,16.305409614583844,12.535704714615434,-10.774502525902662,11.899984133983939,20.435325022919994
squat,1.0,4,1,assessment,last,P230_kg,COMPLETE,0,32,10.838361418914964,8.881425968044482,-1.5265888599866293,8.302084705305903,13.173643003730247
squat,1.0,4,1,assessment,mean,P223_kg,COMPLETE,0,32,6.990766707744965,5.6431995402249875,-0.47599216976922243,5.276660572057805,8.583286129824083
squat,1.0,4,1,assessment,mean,C223_kg,COMPLETE,0,32,11.114955183710574,8.354970948056621,-7.65553340189464,7.863524649034811,14.274029367798862
squat,1.0,4,1,assessment,mean,P230_kg,COMPLETE,0,32,7.346512449147885,5.738689876226799,1.5923802640213913,5.358230787893631,9.492915357731523
squat,1.0,4,1,velocity,last,P223_kg,COMPLETE,0,32,13.801675664144815,9.830581649174949,-1.6476369918607596,9.302702777144603,18.051446651233626
squat,1.0,4,1,velocity,last,C223_kg,COMPLETE,0,32,17.72771653389397,12.485578804812878,-8.827178223986177,11.724526651583071,23.341633620149814
squat,1.0,4,1,velocity,last,P230_kg,COMPLETE,0,32,13.463127662518342,9.846697311321215,0.4207354419298541,9.705397607061013,16.91241858402369
squat,1.0,4,1,velocity,mean,P223_kg,COMPLETE,0,32,5.271161629825187,4.196151969939182,1.1067252094807167,3.9825079115747144,6.5512827149497515
squat,1.0,4,1,velocity,mean,C223_kg,COMPLETE,0,32,8.964721966773393,6.9566199269917774,-6.072816022644702,6.268563089146505,11.628070964600429
squat,1.0,4,1,velocity,mean,P230_kg,COMPLETE,0,32,6.08101474889943,4.848741690873112,3.1750976432713305,4.445469832528127,7.701607876826989
squat,1.0,4,1,combined,last,P223_kg,COMPLETE,0,32,10.375318231631917,7.448856292619344,-3.6018104821592383,6.1587678231272385,13.976285476533484
squat,1.0,4,1,combined,last,C223_kg,COMPLETE,0,32,15.846876382215193,11.360988668088098,-10.781351714284657,10.874793219982779,20.553568036873475
squat,1.0,4,1,combined,last,P230_kg,COMPLETE,0,32,9.484364602556775,7.141710856529141,-1.5334380483686245,6.6174148462040865,12.262004723031104
squat,1.0,4,1,combined,mean,P223_kg,COMPLETE,0,32,4.502501979627443,3.3323765745309166,-0.9935645420035306,3.2189199178777748,5.670058718283468
squat,1.0,4,1,combined,mean,C223_kg,COMPLETE,0,32,10.199528035919016,8.173105774128949,-8.173105774128949,7.661444803475393,12.639163455895583
squat,1.0,4,1,combined,mean,P230_kg,COMPLETE,0,32,4.619374500639261,3.5955358172465726,1.0748078917870831,3.2706844124925203,6.0792409787771104
squat,1.0,4,1,load,last,P223_kg,COMPLETE,0,32,11.750486403026583,8.838755534760054,-3.3733668115304036,8.025186931394797,15.270906502344552
squat,1.0,4,1,load,last,C223_kg,COMPLETE,0,32,16.454952827175173,12.79748681944287,-10.552908043655822,11.822847793378749,21.056240430390424
squat,1.0,4,1,load,last,P230_kg,COMPLETE,0,32,10.951486143463475,8.515810871204847,-1.3049943777397899,7.67235838683197,13.947505353551177
squat,1.0,4,1,load,mean,P223_kg,COMPLETE,0,32,6.755187461858852,5.519149666156075,-0.261562292487838,5.202389927996022,8.222215012015102
squat,1.0,4,1,load,mean,C223_kg,COMPLETE,0,32,10.969815327274354,8.46879263458701,-7.441103524613256,7.926879016511876,13.898881796768977
squat,1.0,4,1,load,mean,P230_kg,COMPLETE,0,32,7.19456175836264,5.638405286856937,1.8068101413027757,5.196614784994387,9.191567398318652
squat,1.0,4,7,assessment,last,P223_kg,COMPLETE,0,32,11.602030088684755,9.222745543749593,-3.594961293777243,8.592322252014274,14.410806929923524
squat,1.0,4,7,assessment,last,C223_kg,COMPLETE,0,32,16.305409614583844,12.535704714615434,-10.774502525902662,11.899984133983939,20.435325022919994
squat,1.0,4,7,assessment,last,P230_kg,COMPLETE,0,32,10.838361418914964,8.881425968044482,-1.5265888599866293,8.302084705305903,13.173643003730247
squat,1.0,4,7,assessment,mean,P223_kg,COMPLETE,0,32,7.115441816349921,5.519692656490999,-0.7961216173313463,5.058815597504404,9.03663104869249
squat,1.0,4,7,assessment,mean,C223_kg,COMPLETE,0,32,11.672544499130185,8.788126151986768,-7.975662849456764,8.517622587615367,14.709370559024538
squat,1.0,4,7,assessment,mean,P230_kg,COMPLETE,0,32,7.32005171800645,5.549913193275588,1.2722508164592674,5.226789475388513,9.071927125596119
squat,1.0,4,7,velocity,last,P223_kg,COMPLETE,0,32,13.801675664144815,9.830581649174949,-1.6476369918607596,9.302702777144603,18.051446651233626
squat,1.0,4,7,velocity,last,C223_kg,COMPLETE,0,32,17.72771653389397,12.485578804812878,-8.827178223986177,11.724526651583071,23.341633620149814
squat,1.0,4,7,velocity,last,P230_kg,COMPLETE,0,32,13.463127662518342,9.846697311321215,0.4207354419298541,9.705397607061013,16.91241858402369
squat,1.0,4,7,velocity,mean,P223_kg,COMPLETE,0,32,7.660676750637231,4.91064722419036,-1.121826653564781,4.23349793902458,11.20000865391711
squat,1.0,4,7,velocity,mean,C223_kg,COMPLETE,0,32,12.62055115843689,9.097934925214961,-8.3013678856902,8.111990532978167,17.39155735929636
squat,1.0,4,7,velocity,mean,P230_kg,COMPLETE,0,32,7.07928753878066,5.094640443615906,0.9465457802258328,4.674438202555868,9.505154780493625
squat,1.0,4,7,combined,last,P223_kg,COMPLETE,0,32,10.375318231631917,7.448856292619344,-3.6018104821592383,6.1587678231272385,13.976285476533484
squat,1.0,4,7,combined,last,C223_kg,COMPLETE,0,32,15.846876382215193,11.360988668088098,-10.781351714284657,10.874793219982779,20.553568036873475
squat,1.0,4,7,combined,last,P230_kg,COMPLETE,0,32,9.484364602556775,7.141710856529141,-1.5334380483686245,6.6174148462040865,12.262004723031104
squat,1.0,4,7,combined,mean,P223_kg,COMPLETE,0,32,6.356566815653944,4.659339592468294,-1.9678824783463615,4.097522551267122,8.422290128769133
squat,1.0,4,7,combined,mean,C223_kg,COMPLETE,0,32,12.222592173418118,9.432407917621525,-9.147423710471779,8.732679698466098,15.55854889915696
squat,1.0,4,7,combined,mean,P230_kg,COMPLETE,0,32,5.776446750833628,4.3847596927109205,0.10048995544425221,4.182898810870755,7.319311426365168
squat,1.0,4,7,load,last,P223_kg,COMPLETE,0,32,11.750486403026583,8.838755534760054,-3.3733668115304036,8.025186931394797,15.270906502344552
squat,1.0,4,7,load,last,C223_kg,COMPLETE,0,32,16.454952827175173,12.79748681944287,-10.552908043655822,11.822847793378749,21.056240430390424
squat,1.0,4,7,load,last,P230_kg,COMPLETE,0,32,10.951486143463475,8.515810871204847,-1.3049943777397899,7.67235838683197,13.947505353551177
squat,1.0,4,7,load,mean,P223_kg,COMPLETE,0,32,7.491339722511099,5.654195325935347,-0.5104595571254089,5.045691400564519,9.834102138657238
squat,1.0,4,7,load,mean,C223_kg,COMPLETE,0,32,11.714468521463926,8.808802022731566,-7.690000789250827,8.246186932334366,15.119411115392538
squat,1.0,4,7,load,mean,P230_kg,COMPLETE,0,32,7.701257784994142,5.816234226685596,1.5579128766652048,5.240656325798462,9.877952299986323
squat,1.0,16,1,assessment,last,P223_kg,COMPLETE,0,32,11.602030088684755,9.222745543749593,-3.594961293777243,8.592322252014274,14.410806929923524
squat,1.0,16,1,assessment,last,C223_kg,COMPLETE,0,32,16.305409614583844,12.535704714615434,-10.774502525902662,11.899984133983939,20.435325022919994
squat,1.0,16,1,assessment,last,P230_kg,COMPLETE,0,32,10.838361418914964,8.881425968044482,-1.5265888599866293,8.302084705305903,13.173643003730247
squat,1.0,16,1,assessment,mean,P223_kg,COMPLETE,0,32,2.3705855445476196,1.9873329728696918,0.30410828410805646,1.8624674989120786,2.842356707616168
squat,1.0,16,1,assessment,mean,C223_kg,COMPLETE,0,32,8.321123027990474,6.9641693206446105,-6.8754329480173615,6.591848445487449,10.242606332693109
squat,1.0,16,1,assessment,mean,P230_kg,COMPLETE,0,32,3.8342028139942044,3.0309022784724147,2.37248071789867,2.8481770135874154,4.744495047878631
squat,1.0,16,1,velocity,last,P223_kg,COMPLETE,0,32,13.801675664144815,9.830581649174949,-1.6476369918607596,9.302702777144603,18.051446651233626
squat,1.0,16,1,velocity,last,C223_kg,COMPLETE,0,32,17.72771653389397,12.485578804812878,-8.827178223986177,11.724526651583071,23.341633620149814
squat,1.0,16,1,velocity,last,P230_kg,COMPLETE,0,32,13.463127662518342,9.846697311321215,0.4207354419298541,9.705397607061013,16.91241858402369
squat,1.0,16,1,velocity,mean,P223_kg,COMPLETE,0,32,3.5078497890756455,2.611291454094694,1.1040217987980725,2.4663728769829176,4.515064931128581
squat,1.0,16,1,velocity,mean,C223_kg,COMPLETE,0,32,8.316598605598776,6.266672897168547,-6.0755194333273455,5.842480760174255,10.680655454888651
squat,1.0,16,1,velocity,mean,P230_kg,COMPLETE,0,32,4.664751411921715,3.6644139332476384,3.1723942325886862,3.447415437737306,5.8844625247380895
squat,1.0,16,1,combined,last,P223_kg,COMPLETE,0,32,10.375318231631917,7.448856292619344,-3.6018104821592383,6.1587678231272385,13.976285476533484
squat,1.0,16,1,combined,last,C223_kg,COMPLETE,0,32,15.846876382215193,11.360988668088098,-10.781351714284657,10.874793219982779,20.553568036873475
squat,1.0,16,1,combined,last,P230_kg,COMPLETE,0,32,9.484364602556775,7.141710856529141,-1.5334380483686245,6.6174148462040865,12.262004723031104
squat,1.0,16,1,combined,mean,P223_kg,COMPLETE,0,32,2.442048193231783,1.8164246435249245,-0.5741349260717792,1.6602520738348772,3.154397503940478
squat,1.0,16,1,combined,mean,C223_kg,COMPLETE,0,32,9.249205891856922,7.753676158197197,-7.753676158197197,7.249573762675851,11.28555058272965
squat,1.0,16,1,combined,mean,P230_kg,COMPLETE,0,32,3.090648301625259,2.3420926105082036,1.4942375077188346,2.0957364744613667,4.120449770926858
squat,1.0,16,1,load,last,P223_kg,COMPLETE,0,32,11.750486403026583,8.838755534760054,-3.3733668115304036,8.025186931394797,15.270906502344552
squat,1.0,16,1,load,last,C223_kg,COMPLETE,0,32,16.454952827175173,12.79748681944287,-10.552908043655822,11.822847793378749,21.056240430390424
squat,1.0,16,1,load,last,P230_kg,COMPLETE,0,32,10.951486143463475,8.515810871204847,-1.3049943777397899,7.67235838683197,13.947505353551177
squat,1.0,16,1,load,mean,P223_kg,COMPLETE,0,32,2.563689348010775,2.0450856326297746,0.3455107877826684,2.032670000105885,3.0940506792047575
squat,1.0,16,1,load,mean,C223_kg,COMPLETE,0,32,8.477565851716196,6.908517019101492,-6.8340304443427495,6.621537860355296,10.58856175846841
squat,1.0,16,1,load,mean,P230_kg,COMPLETE,0,32,3.9495988841594105,3.1515787078159376,2.413883221573282,2.9984588925408757,4.762465162955106
squat,1.0,16,7,assessment,last,P223_kg,COMPLETE,0,32,11.602030088684755,9.222745543749593,-3.594961293777243,8.592322252014274,14.410806929923524
squat,1.0,16,7,assessment,last,C223_kg,COMPLETE,0,32,16.305409614583844,12.535704714615434,-10.774502525902662,11.899984133983939,20.435325022919994
squat,1.0,16,7,assessment,last,P230_kg,COMPLETE,0,32,10.838361418914964,8.881425968044482,-1.5265888599866293,8.302084705305903,13.173643003730247
squat,1.0,16,7,assessment,mean,P223_kg,COMPLETE,0,32,4.342813514519253,3.1126462334023315,-1.5454272842032561,2.856059274900495,5.912056608362159
squat,1.0,16,7,assessment,mean,C223_kg,COMPLETE,0,32,10.832215173778991,8.817389247690041,-8.724968516328673,8.133973793853823,13.338295236687397
squat,1.0,16,7,assessment,mean,P230_kg,COMPLETE,0,32,3.715643011793792,2.8428829511662688,0.5229451495873576,2.7867128443840277,4.570692050803396
squat,1.0,16,7,velocity,last,P223_kg,COMPLETE,0,32,13.801675664144815,9.830581649174949,-1.6476369918607596,9.302702777144603,18.051446651233626
squat,1.0,16,7,velocity,last,C223_kg,COMPLETE,0,32,17.72771653389397,12.485578804812878,-8.827178223986177,11.724526651583071,23.341633620149814
squat,1.0,16,7,velocity,last,P230_kg,COMPLETE,0,32,13.463127662518342,9.846697311321215,0.4207354419298541,9.705397607061013,16.91241858402369
squat,1.0,16,7,velocity,mean,P223_kg,COMPLETE,0,32,3.95332750879357,2.8818688654216458,-1.392034861585937,2.7541542506353642,5.253204012575692
squat,1.0,16,7,velocity,mean,C223_kg,COMPLETE,0,32,10.765761276183706,8.571576093711354,-8.571576093711354,8.302463037294624,13.394776528430677
squat,1.0,16,7,velocity,mean,P230_kg,COMPLETE,0,32,2.6042492400502253,2.0525941510728583,0.6763375722046767,1.9135387572029217,3.325758983271661
squat,1.0,16,7,combined,last,P223_kg,COMPLETE,0,32,10.375318231631917,7.448856292619344,-3.6018104821592383,6.1587678231272385,13.976285476533484
squat,1.0,16,7,combined,last,C223_kg,COMPLETE,0,32,15.846876382215193,11.360988668088098,-10.781351714284657,10.874793219982779,20.553568036873475
squat,1.0,16,7,combined,last,P230_kg,COMPLETE,0,32,9.484364602556775,7.141710856529141,-1.5334380483686245,6.6174148462040865,12.262004723031104
squat,1.0,16,7,combined,mean,P223_kg,COMPLETE,0,32,4.2132240475801135,2.9752285136699226,-2.7252829474339237,2.867912002202985,5.626298102178454
squat,1.0,16,7,combined,mean,C223_kg,COMPLETE,0,32,11.68236478383217,9.904824179559341,-9.904824179559341,9.21203905117007,14.14698391577493
squat,1.0,16,7,combined,mean,P230_kg,COMPLETE,0,32,2.346826679721162,1.811237226121679,-0.65691051364331,1.6933263667760565,2.9413336319154912
squat,1.0,16,7,load,last,P223_kg,COMPLETE,0,32,11.750486403026583,8.838755534760054,-3.3733668115304036,8.025186931394797,15.270906502344552
squat,1.0,16,7,load,last,C223_kg,COMPLETE,0,32,16.454952827175173,12.79748681944287,-10.552908043655822,11.822847793378749,21.056240430390424
squat,1.0,16,7,load,last,P230_kg,COMPLETE,0,32,10.951486143463475,8.515810871204847,-1.3049943777397899,7.67235838683197,13.947505353551177
squat,1.0,16,7,load,mean,P223_kg,COMPLETE,0,32,4.414494109973975,3.0542496701880313,-1.5584379567039401,2.871924328032105,5.9732721998843
squat,1.0,16,7,load,mean,C223_kg,COMPLETE,0,32,10.872231250109337,8.749554626137012,-8.737979188829357,8.265020283520894,13.363561606168522
squat,1.0,16,7,load,mean,P230_kg,COMPLETE,0,32,3.713752028132321,2.847087871031336,0.5099344770866736,2.746098078440991,4.622601832173139
squat,1.0,32,1,assessment,last,P223_kg,COMPLETE,0,32,11.602030088684755,9.222745543749593,-3.594961293777243,8.592322252014274,14.410806929923524
squat,1.0,32,1,assessment,last,C223_kg,COMPLETE,0,32,16.305409614583844,12.535704714615434,-10.774502525902662,11.899984133983939,20.435325022919994
squat,1.0,32,1,assessment,last,P230_kg,COMPLETE,0,32,10.838361418914964,8.881425968044482,-1.5265888599866293,8.302084705305903,13.173643003730247
squat,1.0,32,1,assessment,mean,P223_kg,COMPLETE,0,32,2.514144609765681,1.9942090312956378,-0.4360504977576518,1.861398815200236,3.1073117638297783
squat,1.0,32,1,assessment,mean,C223_kg,COMPLETE,0,32,9.182766677306272,7.700180884817961,-7.61559172988307,7.259825073928047,11.157296924369186
squat,1.0,32,1,assessment,mean,P230_kg,COMPLETE,0,32,2.7773812575822614,2.082744559372784,1.632321936032962,2.03377689999999,3.424568951563367
squat,1.0,32,1,velocity,last,P223_kg,COMPLETE,0,32,13.801675664144815,9.830581649174949,-1.6476369918607596,9.302702777144603,18.051446651233626
squat,1.0,32,1,velocity,last,C223_kg,COMPLETE,0,32,17.72771653389397,12.485578804812878,-8.827178223986177,11.724526651583071,23.341633620149814
squat,1.0,32,1,velocity,last,P230_kg,COMPLETE,0,32,13.463127662518342,9.846697311321215,0.4207354419298541,9.705397607061013,16.91241858402369
squat,1.0,32,1,velocity,mean,P223_kg,COMPLETE,0,32,3.2839408786806525,2.1519161414870847,-0.12056624839613539,1.757645486633445,4.869656119247025
squat,1.0,32,1,velocity,mean,C223_kg,COMPLETE,0,32,9.703140391896316,7.432996254053091,-7.300107480521554,6.910280826490206,12.377239886778229
squat,1.0,32,1,velocity,mean,P230_kg,COMPLETE,0,32,3.4462921574452383,2.6700227656123054,1.9478061853944784,2.680475580531269,4.202814034843595
squat,1.0,32,1,combined,last,P223_kg,COMPLETE,0,32,10.375318231631917,7.448856292619344,-3.6018104821592383,6.1587678231272385,13.976285476533484
squat,1.0,32,1,combined,last,C223_kg,COMPLETE,0,32,15.846876382215193,11.360988668088098,-10.781351714284657,10.874793219982779,20.553568036873475
squat,1.0,32,1,combined,last,P230_kg,COMPLETE,0,32,9.484364602556775,7.141710856529141,-1.5334380483686245,6.6174148462040865,12.262004723031104
squat,1.0,32,1,combined,mean,P223_kg,COMPLETE,0,32,2.975707317299835,2.1771672949751166,-1.5159155823456554,1.8147533497797912,4.168977575899721
squat,1.0,32,1,combined,mean,C223_kg,COMPLETE,0,32,10.39283276509733,8.695456814471072,-8.695456814471072,8.158524700191746,12.659877222937851
squat,1.0,32,1,combined,mean,P230_kg,COMPLETE,0,32,2.148026582235095,1.5287639322683688,0.5524568514449584,1.539105130065265,2.6952880506617634
squat,1.0,32,1,load,last,P223_kg,COMPLETE,0,32,11.750486403026583,8.838755534760054,-3.3733668115304036,8.025186931394797,15.270906502344552
squat,1.0,32,1,load,last,C223_kg,COMPLETE,0,32,16.454952827175173,12.79748681944287,-10.552908043655822,11.822847793378749,21.056240430390424
squat,1.0,32,1,load,last,P230_kg,COMPLETE,0,32,10.951486143463475,8.515810871204847,-1.3049943777397899,7.67235838683197,13.947505353551177
squat,1.0,32,1,load,mean,P223_kg,COMPLETE,0,32,2.527674530738948,2.071815117031977,-0.41659200118898543,1.9303527684454802,3.090074910914806
squat,1.0,32,1,load,mean,C223_kg,COMPLETE,0,32,9.257475556179022,7.674279653617092,-7.596133233314403,7.273658118308628,11.33408815016327
squat,1.0,32,1,load,mean,P230_kg,COMPLETE,0,32,2.7847451448359086,2.112304956717781,1.6517804326016283,2.0688180425015372,3.445907919398345
squat,1.0,32,7,assessment,last,P223_kg,COMPLETE,0,32,11.602030088684755,9.222745543749593,-3.594961293777243,8.592322252014274,14.410806929923524
squat,1.0,32,7,assessment,last,C223_kg,COMPLETE,0,32,16.305409614583844,12.535704714615434,-10.774502525902662,11.899984133983939,20.435325022919994
squat,1.0,32,7,assessment,last,P230_kg,COMPLETE,0,32,10.838361418914964,8.881425968044482,-1.5265888599866293,8.302084705305903,13.173643003730247
squat,1.0,32,7,assessment,mean,P223_kg,COMPLETE,0,32,5.6725156277612925,4.249095931299532,-3.790125532594928,3.999673217647933,7.293227350981859
squat,1.0,32,7,assessment,mean,C223_kg,COMPLETE,0,32,12.81670038862714,10.969666764720346,-10.969666764720346,10.186000475153818,15.569847344862792
squat,1.0,32,7,assessment,mean,P230_kg,COMPLETE,0,32,3.862268294502432,2.7780915412534495,-1.7217530988043142,2.3749099654617067,5.494796046167887
squat,1.0,32,7,velocity,last,P223_kg,COMPLETE,0,32,13.801675664144815,9.830581649174949,-1.6476369918607596,9.302702777144603,18.051446651233626
squat,1.0,32,7,velocity,last,C223_kg,COMPLETE,0,32,17.72771653389397,12.485578804812878,-8.827178223986177,11.724526651583071,23.341633620149814
squat,1.0,32,7,velocity,last,P230_kg,COMPLETE,0,32,13.463127662518342,9.846697311321215,0.4207354419298541,9.705397607061013,16.91241858402369
squat,1.0,32,7,velocity,mean,P223_kg,COMPLETE,0,32,5.094199815516256,3.7996091556988048,-2.8291591429978378,3.736461839214721,6.338628977172743
squat,1.0,32,7,velocity,mean,C223_kg,COMPLETE,0,32,11.858610192122642,10.08056772884591,-10.008700375123254,9.677814161844772,13.992707300180552
squat,1.0,32,7,velocity,mean,P230_kg,COMPLETE,0,32,3.122926913434514,2.3340946753695686,-0.760786709207224,2.168622138279997,3.922641752059661
squat,1.0,32,7,combined,last,P223_kg,COMPLETE,0,32,10.375318231631917,7.448856292619344,-3.6018104821592383,6.1587678231272385,13.976285476533484
squat,1.0,32,7,combined,last,C223_kg,COMPLETE,0,32,15.846876382215193,11.360988668088098,-10.781351714284657,10.874793219982779,20.553568036873475
squat,1.0,32,7,combined,last,P230_kg,COMPLETE,0,32,9.484364602556775,7.141710856529141,-1.5334380483686245,6.6174148462040865,12.262004723031104
squat,1.0,32,7,combined,mean,P223_kg,COMPLETE,0,32,6.064073551760198,4.660453216388918,-4.56723607981189,4.476137590423582,7.513947391627557
squat,1.0,32,7,combined,mean,C223_kg,COMPLETE,0,32,13.438028751926893,11.746777311937308,-11.746777311937308,11.023243730046582,15.994566846946045
squat,1.0,32,7,combined,mean,P230_kg,COMPLETE,0,32,3.813506116630757,2.8044819560555254,-2.4988636460212756,2.4978318365678374,5.101485133798006
squat,1.0,32,7,load,last,P223_kg,COMPLETE,0,32,11.750486403026583,8.838755534760054,-3.3733668115304036,8.025186931394797,15.270906502344552
squat,1.0,32,7,load,last,C223_kg,COMPLETE,0,32,16.454952827175173,12.79748681944287,-10.552908043655822,11.822847793378749,21.056240430390424
squat,1.0,32,7,load,last,P230_kg,COMPLETE,0,32,10.951486143463475,8.515810871204847,-1.3049943777397899,7.67235838683197,13.947505353551177
squat,1.0,32,7,load,mean,P223_kg,COMPLETE,0,32,5.655798691469576,4.1417567708997645,-3.706606099704563,3.9781336912061276,7.243866960495442
squat,1.0,32,7,load,mean,C223_kg,COMPLETE,0,32,12.740897601099931,10.886147331829982,-10.886147331829982,10.119707873959953,15.472903509025972
squat,1.0,32,7,load,mean,P230_kg,COMPLETE,0,32,3.800487348268984,2.7006129369333207,-1.6382336659139494,2.300662289158285,5.386774445345296
squat,2.0,1,1,assessment,last,P223_kg,COMPLETE,0,32,23.20406017736951,18.445491087499185,-7.189922587554486,17.184644504028547,28.821613859847048
squat,2.0,1,1,assessment,last,C223_kg,COMPLETE,0,32,27.03953897285781,20.538781653084808,-14.369463819679904,19.516067288596364,34.047027648063604
squat,2.0,1,1,assessment,last,P230_kg,COMPLETE,0,32,22.26882098899096,17.896167411424287,-5.121550153763872,16.780427942836138,27.231224712896285
squat,2.0,1,1,assessment,mean,P223_kg,COMPLETE,0,32,23.20406017736951,18.445491087499185,-7.189922587554486,17.184644504028547,28.821613859847048
squat,2.0,1,1,assessment,mean,C223_kg,COMPLETE,0,32,27.03953897285781,20.538781653084808,-14.369463819679904,19.516067288596364,34.047027648063604
squat,2.0,1,1,assessment,mean,P230_kg,COMPLETE,0,32,22.26882098899096,17.896167411424287,-5.121550153763872,16.780427942836138,27.231224712896285
squat,2.0,1,1,velocity,last,P223_kg,COMPLETE,0,32,27.61783379716433,19.87523396786719,-2.1475658511200924,18.81198183095993,35.67091685290107
squat,2.0,1,1,velocity,last,C223_kg,COMPLETE,0,32,30.304033494849193,21.708554175054374,-9.32710708324551,20.4672465459912,39.39581179995908
squat,2.0,1,1,velocity,last,P230_kg,COMPLETE,0,32,27.286160723917586,19.87683496683,-0.0791934173294786,19.325034895934248,34.64065908775955
squat,2.0,1,1,velocity,mean,P223_kg,COMPLETE,0,32,27.61783379716433,19.87523396786719,-2.1475658511200924,18.81198183095993,35.67091685290107
squat,2.0,1,1,velocity,mean,C223_kg,COMPLETE,0,32,30.304033494849193,21.708554175054374,-9.32710708324551,20.4672465459912,39.39581179995908
squat,2.0,1,1,velocity,mean,P230_kg,COMPLETE,0,32,27.286160723917586,19.87683496683,-0.0791934173294786,19.325034895934248,34.64065908775955
squat,2.0,1,1,combined,last,P223_kg,COMPLETE,0,32,21.04290007369082,15.216923620761127,-8.417586494869365,13.127044652226253,28.150235441353935
squat,2.0,1,1,combined,last,C223_kg,COMPLETE,0,32,26.096369893650007,18.370449590527052,-15.597127726994783,17.470063699916366,34.180720356330816
squat,2.0,1,1,combined,last,P230_kg,COMPLETE,0,32,19.869326710160287,14.75005293971521,-6.349214061078752,13.123575375482629,26.17556158474768
squat,2.0,1,1,combined,mean,P223_kg,COMPLETE,0,32,21.04290007369082,15.216923620761127,-8.417586494869365,13.127044652226253,28.150235441353935
squat,2.0,1,1,combined,mean,C223_kg,COMPLETE,0,32,26.096369893650007,18.370449590527052,-15.597127726994783,17.470063699916366,34.180720356330816
squat,2.0,1,1,combined,mean,P230_kg,COMPLETE,0,32,19.869326710160287,14.75005293971521,-6.349214061078752,13.123575375482629,26.17556158474768
squat,2.0,1,1,load,last,P223_kg,COMPLETE,0,32,23.093157622691493,17.8539297107054,-6.9707621361119125,16.61912425988968,29.284547919912864
squat,2.0,1,1,load,last,C223_kg,COMPLETE,0,32,26.97765128817939,20.35644376335369,-14.150303368237331,19.050930166198217,34.58828009929177
squat,2.0,1,1,load,last,P230_kg,COMPLETE,0,32,22.132200720752785,17.45457178364982,-4.902389702321299,15.97698832053633,27.742265153206077
squat,2.0,1,1,load,mean,P223_kg,COMPLETE,0,32,23.093157622691493,17.8539297107054,-6.9707621361119125,16.61912425988968,29.284547919912864
squat,2.0,1,1,load,mean,C223_kg,COMPLETE,0,32,26.97765128817939,20.35644376335369,-14.150303368237331,19.050930166198217,34.58828009929177
squat,2.0,1,1,load,mean,P230_kg,COMPLETE,0,32,22.132200720752785,17.45457178364982,-4.902389702321299,15.97698832053633,27.742265153206077
squat,2.0,1,7,assessment,last,P223_kg,COMPLETE,0,32,23.20406017736951,18.445491087499185,-7.189922587554486,17.184644504028547,28.821613859847048
squat,2.0,1,7,assessment,last,C223_kg,COMPLETE,0,32,27.03953897285781,20.538781653084808,-14.369463819679904,19.516067288596364,34.047027648063604
squat,2.0,1,7,assessment,last,P230_kg,COMPLETE,0,32,22.26882098899096,17.896167411424287,-5.121550153763872,16.780427942836138,27.231224712896285
squat,2.0,1,7,assessment,mean,P223_kg,COMPLETE,0,32,23.20406017736951,18.445491087499185,-7.189922587554486,17.184644504028547,28.821613859847048
squat,2.0,1,7,assessment,mean,C223_kg,COMPLETE,0,32,27.03953897285781,20.538781653084808,-14.369463819679904,19.516067288596364,34.047027648063604
squat,2.0,1,7,assessment,mean,P230_kg,COMPLETE,0,32,22.26882098899096,17.896167411424287,-5.121550153763872,16.780427942836138,27.231224712896285
squat,2.0,1,7,velocity,last,P223_kg,COMPLETE,0,32,27.61783379716433,19.87523396786719,-2.1475658511200924,18.81198183095993,35.67091685290107
squat,2.0,1,7,velocity,last,C223_kg,COMPLETE,0,32,30.304033494849193,21.708554175054374,-9.32710708324551,20.4672465459912,39.39581179995908
squat,2.0,1,7,velocity,last,P230_kg,COMPLETE,0,32,27.286160723917586,19.87683496683,-0.0791934173294786,19.325034895934248,34.64065908775955
squat,2.0,1,7,velocity,mean,P223_kg,COMPLETE,0,32,27.61783379716433,19.87523396786719,-2.1475658511200924,18.81198183095993,35.67091685290107
squat,2.0,1,7,velocity,mean,C223_kg,COMPLETE,0,32,30.304033494849193,21.708554175054374,-9.32710708324551,20.4672465459912,39.39581179995908
squat,2.0,1,7,velocity,mean,P230_kg,COMPLETE,0,32,27.286160723917586,19.87683496683,-0.0791934173294786,19.325034895934248,34.64065908775955
squat,2.0,1,7,combined,last,P223_kg,COMPLETE,0,32,21.04290007369082,15.216923620761127,-8.417586494869365,13.127044652226253,28.150235441353935
squat,2.0,1,7,combined,last,C223_kg,COMPLETE,0,32,26.096369893650007,18.370449590527052,-15.597127726994783,17.470063699916366,34.180720356330816
squat,2.0,1,7,combined,last,P230_kg,COMPLETE,0,32,19.869326710160287,14.75005293971521,-6.349214061078752,13.123575375482629,26.17556158474768
squat,2.0,1,7,combined,mean,P223_kg,COMPLETE,0,32,21.04290007369082,15.216923620761127,-8.417586494869365,13.127044652226253,28.150235441353935
squat,2.0,1,7,combined,mean,C223_kg,COMPLETE,0,32,26.096369893650007,18.370449590527052,-15.597127726994783,17.470063699916366,34.180720356330816
squat,2.0,1,7,combined,mean,P230_kg,COMPLETE,0,32,19.869326710160287,14.75005293971521,-6.349214061078752,13.123575375482629,26.17556158474768
squat,2.0,1,7,load,last,P223_kg,COMPLETE,0,32,23.093157622691493,17.8539297107054,-6.9707621361119125,16.61912425988968,29.284547919912864
squat,2.0,1,7,load,last,C223_kg,COMPLETE,0,32,26.97765128817939,20.35644376335369,-14.150303368237331,19.050930166198217,34.58828009929177
squat,2.0,1,7,load,last,P230_kg,COMPLETE,0,32,22.132200720752785,17.45457178364982,-4.902389702321299,15.97698832053633,27.742265153206077
squat,2.0,1,7,load,mean,P223_kg,COMPLETE,0,32,23.093157622691493,17.8539297107054,-6.9707621361119125,16.61912425988968,29.284547919912864
squat,2.0,1,7,load,mean,C223_kg,COMPLETE,0,32,26.97765128817939,20.35644376335369,-14.150303368237331,19.050930166198217,34.58828009929177
squat,2.0,1,7,load,mean,P230_kg,COMPLETE,0,32,22.132200720752785,17.45457178364982,-4.902389702321299,15.97698832053633,27.742265153206077
squat,2.0,4,1,assessment,last,P223_kg,COMPLETE,0,32,23.20406017736951,18.445491087499185,-7.189922587554486,17.184644504028547,28.821613859847048
squat,2.0,4,1,assessment,last,C223_kg,COMPLETE,0,32,27.03953897285781,20.538781653084808,-14.369463819679904,19.516067288596364,34.047027648063604
squat,2.0,4,1,assessment,last,P230_kg,COMPLETE,0,32,22.26882098899096,17.896167411424287,-5.121550153763872,16.780427942836138,27.231224712896285
squat,2.0,4,1,assessment,mean,P223_kg,COMPLETE,0,32,13.9845084138494,11.300121368967245,-1.032423858926796,10.545942821107513,17.183007668706278
squat,2.0,4,1,assessment,mean,C223_kg,COMPLETE,0,32,16.61567337269778,12.10650311584606,-8.211965091052214,11.26269757998031,21.585931435156866
squat,2.0,4,1,assessment,mean,P230_kg,COMPLETE,0,32,14.038345623169675,11.21894539724686,1.0359485748638178,10.508157686188616,17.536579717342917
squat,2.0,4,1,velocity,last,P223_kg,COMPLETE,0,32,27.61783379716433,19.87523396786719,-2.1475658511200924,18.81198183095993,35.67091685290107
squat,2.0,4,1,velocity,last,C223_kg,COMPLETE,0,32,30.304033494849193,21.708554175054374,-9.32710708324551,20.4672465459912,39.39581179995908
squat,2.0,4,1,velocity,last,P230_kg,COMPLETE,0,32,27.286160723917586,19.87683496683,-0.0791934173294786,19.325034895934248,34.64065908775955
squat,2.0,4,1,velocity,mean,P223_kg,COMPLETE,0,32,11.674066526363406,9.23530533626979,3.701563135740992,8.648585209067768,14.479045822329466
squat,2.0,4,1,velocity,mean,C223_kg,COMPLETE,0,32,12.190625173643944,8.897152142851091,-3.477978096384426,8.358058362183344,15.550517035759109
squat,2.0,4,1,velocity,mean,P230_kg,COMPLETE,0,32,12.427407206128263,9.885230837590816,5.769935569531606,9.120435334810383,15.607811965851658
squat,2.0,4,1,combined,last,P223_kg,COMPLETE,0,32,21.04290007369082,15.216923620761127,-8.417586494869365,13.127044652226253,28.150235441353935
squat,2.0,4,1,combined,last,C223_kg,COMPLETE,0,32,26.096369893650007,18.370449590527052,-15.597127726994783,17.470063699916366,34.180720356330816
squat,2.0,4,1,combined,last,P230_kg,COMPLETE,0,32,19.869326710160287,14.75005293971521,-6.349214061078752,13.123575375482629,26.17556158474768
squat,2.0,4,1,combined,mean,P223_kg,COMPLETE,0,32,9.88698573718766,7.08221273342647,-3.772884673397936,6.9301649832538565,12.503558686617362
squat,2.0,4,1,combined,mean,C223_kg,COMPLETE,0,32,14.941010880448607,11.134103596462701,-10.952425905523354,10.537972764504417,18.946441603572087
squat,2.0,4,1,combined,mean,P230_kg,COMPLETE,0,32,9.131542490524632,6.932313343791508,-1.7045122396073222,6.795159123855895,11.241817194279351
squat,2.0,4,1,load,last,P223_kg,COMPLETE,0,32,23.093157622691493,17.8539297107054,-6.9707621361119125,16.61912425988968,29.284547919912864
squat,2.0,4,1,load,last,C223_kg,COMPLETE,0,32,26.97765128817939,20.35644376335369,-14.150303368237331,19.050930166198217,34.58828009929177
squat,2.0,4,1,load,last,P230_kg,COMPLETE,0,32,22.132200720752785,17.45457178364982,-4.902389702321299,15.97698832053633,27.742265153206077
squat,2.0,4,1,load,mean,P223_kg,COMPLETE,0,32,13.663907576082604,11.166895200643928,-0.8337045152332427,10.435855808138731,16.672697517890878
squat,2.0,4,1,load,mean,C223_kg,COMPLETE,0,32,16.364752361702966,12.208405776613187,-8.01324574735866,11.405639608374956,20.97403167475246
squat,2.0,4,1,load,mean,P230_kg,COMPLETE,0,32,13.75100788661189,11.091178547397181,1.234667918557371,10.316926724184267,17.080695218944328
squat,2.0,4,7,assessment,last,P223_kg,COMPLETE,0,32,23.20406017736951,18.445491087499185,-7.189922587554486,17.184644504028547,28.821613859847048
squat,2.0,4,7,assessment,last,C223_kg,COMPLETE,0,32,27.03953897285781,20.538781653084808,-14.369463819679904,19.516067288596364,34.047027648063604
squat,2.0,4,7,assessment,last,P230_kg,COMPLETE,0,32,22.26882098899096,17.896167411424287,-5.121550153763872,16.780427942836138,27.231224712896285
squat,2.0,4,7,assessment,mean,P223_kg,COMPLETE,0,32,13.655995393286819,10.591812009650155,-1.4314211473532308,9.66458606623426,17.301413836763718
squat,2.0,4,7,assessment,mean,C223_kg,COMPLETE,0,32,16.792528458934296,12.990215023483522,-8.61096237947865,11.89342098730945,21.702937899841913
squat,2.0,4,7,assessment,mean,P230_kg,COMPLETE,0,32,13.675243049847653,10.480131697374715,0.636951286437383,10.022452412597179,17.309338203705504
squat,2.0,4,7,velocity,last,P223_kg,COMPLETE,0,32,27.61783379716433,19.87523396786719,-2.1475658511200924,18.81198183095993,35.67091685290107
squat,2.0,4,7,velocity,last,C223_kg,COMPLETE,0,32,30.304033494849193,21.708554175054374,-9.32710708324551,20.4672465459912,39.39581179995908
squat,2.0,4,7,velocity,last,P230_kg,COMPLETE,0,32,27.286160723917586,19.87683496683,-0.0791934173294786,19.325034895934248,34.64065908775955
squat,2.0,4,7,velocity,mean,P223_kg,COMPLETE,0,32,14.72657499238585,10.162678937857809,-0.6923288596984118,8.899903885891709,20.670586377139838
squat,2.0,4,7,velocity,mean,C223_kg,COMPLETE,0,32,17.79729400090275,12.078374645344834,-7.87187009182383,10.645337745108717,25.38951786718682
squat,2.0,4,7,velocity,mean,P230_kg,COMPLETE,0,32,14.178679014291868,10.289454606323687,1.376043574092202,9.320044069639126,19.07881738155648
squat,2.0,4,7,combined,last,P223_kg,COMPLETE,0,32,21.04290007369082,15.216923620761127,-8.417586494869365,13.127044652226253,28.150235441353935
squat,2.0,4,7,combined,last,C223_kg,COMPLETE,0,32,26.096369893650007,18.370449590527052,-15.597127726994783,17.470063699916366,34.180720356330816
squat,2.0,4,7,combined,last,P230_kg,COMPLETE,0,32,19.869326710160287,14.75005293971521,-6.349214061078752,13.123575375482629,26.17556158474768
squat,2.0,4,7,combined,mean,P223_kg,COMPLETE,0,32,12.611537218185155,9.364362024823855,-5.14093122299203,8.440147309771527,16.56837719908314
squat,2.0,4,7,combined,mean,C223_kg,COMPLETE,0,32,17.984719616718845,13.64260122998131,-12.320472455117446,12.634220535922003,23.06926000799386
squat,2.0,4,7,combined,mean,P230_kg,COMPLETE,0,32,11.5547467960205,8.789244020477078,-3.0725587892014166,8.204094992432454,14.797450964365117
squat,2.0,4,7,load,last,P223_kg,COMPLETE,0,32,23.093157622691493,17.8539297107054,-6.9707621361119125,16.61912425988968,29.284547919912864
squat,2.0,4,7,load,last,C223_kg,COMPLETE,0,32,26.97765128817939,20.35644376335369,-14.150303368237331,19.050930166198217,34.58828009929177
squat,2.0,4,7,load,last,P230_kg,COMPLETE,0,32,22.132200720752785,17.45457178364982,-4.902389702321299,15.97698832053633,27.742265153206077
squat,2.0,4,7,load,mean,P223_kg,COMPLETE,0,32,13.975405528651752,10.735029328536331,-1.1354732525814955,9.743041714725225,18.13541774956154
squat,2.0,4,7,load,mean,C223_kg,COMPLETE,0,32,16.91669240573639,12.987755727452594,-8.315014484706914,11.728370222918327,22.30472065038987
squat,2.0,4,7,load,mean,P230_kg,COMPLETE,0,32,14.004762662671483,10.720345956076663,0.9328991812091183,9.905276886514189,17.952941584450706
squat,2.0,16,1,assessment,last,P223_kg,COMPLETE,0,32,23.20406017736951,18.445491087499185,-7.189922587554486,17.184644504028547,28.821613859847048
squat,2.0,16,1,assessment,last,C223_kg,COMPLETE,0,32,27.03953897285781,20.538781653084808,-14.369463819679904,19.516067288596364,34.047027648063604
squat,2.0,16,1,assessment,last,P230_kg,COMPLETE,0,32,22.26882098899096,17.896167411424287,-5.121550153763872,16.780427942836138,27.231224712896285
squat,2.0,16,1,assessment,mean,P223_kg,COMPLETE,0,32,4.7197170923597955,4.012551447063177,0.46155351465368266,3.7610227415381905,5.616809567231603
squat,2.0,16,1,assessment,mean,C223_kg,COMPLETE,0,32,8.93422275275418,7.337909307748487,-6.717987717471735,7.036425684776868,10.946549709460372
squat,2.0,16,1,assessment,mean,P230_kg,COMPLETE,0,32,5.660549002542458,4.766954946979622,2.5299259484442964,4.427901377630942,6.821186908644925
squat,2.0,16,1,velocity,last,P223_kg,COMPLETE,0,32,27.61783379716433,19.87523396786719,-2.1475658511200924,18.81198183095993,35.67091685290107
squat,2.0,16,1,velocity,last,C223_kg,COMPLETE,0,32,30.304033494849193,21.708554175054374,-9.32710708324551,20.4672465459912,39.39581179995908
squat,2.0,16,1,velocity,last,P230_kg,COMPLETE,0,32,27.286160723917586,19.87683496683,-0.0791934173294786,19.325034895934248,34.64065908775955
squat,2.0,16,1,velocity,mean,P223_kg,COMPLETE,0,32,7.872273294851601,6.178633324350609,3.7630405502693476,6.152766680431668,9.569787947425114
squat,2.0,16,1,velocity,mean,C223_kg,COMPLETE,0,32,8.888160254729819,5.927009657740428,-3.4165006818560704,4.920659738586813,12.355072711524237
squat,2.0,16,1,velocity,mean,P230_kg,COMPLETE,0,32,8.982236236117734,7.187346442164733,5.831412984059961,7.01839444914505,10.90365735482623
squat,2.0,16,1,combined,last,P223_kg,COMPLETE,0,32,21.04290007369082,15.216923620761127,-8.417586494869365,13.127044652226253,28.150235441353935
squat,2.0,16,1,combined,last,C223_kg,COMPLETE,0,32,26.096369893650007,18.370449590527052,-15.597127726994783,17.470063699916366,34.180720356330816
squat,2.0,16,1,combined,last,P230_kg,COMPLETE,0,32,19.869326710160287,14.75005293971521,-6.349214061078752,13.123575375482629,26.17556158474768
squat,2.0,16,1,combined,mean,P223_kg,COMPLETE,0,32,5.698935175386748,4.3139668212820474,-2.9471059834060935,4.050301098307377,7.239213021521134
squat,2.0,16,1,combined,mean,C223_kg,COMPLETE,0,32,12.150805187031706,10.23538545101286,-10.126647215531513,9.604778112522105,14.756895265840035
squat,2.0,16,1,combined,mean,P230_kg,COMPLETE,0,32,4.877572727611687,3.7193134029975266,-0.8787335496154798,3.417643218949782,6.3665517810113545
squat,2.0,16,1,load,last,P223_kg,COMPLETE,0,32,23.093157622691493,17.8539297107054,-6.9707621361119125,16.61912425988968,29.284547919912864
squat,2.0,16,1,load,last,C223_kg,COMPLETE,0,32,26.97765128817939,20.35644376335369,-14.150303368237331,19.050930166198217,34.58828009929177
squat,2.0,16,1,load,last,P230_kg,COMPLETE,0,32,22.132200720752785,17.45457178364982,-4.902389702321299,15.97698832053633,27.742265153206077
squat,2.0,16,1,load,mean,P223_kg,COMPLETE,0,32,4.820428192638297,4.059311273471729,0.5033181091691619,3.877684445272395,5.734123203223009
squat,2.0,16,1,load,mean,C223_kg,COMPLETE,0,32,9.089092622520734,7.2683918587511664,-6.676223122956256,7.080038470605609,11.1723825442922
squat,2.0,16,1,load,mean,P230_kg,COMPLETE,0,32,5.73793784653606,4.903024854806434,2.5716905429597756,4.587485394869621,6.822367972704642
squat,2.0,16,7,assessment,last,P223_kg,COMPLETE,0,32,23.20406017736951,18.445491087499185,-7.189922587554486,17.184644504028547,28.821613859847048
squat,2.0,16,7,assessment,last,C223_kg,COMPLETE,0,32,27.03953897285781,20.538781653084808,-14.369463819679904,19.516067288596364,34.047027648063604
squat,2.0,16,7,assessment,last,P230_kg,COMPLETE,0,32,22.26882098899096,17.896167411424287,-5.121550153763872,16.780427942836138,27.231224712896285
squat,2.0,16,7,assessment,mean,P223_kg,COMPLETE,0,32,7.4413170494110625,5.271828425915746,-1.6383398481123344,4.689334874925311,10.122672101789576
squat,2.0,16,7,assessment,mean,C223_kg,COMPLETE,0,32,12.531088095837838,9.372400813938011,-8.817881080237752,8.659786984483716,16.1310933255123
squat,2.0,16,7,assessment,mean,P230_kg,COMPLETE,0,32,7.011719024330033,5.154961359150992,0.4300325856782794,4.793008679061128,8.960567083173533
squat,2.0,16,7,velocity,last,P223_kg,COMPLETE,0,32,27.61783379716433,19.87523396786719,-2.1475658511200924,18.81198183095993,35.67091685290107
squat,2.0,16,7,velocity,last,C223_kg,COMPLETE,0,32,30.304033494849193,21.708554175054374,-9.32710708324551,20.4672465459912,39.39581179995908
squat,2.0,16,7,velocity,last,P230_kg,COMPLETE,0,32,27.286160723917586,19.87683496683,-0.0791934173294786,19.325034895934248,34.64065908775955
squat,2.0,16,7,velocity,mean,P223_kg,INCONCLUSIVE,1,32,,,,,
squat,2.0,16,7,velocity,mean,C223_kg,INCONCLUSIVE,1,32,,,,,
squat,2.0,16,7,velocity,mean,P230_kg,INCONCLUSIVE,1,32,,,,,
squat,2.0,16,7,combined,last,P223_kg,COMPLETE,0,32,21.04290007369082,15.216923620761127,-8.417586494869365,13.127044652226253,28.150235441353935
squat,2.0,16,7,combined,last,C223_kg,COMPLETE,0,32,26.096369893650007,18.370449590527052,-15.597127726994783,17.470063699916366,34.180720356330816
squat,2.0,16,7,combined,last,P230_kg,COMPLETE,0,32,19.869326710160287,14.75005293971521,-6.349214061078752,13.123575375482629,26.17556158474768
squat,2.0,16,7,combined,mean,P223_kg,INCONCLUSIVE,1,32,,,,,
squat,2.0,16,7,combined,mean,C223_kg,INCONCLUSIVE,1,32,,,,,
squat,2.0,16,7,combined,mean,P230_kg,INCONCLUSIVE,1,32,,,,,
squat,2.0,16,7,load,last,P223_kg,COMPLETE,0,32,23.093157622691493,17.8539297107054,-6.9707621361119125,16.61912425988968,29.284547919912864
squat,2.0,16,7,load,last,C223_kg,COMPLETE,0,32,26.97765128817939,20.35644376335369,-14.150303368237331,19.050930166198217,34.58828009929177
squat,2.0,16,7,load,last,P230_kg,COMPLETE,0,32,22.132200720752785,17.45457178364982,-4.902389702321299,15.97698832053633,27.742265153206077
squat,2.0,16,7,load,mean,P223_kg,COMPLETE,0,32,7.479359342132519,5.2875279409335665,-1.6535745405244238,4.689819772856516,10.13356406892293
squat,2.0,16,7,load,mean,C223_kg,COMPLETE,0,32,12.565387572121793,9.396714445787456,-8.83311577264984,8.67169256890419,16.19555914877289
squat,2.0,16,7,load,mean,P230_kg,COMPLETE,0,32,7.002658182957745,5.126797903802514,0.41479789326619,4.774119376117822,8.9649201082207
squat,2.0,32,1,assessment,last,P223_kg,COMPLETE,0,32,23.20406017736951,18.445491087499185,-7.189922587554486,17.184644504028547,28.821613859847048
squat,2.0,32,1,assessment,last,C223_kg,COMPLETE,0,32,27.03953897285781,20.538781653084808,-14.369463819679904,19.516067288596364,34.047027648063604
squat,2.0,32,1,assessment,last,P230_kg,COMPLETE,0,32,22.26882098899096,17.896167411424287,-5.121550153763872,16.780427942836138,27.231224712896285
squat,2.0,32,1,assessment,mean,P223_kg,COMPLETE,0,32,4.0271437537708685,3.222225459262879,-0.3431321021633993,3.0735705372579707,4.8726979606872876
squat,2.0,32,1,assessment,mean,C223_kg,COMPLETE,0,32,9.472603513995894,7.815913131014281,-7.522673334288817,7.3620847816244295,11.534278352261454
squat,2.0,32,1,assessment,mean,P230_kg,COMPLETE,0,32,4.08143844110707,3.1028534473626554,1.7252403316272145,2.94978150643317,5.030569637173285
squat,2.0,32,1,velocity,last,P223_kg,COMPLETE,0,32,27.61783379716433,19.87523396786719,-2.1475658511200924,18.81198183095993,35.67091685290107
squat,2.0,32,1,velocity,last,C223_kg,COMPLETE,0,32,30.304033494849193,21.708554175054374,-9.32710708324551,20.4672465459912,39.39581179995908
squat,2.0,32,1,velocity,last,P230_kg,COMPLETE,0,32,27.286160723917586,19.87683496683,-0.0791934173294786,19.325034895934248,34.64065908775955
squat,2.0,32,1,velocity,mean,P223_kg,INCONCLUSIVE,2,32,,,,,
squat,2.0,32,1,velocity,mean,C223_kg,INCONCLUSIVE,2,32,,,,,
squat,2.0,32,1,velocity,mean,P230_kg,INCONCLUSIVE,2,32,,,,,
squat,2.0,32,1,combined,last,P223_kg,COMPLETE,0,32,21.04290007369082,15.216923620761127,-8.417586494869365,13.127044652226253,28.150235441353935
squat,2.0,32,1,combined,last,C223_kg,COMPLETE,0,32,26.096369893650007,18.370449590527052,-15.597127726994783,17.470063699916366,34.180720356330816
squat,2.0,32,1,combined,last,P230_kg,COMPLETE,0,32,19.869326710160287,14.75005293971521,-6.349214061078752,13.123575375482629,26.17556158474768
squat,2.0,32,1,combined,mean,P223_kg,INCONCLUSIVE,2,32,,,,,
squat,2.0,32,1,combined,mean,C223_kg,INCONCLUSIVE,2,32,,,,,
squat,2.0,32,1,combined,mean,P230_kg,INCONCLUSIVE,2,32,,,,,
squat,2.0,32,1,load,last,P223_kg,COMPLETE,0,32,23.093157622691493,17.8539297107054,-6.9707621361119125,16.61912425988968,29.284547919912864
squat,2.0,32,1,load,last,C223_kg,COMPLETE,0,32,26.97765128817939,20.35644376335369,-14.150303368237331,19.050930166198217,34.58828009929177
squat,2.0,32,1,load,last,P230_kg,COMPLETE,0,32,22.132200720752785,17.45457178364982,-4.902389702321299,15.97698832053633,27.742265153206077
squat,2.0,32,1,load,mean,P223_kg,COMPLETE,0,32,4.004555096710175,3.2364594557690944,-0.32666918032802617,3.0753782181286105,4.826775736880542
squat,2.0,32,1,load,mean,C223_kg,COMPLETE,0,32,9.538322084982426,7.7892112576733625,-7.506210412453444,7.369302456685894,11.640338037338848
squat,2.0,32,1,load,mean,P230_kg,COMPLETE,0,32,4.050918507291941,3.111536602598767,1.7417032534625876,2.942790494750737,4.990181442295426
squat,2.0,32,7,assessment,last,P223_kg,COMPLETE,0,32,23.20406017736951,18.445491087499185,-7.189922587554486,17.184644504028547,28.821613859847048
squat,2.0,32,7,assessment,last,C223_kg,COMPLETE,0,32,27.03953897285781,20.538781653084808,-14.369463819679904,19.516067288596364,34.047027648063604
squat,2.0,32,7,assessment,last,P230_kg,COMPLETE,0,32,22.26882098899096,17.896167411424287,-5.121550153763872,16.780427942836138,27.231224712896285
squat,2.0,32,7,assessment,mean,P223_kg,COMPLETE,0,32,6.807459992472891,5.180546889856075,-3.6917049410148817,4.696778431811514,8.972818960817774
squat,2.0,32,7,assessment,mean,C223_kg,COMPLETE,0,32,13.280706692105737,10.8712461731403,-10.8712461731403,10.028292048352446,16.517697966807003
squat,2.0,32,7,assessment,mean,P230_kg,COMPLETE,0,32,5.4491772327597,3.895405244292187,-1.623332507224268,3.527470782047697,7.492935471226063
squat,2.0,32,7,velocity,last,P223_kg,COMPLETE,0,32,27.61783379716433,19.87523396786719,-2.1475658511200924,18.81198183095993,35.67091685290107
squat,2.0,32,7,velocity,last,C223_kg,COMPLETE,0,32,30.304033494849193,21.708554175054374,-9.32710708324551,20.4672465459912,39.39581179995908
squat,2.0,32,7,velocity,last,P230_kg,COMPLETE,0,32,27.286160723917586,19.87683496683,-0.0791934173294786,19.325034895934248,34.64065908775955
squat,2.0,32,7,velocity,mean,P223_kg,INCONCLUSIVE,4,32,,,,,
squat,2.0,32,7,velocity,mean,C223_kg,INCONCLUSIVE,4,32,,,,,
squat,2.0,32,7,velocity,mean,P230_kg,INCONCLUSIVE,4,32,,,,,
squat,2.0,32,7,combined,last,P223_kg,COMPLETE,0,32,21.04290007369082,15.216923620761127,-8.417586494869365,13.127044652226253,28.150235441353935
squat,2.0,32,7,combined,last,C223_kg,COMPLETE,0,32,26.096369893650007,18.370449590527052,-15.597127726994783,17.470063699916366,34.180720356330816
squat,2.0,32,7,combined,last,P230_kg,COMPLETE,0,32,19.869326710160287,14.75005293971521,-6.349214061078752,13.123575375482629,26.17556158474768
squat,2.0,32,7,combined,mean,P223_kg,INCONCLUSIVE,4,32,,,,,
squat,2.0,32,7,combined,mean,C223_kg,INCONCLUSIVE,4,32,,,,,
squat,2.0,32,7,combined,mean,P230_kg,INCONCLUSIVE,4,32,,,,,
squat,2.0,32,7,load,last,P223_kg,COMPLETE,0,32,23.093157622691493,17.8539297107054,-6.9707621361119125,16.61912425988968,29.284547919912864
squat,2.0,32,7,load,last,C223_kg,COMPLETE,0,32,26.97765128817939,20.35644376335369,-14.150303368237331,19.050930166198217,34.58828009929177
squat,2.0,32,7,load,last,P230_kg,COMPLETE,0,32,22.132200720752785,17.45457178364982,-4.902389702321299,15.97698832053633,27.742265153206077
squat,2.0,32,7,load,mean,P223_kg,COMPLETE,0,32,6.73736949562543,5.043252376905255,-3.611792672379548,4.6192988092458425,8.8460432352307
squat,2.0,32,7,load,mean,C223_kg,COMPLETE,0,32,13.180768255924239,10.791333904504967,-10.791333904504967,10.017704397971453,16.337956993913085
squat,2.0,32,7,load,mean,P230_kg,COMPLETE,0,32,5.3335255480682235,3.8068134083500946,-1.5434202385889342,3.477127262096266,7.322227265447273
bench_press,0.0,1,1,assessment,last,P223_kg,COMPLETE,0,32,0.0,0.0,0.0,0.0,0.0
bench_press,0.0,1,1,assessment,last,C223_kg,COMPLETE,0,32,5.406469148160701,4.75375226743612,-4.75375226743612,4.427033044047778,6.346625768510159
bench_press,0.0,1,1,assessment,last,P230_kg,COMPLETE,0,32,2.1487607385669327,1.631264504878858,1.609545641565267,1.4920018707052631,2.708874353635273
bench_press,0.0,1,1,assessment,mean,P223_kg,COMPLETE,0,32,0.0,0.0,0.0,0.0,0.0
bench_press,0.0,1,1,assessment,mean,C223_kg,COMPLETE,0,32,5.406469148160701,4.75375226743612,-4.75375226743612,4.427033044047778,6.346625768510159
bench_press,0.0,1,1,assessment,mean,P230_kg,COMPLETE,0,32,2.1487607385669327,1.631264504878858,1.609545641565267,1.4920018707052631,2.708874353635273
bench_press,0.0,1,1,velocity,last,P223_kg,COMPLETE,0,32,1.9131948672901813e-14,1.0658141036401503e-14,-1.7763568394002505e-15,1.1234667099445444e-14,2.5988888958727106e-14
bench_press,0.0,1,1,velocity,last,C223_kg,COMPLETE,0,32,5.406469148160705,4.753752267436122,-4.753752267436122,4.427033044047782,6.346625768510165
bench_press,0.0,1,1,velocity,last,P230_kg,COMPLETE,0,32,2.148760738566933,1.6312645048788563,1.6095456415652651,1.4920018707052645,2.708874353635276
bench_press,0.0,1,1,velocity,mean,P223_kg,COMPLETE,0,32,1.9131948672901813e-14,1.0658141036401503e-14,-1.7763568394002505e-15,1.1234667099445444e-14,2.5988888958727106e-14
bench_press,0.0,1,1,velocity,mean,C223_kg,COMPLETE,0,32,5.406469148160705,4.753752267436122,-4.753752267436122,4.427033044047782,6.346625768510165
bench_press,0.0,1,1,velocity,mean,P230_kg,COMPLETE,0,32,2.148760738566933,1.6312645048788563,1.6095456415652651,1.4920018707052645,2.708874353635276
bench_press,0.0,1,1,combined,last,P223_kg,COMPLETE,0,32,1.0950198975068616e-14,5.773159728050814e-15,-2.220446049250313e-15,7.0939546409031866e-15,1.464821375527116e-14
bench_press,0.0,1,1,combined,last,C223_kg,COMPLETE,0,32,5.406469148160704,4.753752267436122,-4.753752267436122,4.42703304404778,6.346625768510165
bench_press,0.0,1,1,combined,last,P230_kg,COMPLETE,0,32,2.148760738566931,1.6312645048788559,1.6095456415652647,1.4920018707052627,2.7088743536352724
bench_press,0.0,1,1,combined,mean,P223_kg,COMPLETE,0,32,1.0950198975068616e-14,5.773159728050814e-15,-2.220446049250313e-15,7.0939546409031866e-15,1.464821375527116e-14
bench_press,0.0,1,1,combined,mean,C223_kg,COMPLETE,0,32,5.406469148160704,4.753752267436122,-4.753752267436122,4.42703304404778,6.346625768510165
bench_press,0.0,1,1,combined,mean,P230_kg,COMPLETE,0,32,2.148760738566931,1.6312645048788559,1.6095456415652647,1.4920018707052627,2.7088743536352724
bench_press,0.0,1,1,load,last,P223_kg,COMPLETE,0,32,2.4391843276742438,1.8919057670001314,-0.17558759113521205,1.792784666988813,3.0332538328706686
bench_press,0.0,1,1,load,last,C223_kg,COMPLETE,0,32,6.182030619758345,4.948845868636791,-4.929339858571332,4.692624605162667,7.573711607648026
bench_press,0.0,1,1,load,last,P230_kg,COMPLETE,0,32,2.8568517603540013,2.1055459583058567,1.4339580504300549,2.041768881426689,3.5785093801426493
bench_press,0.0,1,1,load,mean,P223_kg,COMPLETE,0,32,2.4391843276742438,1.8919057670001314,-0.17558759113521205,1.792784666988813,3.0332538328706686
bench_press,0.0,1,1,load,mean,C223_kg,COMPLETE,0,32,6.182030619758345,4.948845868636791,-4.929339858571332,4.692624605162667,7.573711607648026
bench_press,0.0,1,1,load,mean,P230_kg,COMPLETE,0,32,2.8568517603540013,2.1055459583058567,1.4339580504300549,2.041768881426689,3.5785093801426493
bench_press,0.0,1,7,assessment,last,P223_kg,COMPLETE,0,32,0.0,0.0,0.0,0.0,0.0
bench_press,0.0,1,7,assessment,last,C223_kg,COMPLETE,0,32,5.406469148160701,4.75375226743612,-4.75375226743612,4.427033044047778,6.346625768510159
bench_press,0.0,1,7,assessment,last,P230_kg,COMPLETE,0,32,2.1487607385669327,1.631264504878858,1.609545641565267,1.4920018707052631,2.708874353635273
bench_press,0.0,1,7,assessment,mean,P223_kg,COMPLETE,0,32,0.0,0.0,0.0,0.0,0.0
bench_press,0.0,1,7,assessment,mean,C223_kg,COMPLETE,0,32,5.406469148160701,4.75375226743612,-4.75375226743612,4.427033044047778,6.346625768510159
bench_press,0.0,1,7,assessment,mean,P230_kg,COMPLETE,0,32,2.1487607385669327,1.631264504878858,1.609545641565267,1.4920018707052631,2.708874353635273
bench_press,0.0,1,7,velocity,last,P223_kg,COMPLETE,0,32,1.9131948672901813e-14,1.0658141036401503e-14,-1.7763568394002505e-15,1.1234667099445444e-14,2.5988888958727106e-14
bench_press,0.0,1,7,velocity,last,C223_kg,COMPLETE,0,32,5.406469148160705,4.753752267436122,-4.753752267436122,4.427033044047782,6.346625768510165
bench_press,0.0,1,7,velocity,last,P230_kg,COMPLETE,0,32,2.148760738566933,1.6312645048788563,1.6095456415652651,1.4920018707052645,2.708874353635276
bench_press,0.0,1,7,velocity,mean,P223_kg,COMPLETE,0,32,1.9131948672901813e-14,1.0658141036401503e-14,-1.7763568394002505e-15,1.1234667099445444e-14,2.5988888958727106e-14
bench_press,0.0,1,7,velocity,mean,C223_kg,COMPLETE,0,32,5.406469148160705,4.753752267436122,-4.753752267436122,4.427033044047782,6.346625768510165
bench_press,0.0,1,7,velocity,mean,P230_kg,COMPLETE,0,32,2.148760738566933,1.6312645048788563,1.6095456415652651,1.4920018707052645,2.708874353635276
bench_press,0.0,1,7,combined,last,P223_kg,COMPLETE,0,32,1.0950198975068616e-14,5.773159728050814e-15,-2.220446049250313e-15,7.0939546409031866e-15,1.464821375527116e-14
bench_press,0.0,1,7,combined,last,C223_kg,COMPLETE,0,32,5.406469148160704,4.753752267436122,-4.753752267436122,4.42703304404778,6.346625768510165
bench_press,0.0,1,7,combined,last,P230_kg,COMPLETE,0,32,2.148760738566931,1.6312645048788559,1.6095456415652647,1.4920018707052627,2.7088743536352724
bench_press,0.0,1,7,combined,mean,P223_kg,COMPLETE,0,32,1.0950198975068616e-14,5.773159728050814e-15,-2.220446049250313e-15,7.0939546409031866e-15,1.464821375527116e-14
bench_press,0.0,1,7,combined,mean,C223_kg,COMPLETE,0,32,5.406469148160704,4.753752267436122,-4.753752267436122,4.42703304404778,6.346625768510165
bench_press,0.0,1,7,combined,mean,P230_kg,COMPLETE,0,32,2.148760738566931,1.6312645048788559,1.6095456415652647,1.4920018707052627,2.7088743536352724
bench_press,0.0,1,7,load,last,P223_kg,COMPLETE,0,32,2.4391843276742438,1.8919057670001314,-0.17558759113521205,1.792784666988813,3.0332538328706686
bench_press,0.0,1,7,load,last,C223_kg,COMPLETE,0,32,6.182030619758345,4.948845868636791,-4.929339858571332,4.692624605162667,7.573711607648026
bench_press,0.0,1,7,load,last,P230_kg,COMPLETE,0,32,2.8568517603540013,2.1055459583058567,1.4339580504300549,2.041768881426689,3.5785093801426493
bench_press,0.0,1,7,load,mean,P223_kg,COMPLETE,0,32,2.4391843276742438,1.8919057670001314,-0.17558759113521205,1.792784666988813,3.0332538328706686
bench_press,0.0,1,7,load,mean,C223_kg,COMPLETE,0,32,6.182030619758345,4.948845868636791,-4.929339858571332,4.692624605162667,7.573711607648026
bench_press,0.0,1,7,load,mean,P230_kg,COMPLETE,0,32,2.8568517603540013,2.1055459583058567,1.4339580504300549,2.041768881426689,3.5785093801426493
bench_press,0.0,4,1,assessment,last,P223_kg,COMPLETE,0,32,0.0,0.0,0.0,0.0,0.0
bench_press,0.0,4,1,assessment,last,C223_kg,COMPLETE,0,32,5.406469148160701,4.75375226743612,-4.75375226743612,4.427033044047778,6.346625768510159
bench_press,0.0,4,1,assessment,last,P230_kg,COMPLETE,0,32,2.1487607385669327,1.631264504878858,1.609545641565267,1.4920018707052631,2.708874353635273
bench_press,0.0,4,1,assessment,mean,P223_kg,COMPLETE,0,32,0.11113668830802596,0.07952615127261309,0.0737684320517542,0.07116868482861352,0.1546992213492487
bench_press,0.0,4,1,assessment,mean,C223_kg,COMPLETE,0,32,5.343727381896993,4.679983835384366,-4.679983835384366,4.365361037340105,6.307727516886699
bench_press,0.0,4,1,assessment,mean,P230_kg,COMPLETE,0,32,2.2303324722279925,1.693279550241182,1.6833140736170211,1.5507231220729956,2.8216498058588626
bench_press,0.0,4,1,velocity,last,P223_kg,COMPLETE,0,32,1.9131948672901813e-14,1.0658141036401503e-14,-1.7763568394002505e-15,1.1234667099445444e-14,2.5988888958727106e-14
bench_press,0.0,4,1,velocity,last,C223_kg,COMPLETE,0,32,5.406469148160705,4.753752267436122,-4.753752267436122,4.427033044047782,6.346625768510165
bench_press,0.0,4,1,velocity,last,P230_kg,COMPLETE,0,32,2.148760738566933,1.6312645048788563,1.6095456415652651,1.4920018707052645,2.708874353635276
bench_press,0.0,4,1,velocity,mean,P223_kg,COMPLETE,0,32,0.11113668830802892,0.07952615127261486,0.07376843205175598,0.07116868482861896,0.15469922134925054
bench_press,0.0,4,1,velocity,mean,C223_kg,COMPLETE,0,32,5.343727381896993,4.679983835384364,-4.679983835384364,4.365361037340105,6.307727516886704
bench_press,0.0,4,1,velocity,mean,P230_kg,COMPLETE,0,32,2.230332472227995,1.6932795502411837,1.683314073617023,1.5507231220729927,2.821649805858867
bench_press,0.0,4,1,combined,last,P223_kg,COMPLETE,0,32,1.0950198975068616e-14,5.773159728050814e-15,-2.220446049250313e-15,7.0939546409031866e-15,1.464821375527116e-14
bench_press,0.0,4,1,combined,last,C223_kg,COMPLETE,0,32,5.406469148160704,4.753752267436122,-4.753752267436122,4.42703304404778,6.346625768510165
bench_press,0.0,4,1,combined,last,P230_kg,COMPLETE,0,32,2.148760738566931,1.6312645048788559,1.6095456415652647,1.4920018707052627,2.7088743536352724
bench_press,0.0,4,1,combined,mean,P223_kg,COMPLETE,0,32,0.11113668830802728,0.07952615127261264,0.07376843205175376,0.07116868482861559,0.15469922134924916
bench_press,0.0,4,1,combined,mean,C223_kg,COMPLETE,0,32,5.343727381896995,4.679983835384366,-4.679983835384366,4.365361037340109,6.3077275168867075
bench_press,0.0,4,1,combined,mean,P230_kg,COMPLETE,0,32,2.2303324722279934,1.6932795502411815,1.6833140736170207,1.5507231220729902,2.821649805858863
bench_press,0.0,4,1,load,last,P223_kg,COMPLETE,0,32,2.4391843276742438,1.8919057670001314,-0.17558759113521205,1.792784666988813,3.0332538328706686
bench_press,0.0,4,1,load,last,C223_kg,COMPLETE,0,32,6.182030619758345,4.948845868636791,-4.929339858571332,4.692624605162667,7.573711607648026
bench_press,0.0,4,1,load,last,P230_kg,COMPLETE,0,32,2.8568517603540013,2.1055459583058567,1.4339580504300549,2.041768881426689,3.5785093801426493
bench_press,0.0,4,1,load,mean,P223_kg,COMPLETE,0,32,1.152486920745149,0.8577420363998964,0.08651593033380944,0.7849907394253118,1.5032798334902202
bench_press,0.0,4,1,load,mean,C223_kg,COMPLETE,0,32,5.595415383426649,4.682284271949267,-4.6672363371023105,4.382667965762788,6.760368504582457
bench_press,0.0,4,1,load,mean,P230_kg,COMPLETE,0,32,2.5379445059494503,1.9492403326371517,1.6960615718990764,1.858808109003641,3.153768356050507
bench_press,0.0,4,7,assessment,last,P223_kg,COMPLETE,0,32,0.0,0.0,0.0,0.0,0.0
bench_press,0.0,4,7,assessment,last,C223_kg,COMPLETE,0,32,5.406469148160701,4.75375226743612,-4.75375226743612,4.427033044047778,6.346625768510159
bench_press,0.0,4,7,assessment,last,P230_kg,COMPLETE,0,32,2.1487607385669327,1.631264504878858,1.609545641565267,1.4920018707052631,2.708874353635273
bench_press,0.0,4,7,assessment,mean,P223_kg,COMPLETE,0,32,0.6994872652943834,0.5605716123983768,-0.05084014186525554,0.5359877457778751,0.8657267128406321
bench_press,0.0,4,7,assessment,mean,C223_kg,COMPLETE,0,32,5.622209774275929,4.804592409301375,-4.804592409301375,4.5466253276266695,6.652614043686972
bench_press,0.0,4,7,assessment,mean,P230_kg,COMPLETE,0,32,2.0887426449084043,1.5658737821359643,1.5587054997000114,1.4485334614965149,2.621667639976088
bench_press,0.0,4,7,velocity,last,P223_kg,COMPLETE,0,32,1.9131948672901813e-14,1.0658141036401503e-14,-1.7763568394002505e-15,1.1234667099445444e-14,2.5988888958727106e-14
bench_press,0.0,4,7,velocity,last,C223_kg,COMPLETE,0,32,5.406469148160705,4.753752267436122,-4.753752267436122,4.427033044047782,6.346625768510165
bench_press,0.0,4,7,velocity,last,P230_kg,COMPLETE,0,32,2.148760738566933,1.6312645048788563,1.6095456415652651,1.4920018707052645,2.708874353635276
bench_press,0.0,4,7,velocity,mean,P223_kg,COMPLETE,0,32,0.6994872652943845,0.5605716123983777,-0.05084014186525554,0.5359877457778774,0.865726712840636
bench_press,0.0,4,7,velocity,mean,C223_kg,COMPLETE,0,32,5.622209774275932,4.804592409301375,-4.804592409301375,4.546625327626673,6.652614043686977
bench_press,0.0,4,7,velocity,mean,P230_kg,COMPLETE,0,32,2.088742644908406,1.5658737821359652,1.5587054997000114,1.4485334614965149,2.62166763997609
bench_press,0.0,4,7,combined,last,P223_kg,COMPLETE,0,32,1.0950198975068616e-14,5.773159728050814e-15,-2.220446049250313e-15,7.0939546409031866e-15,1.464821375527116e-14
bench_press,0.0,4,7,combined,last,C223_kg,COMPLETE,0,32,5.406469148160704,4.753752267436122,-4.753752267436122,4.42703304404778,6.346625768510165
bench_press,0.0,4,7,combined,last,P230_kg,COMPLETE,0,32,2.148760738566931,1.6312645048788559,1.6095456415652647,1.4920018707052627,2.7088743536352724
bench_press,0.0,4,7,combined,mean,P223_kg,COMPLETE,0,32,0.6994872652943857,0.560571612398379,-0.05084014186525687,0.5359877457778799,0.8657267128406368
bench_press,0.0,4,7,combined,mean,C223_kg,COMPLETE,0,32,5.622209774275933,4.804592409301376,-4.804592409301376,4.546625327626673,6.652614043686978
bench_press,0.0,4,7,combined,mean,P230_kg,COMPLETE,0,32,2.0887426449084048,1.5658737821359638,1.55870549970001,1.4485334614965133,2.6216676399760894
bench_press,0.0,4,7,load,last,P223_kg,COMPLETE,0,32,2.4391843276742438,1.8919057670001314,-0.17558759113521205,1.792784666988813,3.0332538328706686
bench_press,0.0,4,7,load,last,C223_kg,COMPLETE,0,32,6.182030619758345,4.948845868636791,-4.929339858571332,4.692624605162667,7.573711607648026
bench_press,0.0,4,7,load,last,P230_kg,COMPLETE,0,32,2.8568517603540013,2.1055459583058567,1.4339580504300549,2.041768881426689,3.5785093801426493
bench_press,0.0,4,7,load,mean,P223_kg,COMPLETE,0,32,1.0557525336337636,0.8192742945930669,-0.3604480562695964,0.7692427192286044,1.3247628140921384
bench_press,0.0,4,7,load,mean,C223_kg,COMPLETE,0,32,5.977785958661292,5.117343416932741,-5.114200323705717,4.88185051353637,6.947934532443337
bench_press,0.0,4,7,load,mean,P230_kg,COMPLETE,0,32,1.8643755065496608,1.4498287093432634,1.2490975852956705,1.3444471435806462,2.384874884778258
bench_press,0.0,16,1,assessment,last,P223_kg,COMPLETE,0,32,0.0,0.0,0.0,0.0,0.0
bench_press,0.0,16,1,assessment,last,C223_kg,COMPLETE,0,32,5.406469148160701,4.75375226743612,-4.75375226743612,4.427033044047778,6.346625768510159
bench_press,0.0,16,1,assessment,last,P230_kg,COMPLETE,0,32,2.1487607385669327,1.631264504878858,1.609545641565267,1.4920018707052631,2.708874353635273
bench_press,0.0,16,1,assessment,mean,P223_kg,COMPLETE,0,32,0.42102092331138136,0.30321338536789266,0.19553351507241246,0.2887835722218109,0.5475441191312764
bench_press,0.0,16,1,assessment,mean,C223_kg,COMPLETE,0,32,5.291778555826004,4.558218752363707,-4.558218752363707,4.301715317660387,6.2885353025203505
bench_press,0.0,16,1,assessment,mean,P230_kg,COMPLETE,0,32,2.3613290074500775,1.8096636199907574,1.8050791566376794,1.6530499440537267,3.014459807502716
bench_press,0.0,16,1,velocity,last,P223_kg,COMPLETE,0,32,1.9131948672901813e-14,1.0658141036401503e-14,-1.7763568394002505e-15,1.1234667099445444e-14,2.5988888958727106e-14
bench_press,0.0,16,1,velocity,last,C223_kg,COMPLETE,0,32,5.406469148160705,4.753752267436122,-4.753752267436122,4.427033044047782,6.346625768510165
bench_press,0.0,16,1,velocity,last,P230_kg,COMPLETE,0,32,2.148760738566933,1.6312645048788563,1.6095456415652651,1.4920018707052645,2.708874353635276
bench_press,0.0,16,1,velocity,mean,P223_kg,COMPLETE,0,32,0.4210209233113826,0.30321338536789355,0.195533515072416,0.28878357222181716,0.5475441191312777
bench_press,0.0,16,1,velocity,mean,C223_kg,COMPLETE,0,32,5.291778555826,4.558218752363704,-4.558218752363704,4.3017153176603875,6.288535302520348
bench_press,0.0,16,1,velocity,mean,P230_kg,COMPLETE,0,32,2.3613290074500783,1.809663619990761,1.805079156637683,1.6530499440537283,3.0144598075027162
bench_press,0.0,16,1,combined,last,P223_kg,COMPLETE,0,32,1.0950198975068616e-14,5.773159728050814e-15,-2.220446049250313e-15,7.0939546409031866e-15,1.464821375527116e-14
bench_press,0.0,16,1,combined,last,C223_kg,COMPLETE,0,32,5.406469148160704,4.753752267436122,-4.753752267436122,4.42703304404778,6.346625768510165
bench_press,0.0,16,1,combined,last,P230_kg,COMPLETE,0,32,2.148760738566931,1.6312645048788559,1.6095456415652647,1.4920018707052627,2.7088743536352724
bench_press,0.0,16,1,combined,mean,P223_kg,COMPLETE,0,32,0.42102092331138297,0.3032133853678931,0.19553351507241645,0.28878357222181483,0.5475441191312794
bench_press,0.0,16,1,combined,mean,C223_kg,COMPLETE,0,32,5.291778555825999,4.558218752363704,-4.558218752363704,4.301715317660385,6.288535302520348
bench_press,0.0,16,1,combined,mean,P230_kg,COMPLETE,0,32,2.3613290074500792,1.8096636199907614,1.8050791566376834,1.6530499440537296,3.0144598075027176
bench_press,0.0,16,1,load,last,P223_kg,COMPLETE,0,32,2.4391843276742438,1.8919057670001314,-0.17558759113521205,1.792784666988813,3.0332538328706686
bench_press,0.0,16,1,load,last,C223_kg,COMPLETE,0,32,6.182030619758345,4.948845868636791,-4.929339858571332,4.692624605162667,7.573711607648026
bench_press,0.0,16,1,load,last,P230_kg,COMPLETE,0,32,2.8568517603540013,2.1055459583058567,1.4339580504300549,2.041768881426689,3.5785093801426493
bench_press,0.0,16,1,load,mean,P223_kg,COMPLETE,0,32,0.6821683147174028,0.5342455934702848,0.21315616505947066,0.537486032083946,0.8287708493368692
bench_press,0.0,16,1,load,mean,C223_kg,COMPLETE,0,32,5.344818146691838,4.542345985755273,-4.540596102376649,4.282154249729794,6.365051226398277
bench_press,0.0,16,1,load,mean,P230_kg,COMPLETE,0,32,2.413596399333117,1.8918641705672479,1.8227018066247376,1.7044033569679253,3.107018720485978
bench_press,0.0,16,7,assessment,last,P223_kg,COMPLETE,0,32,0.0,0.0,0.0,0.0,0.0
bench_press,0.0,16,7,assessment,last,C223_kg,COMPLETE,0,32,5.406469148160701,4.75375226743612,-4.75375226743612,4.427033044047778,6.346625768510159
bench_press,0.0,16,7,assessment,last,P230_kg,COMPLETE,0,32,2.1487607385669327,1.631264504878858,1.609545641565267,1.4920018707052631,2.708874353635273
bench_press,0.0,16,7,assessment,mean,P223_kg,COMPLETE,0,32,1.6200850818847359,1.3364931969470213,-1.047594948715525,1.2938806354590753,1.881881432251293
bench_press,0.0,16,7,assessment,mean,C223_kg,COMPLETE,0,32,6.726967633038508,5.818100644190343,-5.801347216151645,5.502040012293711,7.850511221558512
bench_press,0.0,16,7,assessment,mean,P230_kg,COMPLETE,0,32,1.2661842700208892,0.9368459267793479,0.561950692849742,0.8828594814159502,1.6352908184010801
bench_press,0.0,16,7,velocity,last,P223_kg,COMPLETE,0,32,1.9131948672901813e-14,1.0658141036401503e-14,-1.7763568394002505e-15,1.1234667099445444e-14,2.5988888958727106e-14
bench_press,0.0,16,7,velocity,last,C223_kg,COMPLETE,0,32,5.406469148160705,4.753752267436122,-4.753752267436122,4.427033044047782,6.346625768510165
bench_press,0.0,16,7,velocity,last,P230_kg,COMPLETE,0,32,2.148760738566933,1.6312645048788563,1.6095456415652651,1.4920018707052645,2.708874353635276
bench_press,0.0,16,7,velocity,mean,P223_kg,COMPLETE,0,32,1.6200850818847368,1.33649319694702,-1.0475949487155236,1.2938806354590762,1.8818814322512933
bench_press,0.0,16,7,velocity,mean,C223_kg,COMPLETE,0,32,6.726967633038509,5.818100644190341,-5.801347216151644,5.502040012293709,7.850511221558515
bench_press,0.0,16,7,velocity,mean,P230_kg,COMPLETE,0,32,1.2661842700208896,0.9368459267793474,0.5619506928497433,0.8828594814159502,1.6352908184010804
bench_press,0.0,16,7,combined,last,P223_kg,COMPLETE,0,32,1.0950198975068616e-14,5.773159728050814e-15,-2.220446049250313e-15,7.0939546409031866e-15,1.464821375527116e-14
bench_press,0.0,16,7,combined,last,C223_kg,COMPLETE,0,32,5.406469148160704,4.753752267436122,-4.753752267436122,4.42703304404778,6.346625768510165
bench_press,0.0,16,7,combined,last,P230_kg,COMPLETE,0,32,2.148760738566931,1.6312645048788559,1.6095456415652647,1.4920018707052627,2.7088743536352724
bench_press,0.0,16,7,combined,mean,P223_kg,COMPLETE,0,32,1.6200850818847352,1.336493196947019,-1.0475949487155227,1.293880635459074,1.8818814322512922
bench_press,0.0,16,7,combined,mean,C223_kg,COMPLETE,0,32,6.726967633038507,5.818100644190341,-5.801347216151642,5.502040012293709,7.85051122155851
bench_press,0.0,16,7,combined,mean,P230_kg,COMPLETE,0,32,1.2661842700208898,0.9368459267793483,0.5619506928497442,0.8828594814159506,1.6352908184010804
bench_press,0.0,16,7,load,last,P223_kg,COMPLETE,0,32,2.4391843276742438,1.8919057670001314,-0.17558759113521205,1.792784666988813,3.0332538328706686
bench_press,0.0,16,7,load,last,C223_kg,COMPLETE,0,32,6.182030619758345,4.948845868636791,-4.929339858571332,4.692624605162667,7.573711607648026
bench_press,0.0,16,7,load,last,P230_kg,COMPLETE,0,32,2.8568517603540013,2.1055459583058567,1.4339580504300549,2.041768881426689,3.5785093801426493
bench_press,0.0,16,7,load,mean,P223_kg,COMPLETE,0,32,1.790322953035269,1.5063170877146215,-1.161085539134005,1.430056010344959,2.098669399618653
bench_press,0.0,16,7,load,mean,C223_kg,COMPLETE,0,32,6.828501238533635,5.933757573047528,-5.914837806570125,5.645838888023333,7.907426575492353
bench_press,0.0,16,7,load,mean,P230_kg,COMPLETE,0,32,1.2899557033337743,0.9591092422968006,0.448460102431262,0.8815000977156798,1.6980192449630862
bench_press,0.0,32,1,assessment,last,P223_kg,COMPLETE,0,32,0.0,0.0,0.0,0.0,0.0
bench_press,0.0,32,1,assessment,last,C223_kg,COMPLETE,0,32,5.406469148160701,4.75375226743612,-4.75375226743612,4.427033044047778,6.346625768510159
bench_press,0.0,32,1,assessment,last,P230_kg,COMPLETE,0,32,2.1487607385669327,1.631264504878858,1.609545641565267,1.4920018707052631,2.708874353635273
bench_press,0.0,32,1,assessment,mean,P223_kg,COMPLETE,0,32,0.9717129703996814,0.7641708384144064,-0.3045472661971411,0.7304596951371208,1.184537577901964
bench_press,0.0,32,1,assessment,mean,C223_kg,COMPLETE,0,32,5.958201364550893,5.0715271790598475,-5.058299533633261,4.793877272434943,7.035203855167635
bench_press,0.0,32,1,assessment,mean,P230_kg,COMPLETE,0,32,1.8596776338566483,1.3821547095078128,1.3049983753681258,1.3069915540307524,2.357322960817854
bench_press,0.0,32,1,velocity,last,P223_kg,COMPLETE,0,32,1.9131948672901813e-14,1.0658141036401503e-14,-1.7763568394002505e-15,1.1234667099445444e-14,2.5988888958727106e-14
bench_press,0.0,32,1,velocity,last,C223_kg,COMPLETE,0,32,5.406469148160705,4.753752267436122,-4.753752267436122,4.427033044047782,6.346625768510165
bench_press,0.0,32,1,velocity,last,P230_kg,COMPLETE,0,32,2.148760738566933,1.6312645048788563,1.6095456415652651,1.4920018707052645,2.708874353635276
bench_press,0.0,32,1,velocity,mean,P223_kg,COMPLETE,0,32,0.9717129703996836,0.7641708384144086,-0.30454726619714156,0.730459695137122,1.1845375779019665
bench_press,0.0,32,1,velocity,mean,C223_kg,COMPLETE,0,32,5.958201364550894,5.0715271790598475,-5.058299533633262,4.793877272434943,7.0352038551676355
bench_press,0.0,32,1,velocity,mean,P230_kg,COMPLETE,0,32,1.8596776338566487,1.3821547095078133,1.3049983753681254,1.3069915540307542,2.3573229608178567
bench_press,0.0,32,1,combined,last,P223_kg,COMPLETE,0,32,1.0950198975068616e-14,5.773159728050814e-15,-2.220446049250313e-15,7.0939546409031866e-15,1.464821375527116e-14
bench_press,0.0,32,1,combined,last,C223_kg,COMPLETE,0,32,5.406469148160704,4.753752267436122,-4.753752267436122,4.42703304404778,6.346625768510165
bench_press,0.0,32,1,combined,last,P230_kg,COMPLETE,0,32,2.148760738566931,1.6312645048788559,1.6095456415652647,1.4920018707052627,2.7088743536352724
bench_press,0.0,32,1,combined,mean,P223_kg,COMPLETE,0,32,0.9717129703996819,0.7641708384144077,-0.3045472661971407,0.730459695137122,1.1845375779019647
bench_press,0.0,32,1,combined,mean,C223_kg,COMPLETE,0,32,5.958201364550893,5.0715271790598475,-5.05829953363326,4.793877272434943,7.035203855167635
bench_press,0.0,32,1,combined,mean,P230_kg,COMPLETE,0,32,1.8596776338566492,1.3821547095078142,1.3049983753681262,1.3069915540307548,2.3573229608178567
bench_press,0.0,32,1,load,last,P223_kg,COMPLETE,0,32,2.4391843276742438,1.8919057670001314,-0.17558759113521205,1.792784666988813,3.0332538328706686
bench_press,0.0,32,1,load,last,C223_kg,COMPLETE,0,32,6.182030619758345,4.948845868636791,-4.929339858571332,4.692624605162667,7.573711607648026
bench_press,0.0,32,1,load,last,P230_kg,COMPLETE,0,32,2.8568517603540013,2.1055459583058567,1.4339580504300549,2.041768881426689,3.5785093801426493
bench_press,0.0,32,1,load,mean,P223_kg,COMPLETE,0,32,0.9914459053967994,0.7537255848972229,-0.316199354575208,0.7302966604326708,1.2205336767264312
bench_press,0.0,32,1,load,mean,C223_kg,COMPLETE,0,32,5.960538672295531,5.097550225803721,-5.069951622011327,4.851301290732049,7.021619186080401
bench_press,0.0,32,1,load,mean,P230_kg,COMPLETE,0,32,1.864113856432752,1.3651173295418788,1.293346286990059,1.2660172375186745,2.4375435758688107
bench_press,0.0,32,7,assessment,last,P223_kg,COMPLETE,0,32,0.0,0.0,0.0,0.0,0.0
bench_press,0.0,32,7,assessment,last,C223_kg,COMPLETE,0,32,5.406469148160701,4.75375226743612,-4.75375226743612,4.427033044047778,6.346625768510159
bench_press,0.0,32,7,assessment,last,P230_kg,COMPLETE,0,32,2.1487607385669327,1.631264504878858,1.609545641565267,1.4920018707052631,2.708874353635273
bench_press,0.0,32,7,assessment,mean,P223_kg,COMPLETE,0,32,3.613766766681015,2.9798435094620164,-2.9444898998405726,2.8593011624243863,4.381142582551367
bench_press,0.0,32,7,assessment,mean,C223_kg,COMPLETE,0,32,8.725094291387352,7.6982421672766925,-7.6982421672766925,7.277028045609511,10.12667723879642
bench_press,0.0,32,7,assessment,mean,P230_kg,COMPLETE,0,32,2.4518707637993766,1.750420687555795,-1.3349442582753057,1.686315104415134,3.123988207284546
bench_press,0.0,32,7,velocity,last,P223_kg,COMPLETE,0,32,1.9131948672901813e-14,1.0658141036401503e-14,-1.7763568394002505e-15,1.1234667099445444e-14,2.5988888958727106e-14
bench_press,0.0,32,7,velocity,last,C223_kg,COMPLETE,0,32,5.406469148160705,4.753752267436122,-4.753752267436122,4.427033044047782,6.346625768510165
bench_press,0.0,32,7,velocity,last,P230_kg,COMPLETE,0,32,2.148760738566933,1.6312645048788563,1.6095456415652651,1.4920018707052645,2.708874353635276
bench_press,0.0,32,7,velocity,mean,P223_kg,COMPLETE,0,32,3.6137667666810134,2.979843509462015,-2.9444898998405713,2.8593011624243863,4.381142582551364
bench_press,0.0,32,7,velocity,mean,C223_kg,COMPLETE,0,32,8.725094291387348,7.698242167276691,-7.698242167276691,7.2770280456095096,10.126677238796415
bench_press,0.0,32,7,velocity,mean,P230_kg,COMPLETE,0,32,2.451870763799375,1.7504206875557946,-1.3349442582753044,1.6863151044151343,3.123988207284546
bench_press,0.0,32,7,combined,last,P223_kg,COMPLETE,0,32,1.0950198975068616e-14,5.773159728050814e-15,-2.220446049250313e-15,7.0939546409031866e-15,1.464821375527116e-14
bench_press,0.0,32,7,combined,last,C223_kg,COMPLETE,0,32,5.406469148160704,4.753752267436122,-4.753752267436122,4.42703304404778,6.346625768510165
bench_press,0.0,32,7,combined,last,P230_kg,COMPLETE,0,32,2.148760738566931,1.6312645048788559,1.6095456415652647,1.4920018707052627,2.7088743536352724
bench_press,0.0,32,7,combined,mean,P223_kg,COMPLETE,0,32,3.6137667666810134,2.979843509462015,-2.9444898998405713,2.8593011624243863,4.381142582551364
bench_press,0.0,32,7,combined,mean,C223_kg,COMPLETE,0,32,8.725094291387348,7.698242167276691,-7.698242167276691,7.2770280456095096,10.126677238796415
bench_press,0.0,32,7,combined,mean,P230_kg,COMPLETE,0,32,2.451870763799375,1.7504206875557946,-1.3349442582753044,1.6863151044151343,3.123988207284546
bench_press,0.0,32,7,load,last,P223_kg,COMPLETE,0,32,2.4391843276742438,1.8919057670001314,-0.17558759113521205,1.792784666988813,3.0332538328706686
bench_press,0.0,32,7,load,last,C223_kg,COMPLETE,0,32,6.182030619758345,4.948845868636791,-4.929339858571332,4.692624605162667,7.573711607648026
bench_press,0.0,32,7,load,last,P230_kg,COMPLETE,0,32,2.8568517603540013,2.1055459583058567,1.4339580504300549,2.041768881426689,3.5785093801426493
bench_press,0.0,32,7,load,mean,P223_kg,COMPLETE,0,32,3.656207295899299,3.000481330448319,-2.9619926184199725,2.8708010254621326,4.392640418880351
bench_press,0.0,32,7,load,mean,C223_kg,COMPLETE,0,32,8.747966708659572,7.715744885856093,-7.715744885856093,7.310243929665494,10.062803807935484
bench_press,0.0,32,7,load,mean,P230_kg,COMPLETE,0,32,2.4989364652377524,1.7817846024054211,-1.3524469768547056,1.731703194852535,3.1806731848983785
bench_press,0.5,1,1,assessment,last,P223_kg,COMPLETE,0,32,2.609270558083507,2.1348984906068287,-0.5437076681821678,1.961392356628014,3.2763306212069936
bench_press,0.5,1,1,assessment,last,C223_kg,COMPLETE,0,32,6.058673982361185,5.307996911755541,-5.297459935618288,4.918476884309998,7.136666912920262
bench_press,0.5,1,1,assessment,last,P230_kg,COMPLETE,0,32,3.0752881974312505,2.4460704159220525,1.0658379733830992,2.378976350383272,3.829395355733946
bench_press,0.5,1,1,assessment,mean,P223_kg,COMPLETE,0,32,2.609270558083507,2.1348984906068287,-0.5437076681821678,1.961392356628014,3.2763306212069936
bench_press,0.5,1,1,assessment,mean,C223_kg,COMPLETE,0,32,6.058673982361185,5.307996911755541,-5.297459935618288,4.918476884309998,7.136666912920262
bench_press,0.5,1,1,assessment,mean,P230_kg,COMPLETE,0,32,3.0752881974312505,2.4460704159220525,1.0658379733830992,2.378976350383272,3.829395355733946
bench_press,0.5,1,1,velocity,last,P223_kg,COMPLETE,0,32,3.241784937546247,2.4632859495000536,-0.8490319716027468,2.3868582658910436,4.051410904190501
bench_press,0.5,1,1,velocity,last,C223_kg,COMPLETE,0,32,7.215226700438425,5.7387302543656045,-5.602784239038867,5.43506539252252,8.990760020735332
bench_press,0.5,1,1,velocity,last,P230_kg,COMPLETE,0,32,3.79309945128862,3.1148169578156,0.7605136699625201,2.9811586272107355,4.434960142627378
bench_press,0.5,1,1,velocity,mean,P223_kg,COMPLETE,0,32,3.241784937546247,2.4632859495000536,-0.8490319716027468,2.3868582658910436,4.051410904190501
bench_press,0.5,1,1,velocity,mean,C223_kg,COMPLETE,0,32,7.215226700438425,5.7387302543656045,-5.602784239038867,5.43506539252252,8.990760020735332
bench_press,0.5,1,1,velocity,mean,P230_kg,COMPLETE,0,32,3.79309945128862,3.1148169578156,0.7605136699625201,2.9811586272107355,4.434960142627378
bench_press,0.5,1,1,combined,last,P223_kg,COMPLETE,0,32,2.0919594647572857,1.5771294115343149,-0.8159539910456339,1.4207552471268339,2.683087869104516
bench_press,0.5,1,1,combined,last,C223_kg,COMPLETE,0,32,6.481614276593562,5.569706258481753,-5.569706258481753,5.214459174091839,7.871647985533962
bench_press,0.5,1,1,combined,last,P230_kg,COMPLETE,0,32,2.7339502958962383,2.2769838336957626,0.793591650519633,2.203341458713092,3.239580286589087
bench_press,0.5,1,1,combined,mean,P223_kg,COMPLETE,0,32,2.0919594647572857,1.5771294115343149,-0.8159539910456339,1.4207552471268339,2.683087869104516
bench_press,0.5,1,1,combined,mean,C223_kg,COMPLETE,0,32,6.481614276593562,5.569706258481753,-5.569706258481753,5.214459174091839,7.871647985533962
bench_press,0.5,1,1,combined,mean,P230_kg,COMPLETE,0,32,2.7339502958962383,2.2769838336957626,0.793591650519633,2.203341458713092,3.239580286589087
bench_press,0.5,1,1,load,last,P223_kg,COMPLETE,0,32,3.688593828987234,2.7617446843658313,-0.7160021101317082,2.5172255914568216,5.036972167166341
bench_press,0.5,1,1,load,last,C223_kg,COMPLETE,0,32,6.8193485709443005,5.804443593337888,-5.469754377567828,5.380340403216946,8.201218469427825
bench_press,0.5,1,1,load,last,P230_kg,COMPLETE,0,32,3.7200839623088613,2.896194646233819,0.8935435314335587,2.591088560249125,5.101842681587364
bench_press,0.5,1,1,load,mean,P223_kg,COMPLETE,0,32,3.688593828987234,2.7617446843658313,-0.7160021101317082,2.5172255914568216,5.036972167166341
bench_press,0.5,1,1,load,mean,C223_kg,COMPLETE,0,32,6.8193485709443005,5.804443593337888,-5.469754377567828,5.380340403216946,8.201218469427825
bench_press,0.5,1,1,load,mean,P230_kg,COMPLETE,0,32,3.7200839623088613,2.896194646233819,0.8935435314335587,2.591088560249125,5.101842681587364
bench_press,0.5,1,7,assessment,last,P223_kg,COMPLETE,0,32,2.609270558083507,2.1348984906068287,-0.5437076681821678,1.961392356628014,3.2763306212069936
bench_press,0.5,1,7,assessment,last,C223_kg,COMPLETE,0,32,6.058673982361185,5.307996911755541,-5.297459935618288,4.918476884309998,7.136666912920262
bench_press,0.5,1,7,assessment,last,P230_kg,COMPLETE,0,32,3.0752881974312505,2.4460704159220525,1.0658379733830992,2.378976350383272,3.829395355733946
bench_press,0.5,1,7,assessment,mean,P223_kg,COMPLETE,0,32,2.609270558083507,2.1348984906068287,-0.5437076681821678,1.961392356628014,3.2763306212069936
bench_press,0.5,1,7,assessment,mean,C223_kg,COMPLETE,0,32,6.058673982361185,5.307996911755541,-5.297459935618288,4.918476884309998,7.136666912920262
bench_press,0.5,1,7,assessment,mean,P230_kg,COMPLETE,0,32,3.0752881974312505,2.4460704159220525,1.0658379733830992,2.378976350383272,3.829395355733946
bench_press,0.5,1,7,velocity,last,P223_kg,COMPLETE,0,32,3.241784937546247,2.4632859495000536,-0.8490319716027468,2.3868582658910436,4.051410904190501
bench_press,0.5,1,7,velocity,last,C223_kg,COMPLETE,0,32,7.215226700438425,5.7387302543656045,-5.602784239038867,5.43506539252252,8.990760020735332
bench_press,0.5,1,7,velocity,last,P230_kg,COMPLETE,0,32,3.79309945128862,3.1148169578156,0.7605136699625201,2.9811586272107355,4.434960142627378
bench_press,0.5,1,7,velocity,mean,P223_kg,COMPLETE,0,32,3.241784937546247,2.4632859495000536,-0.8490319716027468,2.3868582658910436,4.051410904190501
bench_press,0.5,1,7,velocity,mean,C223_kg,COMPLETE,0,32,7.215226700438425,5.7387302543656045,-5.602784239038867,5.43506539252252,8.990760020735332
bench_press,0.5,1,7,velocity,mean,P230_kg,COMPLETE,0,32,3.79309945128862,3.1148169578156,0.7605136699625201,2.9811586272107355,4.434960142627378
bench_press,0.5,1,7,combined,last,P223_kg,COMPLETE,0,32,2.0919594647572857,1.5771294115343149,-0.8159539910456339,1.4207552471268339,2.683087869104516
bench_press,0.5,1,7,combined,last,C223_kg,COMPLETE,0,32,6.481614276593562,5.569706258481753,-5.569706258481753,5.214459174091839,7.871647985533962
bench_press,0.5,1,7,combined,last,P230_kg,COMPLETE,0,32,2.7339502958962383,2.2769838336957626,0.793591650519633,2.203341458713092,3.239580286589087
bench_press,0.5,1,7,combined,mean,P223_kg,COMPLETE,0,32,2.0919594647572857,1.5771294115343149,-0.8159539910456339,1.4207552471268339,2.683087869104516
bench_press,0.5,1,7,combined,mean,C223_kg,COMPLETE,0,32,6.481614276593562,5.569706258481753,-5.569706258481753,5.214459174091839,7.871647985533962
bench_press,0.5,1,7,combined,mean,P230_kg,COMPLETE,0,32,2.7339502958962383,2.2769838336957626,0.793591650519633,2.203341458713092,3.239580286589087
bench_press,0.5,1,7,load,last,P223_kg,COMPLETE,0,32,3.688593828987234,2.7617446843658313,-0.7160021101317082,2.5172255914568216,5.036972167166341
bench_press,0.5,1,7,load,last,C223_kg,COMPLETE,0,32,6.8193485709443005,5.804443593337888,-5.469754377567828,5.380340403216946,8.201218469427825
bench_press,0.5,1,7,load,last,P230_kg,COMPLETE,0,32,3.7200839623088613,2.896194646233819,0.8935435314335587,2.591088560249125,5.101842681587364
bench_press,0.5,1,7,load,mean,P223_kg,COMPLETE,0,32,3.688593828987234,2.7617446843658313,-0.7160021101317082,2.5172255914568216,5.036972167166341
bench_press,0.5,1,7,load,mean,C223_kg,COMPLETE,0,32,6.8193485709443005,5.804443593337888,-5.469754377567828,5.380340403216946,8.201218469427825
bench_press,0.5,1,7,load,mean,P230_kg,COMPLETE,0,32,3.7200839623088613,2.896194646233819,0.8935435314335587,2.591088560249125,5.101842681587364
bench_press,0.5,4,1,assessment,last,P223_kg,COMPLETE,0,32,2.609270558083507,2.1348984906068287,-0.5437076681821678,1.961392356628014,3.2763306212069936
bench_press,0.5,4,1,assessment,last,C223_kg,COMPLETE,0,32,6.058673982361185,5.307996911755541,-5.297459935618288,4.918476884309998,7.136666912920262
bench_press,0.5,4,1,assessment,last,P230_kg,COMPLETE,0,32,3.0752881974312505,2.4460704159220525,1.0658379733830992,2.378976350383272,3.829395355733946
bench_press,0.5,4,1,assessment,mean,P223_kg,COMPLETE,0,32,1.951703344133179,1.6187800973531874,-0.07440277789948757,1.5696929297011342,2.3161949894051674
bench_press,0.5,4,1,assessment,mean,C223_kg,COMPLETE,0,32,5.962742577944473,4.828155045335608,-4.828155045335608,4.458577269995316,7.37637671609038
bench_press,0.5,4,1,assessment,mean,P230_kg,COMPLETE,0,32,2.7494582351709496,2.2026646122670464,1.5351428636657793,2.053794305232108,3.5048006296956657
bench_press,0.5,4,1,velocity,last,P223_kg,COMPLETE,0,32,3.241784937546247,2.4632859495000536,-0.8490319716027468,2.3868582658910436,4.051410904190501
bench_press,0.5,4,1,velocity,last,C223_kg,COMPLETE,0,32,7.215226700438425,5.7387302543656045,-5.602784239038867,5.43506539252252,8.990760020735332
bench_press,0.5,4,1,velocity,last,P230_kg,COMPLETE,0,32,3.79309945128862,3.1148169578156,0.7605136699625201,2.9811586272107355,4.434960142627378
bench_press,0.5,4,1,velocity,mean,P223_kg,COMPLETE,0,32,1.54569413794248,1.2011555273610335,0.07610245269468008,1.18855056635214,1.8649505032977558
bench_press,0.5,4,1,velocity,mean,C223_kg,COMPLETE,0,32,5.576282382920883,4.677649814741439,-4.677649814741439,4.281283262558166,6.854811734668625
bench_press,0.5,4,1,velocity,mean,P230_kg,COMPLETE,0,32,2.781788104827837,2.2661206178320796,1.685648094259947,2.1328561156020243,3.398265179547918
bench_press,0.5,4,1,combined,last,P223_kg,COMPLETE,0,32,2.0919594647572857,1.5771294115343149,-0.8159539910456339,1.4207552471268339,2.683087869104516
bench_press,0.5,4,1,combined,last,C223_kg,COMPLETE,0,32,6.481614276593562,5.569706258481753,-5.569706258481753,5.214459174091839,7.871647985533962
bench_press,0.5,4,1,combined,last,P230_kg,COMPLETE,0,32,2.7339502958962383,2.2769838336957626,0.793591650519633,2.203341458713092,3.239580286589087
bench_press,0.5,4,1,combined,mean,P223_kg,COMPLETE,0,32,1.2001504487262222,0.8841085297989189,-0.10072478214446878,0.836624774638077,1.511074694024014
bench_press,0.5,4,1,combined,mean,C223_kg,COMPLETE,0,32,5.724192821878192,4.854477049580589,-4.854477049580589,4.464381285331062,7.007241543432522
bench_press,0.5,4,1,combined,mean,P230_kg,COMPLETE,0,32,2.3768956820922216,1.9326738402202905,1.5088208594207981,1.8736467178302036,2.84688017884902
bench_press,0.5,4,1,load,last,P223_kg,COMPLETE,0,32,3.688593828987234,2.7617446843658313,-0.7160021101317082,2.5172255914568216,5.036972167166341
bench_press,0.5,4,1,load,last,C223_kg,COMPLETE,0,32,6.8193485709443005,5.804443593337888,-5.469754377567828,5.380340403216946,8.201218469427825
bench_press,0.5,4,1,load,last,P230_kg,COMPLETE,0,32,3.7200839623088613,2.896194646233819,0.8935435314335587,2.591088560249125,5.101842681587364
bench_press,0.5,4,1,load,mean,P223_kg,COMPLETE,0,32,2.3546700529695643,2.0161485044565297,-0.058392479199393055,1.9333582411484203,2.7404146707007198
bench_press,0.5,4,1,load,mean,C223_kg,COMPLETE,0,32,6.220516674624357,4.928368608471784,-4.8121447466355125,4.6825928795137655,7.725558718900599
bench_press,0.5,4,1,load,mean,P230_kg,COMPLETE,0,32,3.0746845917256764,2.3820621020377732,1.5511531623658739,2.2836450371445594,3.8972586658153086
bench_press,0.5,4,7,assessment,last,P223_kg,COMPLETE,0,32,2.609270558083507,2.1348984906068287,-0.5437076681821678,1.961392356628014,3.2763306212069936
bench_press,0.5,4,7,assessment,last,C223_kg,COMPLETE,0,32,6.058673982361185,5.307996911755541,-5.297459935618288,4.918476884309998,7.136666912920262
bench_press,0.5,4,7,assessment,last,P230_kg,COMPLETE,0,32,3.0752881974312505,2.4460704159220525,1.0658379733830992,2.378976350383272,3.829395355733946
bench_press,0.5,4,7,assessment,mean,P223_kg,COMPLETE,0,32,1.3129662472569887,1.052946523343234,-0.3605522429001331,1.0104541842447887,1.6086904142138312
bench_press,0.5,4,7,assessment,mean,C223_kg,COMPLETE,0,32,6.013670690173704,5.114304510336253,-5.114304510336253,4.775611137044235,7.251568951474973
bench_press,0.5,4,7,assessment,mean,P230_kg,COMPLETE,0,32,2.287604199745376,1.7838826664529859,1.2489933986651338,1.6311165849913074,2.965164007835629
bench_press,0.5,4,7,velocity,last,P223_kg,COMPLETE,0,32,3.241784937546247,2.4632859495000536,-0.8490319716027468,2.3868582658910436,4.051410904190501
bench_press,0.5,4,7,velocity,last,C223_kg,COMPLETE,0,32,7.215226700438425,5.7387302543656045,-5.602784239038867,5.43506539252252,8.990760020735332
bench_press,0.5,4,7,velocity,last,P230_kg,COMPLETE,0,32,3.79309945128862,3.1148169578156,0.7605136699625201,2.9811586272107355,4.434960142627378
bench_press,0.5,4,7,velocity,mean,P223_kg,COMPLETE,0,32,1.4784376351951227,1.1995300767154822,0.0847989014662005,1.1159652038956127,1.847566074570261
bench_press,0.5,4,7,velocity,mean,C223_kg,COMPLETE,0,32,5.65293425662228,4.717509443043748,-4.668953365969919,4.349081695873893,6.935783200565338
bench_press,0.5,4,7,velocity,mean,P230_kg,COMPLETE,0,32,2.6259634109211305,1.9606005208439483,1.6943445430314674,1.883670050389055,3.319431461251652
bench_press,0.5,4,7,combined,last,P223_kg,COMPLETE,0,32,2.0919594647572857,1.5771294115343149,-0.8159539910456339,1.4207552471268339,2.683087869104516
bench_press,0.5,4,7,combined,last,C223_kg,COMPLETE,0,32,6.481614276593562,5.569706258481753,-5.569706258481753,5.214459174091839,7.871647985533962
bench_press,0.5,4,7,combined,last,P230_kg,COMPLETE,0,32,2.7339502958962383,2.2769838336957626,0.793591650519633,2.203341458713092,3.239580286589087
bench_press,0.5,4,7,combined,mean,P223_kg,COMPLETE,0,32,1.0716295120124104,0.8520281623360266,-0.2208653756335397,0.7986409237940985,1.3290751572775523
bench_press,0.5,4,7,combined,mean,C223_kg,COMPLETE,0,32,5.84461311925423,4.991914966063089,-4.97461764306966,4.619037843662536,7.033905299905757
bench_press,0.5,4,7,combined,mean,P230_kg,COMPLETE,0,32,2.223565819729889,1.7626064591761486,1.3886802659317272,1.6570414761764507,2.7798755130566013
bench_press,0.5,4,7,load,last,P223_kg,COMPLETE,0,32,3.688593828987234,2.7617446843658313,-0.7160021101317082,2.5172255914568216,5.036972167166341
bench_press,0.5,4,7,load,last,C223_kg,COMPLETE,0,32,6.8193485709443005,5.804443593337888,-5.469754377567828,5.380340403216946,8.201218469427825
bench_press,0.5,4,7,load,last,P230_kg,COMPLETE,0,32,3.7200839623088613,2.896194646233819,0.8935435314335587,2.591088560249125,5.101842681587364
bench_press,0.5,4,7,load,mean,P223_kg,COMPLETE,0,32,1.5900684338884912,1.3029173374963094,-0.6724372736007775,1.209415747247988,2.009085124876135
bench_press,0.5,4,7,load,mean,C223_kg,COMPLETE,0,32,6.362727651082048,5.426189541036898,-5.426189541036898,5.21085404494715,7.519621560705212
bench_press,0.5,4,7,load,mean,P230_kg,COMPLETE,0,32,2.1260367610291366,1.6607300050585758,0.9371083679644894,1.494255498207253,2.7642018288856884
bench_press,0.5,16,1,assessment,last,P223_kg,COMPLETE,0,32,2.609270558083507,2.1348984906068287,-0.5437076681821678,1.961392356628014,3.2763306212069936
bench_press,0.5,16,1,assessment,last,C223_kg,COMPLETE,0,32,6.058673982361185,5.307996911755541,-5.297459935618288,4.918476884309998,7.136666912920262
bench_press,0.5,16,1,assessment,last,P230_kg,COMPLETE,0,32,3.0752881974312505,2.4460704159220525,1.0658379733830992,2.378976350383272,3.829395355733946
bench_press,0.5,16,1,assessment,mean,P223_kg,COMPLETE,0,32,1.198032657537575,0.8891349124920471,-0.10210338426226917,0.8758558550979377,1.5148143168192933
bench_press,0.5,16,1,assessment,mean,C223_kg,COMPLETE,0,32,5.733390358595629,4.8558556516983895,-4.8558556516983895,4.548665725825361,6.810248693062767
bench_press,0.5,16,1,assessment,mean,P230_kg,COMPLETE,0,32,2.59275452375902,1.9489062225002618,1.5074422573029977,1.7248831062361814,3.456337943110954
bench_press,0.5,16,1,velocity,last,P223_kg,COMPLETE,0,32,3.241784937546247,2.4632859495000536,-0.8490319716027468,2.3868582658910436,4.051410904190501
bench_press,0.5,16,1,velocity,last,C223_kg,COMPLETE,0,32,7.215226700438425,5.7387302543656045,-5.602784239038867,5.43506539252252,8.990760020735332
bench_press,0.5,16,1,velocity,last,P230_kg,COMPLETE,0,32,3.79309945128862,3.1148169578156,0.7605136699625201,2.9811586272107355,4.434960142627378
bench_press,0.5,16,1,velocity,mean,P223_kg,COMPLETE,0,32,0.9982509036202128,0.8189599561762191,0.43336165719971964,0.7802496476932647,1.2017861054042926
bench_press,0.5,16,1,velocity,mean,C223_kg,COMPLETE,0,32,5.175128128738336,4.331539764458411,-4.3203906102364,4.046961791220793,6.280109630540447
bench_press,0.5,16,1,velocity,mean,P230_kg,COMPLETE,0,32,2.6406396279588655,2.1178425872544198,2.0429072987649866,2.0450366047386597,3.1990316122510505
bench_press,0.5,16,1,combined,last,P223_kg,COMPLETE,0,32,2.0919594647572857,1.5771294115343149,-0.8159539910456339,1.4207552471268339,2.683087869104516
bench_press,0.5,16,1,combined,last,C223_kg,COMPLETE,0,32,6.481614276593562,5.569706258481753,-5.569706258481753,5.214459174091839,7.871647985533962
bench_press,0.5,16,1,combined,last,P230_kg,COMPLETE,0,32,2.7339502958962383,2.2769838336957626,0.793591650519633,2.203341458713092,3.239580286589087
bench_press,0.5,16,1,combined,mean,P223_kg,COMPLETE,0,32,0.709694949785763,0.5894017320266878,0.08442711553362336,0.5811392864370339,0.8327445867574759
bench_press,0.5,16,1,combined,mean,C223_kg,COMPLETE,0,32,5.485614228704127,4.6693251519024965,-4.6693251519024965,4.353004998094115,6.537723180322863
bench_press,0.5,16,1,combined,mean,P230_kg,COMPLETE,0,32,2.394957898956279,1.8669034053782165,1.6939727570988903,1.7437942466066758,2.9854033445037715
bench_press,0.5,16,1,load,last,P223_kg,COMPLETE,0,32,3.688593828987234,2.7617446843658313,-0.7160021101317082,2.5172255914568216,5.036972167166341
bench_press,0.5,16,1,load,last,C223_kg,COMPLETE,0,32,6.8193485709443005,5.804443593337888,-5.469754377567828,5.380340403216946,8.201218469427825
bench_press,0.5,16,1,load,last,P230_kg,COMPLETE,0,32,3.7200839623088613,2.896194646233819,0.8935435314335587,2.591088560249125,5.101842681587364
bench_press,0.5,16,1,load,mean,P223_kg,COMPLETE,0,32,1.2965260131273975,1.0023158688375444,-0.08582889021159179,0.9012553136801817,1.7108555514309056
bench_press,0.5,16,1,load,mean,C223_kg,COMPLETE,0,32,5.780411569624148,4.839581157647712,-4.839581157647712,4.510296907485536,6.945208143155075
bench_press,0.5,16,1,load,mean,P230_kg,COMPLETE,0,32,2.6307696107884078,1.9696573683715672,1.5237167513536751,1.7701641220099904,3.5464401712625535
bench_press,0.5,16,7,assessment,last,P223_kg,COMPLETE,0,32,2.609270558083507,2.1348984906068287,-0.5437076681821678,1.961392356628014,3.2763306212069936
bench_press,0.5,16,7,assessment,last,C223_kg,COMPLETE,0,32,6.058673982361185,5.307996911755541,-5.297459935618288,4.918476884309998,7.136666912920262
bench_press,0.5,16,7,assessment,last,P230_kg,COMPLETE,0,32,3.0752881974312505,2.4460704159220525,1.0658379733830992,2.378976350383272,3.829395355733946
bench_press,0.5,16,7,assessment,mean,P223_kg,COMPLETE,0,32,1.8962143954789905,1.5258955922712927,-1.100273231291502,1.4456409380051942,2.3054684922518653
bench_press,0.5,16,7,assessment,mean,C223_kg,COMPLETE,0,32,6.8517879385962575,5.873441594219454,-5.854025498727622,5.448953696023863,8.098536590880679
bench_press,0.5,16,7,assessment,mean,P230_kg,COMPLETE,0,32,1.5658122847472984,1.134071160068752,0.5092724102737649,1.0992638959876386,2.047251513650117
bench_press,0.5,16,7,velocity,last,P223_kg,COMPLETE,0,32,3.241784937546247,2.4632859495000536,-0.8490319716027468,2.3868582658910436,4.051410904190501
bench_press,0.5,16,7,velocity,last,C223_kg,COMPLETE,0,32,7.215226700438425,5.7387302543656045,-5.602784239038867,5.43506539252252,8.990760020735332
bench_press,0.5,16,7,velocity,last,P230_kg,COMPLETE,0,32,3.79309945128862,3.1148169578156,0.7605136699625201,2.9811586272107355,4.434960142627378
bench_press,0.5,16,7,velocity,mean,P223_kg,COMPLETE,0,32,1.8168923275539168,1.4141046664487567,-1.0679803526098226,1.3621291245716503,2.1971782328176483
bench_press,0.5,16,7,velocity,mean,C223_kg,COMPLETE,0,32,6.8169337227741025,5.854228577473872,-5.8217326200459425,5.526437862629027,7.999139906863288
bench_press,0.5,16,7,velocity,mean,P230_kg,COMPLETE,0,32,1.535176235215844,1.2386314014453563,0.5415652889554443,1.1745258079894856,1.8818453711454102
bench_press,0.5,16,7,combined,last,P223_kg,COMPLETE,0,32,2.0919594647572857,1.5771294115343149,-0.8159539910456339,1.4207552471268339,2.683087869104516
bench_press,0.5,16,7,combined,last,C223_kg,COMPLETE,0,32,6.481614276593562,5.569706258481753,-5.569706258481753,5.214459174091839,7.871647985533962
bench_press,0.5,16,7,combined,last,P230_kg,COMPLETE,0,32,2.7339502958962383,2.2769838336957626,0.793591650519633,2.203341458713092,3.239580286589087
bench_press,0.5,16,7,combined,mean,P223_kg,COMPLETE,0,32,1.8711022140383138,1.462251724482388,-1.1870879608678537,1.3986440314649313,2.2474988449141478
bench_press,0.5,16,7,combined,mean,C223_kg,COMPLETE,0,32,6.917529149854281,5.961178139609597,-5.940840228303974,5.631116890564511,8.126503693313362
bench_press,0.5,16,7,combined,mean,P230_kg,COMPLETE,0,32,1.4605734925065805,1.069453056637308,0.4224576806974132,1.0281456156776398,1.8720857102623143
bench_press,0.5,16,7,load,last,P223_kg,COMPLETE,0,32,3.688593828987234,2.7617446843658313,-0.7160021101317082,2.5172255914568216,5.036972167166341
bench_press,0.5,16,7,load,last,C223_kg,COMPLETE,0,32,6.8193485709443005,5.804443593337888,-5.469754377567828,5.380340403216946,8.201218469427825
bench_press,0.5,16,7,load,last,P230_kg,COMPLETE,0,32,3.7200839623088613,2.896194646233819,0.8935435314335587,2.591088560249125,5.101842681587364
bench_press,0.5,16,7,load,mean,P223_kg,COMPLETE,0,32,1.9279033969830932,1.5365023814435714,-1.2158629865865445,1.491180080500472,2.2985704195196965
bench_press,0.5,16,7,load,mean,C223_kg,COMPLETE,0,32,6.919617247355691,5.989379389296396,-5.969615254022664,5.655949412787902,8.072127834158076
bench_press,0.5,16,7,load,mean,P230_kg,COMPLETE,0,32,1.4300761814359424,1.0015256211317962,0.39368265497872246,0.9644626251499991,1.8543320222639548
bench_press,0.5,32,1,assessment,last,P223_kg,COMPLETE,0,32,2.609270558083507,2.1348984906068287,-0.5437076681821678,1.961392356628014,3.2763306212069936
bench_press,0.5,32,1,assessment,last,C223_kg,COMPLETE,0,32,6.058673982361185,5.307996911755541,-5.297459935618288,4.918476884309998,7.136666912920262
bench_press,0.5,32,1,assessment,last,P230_kg,COMPLETE,0,32,3.0752881974312505,2.4460704159220525,1.0658379733830992,2.378976350383272,3.829395355733946
bench_press,0.5,32,1,assessment,mean,P223_kg,COMPLETE,0,32,1.3652647621335607,1.0200818259369049,-0.544069501805855,0.950357542900173,1.740286096826844
bench_press,0.5,32,1,assessment,mean,C223_kg,COMPLETE,0,32,6.3367083915837865,5.303146572312965,-5.297821769241975,4.98721873123182,7.606165161671597
bench_press,0.5,32,1,assessment,mean,P230_kg,COMPLETE,0,32,1.9850445200176332,1.4798267606307207,1.065476139759412,1.4534329811313358,2.514314427231686
bench_press,0.5,32,1,velocity,last,P223_kg,COMPLETE,0,32,3.241784937546247,2.4632859495000536,-0.8490319716027468,2.3868582658910436,4.051410904190501
bench_press,0.5,32,1,velocity,last,C223_kg,COMPLETE,0,32,7.215226700438425,5.7387302543656045,-5.602784239038867,5.43506539252252,8.990760020735332
bench_press,0.5,32,1,velocity,last,P230_kg,COMPLETE,0,32,3.79309945128862,3.1148169578156,0.7605136699625201,2.9811586272107355,4.434960142627378
bench_press,0.5,32,1,velocity,mean,P223_kg,COMPLETE,0,32,0.9670429037848248,0.7119907134584245,-0.15279558364946988,0.6593018972977929,1.2514306341628563
bench_press,0.5,32,1,velocity,mean,C223_kg,COMPLETE,0,32,5.8851093631786195,4.909125695882016,-4.906547851085589,4.6452899225884385,7.142144297193232
bench_press,0.5,32,1,velocity,mean,P230_kg,COMPLETE,0,32,2.0029363106671103,1.5996045783059758,1.456750057915797,1.5177004517428199,2.4706033491104358
bench_press,0.5,32,1,combined,last,P223_kg,COMPLETE,0,32,2.0919594647572857,1.5771294115343149,-0.8159539910456339,1.4207552471268339,2.683087869104516
bench_press,0.5,32,1,combined,last,C223_kg,COMPLETE,0,32,6.481614276593562,5.569706258481753,-5.569706258481753,5.214459174091839,7.871647985533962
bench_press,0.5,32,1,combined,last,P230_kg,COMPLETE,0,32,2.7339502958962383,2.2769838336957626,0.793591650519633,2.203341458713092,3.239580286589087
bench_press,0.5,32,1,combined,mean,P223_kg,COMPLETE,0,32,1.1207340398343304,0.8578507063978802,-0.43796544446988284,0.8133023196026462,1.3896797717364477
bench_press,0.5,32,1,combined,mean,C223_kg,COMPLETE,0,32,6.181238871632201,5.193177341602018,-5.191717711906003,4.888363618744661,7.4288678816132405
bench_press,0.5,32,1,combined,mean,P230_kg,COMPLETE,0,32,1.861502972825743,1.4467981642387633,1.171580197095384,1.3608492924795985,2.333867375887292
bench_press,0.5,32,1,load,last,P223_kg,COMPLETE,0,32,3.688593828987234,2.7617446843658313,-0.7160021101317082,2.5172255914568216,5.036972167166341
bench_press,0.5,32,1,load,last,C223_kg,COMPLETE,0,32,6.8193485709443005,5.804443593337888,-5.469754377567828,5.380340403216946,8.201218469427825
bench_press,0.5,32,1,load,last,P230_kg,COMPLETE,0,32,3.7200839623088613,2.896194646233819,0.8935435314335587,2.591088560249125,5.101842681587364
bench_press,0.5,32,1,load,mean,P223_kg,COMPLETE,0,32,1.3622155594230054,0.9983045336134637,-0.5583861148882319,0.9439846668462474,1.7221530314794318
bench_press,0.5,32,1,load,mean,C223_kg,COMPLETE,0,32,6.337980321242976,5.326313821451336,-5.312138382324352,5.020238561052399,7.5689349340062035
bench_press,0.5,32,1,load,mean,P230_kg,COMPLETE,0,32,1.9756794121158032,1.4636651757385848,1.051159526677035,1.411439237160846,2.5650950833750854
bench_press,0.5,32,7,assessment,last,P223_kg,COMPLETE,0,32,2.609270558083507,2.1348984906068287,-0.5437076681821678,1.961392356628014,3.2763306212069936
bench_press,0.5,32,7,assessment,last,C223_kg,COMPLETE,0,32,6.058673982361185,5.307996911755541,-5.297459935618288,4.918476884309998,7.136666912920262
bench_press,0.5,32,7,assessment,last,P230_kg,COMPLETE,0,32,3.0752881974312505,2.4460704159220525,1.0658379733830992,2.378976350383272,3.829395355733946
bench_press,0.5,32,7,assessment,mean,P223_kg,COMPLETE,0,32,3.7005844525671443,3.0290833342005334,-3.0290833342005334,2.8902040773200808,4.479305072345216
bench_press,0.5,32,7,assessment,mean,C223_kg,COMPLETE,0,32,8.809868762143598,7.782835601636654,-7.782835601636654,7.268816003210342,10.311769500323695
bench_press,0.5,32,7,assessment,mean,P230_kg,COMPLETE,0,32,2.5014707783379144,1.8220627353383367,-1.4195376926352665,1.708928514766548,3.2101796128902906
bench_press,0.5,32,7,velocity,last,P223_kg,COMPLETE,0,32,3.241784937546247,2.4632859495000536,-0.8490319716027468,2.3868582658910436,4.051410904190501
bench_press,0.5,32,7,velocity,last,C223_kg,COMPLETE,0,32,7.215226700438425,5.7387302543656045,-5.602784239038867,5.43506539252252,8.990760020735332
bench_press,0.5,32,7,velocity,last,P230_kg,COMPLETE,0,32,3.79309945128862,3.1148169578156,0.7605136699625201,2.9811586272107355,4.434960142627378
bench_press,0.5,32,7,velocity,mean,P223_kg,COMPLETE,0,32,3.690562022621242,2.9706430294261175,-2.9706430294261175,2.845769553177965,4.523471436142103
bench_press,0.5,32,7,velocity,mean,C223_kg,COMPLETE,0,32,8.804192388973426,7.724395296862237,-7.724395296862237,7.332921488695867,10.22734539550438
bench_press,0.5,32,7,velocity,mean,P230_kg,COMPLETE,0,32,2.5105927327336692,1.6814893974041252,-1.3610973878608505,1.6453208200726763,3.276761992662907
bench_press,0.5,32,7,combined,last,P223_kg,COMPLETE,0,32,2.0919594647572857,1.5771294115343149,-0.8159539910456339,1.4207552471268339,2.683087869104516
bench_press,0.5,32,7,combined,last,C223_kg,COMPLETE,0,32,6.481614276593562,5.569706258481753,-5.569706258481753,5.214459174091839,7.871647985533962
bench_press,0.5,32,7,combined,last,P230_kg,COMPLETE,0,32,2.7339502958962383,2.2769838336957626,0.793591650519633,2.203341458713092,3.239580286589087
bench_press,0.5,32,7,combined,mean,P223_kg,COMPLETE,0,32,3.7739684629813723,3.102847271992798,-3.102847271992798,2.9547377694617425,4.593162075929612
bench_press,0.5,32,7,combined,mean,C223_kg,COMPLETE,0,32,8.905304774724982,7.856599539428918,-7.856599539428918,7.386381506802171,10.344661371307366
bench_press,0.5,32,7,combined,mean,P230_kg,COMPLETE,0,32,2.551916653932673,1.7578274959731655,-1.4933016304275313,1.6897353234973929,3.286148635414229
bench_press,0.5,32,7,load,last,P223_kg,COMPLETE,0,32,3.688593828987234,2.7617446843658313,-0.7160021101317082,2.5172255914568216,5.036972167166341
bench_press,0.5,32,7,load,last,C223_kg,COMPLETE,0,32,6.8193485709443005,5.804443593337888,-5.469754377567828,5.380340403216946,8.201218469427825
bench_press,0.5,32,7,load,last,P230_kg,COMPLETE,0,32,3.7200839623088613,2.896194646233819,0.8935435314335587,2.591088560249125,5.101842681587364
bench_press,0.5,32,7,load,mean,P223_kg,COMPLETE,0,32,3.7139311209188963,3.0498253960961534,-3.0473033063774606,2.902628223739998,4.467286038474125
bench_press,0.5,32,7,load,mean,C223_kg,COMPLETE,0,32,8.82116049490539,7.8010555738135805,-7.8010555738135805,7.310766131452727,10.219208018146388
bench_press,0.5,32,7,load,mean,P230_kg,COMPLETE,0,32,2.5050723836204587,1.784644785617234,-1.4377576648121937,1.752573658383765,3.1561069839312723
bench_press,1.0,1,1,assessment,last,P223_kg,COMPLETE,0,32,5.218541116167018,4.269796981213658,-1.0874153363643337,3.9227847132560307,6.552661242413992
bench_press,1.0,1,1,assessment,last,C223_kg,COMPLETE,0,32,7.6027454179151635,6.2700881054475515,-5.841167603800454,5.918330511811563,9.15553396775018
bench_press,1.0,1,1,assessment,last,P230_kg,COMPLETE,0,32,5.2833898184287005,4.337500900448649,0.5221303052009332,4.089536802393638,6.663261506902252
bench_press,1.0,1,1,assessment,mean,P223_kg,COMPLETE,0,32,5.218541116167018,4.269796981213658,-1.0874153363643337,3.9227847132560307,6.552661242413992
bench_press,1.0,1,1,assessment,mean,C223_kg,COMPLETE,0,32,7.6027454179151635,6.2700881054475515,-5.841167603800454,5.918330511811563,9.15553396775018
bench_press,1.0,1,1,assessment,mean,P230_kg,COMPLETE,0,32,5.2833898184287005,4.337500900448649,0.5221303052009332,4.089536802393638,6.663261506902252
bench_press,1.0,1,1,velocity,last,P223_kg,COMPLETE,0,32,6.454759663472486,4.918871894410621,-1.5824348452087151,4.7506602331465295,8.001707546663207
bench_press,1.0,1,1,velocity,last,C223_kg,COMPLETE,0,32,9.70296315799649,7.503721218313595,-6.336187112644835,7.20677335603415,12.220025200196902
bench_press,1.0,1,1,velocity,last,P230_kg,COMPLETE,0,32,6.71548983743818,5.316114535178907,0.02711079635655178,5.035983199057005,8.13801557283907
bench_press,1.0,1,1,velocity,mean,P223_kg,COMPLETE,0,32,6.454759663472486,4.918871894410621,-1.5824348452087151,4.7506602331465295,8.001707546663207
bench_press,1.0,1,1,velocity,mean,C223_kg,COMPLETE,0,32,9.70296315799649,7.503721218313595,-6.336187112644835,7.20677335603415,12.220025200196902
bench_press,1.0,1,1,velocity,mean,P230_kg,COMPLETE,0,32,6.71548983743818,5.316114535178907,0.02711079635655178,5.035983199057005,8.13801557283907
bench_press,1.0,1,1,combined,last,P223_kg,COMPLETE,0,32,4.21068988385124,3.1906117403008247,-1.7613033856543634,2.914662783759903,5.39443787407979
bench_press,1.0,1,1,combined,last,C223_kg,COMPLETE,0,32,8.07254345684139,6.6288088170900945,-6.515055653090483,6.275915629196747,10.014944727268157
bench_press,1.0,1,1,combined,last,P230_kg,COMPLETE,0,32,4.351156841926278,3.454751952819055,-0.15175774408909648,3.1177441445208927,5.403442668899589
bench_press,1.0,1,1,combined,mean,P223_kg,COMPLETE,0,32,4.21068988385124,3.1906117403008247,-1.7613033856543634,2.914662783759903,5.39443787407979
bench_press,1.0,1,1,combined,mean,C223_kg,COMPLETE,0,32,8.07254345684139,6.6288088170900945,-6.515055653090483,6.275915629196747,10.014944727268157
bench_press,1.0,1,1,combined,mean,P230_kg,COMPLETE,0,32,4.351156841926278,3.454751952819055,-0.15175774408909648,3.1177441445208927,5.403442668899589
bench_press,1.0,1,1,load,last,P223_kg,COMPLETE,0,32,5.914591137114043,4.498112577943624,-1.2564166291281977,4.143195430729995,8.029254554079781
bench_press,1.0,1,1,load,last,C223_kg,COMPLETE,0,32,8.277082028925687,6.970909691450057,-6.010168896564318,6.59358480617718,9.772653696034928
bench_press,1.0,1,1,load,last,P230_kg,COMPLETE,0,32,5.765154553499124,4.420411732960448,0.3531290124370692,3.9067392455986907,7.984590907880927
bench_press,1.0,1,1,load,mean,P223_kg,COMPLETE,0,32,5.914591137114043,4.498112577943624,-1.2564166291281977,4.143195430729995,8.029254554079781
bench_press,1.0,1,1,load,mean,C223_kg,COMPLETE,0,32,8.277082028925687,6.970909691450057,-6.010168896564318,6.59358480617718,9.772653696034928
bench_press,1.0,1,1,load,mean,P230_kg,COMPLETE,0,32,5.765154553499124,4.420411732960448,0.3531290124370692,3.9067392455986907,7.984590907880927
bench_press,1.0,1,7,assessment,last,P223_kg,COMPLETE,0,32,5.218541116167018,4.269796981213658,-1.0874153363643337,3.9227847132560307,6.552661242413992
bench_press,1.0,1,7,assessment,last,C223_kg,COMPLETE,0,32,7.6027454179151635,6.2700881054475515,-5.841167603800454,5.918330511811563,9.15553396775018
bench_press,1.0,1,7,assessment,last,P230_kg,COMPLETE,0,32,5.2833898184287005,4.337500900448649,0.5221303052009332,4.089536802393638,6.663261506902252
bench_press,1.0,1,7,assessment,mean,P223_kg,COMPLETE,0,32,5.218541116167018,4.269796981213658,-1.0874153363643337,3.9227847132560307,6.552661242413992
bench_press,1.0,1,7,assessment,mean,C223_kg,COMPLETE,0,32,7.6027454179151635,6.2700881054475515,-5.841167603800454,5.918330511811563,9.15553396775018
bench_press,1.0,1,7,assessment,mean,P230_kg,COMPLETE,0,32,5.2833898184287005,4.337500900448649,0.5221303052009332,4.089536802393638,6.663261506902252
bench_press,1.0,1,7,velocity,last,P223_kg,COMPLETE,0,32,6.454759663472486,4.918871894410621,-1.5824348452087151,4.7506602331465295,8.001707546663207
bench_press,1.0,1,7,velocity,last,C223_kg,COMPLETE,0,32,9.70296315799649,7.503721218313595,-6.336187112644835,7.20677335603415,12.220025200196902
bench_press,1.0,1,7,velocity,last,P230_kg,COMPLETE,0,32,6.71548983743818,5.316114535178907,0.02711079635655178,5.035983199057005,8.13801557283907
bench_press,1.0,1,7,velocity,mean,P223_kg,COMPLETE,0,32,6.454759663472486,4.918871894410621,-1.5824348452087151,4.7506602331465295,8.001707546663207
bench_press,1.0,1,7,velocity,mean,C223_kg,COMPLETE,0,32,9.70296315799649,7.503721218313595,-6.336187112644835,7.20677335603415,12.220025200196902
bench_press,1.0,1,7,velocity,mean,P230_kg,COMPLETE,0,32,6.71548983743818,5.316114535178907,0.02711079635655178,5.035983199057005,8.13801557283907
bench_press,1.0,1,7,combined,last,P223_kg,COMPLETE,0,32,4.21068988385124,3.1906117403008247,-1.7613033856543634,2.914662783759903,5.39443787407979
bench_press,1.0,1,7,combined,last,C223_kg,COMPLETE,0,32,8.07254345684139,6.6288088170900945,-6.515055653090483,6.275915629196747,10.014944727268157
bench_press,1.0,1,7,combined,last,P230_kg,COMPLETE,0,32,4.351156841926278,3.454751952819055,-0.15175774408909648,3.1177441445208927,5.403442668899589
bench_press,1.0,1,7,combined,mean,P223_kg,COMPLETE,0,32,4.21068988385124,3.1906117403008247,-1.7613033856543634,2.914662783759903,5.39443787407979
bench_press,1.0,1,7,combined,mean,C223_kg,COMPLETE,0,32,8.07254345684139,6.6288088170900945,-6.515055653090483,6.275915629196747,10.014944727268157
bench_press,1.0,1,7,combined,mean,P230_kg,COMPLETE,0,32,4.351156841926278,3.454751952819055,-0.15175774408909648,3.1177441445208927,5.403442668899589
bench_press,1.0,1,7,load,last,P223_kg,COMPLETE,0,32,5.914591137114043,4.498112577943624,-1.2564166291281977,4.143195430729995,8.029254554079781
bench_press,1.0,1,7,load,last,C223_kg,COMPLETE,0,32,8.277082028925687,6.970909691450057,-6.010168896564318,6.59358480617718,9.772653696034928
bench_press,1.0,1,7,load,last,P230_kg,COMPLETE,0,32,5.765154553499124,4.420411732960448,0.3531290124370692,3.9067392455986907,7.984590907880927
bench_press,1.0,1,7,load,mean,P223_kg,COMPLETE,0,32,5.914591137114043,4.498112577943624,-1.2564166291281977,4.143195430729995,8.029254554079781
bench_press,1.0,1,7,load,mean,C223_kg,COMPLETE,0,32,8.277082028925687,6.970909691450057,-6.010168896564318,6.59358480617718,9.772653696034928
bench_press,1.0,1,7,load,mean,P230_kg,COMPLETE,0,32,5.765154553499124,4.420411732960448,0.3531290124370692,3.9067392455986907,7.984590907880927
bench_press,1.0,4,1,assessment,last,P223_kg,COMPLETE,0,32,5.218541116167018,4.269796981213658,-1.0874153363643337,3.9227847132560307,6.552661242413992
bench_press,1.0,4,1,assessment,last,C223_kg,COMPLETE,0,32,7.6027454179151635,6.2700881054475515,-5.841167603800454,5.918330511811563,9.15553396775018
bench_press,1.0,4,1,assessment,last,P230_kg,COMPLETE,0,32,5.2833898184287005,4.337500900448649,0.5221303052009332,4.089536802393638,6.663261506902252
bench_press,1.0,4,1,assessment,mean,P223_kg,COMPLETE,0,32,3.8778062009715306,3.207737465554858,-0.22257398785072846,3.105808017889169,4.612818023516139
bench_press,1.0,4,1,assessment,mean,C223_kg,COMPLETE,0,32,7.069979927723146,5.261943743889621,-4.976326255286848,4.909990205584239,8.970451376933797
bench_press,1.0,4,1,assessment,mean,P230_kg,COMPLETE,0,32,4.192385794032336,3.6213361137236095,1.3869716537145385,3.4428114405919086,5.009707771352309
bench_press,1.0,4,1,velocity,last,P223_kg,COMPLETE,0,32,6.454759663472486,4.918871894410621,-1.5824348452087151,4.7506602331465295,8.001707546663207
bench_press,1.0,4,1,velocity,last,C223_kg,COMPLETE,0,32,9.70296315799649,7.503721218313595,-6.336187112644835,7.20677335603415,12.220025200196902
bench_press,1.0,4,1,velocity,last,P230_kg,COMPLETE,0,32,6.71548983743818,5.316114535178907,0.02711079635655178,5.035983199057005,8.13801557283907
bench_press,1.0,4,1,velocity,mean,P223_kg,COMPLETE,0,32,3.1043397032045674,2.3926122523376976,0.17186939267082435,2.3577939780044628,3.7573645675337293
bench_press,1.0,4,1,velocity,mean,C223_kg,COMPLETE,0,32,6.113856395647316,4.69322231638275,-4.581882874765295,4.497358420783439,7.785537294344002
bench_press,1.0,4,1,velocity,mean,P230_kg,COMPLETE,0,32,3.9652379621755984,3.1777562606461016,1.7814150342360913,2.974098965214065,4.854716848468628
bench_press,1.0,4,1,combined,last,P223_kg,COMPLETE,0,32,4.21068988385124,3.1906117403008247,-1.7613033856543634,2.914662783759903,5.39443787407979
bench_press,1.0,4,1,combined,last,C223_kg,COMPLETE,0,32,8.07254345684139,6.6288088170900945,-6.515055653090483,6.275915629196747,10.014944727268157
bench_press,1.0,4,1,combined,last,P230_kg,COMPLETE,0,32,4.351156841926278,3.454751952819055,-0.15175774408909648,3.1177441445208927,5.403442668899589
bench_press,1.0,4,1,combined,mean,P223_kg,COMPLETE,0,32,2.467663485555378,1.8057223684400117,-0.44552075672363456,1.7445669707738647,3.1306260284208167
bench_press,1.0,4,1,combined,mean,C223_kg,COMPLETE,0,32,6.4958031335635456,5.199273024159755,-5.199273024159755,4.88194950391162,8.12457396895719
bench_press,1.0,4,1,combined,mean,P230_kg,COMPLETE,0,32,2.9729379126475446,2.457399328421741,1.1640248848416324,2.350331660721473,3.538729183646203
bench_press,1.0,4,1,load,last,P223_kg,COMPLETE,0,32,5.914591137114043,4.498112577943624,-1.2564166291281977,4.143195430729995,8.029254554079781
bench_press,1.0,4,1,load,last,C223_kg,COMPLETE,0,32,8.277082028925687,6.970909691450057,-6.010168896564318,6.59358480617718,9.772653696034928
bench_press,1.0,4,1,load,last,P230_kg,COMPLETE,0,32,5.765154553499124,4.420411732960448,0.3531290124370692,3.9067392455986907,7.984590907880927
bench_press,1.0,4,1,load,mean,P223_kg,COMPLETE,0,32,4.143750404011167,3.5305221601131898,-0.20330088873259644,3.3886150649356264,4.819914387803524
bench_press,1.0,4,1,load,mean,C223_kg,COMPLETE,0,32,7.313749618492535,5.450875336570374,-4.957053156168716,5.1476331367586265,9.226090468512737
bench_press,1.0,4,1,load,mean,P230_kg,COMPLETE,0,32,4.458268695181969,3.760170395806401,1.4062447528326705,3.6526197177163233,5.3054116345447735
bench_press,1.0,4,7,assessment,last,P223_kg,COMPLETE,0,32,5.218541116167018,4.269796981213658,-1.0874153363643337,3.9227847132560307,6.552661242413992
bench_press,1.0,4,7,assessment,last,C223_kg,COMPLETE,0,32,7.6027454179151635,6.2700881054475515,-5.841167603800454,5.918330511811563,9.15553396775018
bench_press,1.0,4,7,assessment,last,P230_kg,COMPLETE,0,32,5.2833898184287005,4.337500900448649,0.5221303052009332,4.089536802393638,6.663261506902252
bench_press,1.0,4,7,assessment,mean,P223_kg,COMPLETE,0,32,2.398601589936861,1.907775984940968,-0.6702643439350089,1.910355542076988,2.8690376135321585
bench_press,1.0,4,7,assessment,mean,C223_kg,COMPLETE,0,32,6.596517178210724,5.424722981346167,-5.424016611371129,5.160818543343394,8.049891294527853
bench_press,1.0,4,7,assessment,mean,P230_kg,COMPLETE,0,32,2.9829903455108355,2.387998057043149,0.939281297630258,2.287272957271437,3.776607133087442
bench_press,1.0,4,7,velocity,last,P223_kg,COMPLETE,0,32,6.454759663472486,4.918871894410621,-1.5824348452087151,4.7506602331465295,8.001707546663207
bench_press,1.0,4,7,velocity,last,C223_kg,COMPLETE,0,32,9.70296315799649,7.503721218313595,-6.336187112644835,7.20677335603415,12.220025200196902
bench_press,1.0,4,7,velocity,last,P230_kg,COMPLETE,0,32,6.71548983743818,5.316114535178907,0.02711079635655178,5.035983199057005,8.13801557283907
bench_press,1.0,4,7,velocity,mean,P223_kg,COMPLETE,0,32,2.6813574497708994,2.231240868446303,0.3151712581207953,2.0170951046182046,3.300658650679358
bench_press,1.0,4,7,velocity,mean,C223_kg,COMPLETE,0,32,5.882796293302654,4.644731805932177,-4.438581009315325,4.328495235352769,7.442372661473022
bench_press,1.0,4,7,velocity,mean,P230_kg,COMPLETE,0,32,3.6169227844644447,2.738763555713582,1.9247168996860622,2.5894581264634247,4.623359741835441
bench_press,1.0,4,7,combined,last,P223_kg,COMPLETE,0,32,4.21068988385124,3.1906117403008247,-1.7613033856543634,2.914662783759903,5.39443787407979
bench_press,1.0,4,7,combined,last,C223_kg,COMPLETE,0,32,8.07254345684139,6.6288088170900945,-6.515055653090483,6.275915629196747,10.014944727268157
bench_press,1.0,4,7,combined,last,P230_kg,COMPLETE,0,32,4.351156841926278,3.454751952819055,-0.15175774408909648,3.1177441445208927,5.403442668899589
bench_press,1.0,4,7,combined,mean,P223_kg,COMPLETE,0,32,1.7980139667412798,1.4806542039653614,-0.5663127697739041,1.383683725241925,2.185025616290124
bench_press,1.0,4,7,combined,mean,C223_kg,COMPLETE,0,32,6.325351311184494,5.372957455404637,-5.320065037210024,4.949664587848078,7.7266169369674556
bench_press,1.0,4,7,combined,mean,P230_kg,COMPLETE,0,32,2.5204517279003475,2.1427068056357093,1.0432328717913628,2.0180019861197542,3.026060571354675
bench_press,1.0,4,7,load,last,P223_kg,COMPLETE,0,32,5.914591137114043,4.498112577943624,-1.2564166291281977,4.143195430729995,8.029254554079781
bench_press,1.0,4,7,load,last,C223_kg,COMPLETE,0,32,8.277082028925687,6.970909691450057,-6.010168896564318,6.59358480617718,9.772653696034928
bench_press,1.0,4,7,load,last,P230_kg,COMPLETE,0,32,5.765154553499124,4.420411732960448,0.3531290124370692,3.9067392455986907,7.984590907880927
bench_press,1.0,4,7,load,mean,P223_kg,COMPLETE,0,32,2.5951666272380516,2.129885861598322,-0.9844264909319551,2.061144876417493,3.1363871636873917
bench_press,1.0,4,7,load,mean,C223_kg,COMPLETE,0,32,6.930191147625515,5.7458337412813645,-5.7381787583680754,5.53136395533376,8.296241518663868
bench_press,1.0,4,7,load,mean,P230_kg,COMPLETE,0,32,2.8908539526546932,2.298469565213959,0.6251191506333118,2.200879121111006,3.6447527855378916
bench_press,1.0,16,1,assessment,last,P223_kg,COMPLETE,0,32,5.218541116167018,4.269796981213658,-1.0874153363643337,3.9227847132560307,6.552661242413992
bench_press,1.0,16,1,assessment,last,C223_kg,COMPLETE,0,32,7.6027454179151635,6.2700881054475515,-5.841167603800454,5.918330511811563,9.15553396775018
bench_press,1.0,16,1,assessment,last,P230_kg,COMPLETE,0,32,5.2833898184287005,4.337500900448649,0.5221303052009332,4.089536802393638,6.663261506902252
bench_press,1.0,16,1,assessment,mean,P223_kg,COMPLETE,0,32,2.1794166220349807,1.6112885618392143,-0.39974028359695346,1.5681406549173196,2.8052057801943753
bench_press,1.0,16,1,assessment,mean,C223_kg,COMPLETE,0,32,6.308499081191183,5.153492551033073,-5.153492551033073,4.8709002895658875,7.665081690872716
bench_press,1.0,16,1,assessment,mean,P230_kg,COMPLETE,0,32,3.150464774082675,2.412789114368645,1.2098053579683135,2.1789248570143194,4.201448034922835
bench_press,1.0,16,1,velocity,last,P223_kg,COMPLETE,0,32,6.454759663472486,4.918871894410621,-1.5824348452087151,4.7506602331465295,8.001707546663207
bench_press,1.0,16,1,velocity,last,C223_kg,COMPLETE,0,32,9.70296315799649,7.503721218313595,-6.336187112644835,7.20677335603415,12.220025200196902
bench_press,1.0,16,1,velocity,last,P230_kg,COMPLETE,0,32,6.71548983743818,5.316114535178907,0.02711079635655178,5.035983199057005,8.13801557283907
bench_press,1.0,16,1,velocity,mean,P223_kg,COMPLETE,0,32,1.9692296050272835,1.5731341400782481,0.7712489274445202,1.466118056047305,2.4155330231146537
bench_press,1.0,16,1,velocity,mean,C223_kg,COMPLETE,0,32,5.145689665721481,4.1348891968098656,-3.9825033399915997,3.7908807434338585,6.503861573175976
bench_press,1.0,16,1,velocity,mean,P230_kg,COMPLETE,0,32,3.2860759398620303,2.602557477222088,2.380794569009787,2.5026590387975087,4.007758383181363
bench_press,1.0,16,1,combined,last,P223_kg,COMPLETE,0,32,4.21068988385124,3.1906117403008247,-1.7613033856543634,2.914662783759903,5.39443787407979
bench_press,1.0,16,1,combined,last,C223_kg,COMPLETE,0,32,8.07254345684139,6.6288088170900945,-6.515055653090483,6.275915629196747,10.014944727268157
bench_press,1.0,16,1,combined,last,P230_kg,COMPLETE,0,32,4.351156841926278,3.454751952819055,-0.15175774408909648,3.1177441445208927,5.403442668899589
bench_press,1.0,16,1,combined,mean,P223_kg,COMPLETE,0,32,1.2552936021197674,1.04533203495199,-0.21037676561922858,0.9992995372428497,1.4977823768818213
bench_press,1.0,16,1,combined,mean,C223_kg,COMPLETE,0,32,5.921280567540738,4.981981157979871,-4.9641290330553485,4.697963539082024,7.113227792432421
bench_press,1.0,16,1,combined,mean,P230_kg,COMPLETE,0,32,2.4391634640345186,1.9073914515701405,1.3991688759460383,1.844309581256058,2.967735869893592
bench_press,1.0,16,1,load,last,P223_kg,COMPLETE,0,32,5.914591137114043,4.498112577943624,-1.2564166291281977,4.143195430729995,8.029254554079781
bench_press,1.0,16,1,load,last,C223_kg,COMPLETE,0,32,8.277082028925687,6.970909691450057,-6.010168896564318,6.59358480617718,9.772653696034928
bench_press,1.0,16,1,load,last,P230_kg,COMPLETE,0,32,5.765154553499124,4.420411732960448,0.3531290124370692,3.9067392455986907,7.984590907880927
bench_press,1.0,16,1,load,mean,P223_kg,COMPLETE,0,32,2.2272916185338008,1.627099393304083,-0.3848139454826578,1.5501301430447065,2.954724083629372
bench_press,1.0,16,1,load,mean,C223_kg,COMPLETE,0,32,6.350075351162879,5.138566212918778,-5.138566212918778,4.872702546700677,7.816969917595919
bench_press,1.0,16,1,load,mean,P230_kg,COMPLETE,0,32,3.1750074124929224,2.4102658725343233,1.2247316960826091,2.142034975035906,4.278633804875555
bench_press,1.0,16,7,assessment,last,P223_kg,COMPLETE,0,32,5.218541116167018,4.269796981213658,-1.0874153363643337,3.9227847132560307,6.552661242413992
bench_press,1.0,16,7,assessment,last,C223_kg,COMPLETE,0,32,7.6027454179151635,6.2700881054475515,-5.841167603800454,5.918330511811563,9.15553396775018
bench_press,1.0,16,7,assessment,last,P230_kg,COMPLETE,0,32,5.2833898184287005,4.337500900448649,0.5221303052009332,4.089536802393638,6.663261506902252
bench_press,1.0,16,7,assessment,mean,P223_kg,COMPLETE,0,32,2.4697813069390873,1.907381166817221,-1.1529515138674813,1.7618879195577086,3.231814162005108
bench_press,1.0,16,7,assessment,mean,C223_kg,COMPLETE,0,32,7.08344123180579,5.951457924124449,-5.906703781303602,5.44866826959928,8.67451687393139
bench_press,1.0,16,7,assessment,mean,P230_kg,COMPLETE,0,32,2.1985338127694267,1.6173957403656622,0.4565941276977856,1.47955678349927,2.9809148332488897
bench_press,1.0,16,7,velocity,last,P223_kg,COMPLETE,0,32,6.454759663472486,4.918871894410621,-1.5824348452087151,4.7506602331465295,8.001707546663207
bench_press,1.0,16,7,velocity,last,C223_kg,COMPLETE,0,32,9.70296315799649,7.503721218313595,-6.336187112644835,7.20677335603415,12.220025200196902
bench_press,1.0,16,7,velocity,last,P230_kg,COMPLETE,0,32,6.71548983743818,5.316114535178907,0.02711079635655178,5.035983199057005,8.13801557283907
bench_press,1.0,16,7,velocity,mean,P223_kg,COMPLETE,0,32,2.1350836914444487,1.5616713504329813,-0.9988090998366954,1.5359966498995303,2.643710752016978
bench_press,1.0,16,7,velocity,mean,C223_kg,COMPLETE,0,32,6.88259319673937,5.806916787668515,-5.752561367272815,5.5064095745084485,8.218245756004578
bench_press,1.0,16,7,velocity,mean,P230_kg,COMPLETE,0,32,1.9955359466938092,1.6593897284640375,0.6107365417285715,1.5791823314228202,2.4090074738789444
bench_press,1.0,16,7,combined,last,P223_kg,COMPLETE,0,32,4.21068988385124,3.1906117403008247,-1.7613033856543634,2.914662783759903,5.39443787407979
bench_press,1.0,16,7,combined,last,C223_kg,COMPLETE,0,32,8.07254345684139,6.6288088170900945,-6.515055653090483,6.275915629196747,10.014944727268157
bench_press,1.0,16,7,combined,last,P230_kg,COMPLETE,0,32,4.351156841926278,3.454751952819055,-0.15175774408909648,3.1177441445208927,5.403442668899589
bench_press,1.0,16,7,combined,mean,P223_kg,COMPLETE,0,32,2.379571956670014,1.866108275893978,-1.4900461212131488,1.6632844443893828,3.0168669427542483
bench_press,1.0,16,7,combined,mean,C223_kg,COMPLETE,0,32,7.31158763991212,6.2652506815681495,-6.243798388649269,5.792751359530671,8.740008146959715
bench_press,1.0,16,7,combined,mean,P230_kg,COMPLETE,0,32,1.8482670832534038,1.3431744687554676,0.11949952035211808,1.2013831183591994,2.5558897748359133
bench_press,1.0,16,7,load,last,P223_kg,COMPLETE,0,32,5.914591137114043,4.498112577943624,-1.2564166291281977,4.143195430729995,8.029254554079781
bench_press,1.0,16,7,load,last,C223_kg,COMPLETE,0,32,8.277082028925687,6.970909691450057,-6.010168896564318,6.59358480617718,9.772653696034928
bench_press,1.0,16,7,load,last,P230_kg,COMPLETE,0,32,5.765154553499124,4.420411732960448,0.3531290124370692,3.9067392455986907,7.984590907880927
bench_press,1.0,16,7,load,mean,P223_kg,COMPLETE,0,32,2.400950069573989,1.9040223236096026,-1.270640434039091,1.7542066310519842,3.0254652250571707
bench_press,1.0,16,7,load,mean,C223_kg,COMPLETE,0,32,7.1182842758423,6.069228524567782,-6.024392701475211,5.568614514559546,8.510386521242312
bench_press,1.0,16,7,load,mean,P230_kg,COMPLETE,0,32,1.990588995602009,1.4674841904277822,0.3389052075261758,1.3652605907680688,2.6566062319687305
bench_press,1.0,32,1,assessment,last,P223_kg,COMPLETE,0,32,5.218541116167018,4.269796981213658,-1.0874153363643337,3.9227847132560307,6.552661242413992
bench_press,1.0,32,1,assessment,last,C223_kg,COMPLETE,0,32,7.6027454179151635,6.2700881054475515,-5.841167603800454,5.918330511811563,9.15553396775018
bench_press,1.0,32,1,assessment,last,P230_kg,COMPLETE,0,32,5.2833898184287005,4.337500900448649,0.5221303052009332,4.089536802393638,6.663261506902252
bench_press,1.0,32,1,assessment,mean,P223_kg,COMPLETE,0,32,2.000595524503607,1.3957567721623727,-0.783591737414568,1.2565184947744743,2.782428127529324
bench_press,1.0,32,1,assessment,mean,C223_kg,COMPLETE,0,32,6.784268257333302,5.537344004850688,-5.537344004850688,5.1876687429622095,8.309892264359735
bench_press,1.0,32,1,assessment,mean,P230_kg,COMPLETE,0,32,2.3751032396712843,1.7328505455144705,0.8259539041506989,1.661392453352049,3.0830344631855486
bench_press,1.0,32,1,velocity,last,P223_kg,COMPLETE,0,32,6.454759663472486,4.918871894410621,-1.5824348452087151,4.7506602331465295,8.001707546663207
bench_press,1.0,32,1,velocity,last,C223_kg,COMPLETE,0,32,9.70296315799649,7.503721218313595,-6.336187112644835,7.20677335603415,12.220025200196902
bench_press,1.0,32,1,velocity,last,P230_kg,COMPLETE,0,32,6.71548983743818,5.316114535178907,0.02711079635655178,5.035983199057005,8.13801557283907
bench_press,1.0,32,1,velocity,mean,P223_kg,COMPLETE,0,32,1.1834072091879364,0.8170016833423053,0.09748235600399857,0.7696277240822775,1.6309122694861544
bench_press,1.0,32,1,velocity,mean,C223_kg,COMPLETE,0,32,5.761602049818833,4.659662260948686,-4.656269911432121,4.398687506277208,7.212528022369007
bench_press,1.0,32,1,velocity,mean,P230_kg,COMPLETE,0,32,2.3228176705613532,1.9108698594244915,1.7070279975692655,1.8567755992195514,2.734508564611539
bench_press,1.0,32,1,combined,last,P223_kg,COMPLETE,0,32,4.21068988385124,3.1906117403008247,-1.7613033856543634,2.914662783759903,5.39443787407979
bench_press,1.0,32,1,combined,last,C223_kg,COMPLETE,0,32,8.07254345684139,6.6288088170900945,-6.515055653090483,6.275915629196747,10.014944727268157
bench_press,1.0,32,1,combined,last,P230_kg,COMPLETE,0,32,4.351156841926278,3.454751952819055,-0.15175774408909648,3.1177441445208927,5.403442668899589
bench_press,1.0,32,1,combined,mean,P223_kg,COMPLETE,0,32,1.5266965077110484,1.1025451991926238,-0.7517466726680957,1.01527910505902,2.027410023658881
bench_press,1.0,32,1,combined,mean,C223_kg,COMPLETE,0,32,6.608521866691832,5.505498940104216,-5.505498940104216,5.141488847042559,8.012215657603237
bench_press,1.0,32,1,combined,mean,P230_kg,COMPLETE,0,32,1.887324951116826,1.4746539749585512,0.8577989688971712,1.4305282918180817,2.321037297262556
bench_press,1.0,32,1,load,last,P223_kg,COMPLETE,0,32,5.914591137114043,4.498112577943624,-1.2564166291281977,4.143195430729995,8.029254554079781
bench_press,1.0,32,1,load,last,C223_kg,COMPLETE,0,32,8.277082028925687,6.970909691450057,-6.010168896564318,6.59358480617718,9.772653696034928
bench_press,1.0,32,1,load,last,P230_kg,COMPLETE,0,32,5.765154553499124,4.420411732960448,0.3531290124370692,3.9067392455986907,7.984590907880927
bench_press,1.0,32,1,load,mean,P223_kg,COMPLETE,0,32,1.9891129551079807,1.3684866169758165,-0.800572875201254,1.266428806886541,2.748891723017073
bench_press,1.0,32,1,load,mean,C223_kg,COMPLETE,0,32,6.785295919253194,5.5607311561420385,-5.554325142637374,5.192259271883287,8.296430427817882
bench_press,1.0,32,1,load,mean,P230_kg,COMPLETE,0,32,2.357959007279413,1.6775477391891016,0.8089727663640129,1.6047955681724646,3.1140072729424872
bench_press,1.0,32,7,assessment,last,P223_kg,COMPLETE,0,32,5.218541116167018,4.269796981213658,-1.0874153363643337,3.9227847132560307,6.552661242413992
bench_press,1.0,32,7,assessment,last,C223_kg,COMPLETE,0,32,7.6027454179151635,6.2700881054475515,-5.841167603800454,5.918330511811563,9.15553396775018
bench_press,1.0,32,7,assessment,last,P230_kg,COMPLETE,0,32,5.2833898184287005,4.337500900448649,0.5221303052009332,4.089536802393638,6.663261506902252
bench_press,1.0,32,7,assessment,mean,P223_kg,COMPLETE,0,32,3.909022218987731,3.113676768560491,-3.113676768560491,3.0266711195022444,4.758574452491539
bench_press,1.0,32,7,assessment,mean,C223_kg,COMPLETE,0,32,8.947145868383478,7.8674290359966115,-7.8674290359966115,7.399719500778831,10.62914997116988
bench_press,1.0,32,7,assessment,mean,P230_kg,COMPLETE,0,32,2.7302300706584073,2.0210703253297178,-1.5041311269952242,1.9081038970076252,3.515995650818618
bench_press,1.0,32,7,velocity,last,P223_kg,COMPLETE,0,32,6.454759663472486,4.918871894410621,-1.5824348452087151,4.7506602331465295,8.001707546663207
bench_press,1.0,32,7,velocity,last,C223_kg,COMPLETE,0,32,9.70296315799649,7.503721218313595,-6.336187112644835,7.20677335603415,12.220025200196902
bench_press,1.0,32,7,velocity,last,P230_kg,COMPLETE,0,32,6.71548983743818,5.316114535178907,0.02711079635655178,5.035983199057005,8.13801557283907
bench_press,1.0,32,7,velocity,mean,P223_kg,COMPLETE,0,32,3.7202222090411885,2.905702432541982,-2.905702432541982,2.8079545238537134,4.646486173927279
bench_press,1.0,32,7,velocity,mean,C223_kg,COMPLETE,0,32,8.810973960337543,7.659454699978102,-7.659454699978102,7.2725091273904345,10.246963298348499
bench_press,1.0,32,7,velocity,mean,P230_kg,COMPLETE,0,32,2.5625752203821786,1.6038368180704872,-1.296156790976715,1.5594021408546932,3.3965433040218516
bench_press,1.0,32,7,combined,last,P223_kg,COMPLETE,0,32,4.21068988385124,3.1906117403008247,-1.7613033856543634,2.914662783759903,5.39443787407979
bench_press,1.0,32,7,combined,last,C223_kg,COMPLETE,0,32,8.07254345684139,6.6288088170900945,-6.515055653090483,6.275915629196747,10.014944727268157
bench_press,1.0,32,7,combined,last,P230_kg,COMPLETE,0,32,4.351156841926278,3.454751952819055,-0.15175774408909648,3.1177441445208927,5.403442668899589
bench_press,1.0,32,7,combined,mean,P223_kg,COMPLETE,0,32,4.126132813291063,3.4248431159215618,-3.4248431159215618,3.226463415049499,4.998762862019204
bench_press,1.0,32,7,combined,mean,C223_kg,COMPLETE,0,32,9.267079697473955,8.178595383357681,-8.178595383357681,7.6294148033635425,10.767809907856371
bench_press,1.0,32,7,combined,mean,P230_kg,COMPLETE,0,32,2.838222307072138,1.9899769640389309,-1.8152974743562948,1.8782063293145215,3.6508030313953745
bench_press,1.0,32,7,load,last,P223_kg,COMPLETE,0,32,5.914591137114043,4.498112577943624,-1.2564166291281977,4.143195430729995,8.029254554079781
bench_press,1.0,32,7,load,last,C223_kg,COMPLETE,0,32,8.277082028925687,6.970909691450057,-6.010168896564318,6.59358480617718,9.772653696034928
bench_press,1.0,32,7,load,last,P230_kg,COMPLETE,0,32,5.765154553499124,4.420411732960448,0.3531290124370692,3.9067392455986907,7.984590907880927
bench_press,1.0,32,7,load,mean,P223_kg,COMPLETE,0,32,3.8947307108558316,3.1484166219802225,-3.1326139943349447,3.0281015471895927,4.708024944881298
bench_press,1.0,32,7,load,mean,C223_kg,COMPLETE,0,32,8.947012561562312,7.886366261771065,-7.886366261771065,7.412572814233569,10.529586732502292
bench_press,1.0,32,7,load,mean,P230_kg,COMPLETE,0,32,2.6937524377477393,1.9869993105388737,-1.5230683527696778,1.9108237268510135,3.4138928233663877
bench_press,2.0,1,1,assessment,last,P223_kg,COMPLETE,0,32,10.437082232334037,8.539593962427316,-2.1748306727286675,7.8455694265120615,13.105322484827983
bench_press,2.0,1,1,assessment,last,C223_kg,COMPLETE,0,32,11.867599162909826,9.778377647934986,-6.928582940164787,9.237062625035879,14.32514630996693
bench_press,2.0,1,1,assessment,last,P230_kg,COMPLETE,0,32,10.279960408367184,8.480160831211233,-0.5652850311634006,7.859404434366134,12.923904219200113
bench_press,2.0,1,1,assessment,mean,P223_kg,COMPLETE,0,32,10.437082232334037,8.539593962427316,-2.1748306727286675,7.8455694265120615,13.105322484827983
bench_press,2.0,1,1,assessment,mean,C223_kg,COMPLETE,0,32,11.867599162909826,9.778377647934986,-6.928582940164787,9.237062625035879,14.32514630996693
bench_press,2.0,1,1,assessment,mean,P230_kg,COMPLETE,0,32,10.279960408367184,8.480160831211233,-0.5652850311634006,7.859404434366134,12.923904219200113
bench_press,2.0,1,1,velocity,last,P223_kg,COMPLETE,0,32,12.920449268347022,9.862207794647123,-2.6899855357182676,9.436485092580243,15.94932047496223
bench_press,2.0,1,1,velocity,last,C223_kg,COMPLETE,0,32,15.39986413246634,11.548311351742463,-7.443737803154387,11.435896771552184,19.413951973832187
bench_press,2.0,1,1,velocity,last,P230_kg,COMPLETE,0,32,13.054471056411336,10.161789213298022,-1.0804398941530007,9.459706490057982,16.03017467270325
bench_press,2.0,1,1,velocity,mean,P223_kg,COMPLETE,0,32,12.920449268347022,9.862207794647123,-2.6899855357182676,9.436485092580243,15.94932047496223
bench_press,2.0,1,1,velocity,mean,C223_kg,COMPLETE,0,32,15.39986413246634,11.548311351742463,-7.443737803154387,11.435896771552184,19.413951973832187
bench_press,2.0,1,1,velocity,mean,P230_kg,COMPLETE,0,32,13.054471056411336,10.161789213298022,-1.0804398941530007,9.459706490057982,16.03017467270325
bench_press,2.0,1,1,combined,last,P223_kg,COMPLETE,0,32,8.544945993464411,6.551798324254243,-4.034975403612669,5.948067547261788,10.896854417594756
bench_press,2.0,1,1,combined,last,C223_kg,COMPLETE,0,32,11.997172843133788,9.378323365271292,-8.78872767104879,8.899355515741453,15.053508451404829
bench_press,2.0,1,1,combined,last,P230_kg,COMPLETE,0,32,8.322018129703448,6.143442560244443,-2.425429762047402,5.738892663924099,10.669439295236785
bench_press,2.0,1,1,combined,mean,P223_kg,COMPLETE,0,32,8.544945993464411,6.551798324254243,-4.034975403612669,5.948067547261788,10.896854417594756
bench_press,2.0,1,1,combined,mean,C223_kg,COMPLETE,0,32,11.997172843133788,9.378323365271292,-8.78872767104879,8.899355515741453,15.053508451404829
bench_press,2.0,1,1,combined,mean,P230_kg,COMPLETE,0,32,8.322018129703448,6.143442560244443,-2.425429762047402,5.738892663924099,10.669439295236785
bench_press,2.0,1,1,load,last,P223_kg,COMPLETE,0,32,10.90400820737684,8.53578596016987,-2.337245667121188,7.864796640159873,14.327289668756952
bench_press,2.0,1,1,load,last,C223_kg,COMPLETE,0,32,12.396971798627137,10.091913866374298,-7.090997934557308,9.597849164855377,14.885165144344942
bench_press,2.0,1,1,load,last,P230_kg,COMPLETE,0,32,10.63929746756254,8.45777377135007,-0.727700025555921,7.5956692507576795,14.234461024854347
bench_press,2.0,1,1,load,mean,P223_kg,COMPLETE,0,32,10.90400820737684,8.53578596016987,-2.337245667121188,7.864796640159873,14.327289668756952
bench_press,2.0,1,1,load,mean,C223_kg,COMPLETE,0,32,12.396971798627137,10.091913866374298,-7.090997934557308,9.597849164855377,14.885165144344942
bench_press,2.0,1,1,load,mean,P230_kg,COMPLETE,0,32,10.63929746756254,8.45777377135007,-0.727700025555921,7.5956692507576795,14.234461024854347
bench_press,2.0,1,7,assessment,last,P223_kg,COMPLETE,0,32,10.437082232334037,8.539593962427316,-2.1748306727286675,7.8455694265120615,13.105322484827983
bench_press,2.0,1,7,assessment,last,C223_kg,COMPLETE,0,32,11.867599162909826,9.778377647934986,-6.928582940164787,9.237062625035879,14.32514630996693
bench_press,2.0,1,7,assessment,last,P230_kg,COMPLETE,0,32,10.279960408367184,8.480160831211233,-0.5652850311634006,7.859404434366134,12.923904219200113
bench_press,2.0,1,7,assessment,mean,P223_kg,COMPLETE,0,32,10.437082232334037,8.539593962427316,-2.1748306727286675,7.8455694265120615,13.105322484827983
bench_press,2.0,1,7,assessment,mean,C223_kg,COMPLETE,0,32,11.867599162909826,9.778377647934986,-6.928582940164787,9.237062625035879,14.32514630996693
bench_press,2.0,1,7,assessment,mean,P230_kg,COMPLETE,0,32,10.279960408367184,8.480160831211233,-0.5652850311634006,7.859404434366134,12.923904219200113
bench_press,2.0,1,7,velocity,last,P223_kg,COMPLETE,0,32,12.920449268347022,9.862207794647123,-2.6899855357182676,9.436485092580243,15.94932047496223
bench_press,2.0,1,7,velocity,last,C223_kg,COMPLETE,0,32,15.39986413246634,11.548311351742463,-7.443737803154387,11.435896771552184,19.413951973832187
bench_press,2.0,1,7,velocity,last,P230_kg,COMPLETE,0,32,13.054471056411336,10.161789213298022,-1.0804398941530007,9.459706490057982,16.03017467270325
bench_press,2.0,1,7,velocity,mean,P223_kg,COMPLETE,0,32,12.920449268347022,9.862207794647123,-2.6899855357182676,9.436485092580243,15.94932047496223
bench_press,2.0,1,7,velocity,mean,C223_kg,COMPLETE,0,32,15.39986413246634,11.548311351742463,-7.443737803154387,11.435896771552184,19.413951973832187
bench_press,2.0,1,7,velocity,mean,P230_kg,COMPLETE,0,32,13.054471056411336,10.161789213298022,-1.0804398941530007,9.459706490057982,16.03017467270325
bench_press,2.0,1,7,combined,last,P223_kg,COMPLETE,0,32,8.544945993464411,6.551798324254243,-4.034975403612669,5.948067547261788,10.896854417594756
bench_press,2.0,1,7,combined,last,C223_kg,COMPLETE,0,32,11.997172843133788,9.378323365271292,-8.78872767104879,8.899355515741453,15.053508451404829
bench_press,2.0,1,7,combined,last,P230_kg,COMPLETE,0,32,8.322018129703448,6.143442560244443,-2.425429762047402,5.738892663924099,10.669439295236785
bench_press,2.0,1,7,combined,mean,P223_kg,COMPLETE,0,32,8.544945993464411,6.551798324254243,-4.034975403612669,5.948067547261788,10.896854417594756
bench_press,2.0,1,7,combined,mean,C223_kg,COMPLETE,0,32,11.997172843133788,9.378323365271292,-8.78872767104879,8.899355515741453,15.053508451404829
bench_press,2.0,1,7,combined,mean,P230_kg,COMPLETE,0,32,8.322018129703448,6.143442560244443,-2.425429762047402,5.738892663924099,10.669439295236785
bench_press,2.0,1,7,load,last,P223_kg,COMPLETE,0,32,10.90400820737684,8.53578596016987,-2.337245667121188,7.864796640159873,14.327289668756952
bench_press,2.0,1,7,load,last,C223_kg,COMPLETE,0,32,12.396971798627137,10.091913866374298,-7.090997934557308,9.597849164855377,14.885165144344942
bench_press,2.0,1,7,load,last,P230_kg,COMPLETE,0,32,10.63929746756254,8.45777377135007,-0.727700025555921,7.5956692507576795,14.234461024854347
bench_press,2.0,1,7,load,mean,P223_kg,COMPLETE,0,32,10.90400820737684,8.53578596016987,-2.337245667121188,7.864796640159873,14.327289668756952
bench_press,2.0,1,7,load,mean,C223_kg,COMPLETE,0,32,12.396971798627137,10.091913866374298,-7.090997934557308,9.597849164855377,14.885165144344942
bench_press,2.0,1,7,load,mean,P230_kg,COMPLETE,0,32,10.63929746756254,8.45777377135007,-0.727700025555921,7.5956692507576795,14.234461024854347
bench_press,2.0,4,1,assessment,last,P223_kg,COMPLETE,0,32,10.437082232334037,8.539593962427316,-2.1748306727286675,7.8455694265120615,13.105322484827983
bench_press,2.0,4,1,assessment,last,C223_kg,COMPLETE,0,32,11.867599162909826,9.778377647934986,-6.928582940164787,9.237062625035879,14.32514630996693
bench_press,2.0,4,1,assessment,last,P230_kg,COMPLETE,0,32,10.279960408367184,8.480160831211233,-0.5652850311634006,7.859404434366134,12.923904219200113
bench_press,2.0,4,1,assessment,mean,P223_kg,COMPLETE,0,32,7.732281172863454,6.385652201958198,-0.5189164077532067,6.16248804092335,9.206488860716432
bench_press,2.0,4,1,assessment,mean,C223_kg,COMPLETE,0,32,10.056817173435181,7.114277244840567,-5.272668675189326,6.68342932794684,12.781906227230257
bench_press,2.0,4,1,assessment,mean,P230_kg,COMPLETE,0,32,7.7397400466975546,6.780225476078411,1.0906292338120602,6.544783401922824,8.93755992511259
bench_press,2.0,4,1,velocity,last,P223_kg,COMPLETE,0,32,12.920449268347022,9.862207794647123,-2.6899855357182676,9.436485092580243,15.94932047496223
bench_press,2.0,4,1,velocity,last,C223_kg,COMPLETE,0,32,15.39986413246634,11.548311351742463,-7.443737803154387,11.435896771552184,19.413951973832187
bench_press,2.0,4,1,velocity,last,P230_kg,COMPLETE,0,32,13.054471056411336,10.161789213298022,-1.0804398941530007,9.459706490057982,16.03017467270325
bench_press,2.0,4,1,velocity,mean,P223_kg,COMPLETE,0,32,6.286412482911159,4.788055232065849,0.6593827380207506,4.643974918791636,7.7523501715669685
bench_press,2.0,4,1,velocity,mean,C223_kg,COMPLETE,0,32,7.8594667420200945,5.9977114238732785,-4.094369529415369,5.736912550704274,9.93079002148551
bench_press,2.0,4,1,velocity,mean,P230_kg,COMPLETE,0,32,6.942567579024147,5.435305754187037,2.2689283795860176,5.093352864815275,8.581238242477587
bench_press,2.0,4,1,combined,last,P223_kg,COMPLETE,0,32,8.544945993464411,6.551798324254243,-4.034975403612669,5.948067547261788,10.896854417594756
bench_press,2.0,4,1,combined,last,C223_kg,COMPLETE,0,32,11.997172843133788,9.378323365271292,-8.78872767104879,8.899355515741453,15.053508451404829
bench_press,2.0,4,1,combined,last,P230_kg,COMPLETE,0,32,8.322018129703448,6.143442560244443,-2.425429762047402,5.738892663924099,10.669439295236785
bench_press,2.0,4,1,combined,mean,P223_kg,COMPLETE,0,32,5.335543896122794,3.807186483988678,-1.6447362787537898,3.8233974757067273,6.85815295773525
bench_press,2.0,4,1,combined,mean,C223_kg,COMPLETE,0,32,8.952172610214287,6.579561081205824,-6.39848854618991,6.327554510692124,11.466092453092076
bench_press,2.0,4,1,combined,mean,P230_kg,COMPLETE,0,32,5.115495739654203,3.924412840213052,-0.03519063718852289,3.761126968171436,6.400560420428489
bench_press,2.0,4,1,load,last,P223_kg,COMPLETE,0,32,10.90400820737684,8.53578596016987,-2.337245667121188,7.864796640159873,14.327289668756952
bench_press,2.0,4,1,load,last,C223_kg,COMPLETE,0,32,12.396971798627137,10.091913866374298,-7.090997934557308,9.597849164855377,14.885165144344942
bench_press,2.0,4,1,load,last,P230_kg,COMPLETE,0,32,10.63929746756254,8.45777377135007,-0.727700025555921,7.5956692507576795,14.234461024854347
bench_press,2.0,4,1,load,mean,P223_kg,COMPLETE,0,32,7.9153593920370175,6.673793098346904,-0.493117707799005,6.399850025470543,9.322870208525687
bench_press,2.0,4,1,load,mean,C223_kg,COMPLETE,0,32,10.262212199960771,7.37182141671959,-5.246869975235125,6.935199613923867,13.026011252217934
bench_press,2.0,4,1,load,mean,P230_kg,COMPLETE,0,32,7.934164277837452,6.897196368073892,1.116427933766262,6.74808652511306,9.112451696440631
bench_press,2.0,4,7,assessment,last,P223_kg,COMPLETE,0,32,10.437082232334037,8.539593962427316,-2.1748306727286675,7.8455694265120615,13.105322484827983
bench_press,2.0,4,7,assessment,last,C223_kg,COMPLETE,0,32,11.867599162909826,9.778377647934986,-6.928582940164787,9.237062625035879,14.32514630996693
bench_press,2.0,4,7,assessment,last,P230_kg,COMPLETE,0,32,10.279960408367184,8.480160831211233,-0.5652850311634006,7.859404434366134,12.923904219200113
bench_press,2.0,4,7,assessment,mean,P223_kg,COMPLETE,0,32,4.711320610500217,3.824332699114342,-1.2896885460047653,3.818796012262107,5.54353341940171
bench_press,2.0,4,7,assessment,mean,C223_kg,COMPLETE,0,32,8.160764680692152,6.636877785670386,-6.043440813440885,6.319691952091773,9.965137779902564
bench_press,2.0,4,7,assessment,mean,P230_kg,COMPLETE,0,32,4.9611351645465795,4.006824792872355,0.31985709556050157,3.883624626302079,6.075197588457337
bench_press,2.0,4,7,velocity,last,P223_kg,COMPLETE,0,32,12.920449268347022,9.862207794647123,-2.6899855357182676,9.436485092580243,15.94932047496223
bench_press,2.0,4,7,velocity,last,C223_kg,COMPLETE,0,32,15.39986413246634,11.548311351742463,-7.443737803154387,11.435896771552184,19.413951973832187
bench_press,2.0,4,7,velocity,last,P230_kg,COMPLETE,0,32,13.054471056411336,10.161789213298022,-1.0804398941530007,9.459706490057982,16.03017467270325
bench_press,2.0,4,7,velocity,mean,P223_kg,COMPLETE,0,32,5.4391602349893855,4.429394909030375,1.0900841722682357,3.96038466299806,6.7950111915950036
bench_press,2.0,4,7,velocity,mean,C223_kg,COMPLETE,0,32,7.002546886035053,5.495527316387054,-3.663668095167884,5.128601063744328,9.042049072815267
bench_press,2.0,4,7,velocity,mean,P230_kg,COMPLETE,0,32,6.244241005423604,4.854628767265657,2.6996298138335026,4.380266643007819,8.048353595441709
bench_press,2.0,4,7,combined,last,P223_kg,COMPLETE,0,32,8.544945993464411,6.551798324254243,-4.034975403612669,5.948067547261788,10.896854417594756
bench_press,2.0,4,7,combined,last,C223_kg,COMPLETE,0,32,11.997172843133788,9.378323365271292,-8.78872767104879,8.899355515741453,15.053508451404829
bench_press,2.0,4,7,combined,last,P230_kg,COMPLETE,0,32,8.322018129703448,6.143442560244443,-2.425429762047402,5.738892663924099,10.669439295236785
bench_press,2.0,4,7,combined,mean,P223_kg,COMPLETE,0,32,3.7279385029845704,3.078582122718242,-1.7876274723943468,2.913311217240481,4.4778123495711
bench_press,2.0,4,7,combined,mean,C223_kg,COMPLETE,0,32,7.990864966459003,6.655134269506055,-6.541379739830466,6.214338538526127,9.84647427729189
bench_press,2.0,4,7,combined,mean,P230_kg,COMPLETE,0,32,3.7251698500674495,3.213055903259443,-0.1780818308290799,3.032136910053325,4.343334639173876
bench_press,2.0,4,7,load,last,P223_kg,COMPLETE,0,32,10.90400820737684,8.53578596016987,-2.337245667121188,7.864796640159873,14.327289668756952
bench_press,2.0,4,7,load,last,C223_kg,COMPLETE,0,32,12.396971798627137,10.091913866374298,-7.090997934557308,9.597849164855377,14.885165144344942
bench_press,2.0,4,7,load,last,P230_kg,COMPLETE,0,32,10.63929746756254,8.45777377135007,-0.727700025555921,7.5956692507576795,14.234461024854347
bench_press,2.0,4,7,load,mean,P223_kg,COMPLETE,0,32,4.8504265977349075,3.893775289476744,-1.608404925594312,3.8814393447702438,5.690015740142838
bench_press,2.0,4,7,load,mean,C223_kg,COMPLETE,0,32,8.455332380439819,6.941978026355157,-6.362157193030432,6.61937760400297,10.232660559301328
bench_press,2.0,4,7,load,mean,P230_kg,COMPLETE,0,32,4.940612215886239,3.9437817669917976,0.0011407159709548864,3.9385395218527233,5.975768785227184
bench_press,2.0,16,1,assessment,last,P223_kg,COMPLETE,0,32,10.437082232334037,8.539593962427316,-2.1748306727286675,7.8455694265120615,13.105322484827983
bench_press,2.0,16,1,assessment,last,C223_kg,COMPLETE,0,32,11.867599162909826,9.778377647934986,-6.928582940164787,9.237062625035879,14.32514630996693
bench_press,2.0,16,1,assessment,last,P230_kg,COMPLETE,0,32,10.279960408367184,8.480160831211233,-0.5652850311634006,7.859404434366134,12.923904219200113
bench_press,2.0,16,1,assessment,mean,P223_kg,COMPLETE,0,32,4.189111927342084,3.084332661923634,-0.9950140822663194,2.9957535616154103,5.4208201132836615
bench_press,2.0,16,1,assessment,mean,C223_kg,COMPLETE,0,32,7.734184169241187,5.98778210787748,-5.748766349702439,5.700797584604089,9.853004759051652
bench_press,2.0,16,1,assessment,mean,P230_kg,COMPLETE,0,32,4.743541465709705,3.631496595394474,0.6145315592989475,3.3621047176321412,6.230708971667848
bench_press,2.0,16,1,velocity,last,P223_kg,COMPLETE,0,32,12.920449268347022,9.862207794647123,-2.6899855357182676,9.436485092580243,15.94932047496223
bench_press,2.0,16,1,velocity,last,C223_kg,COMPLETE,0,32,15.39986413246634,11.548311351742463,-7.443737803154387,11.435896771552184,19.413951973832187
bench_press,2.0,16,1,velocity,last,P230_kg,COMPLETE,0,32,13.054471056411336,10.161789213298022,-1.0804398941530007,9.459706490057982,16.03017467270325
bench_press,2.0,16,1,velocity,mean,P223_kg,COMPLETE,0,32,4.221039320372285,3.27073730035004,1.7811768512312587,3.0613848771420904,5.193174118672211
bench_press,2.0,16,1,velocity,mean,C223_kg,COMPLETE,0,32,5.500813322643626,4.130484884553423,-2.972575416204861,3.668546391030431,7.308830790715454
bench_press,2.0,16,1,velocity,mean,P230_kg,COMPLETE,0,32,5.2740663477143475,4.0244897116906575,3.3907224927965256,3.947435809080574,6.50590674379517
bench_press,2.0,16,1,combined,last,P223_kg,COMPLETE,0,32,8.544945993464411,6.551798324254243,-4.034975403612669,5.948067547261788,10.896854417594756
bench_press,2.0,16,1,combined,last,C223_kg,COMPLETE,0,32,11.997172843133788,9.378323365271292,-8.78872767104879,8.899355515741453,15.053508451404829
bench_press,2.0,16,1,combined,last,P230_kg,COMPLETE,0,32,8.322018129703448,6.143442560244443,-2.425429762047402,5.738892663924099,10.669439295236785
bench_press,2.0,16,1,combined,mean,P223_kg,COMPLETE,0,32,2.848791962405692,2.30802469963435,-1.356049157712392,2.191504452300714,3.5240217213681877
bench_press,2.0,16,1,combined,mean,C223_kg,COMPLETE,0,32,7.47044097047044,6.192547751786117,-6.109801425148512,5.815270140425008,9.0586421987666
bench_press,2.0,16,1,combined,mean,P230_kg,COMPLETE,0,32,2.9581791120246006,2.3859669474124465,0.2534964838528748,2.2878225472463773,3.6015177505775964
bench_press,2.0,16,1,load,last,P223_kg,COMPLETE,0,32,10.90400820737684,8.53578596016987,-2.337245667121188,7.864796640159873,14.327289668756952
bench_press,2.0,16,1,load,last,C223_kg,COMPLETE,0,32,12.396971798627137,10.091913866374298,-7.090997934557308,9.597849164855377,14.885165144344942
bench_press,2.0,16,1,load,last,P230_kg,COMPLETE,0,32,10.63929746756254,8.45777377135007,-0.727700025555921,7.5956692507576795,14.234461024854347
bench_press,2.0,16,1,load,mean,P223_kg,COMPLETE,0,32,4.208704186686249,3.060932719186179,-0.9827840560247858,2.949391624391444,5.575938844942923
bench_press,2.0,16,1,load,mean,C223_kg,COMPLETE,0,32,7.7676715650405335,5.941817335720975,-5.736536323460905,5.687865205063118,9.933588097113793
bench_press,2.0,16,1,load,mean,P230_kg,COMPLETE,0,32,4.753186845953893,3.5667843500610985,0.6267615855404811,3.239530908641795,6.306953256924831
bench_press,2.0,16,7,assessment,last,P223_kg,COMPLETE,0,32,10.437082232334037,8.539593962427316,-2.1748306727286675,7.8455694265120615,13.105322484827983
bench_press,2.0,16,7,assessment,last,C223_kg,COMPLETE,0,32,11.867599162909826,9.778377647934986,-6.928582940164787,9.237062625035879,14.32514630996693
bench_press,2.0,16,7,assessment,last,P230_kg,COMPLETE,0,32,10.279960408367184,8.480160831211233,-0.5652850311634006,7.859404434366134,12.923904219200113
bench_press,2.0,16,7,assessment,mean,P223_kg,COMPLETE,0,32,3.9633209525973077,2.856360845733969,-1.2583080790194372,2.6594025457989123,5.411075898520384
bench_press,2.0,16,7,assessment,mean,C223_kg,COMPLETE,0,32,7.825032592301182,6.2522125709470675,-6.0120603464555575,5.5758826447272,10.084370917024659
bench_press,2.0,16,7,assessment,mean,P230_kg,COMPLETE,0,32,3.767867896272828,2.7136577169444145,0.3512375625458297,2.4496462144491975,5.197112240489682
bench_press,2.0,16,7,velocity,last,P223_kg,COMPLETE,0,32,12.920449268347022,9.862207794647123,-2.6899855357182676,9.436485092580243,15.94932047496223
bench_press,2.0,16,7,velocity,last,C223_kg,COMPLETE,0,32,15.39986413246634,11.548311351742463,-7.443737803154387,11.435896771552184,19.413951973832187
bench_press,2.0,16,7,velocity,last,P230_kg,COMPLETE,0,32,13.054471056411336,10.161789213298022,-1.0804398941530007,9.459706490057982,16.03017467270325
bench_press,2.0,16,7,velocity,mean,P223_kg,COMPLETE,0,32,3.045748785600624,2.4155463798825316,-0.5755558900187614,2.308355194504331,3.7503792430778047
bench_press,2.0,16,7,velocity,mean,C223_kg,COMPLETE,0,32,6.966922777456058,5.637798166549259,-5.329308157454881,5.223781350307976,8.67245197890435
bench_press,2.0,16,7,velocity,mean,P230_kg,COMPLETE,0,32,3.2199433823246166,2.6854888586341175,1.0339897515465055,2.5942767726836444,3.901143805809789
bench_press,2.0,16,7,combined,last,P223_kg,COMPLETE,0,32,8.544945993464411,6.551798324254243,-4.034975403612669,5.948067547261788,10.896854417594756
bench_press,2.0,16,7,combined,last,C223_kg,COMPLETE,0,32,11.997172843133788,9.378323365271292,-8.78872767104879,8.899355515741453,15.053508451404829
bench_press,2.0,16,7,combined,last,P230_kg,COMPLETE,0,32,8.322018129703448,6.143442560244443,-2.425429762047402,5.738892663924099,10.669439295236785
bench_press,2.0,16,7,combined,mean,P223_kg,COMPLETE,0,32,3.930701756576763,2.9854649377517535,-2.5722881350934936,2.660404713799255,5.261799144899579
bench_press,2.0,16,7,combined,mean,C223_kg,COMPLETE,0,32,8.668548043033605,7.330061939177546,-7.326040402529613,6.715775042354382,10.66788365052125
bench_press,2.0,16,7,combined,mean,P230_kg,COMPLETE,0,32,3.143274752729797,2.222972702496449,-0.9627424935282267,1.9134084144196692,4.521839950243796
bench_press,2.0,16,7,load,last,P223_kg,COMPLETE,0,32,10.90400820737684,8.53578596016987,-2.337245667121188,7.864796640159873,14.327289668756952
bench_press,2.0,16,7,load,last,C223_kg,COMPLETE,0,32,12.396971798627137,10.091913866374298,-7.090997934557308,9.597849164855377,14.885165144344942
bench_press,2.0,16,7,load,last,P230_kg,COMPLETE,0,32,10.63929746756254,8.45777377135007,-0.727700025555921,7.5956692507576795,14.234461024854347
bench_press,2.0,16,7,load,mean,P223_kg,COMPLETE,0,32,3.803767104230653,2.8263623725621883,-1.3801953289441768,2.6198833002070945,5.125350673512719
bench_press,2.0,16,7,load,mean,C223_kg,COMPLETE,0,32,7.801044217601233,6.330856476869185,-6.133947596380297,5.681055553657043,9.891952144092036
bench_press,2.0,16,7,load,mean,P230_kg,COMPLETE,0,32,3.5221699800659514,2.5597279356357285,0.22935031262109007,2.288002149369224,4.820071959119893
bench_press,2.0,32,1,assessment,last,P223_kg,COMPLETE,0,32,10.437082232334037,8.539593962427316,-2.1748306727286675,7.8455694265120615,13.105322484827983
bench_press,2.0,32,1,assessment,last,C223_kg,COMPLETE,0,32,11.867599162909826,9.778377647934986,-6.928582940164787,9.237062625035879,14.32514630996693
bench_press,2.0,32,1,assessment,last,P230_kg,COMPLETE,0,32,10.279960408367184,8.480160831211233,-0.5652850311634006,7.859404434366134,12.923904219200113
bench_press,2.0,32,1,assessment,mean,P223_kg,COMPLETE,0,32,3.454763384187581,2.2484212706945663,-1.2626362086319918,1.9643528610445924,4.985712017286577
bench_press,2.0,32,1,assessment,mean,C223_kg,COMPLETE,0,32,7.837555697194298,6.109129590621572,-6.016388476068112,5.580199576558798,10.132086560231883
bench_press,2.0,32,1,assessment,mean,P230_kg,COMPLETE,0,32,3.5635208893124077,2.4585727928802745,0.34690943293327514,2.279279277389059,5.034060900366331
bench_press,2.0,32,1,velocity,last,P223_kg,COMPLETE,0,32,12.920449268347022,9.862207794647123,-2.6899855357182676,9.436485092580243,15.94932047496223
bench_press,2.0,32,1,velocity,last,C223_kg,COMPLETE,0,32,15.39986413246634,11.548311351742463,-7.443737803154387,11.435896771552184,19.413951973832187
bench_press,2.0,32,1,velocity,last,P230_kg,COMPLETE,0,32,13.054471056411336,10.161789213298022,-1.0804398941530007,9.459706490057982,16.03017467270325
bench_press,2.0,32,1,velocity,mean,P223_kg,COMPLETE,0,32,2.1884624057992004,1.5064551284494443,0.918278801689786,1.481117532251596,2.9160001485170914
bench_press,2.0,32,1,velocity,mean,C223_kg,COMPLETE,0,32,5.421511154176708,4.097148083215185,-3.835473465746334,3.8054094475271953,7.198849237283061
bench_press,2.0,32,1,velocity,mean,P230_kg,COMPLETE,0,32,3.4309373823416047,2.8443556762469893,2.527824443255053,2.787381306492031,4.003727211316894
bench_press,2.0,32,1,combined,last,P223_kg,COMPLETE,0,32,8.544945993464411,6.551798324254243,-4.034975403612669,5.948067547261788,10.896854417594756
bench_press,2.0,32,1,combined,last,C223_kg,COMPLETE,0,32,11.997172843133788,9.378323365271292,-8.78872767104879,8.899355515741453,15.053508451404829
bench_press,2.0,32,1,combined,last,P230_kg,COMPLETE,0,32,8.322018129703448,6.143442560244443,-2.425429762047402,5.738892663924099,10.669439295236785
bench_press,2.0,32,1,combined,mean,P223_kg,COMPLETE,0,32,2.980944256741492,2.1143045650148746,-1.9178640619143437,1.8641544714528309,3.9810748474668447
bench_press,2.0,32,1,combined,mean,C223_kg,COMPLETE,0,32,8.05969801127704,6.671616329350464,-6.671616329350464,6.143610037311487,9.944902349717443
bench_press,2.0,32,1,combined,mean,P230_kg,COMPLETE,0,32,2.485968987878601,1.727220812719255,-0.30831842034907675,1.464190919659612,3.466504701980689
bench_press,2.0,32,1,load,last,P223_kg,COMPLETE,0,32,10.90400820737684,8.53578596016987,-2.337245667121188,7.864796640159873,14.327289668756952
bench_press,2.0,32,1,load,last,C223_kg,COMPLETE,0,32,12.396971798627137,10.091913866374298,-7.090997934557308,9.597849164855377,14.885165144344942
bench_press,2.0,32,1,load,last,P230_kg,COMPLETE,0,32,10.63929746756254,8.45777377135007,-0.727700025555921,7.5956692507576795,14.234461024854347
bench_press,2.0,32,1,load,mean,P223_kg,COMPLETE,0,32,3.441404828900791,2.197115645950511,-1.2849463958272986,1.9861126116861296,4.98774814511863
bench_press,2.0,32,1,load,mean,C223_kg,COMPLETE,0,32,7.839996916012816,6.144962927048133,-6.0386986632634185,5.661544429407334,10.100129915307225
bench_press,2.0,32,1,load,mean,P230_kg,COMPLETE,0,32,3.5437427070300425,2.390725568117525,0.3245992457379683,2.264092108034844,5.046858963667734
bench_press,2.0,32,7,assessment,last,P223_kg,COMPLETE,0,32,10.437082232334037,8.539593962427316,-2.1748306727286675,7.8455694265120615,13.105322484827983
bench_press,2.0,32,7,assessment,last,C223_kg,COMPLETE,0,32,11.867599162909826,9.778377647934986,-6.928582940164787,9.237062625035879,14.32514630996693
bench_press,2.0,32,7,assessment,last,P230_kg,COMPLETE,0,32,10.279960408367184,8.480160831211233,-0.5652850311634006,7.859404434366134,12.923904219200113
bench_press,2.0,32,7,assessment,mean,P223_kg,COMPLETE,0,32,4.615848422391041,3.6263045986953157,-3.2828636372804176,3.486739029214727,5.698643697905351
bench_press,2.0,32,7,assessment,mean,C223_kg,COMPLETE,0,32,9.369099501661916,8.036615904716538,-8.036615904716538,7.448855504138854,11.330587563421352
bench_press,2.0,32,7,assessment,mean,P230_kg,COMPLETE,0,32,3.5638602274021856,2.730115384511484,-1.6733179957151507,2.6148339625109633,4.563553510933835
bench_press,2.0,32,7,velocity,last,P223_kg,COMPLETE,0,32,12.920449268347022,9.862207794647123,-2.6899855357182676,9.436485092580243,15.94932047496223
bench_press,2.0,32,7,velocity,last,C223_kg,COMPLETE,0,32,15.39986413246634,11.548311351742463,-7.443737803154387,11.435896771552184,19.413951973832187
bench_press,2.0,32,7,velocity,last,P230_kg,COMPLETE,0,32,13.054471056411336,10.161789213298022,-1.0804398941530007,9.459706490057982,16.03017467270325
bench_press,2.0,32,7,velocity,mean,P223_kg,COMPLETE,0,32,3.6538176041296206,2.608490879278933,-2.4869972996909366,2.5235316499249922,4.781577778553606
bench_press,2.0,32,7,velocity,mean,C223_kg,COMPLETE,0,32,8.603302693499574,7.240749567127056,-7.240749567127056,6.912645863248625,10.12866077146536
bench_press,2.0,32,7,velocity,mean,P230_kg,COMPLETE,0,32,2.6750185649397955,1.796048214528016,-0.8774516581256697,1.6346074230842755,3.6466653020895587
bench_press,2.0,32,7,combined,last,P223_kg,COMPLETE,0,32,8.544945993464411,6.551798324254243,-4.034975403612669,5.948067547261788,10.896854417594756
bench_press,2.0,32,7,combined,last,C223_kg,COMPLETE,0,32,11.997172843133788,9.378323365271292,-8.78872767104879,8.899355515741453,15.053508451404829
bench_press,2.0,32,7,combined,last,P230_kg,COMPLETE,0,32,8.322018129703448,6.143442560244443,-2.425429762047402,5.738892663924099,10.669439295236785
bench_press,2.0,32,7,combined,mean,P223_kg,COMPLETE,0,32,5.400845168169365,4.550242023937178,-4.550242023937178,4.2886376556138615,6.417359502076583
bench_press,2.0,32,7,combined,mean,C223_kg,COMPLETE,0,32,10.530265801389774,9.303994291373298,-9.303994291373298,8.634501412552103,12.31678924325056
bench_press,2.0,32,7,combined,mean,P230_kg,COMPLETE,0,32,4.011461256317947,3.0710087726998285,-2.940696382371911,2.8997976768479337,5.0365948228581505
bench_press,2.0,32,7,load,last,P223_kg,COMPLETE,0,32,10.90400820737684,8.53578596016987,-2.337245667121188,7.864796640159873,14.327289668756952
bench_press,2.0,32,7,load,last,C223_kg,COMPLETE,0,32,12.396971798627137,10.091913866374298,-7.090997934557308,9.597849164855377,14.885165144344942
bench_press,2.0,32,7,load,last,P230_kg,COMPLETE,0,32,10.63929746756254,8.45777377135007,-0.727700025555921,7.5956692507576795,14.234461024854347
bench_press,2.0,32,7,load,mean,P223_kg,COMPLETE,0,32,4.5575041705767365,3.570874334016423,-3.3032353702499173,3.453663196595068,5.636134940568962
bench_press,2.0,32,7,load,mean,C223_kg,COMPLETE,0,32,9.347298403974056,8.056987637686037,-8.056987637686037,7.478603634254695,11.175716742439853
bench_press,2.0,32,7,load,mean,P230_kg,COMPLETE,0,32,3.4740124308489873,2.659507105564604,-1.6936897286846504,2.545422493235704,4.3855519228080775
deadlift,0.0,1,1,assessment,last,P223_kg,COMPLETE,0,32,0.0,0.0,0.0,0.0,0.0
deadlift,0.0,1,1,assessment,last,C223_kg,COMPLETE,0,32,8.295909709754813,7.374398122904383,-7.374398122904383,7.020136571974713,9.438493297929126
deadlift,0.0,1,1,assessment,last,P230_kg,COMPLETE,0,32,3.0500404111717128,2.354939042020308,2.0581011017698456,2.2168673141558473,3.828896621487895
deadlift,0.0,1,1,assessment,mean,P223_kg,COMPLETE,0,32,0.0,0.0,0.0,0.0,0.0
deadlift,0.0,1,1,assessment,mean,C223_kg,COMPLETE,0,32,8.295909709754813,7.374398122904383,-7.374398122904383,7.020136571974713,9.438493297929126
deadlift,0.0,1,1,assessment,mean,P230_kg,COMPLETE,0,32,3.0500404111717128,2.354939042020308,2.0581011017698456,2.2168673141558473,3.828896621487895
deadlift,0.0,1,1,velocity,last,P223_kg,COMPLETE,0,32,2.842170943040401e-14,1.9539925233402755e-14,1.9539925233402755e-14,2.1316282072803006e-14,3.517007107451656e-14
deadlift,0.0,1,1,velocity,last,C223_kg,COMPLETE,0,32,8.295909709754799,7.374398122904363,-7.374398122904363,7.020136571974702,9.438493297929112
deadlift,0.0,1,1,velocity,last,P230_kg,COMPLETE,0,32,3.0500404111717216,2.354939042020326,2.058101101769865,2.216867314155859,3.828896621487899
deadlift,0.0,1,1,velocity,mean,P223_kg,COMPLETE,0,32,2.842170943040401e-14,1.9539925233402755e-14,1.9539925233402755e-14,2.1316282072803006e-14,3.517007107451656e-14
deadlift,0.0,1,1,velocity,mean,C223_kg,COMPLETE,0,32,8.295909709754799,7.374398122904363,-7.374398122904363,7.020136571974702,9.438493297929112
deadlift,0.0,1,1,velocity,mean,P230_kg,COMPLETE,0,32,3.0500404111717216,2.354939042020326,2.058101101769865,2.216867314155859,3.828896621487899
deadlift,0.0,1,1,combined,last,P223_kg,COMPLETE,0,32,1.2306961192854808e-14,5.329070518200751e-15,5.329070518200751e-15,7.105427357601002e-15,1.6663704229186144e-14
deadlift,0.0,1,1,combined,last,C223_kg,COMPLETE,0,32,8.295909709754811,7.374398122904378,-7.374398122904378,7.020136571974712,9.438493297929126
deadlift,0.0,1,1,combined,last,P230_kg,COMPLETE,0,32,3.0500404111717137,2.3549390420203116,2.058101101769851,2.2168673141558473,3.8288966214878957
deadlift,0.0,1,1,combined,mean,P223_kg,COMPLETE,0,32,1.2306961192854808e-14,5.329070518200751e-15,5.329070518200751e-15,7.105427357601002e-15,1.6663704229186144e-14
deadlift,0.0,1,1,combined,mean,C223_kg,COMPLETE,0,32,8.295909709754811,7.374398122904378,-7.374398122904378,7.020136571974712,9.438493297929126
deadlift,0.0,1,1,combined,mean,P230_kg,COMPLETE,0,32,3.0500404111717137,2.3549390420203116,2.058101101769851,2.2168673141558473,3.8288966214878957
deadlift,0.0,1,1,load,last,P223_kg,COMPLETE,0,32,3.1011741246877356,2.546005649759679,0.19942802090751588,2.4300524713554097,3.7038564069285793
deadlift,0.0,1,1,load,last,C223_kg,COMPLETE,0,32,8.064107010325333,7.186642470105416,-7.174970101996867,6.711429749105925,9.298806245348247
deadlift,0.0,1,1,load,last,P230_kg,COMPLETE,0,32,4.858865395062096,3.7422753308396057,2.2575291226773615,3.5936686401942404,6.0474080331877476
deadlift,0.0,1,1,load,mean,P223_kg,COMPLETE,0,32,3.1011741246877356,2.546005649759679,0.19942802090751588,2.4300524713554097,3.7038564069285793
deadlift,0.0,1,1,load,mean,C223_kg,COMPLETE,0,32,8.064107010325333,7.186642470105416,-7.174970101996867,6.711429749105925,9.298806245348247
deadlift,0.0,1,1,load,mean,P230_kg,COMPLETE,0,32,4.858865395062096,3.7422753308396057,2.2575291226773615,3.5936686401942404,6.0474080331877476
deadlift,0.0,1,7,assessment,last,P223_kg,COMPLETE,0,32,0.0,0.0,0.0,0.0,0.0
deadlift,0.0,1,7,assessment,last,C223_kg,COMPLETE,0,32,8.295909709754813,7.374398122904383,-7.374398122904383,7.020136571974713,9.438493297929126
deadlift,0.0,1,7,assessment,last,P230_kg,COMPLETE,0,32,3.0500404111717128,2.354939042020308,2.0581011017698456,2.2168673141558473,3.828896621487895
deadlift,0.0,1,7,assessment,mean,P223_kg,COMPLETE,0,32,0.0,0.0,0.0,0.0,0.0
deadlift,0.0,1,7,assessment,mean,C223_kg,COMPLETE,0,32,8.295909709754813,7.374398122904383,-7.374398122904383,7.020136571974713,9.438493297929126
deadlift,0.0,1,7,assessment,mean,P230_kg,COMPLETE,0,32,3.0500404111717128,2.354939042020308,2.0581011017698456,2.2168673141558473,3.828896621487895
deadlift,0.0,1,7,velocity,last,P223_kg,COMPLETE,0,32,2.842170943040401e-14,1.9539925233402755e-14,1.9539925233402755e-14,2.1316282072803006e-14,3.517007107451656e-14
deadlift,0.0,1,7,velocity,last,C223_kg,COMPLETE,0,32,8.295909709754799,7.374398122904363,-7.374398122904363,7.020136571974702,9.438493297929112
deadlift,0.0,1,7,velocity,last,P230_kg,COMPLETE,0,32,3.0500404111717216,2.354939042020326,2.058101101769865,2.216867314155859,3.828896621487899
deadlift,0.0,1,7,velocity,mean,P223_kg,COMPLETE,0,32,2.842170943040401e-14,1.9539925233402755e-14,1.9539925233402755e-14,2.1316282072803006e-14,3.517007107451656e-14
deadlift,0.0,1,7,velocity,mean,C223_kg,COMPLETE,0,32,8.295909709754799,7.374398122904363,-7.374398122904363,7.020136571974702,9.438493297929112
deadlift,0.0,1,7,velocity,mean,P230_kg,COMPLETE,0,32,3.0500404111717216,2.354939042020326,2.058101101769865,2.216867314155859,3.828896621487899
deadlift,0.0,1,7,combined,last,P223_kg,COMPLETE,0,32,1.2306961192854808e-14,5.329070518200751e-15,5.329070518200751e-15,7.105427357601002e-15,1.6663704229186144e-14
deadlift,0.0,1,7,combined,last,C223_kg,COMPLETE,0,32,8.295909709754811,7.374398122904378,-7.374398122904378,7.020136571974712,9.438493297929126
deadlift,0.0,1,7,combined,last,P230_kg,COMPLETE,0,32,3.0500404111717137,2.3549390420203116,2.058101101769851,2.2168673141558473,3.8288966214878957
deadlift,0.0,1,7,combined,mean,P223_kg,COMPLETE,0,32,1.2306961192854808e-14,5.329070518200751e-15,5.329070518200751e-15,7.105427357601002e-15,1.6663704229186144e-14
deadlift,0.0,1,7,combined,mean,C223_kg,COMPLETE,0,32,8.295909709754811,7.374398122904378,-7.374398122904378,7.020136571974712,9.438493297929126
deadlift,0.0,1,7,combined,mean,P230_kg,COMPLETE,0,32,3.0500404111717137,2.3549390420203116,2.058101101769851,2.2168673141558473,3.8288966214878957
deadlift,0.0,1,7,load,last,P223_kg,COMPLETE,0,32,3.1011741246877356,2.546005649759679,0.19942802090751588,2.4300524713554097,3.7038564069285793
deadlift,0.0,1,7,load,last,C223_kg,COMPLETE,0,32,8.064107010325333,7.186642470105416,-7.174970101996867,6.711429749105925,9.298806245348247
deadlift,0.0,1,7,load,last,P230_kg,COMPLETE,0,32,4.858865395062096,3.7422753308396057,2.2575291226773615,3.5936686401942404,6.0474080331877476
deadlift,0.0,1,7,load,mean,P223_kg,COMPLETE,0,32,3.1011741246877356,2.546005649759679,0.19942802090751588,2.4300524713554097,3.7038564069285793
deadlift,0.0,1,7,load,mean,C223_kg,COMPLETE,0,32,8.064107010325333,7.186642470105416,-7.174970101996867,6.711429749105925,9.298806245348247
deadlift,0.0,1,7,load,mean,P230_kg,COMPLETE,0,32,4.858865395062096,3.7422753308396057,2.2575291226773615,3.5936686401942404,6.0474080331877476
deadlift,0.0,4,1,assessment,last,P223_kg,COMPLETE,0,32,0.0,0.0,0.0,0.0,0.0
deadlift,0.0,4,1,assessment,last,C223_kg,COMPLETE,0,32,8.295909709754813,7.374398122904383,-7.374398122904383,7.020136571974713,9.438493297929126
deadlift,0.0,4,1,assessment,last,P230_kg,COMPLETE,0,32,3.0500404111717128,2.354939042020308,2.0581011017698456,2.2168673141558473,3.828896621487895
deadlift,0.0,4,1,assessment,mean,P223_kg,COMPLETE,0,32,0.23086080948214333,0.14833846502079062,0.1402178749443017,0.11889104109433311,0.32716006556413363
deadlift,0.0,4,1,assessment,mean,C223_kg,COMPLETE,0,32,8.152427665777202,7.234180247960081,-7.234180247960081,6.917266752751625,9.277844751060657
deadlift,0.0,4,1,assessment,mean,P230_kg,COMPLETE,0,32,3.2000538389201565,2.4601659112761736,2.1983189767141473,2.3361822478775602,4.028224585238544
deadlift,0.0,4,1,velocity,last,P223_kg,COMPLETE,0,32,2.842170943040401e-14,1.9539925233402755e-14,1.9539925233402755e-14,2.1316282072803006e-14,3.517007107451656e-14
deadlift,0.0,4,1,velocity,last,C223_kg,COMPLETE,0,32,8.295909709754799,7.374398122904363,-7.374398122904363,7.020136571974702,9.438493297929112
deadlift,0.0,4,1,velocity,last,P230_kg,COMPLETE,0,32,3.0500404111717216,2.354939042020326,2.058101101769865,2.216867314155859,3.828896621487899
deadlift,0.0,4,1,velocity,mean,P223_kg,COMPLETE,0,32,0.2308608094821507,0.14833846502080217,0.1402178749443168,0.11889104109434515,0.3271600655641423
deadlift,0.0,4,1,velocity,mean,C223_kg,COMPLETE,0,32,8.152427665777191,7.234180247960066,-7.234180247960066,6.917266752751612,9.27784475106064
deadlift,0.0,4,1,velocity,mean,P230_kg,COMPLETE,0,32,3.2000538389201614,2.460165911276185,2.1983189767141624,2.3361822478775696,4.028224585238547
deadlift,0.0,4,1,combined,last,P223_kg,COMPLETE,0,32,1.2306961192854808e-14,5.329070518200751e-15,5.329070518200751e-15,7.105427357601002e-15,1.6663704229186144e-14
deadlift,0.0,4,1,combined,last,C223_kg,COMPLETE,0,32,8.295909709754811,7.374398122904378,-7.374398122904378,7.020136571974712,9.438493297929126
deadlift,0.0,4,1,combined,last,P230_kg,COMPLETE,0,32,3.0500404111717137,2.3549390420203116,2.058101101769851,2.2168673141558473,3.8288966214878957
deadlift,0.0,4,1,combined,mean,P223_kg,COMPLETE,0,32,0.23086080948214485,0.14833846502079417,0.14021787494430882,0.11889104109433538,0.3271600655641345
deadlift,0.0,4,1,combined,mean,C223_kg,COMPLETE,0,32,8.152427665777196,7.234180247960074,-7.234180247960074,6.917266752751623,9.277844751060647
deadlift,0.0,4,1,combined,mean,P230_kg,COMPLETE,0,32,3.2000538389201587,2.4601659112761807,2.1983189767141544,2.336182247877565,4.028224585238545
deadlift,0.0,4,1,load,last,P223_kg,COMPLETE,0,32,3.1011741246877356,2.546005649759679,0.19942802090751588,2.4300524713554097,3.7038564069285793
deadlift,0.0,4,1,load,last,C223_kg,COMPLETE,0,32,8.064107010325333,7.186642470105416,-7.174970101996867,6.711429749105925,9.298806245348247
deadlift,0.0,4,1,load,last,P230_kg,COMPLETE,0,32,4.858865395062096,3.7422753308396057,2.2575291226773615,3.5936686401942404,6.0474080331877476
deadlift,0.0,4,1,load,mean,P223_kg,COMPLETE,0,32,1.8212757988019646,1.4251848932139657,-0.1506888272703515,1.3393670859565108,2.3352606072112967
deadlift,0.0,4,1,load,mean,C223_kg,COMPLETE,0,32,8.489988112540166,7.525086950174734,-7.525086950174734,7.151029576603869,9.693541323899275
deadlift,0.0,4,1,load,mean,P230_kg,COMPLETE,0,32,3.704420493189864,2.7878897952201562,1.9074122744994941,2.67335313039621,4.677906205385943
deadlift,0.0,4,7,assessment,last,P223_kg,COMPLETE,0,32,0.0,0.0,0.0,0.0,0.0
deadlift,0.0,4,7,assessment,last,C223_kg,COMPLETE,0,32,8.295909709754813,7.374398122904383,-7.374398122904383,7.020136571974713,9.438493297929126
deadlift,0.0,4,7,assessment,last,P230_kg,COMPLETE,0,32,3.0500404111717128,2.354939042020308,2.0581011017698456,2.2168673141558473,3.828896621487895
deadlift,0.0,4,7,assessment,mean,P223_kg,COMPLETE,0,32,1.33415109457092,1.015571353176699,0.03979290677707059,0.9754470958440845,1.6338256795364003
deadlift,0.0,4,7,assessment,mean,C223_kg,COMPLETE,0,32,8.57914883711991,7.369240322347927,-7.334605216127312,7.128045269151425,9.97135979810229
deadlift,0.0,4,7,assessment,mean,P230_kg,COMPLETE,0,32,2.892007303019211,2.2311533035637297,2.097894008546916,2.0767127839487256,3.636986831259589
deadlift,0.0,4,7,velocity,last,P223_kg,COMPLETE,0,32,2.842170943040401e-14,1.9539925233402755e-14,1.9539925233402755e-14,2.1316282072803006e-14,3.517007107451656e-14
deadlift,0.0,4,7,velocity,last,C223_kg,COMPLETE,0,32,8.295909709754799,7.374398122904363,-7.374398122904363,7.020136571974702,9.438493297929112
deadlift,0.0,4,7,velocity,last,P230_kg,COMPLETE,0,32,3.0500404111717216,2.354939042020326,2.058101101769865,2.216867314155859,3.828896621487899
deadlift,0.0,4,7,velocity,mean,P223_kg,COMPLETE,0,32,1.3341510945709167,1.015571353176692,0.03979290677709191,0.9754470958440892,1.6338256795363926
deadlift,0.0,4,7,velocity,mean,C223_kg,COMPLETE,0,32,8.579148837119886,7.369240322347905,-7.334605216127291,7.1280452691514045,9.971359798102261
deadlift,0.0,4,7,velocity,mean,P230_kg,COMPLETE,0,32,2.8920073030192257,2.231153303563744,2.0978940085469375,2.0767127839487363,3.6369868312596054
deadlift,0.0,4,7,combined,last,P223_kg,COMPLETE,0,32,1.2306961192854808e-14,5.329070518200751e-15,5.329070518200751e-15,7.105427357601002e-15,1.6663704229186144e-14
deadlift,0.0,4,7,combined,last,C223_kg,COMPLETE,0,32,8.295909709754811,7.374398122904378,-7.374398122904378,7.020136571974712,9.438493297929126
deadlift,0.0,4,7,combined,last,P230_kg,COMPLETE,0,32,3.0500404111717137,2.3549390420203116,2.058101101769851,2.2168673141558473,3.8288966214878957
deadlift,0.0,4,7,combined,mean,P223_kg,COMPLETE,0,32,1.3341510945709187,1.0155713531766946,0.03979290677707503,0.9754470958440843,1.6338256795363997
deadlift,0.0,4,7,combined,mean,C223_kg,COMPLETE,0,32,8.579148837119904,7.369240322347922,-7.334605216127308,7.1280452691514204,9.97135979810228
deadlift,0.0,4,7,combined,mean,P230_kg,COMPLETE,0,32,2.892007303019215,2.231153303563734,2.0978940085469207,2.076712783948726,3.636986831259591
deadlift,0.0,4,7,load,last,P223_kg,COMPLETE,0,32,3.1011741246877356,2.546005649759679,0.19942802090751588,2.4300524713554097,3.7038564069285793
deadlift,0.0,4,7,load,last,C223_kg,COMPLETE,0,32,8.064107010325333,7.186642470105416,-7.174970101996867,6.711429749105925,9.298806245348247
deadlift,0.0,4,7,load,last,P230_kg,COMPLETE,0,32,4.858865395062096,3.7422753308396057,2.2575291226773615,3.5936686401942404,6.0474080331877476
deadlift,0.0,4,7,load,mean,P223_kg,COMPLETE,0,32,1.7517024806216992,1.2874751640968487,0.15656355312867376,1.1966521522166196,2.2651697859895803
deadlift,0.0,4,7,load,mean,C223_kg,COMPLETE,0,32,8.408818117180408,7.310408630082028,-7.217834569775709,6.980544786204779,9.778655011585567
deadlift,0.0,4,7,load,mean,P230_kg,COMPLETE,0,32,3.4463281544834636,2.6202839040968575,2.2146646548985194,2.558443747676013,4.307120193541722
deadlift,0.0,16,1,assessment,last,P223_kg,COMPLETE,0,32,0.0,0.0,0.0,0.0,0.0
deadlift,0.0,16,1,assessment,last,C223_kg,COMPLETE,0,32,8.295909709754813,7.374398122904383,-7.374398122904383,7.020136571974713,9.438493297929126
deadlift,0.0,16,1,assessment,last,P230_kg,COMPLETE,0,32,3.0500404111717128,2.354939042020308,2.0581011017698456,2.2168673141558473,3.828896621487895
deadlift,0.0,16,1,assessment,mean,P223_kg,COMPLETE,0,32,1.0902453099374925,0.7049911682082683,0.41363060918064676,0.563469244067708,1.5615318400943743
deadlift,0.0,16,1,assessment,mean,C223_kg,COMPLETE,0,32,7.989398346466376,6.960767513723736,-6.960767513723736,6.70885248654499,9.196008868145755
deadlift,0.0,16,1,assessment,mean,P230_kg,COMPLETE,0,32,3.4942406927759784,2.6235589287005814,2.4717317109504924,2.442794160067468,4.445964895164141
deadlift,0.0,16,1,velocity,last,P223_kg,COMPLETE,0,32,2.842170943040401e-14,1.9539925233402755e-14,1.9539925233402755e-14,2.1316282072803006e-14,3.517007107451656e-14
deadlift,0.0,16,1,velocity,last,C223_kg,COMPLETE,0,32,8.295909709754799,7.374398122904363,-7.374398122904363,7.020136571974702,9.438493297929112
deadlift,0.0,16,1,velocity,last,P230_kg,COMPLETE,0,32,3.0500404111717216,2.354939042020326,2.058101101769865,2.216867314155859,3.828896621487899
deadlift,0.0,16,1,velocity,mean,P223_kg,COMPLETE,0,32,1.0902453099375005,0.7049911682082701,0.4136306091806663,0.5634692440677179,1.5615318400943863
deadlift,0.0,16,1,velocity,mean,C223_kg,COMPLETE,0,32,7.989398346466355,6.960767513723717,-6.960767513723717,6.708852486544977,9.196008868145725
deadlift,0.0,16,1,velocity,mean,P230_kg,COMPLETE,0,32,3.4942406927759957,2.623558928700601,2.471731710950512,2.4427941600674927,4.445964895164161
deadlift,0.0,16,1,combined,last,P223_kg,COMPLETE,0,32,1.2306961192854808e-14,5.329070518200751e-15,5.329070518200751e-15,7.105427357601002e-15,1.6663704229186144e-14
deadlift,0.0,16,1,combined,last,C223_kg,COMPLETE,0,32,8.295909709754811,7.374398122904378,-7.374398122904378,7.020136571974712,9.438493297929126
deadlift,0.0,16,1,combined,last,P230_kg,COMPLETE,0,32,3.0500404111717137,2.3549390420203116,2.058101101769851,2.2168673141558473,3.8288966214878957
deadlift,0.0,16,1,combined,mean,P223_kg,COMPLETE,0,32,1.0902453099374996,0.7049911682082737,0.4136306091806574,0.563469244067712,1.561531840094387
deadlift,0.0,16,1,combined,mean,C223_kg,COMPLETE,0,32,7.9893983464663645,6.9607675137237255,-6.9607675137237255,6.708852486544985,9.196008868145741
deadlift,0.0,16,1,combined,mean,P230_kg,COMPLETE,0,32,3.494240692775987,2.623558928700592,2.471731710950503,2.44279416006748,4.445964895164154
deadlift,0.0,16,1,load,last,P223_kg,COMPLETE,0,32,3.1011741246877356,2.546005649759679,0.19942802090751588,2.4300524713554097,3.7038564069285793
deadlift,0.0,16,1,load,last,C223_kg,COMPLETE,0,32,8.064107010325333,7.186642470105416,-7.174970101996867,6.711429749105925,9.298806245348247
deadlift,0.0,16,1,load,last,P230_kg,COMPLETE,0,32,4.858865395062096,3.7422753308396057,2.2575291226773615,3.5936686401942404,6.0474080331877476
deadlift,0.0,16,1,load,mean,P223_kg,COMPLETE,0,32,1.2231506577851623,0.8831930031716206,0.23457901129078262,0.8065956765155059,1.6274818202144474
deadlift,0.0,16,1,load,mean,C223_kg,COMPLETE,0,32,8.23480521795538,7.1398191116136,-7.1398191116136,6.916351359625589,9.534614766978132
deadlift,0.0,16,1,load,mean,P230_kg,COMPLETE,0,32,3.460930705613644,2.5666576308452242,2.2926801130606282,2.480518155821562,4.3142775586486115
deadlift,0.0,16,7,assessment,last,P223_kg,COMPLETE,0,32,0.0,0.0,0.0,0.0,0.0
deadlift,0.0,16,7,assessment,last,C223_kg,COMPLETE,0,32,8.295909709754813,7.374398122904383,-7.374398122904383,7.020136571974713,9.438493297929126
deadlift,0.0,16,7,assessment,last,P230_kg,COMPLETE,0,32,3.0500404111717128,2.354939042020308,2.0581011017698456,2.2168673141558473,3.828896621487895
deadlift,0.0,16,7,assessment,mean,P223_kg,COMPLETE,0,32,2.752454025030674,2.1539463089435182,-1.2443124384608817,2.0171773945374,3.4278321124584172
deadlift,0.0,16,7,assessment,mean,C223_kg,COMPLETE,0,32,10.231913177098505,8.909464721879424,-8.618710561365265,8.470763401212297,11.927675595930792
deadlift,0.0,16,7,assessment,mean,P230_kg,COMPLETE,0,32,2.080013162677677,1.4406379622270702,0.8137886633089639,1.3975764779464575,2.7021590839030596
deadlift,0.0,16,7,velocity,last,P223_kg,COMPLETE,0,32,2.842170943040401e-14,1.9539925233402755e-14,1.9539925233402755e-14,2.1316282072803006e-14,3.517007107451656e-14
deadlift,0.0,16,7,velocity,last,C223_kg,COMPLETE,0,32,8.295909709754799,7.374398122904363,-7.374398122904363,7.020136571974702,9.438493297929112
deadlift,0.0,16,7,velocity,last,P230_kg,COMPLETE,0,32,3.0500404111717216,2.354939042020326,2.058101101769865,2.216867314155859,3.828896621487899
deadlift,0.0,16,7,velocity,mean,P223_kg,COMPLETE,0,32,2.7524540250306666,2.1539463089435094,-1.2443124384608657,2.01717739453739,3.427832112458419
deadlift,0.0,16,7,velocity,mean,C223_kg,COMPLETE,0,32,10.231913177098491,8.90946472187941,-8.618710561365248,8.470763401212285,11.927675595930776
deadlift,0.0,16,7,velocity,mean,P230_kg,COMPLETE,0,32,2.0800131626776857,1.4406379622270808,0.8137886633089799,1.3975764779464626,2.7021590839030654
deadlift,0.0,16,7,combined,last,P223_kg,COMPLETE,0,32,1.2306961192854808e-14,5.329070518200751e-15,5.329070518200751e-15,7.105427357601002e-15,1.6663704229186144e-14
deadlift,0.0,16,7,combined,last,C223_kg,COMPLETE,0,32,8.295909709754811,7.374398122904378,-7.374398122904378,7.020136571974712,9.438493297929126
deadlift,0.0,16,7,combined,last,P230_kg,COMPLETE,0,32,3.0500404111717137,2.3549390420203116,2.058101101769851,2.2168673141558473,3.8288966214878957
deadlift,0.0,16,7,combined,mean,P223_kg,COMPLETE,0,32,2.7524540250306733,2.1539463089435165,-1.2443124384608781,2.017177394537399,3.4278321124584163
deadlift,0.0,16,7,combined,mean,C223_kg,COMPLETE,0,32,10.231913177098502,8.90946472187942,-8.618710561365262,8.470763401212292,11.92767559593079
deadlift,0.0,16,7,combined,mean,P230_kg,COMPLETE,0,32,2.080013162677679,1.4406379622270737,0.8137886633089675,1.3975764779464601,2.7021590839030596
deadlift,0.0,16,7,load,last,P223_kg,COMPLETE,0,32,3.1011741246877356,2.546005649759679,0.19942802090751588,2.4300524713554097,3.7038564069285793
deadlift,0.0,16,7,load,last,C223_kg,COMPLETE,0,32,8.064107010325333,7.186642470105416,-7.174970101996867,6.711429749105925,9.298806245348247
deadlift,0.0,16,7,load,last,P230_kg,COMPLETE,0,32,4.858865395062096,3.7422753308396057,2.2575291226773615,3.5936686401942404,6.0474080331877476
deadlift,0.0,16,7,load,mean,P223_kg,COMPLETE,0,32,2.6954688713984445,2.0713456175115095,-1.1888433670521437,1.9027400543583788,3.437065310341286
deadlift,0.0,16,7,load,mean,C223_kg,COMPLETE,0,32,10.11959980590309,8.756762524814997,-8.563241489956527,8.337695725482194,11.97596995302273
deadlift,0.0,16,7,load,mean,P230_kg,COMPLETE,0,32,2.12739359946912,1.4673539794630157,0.869257734717702,1.378374750127124,2.807562737778715
deadlift,0.0,32,1,assessment,last,P223_kg,COMPLETE,0,32,0.0,0.0,0.0,0.0,0.0
deadlift,0.0,32,1,assessment,last,C223_kg,COMPLETE,0,32,8.295909709754813,7.374398122904383,-7.374398122904383,7.020136571974713,9.438493297929126
deadlift,0.0,32,1,assessment,last,P230_kg,COMPLETE,0,32,3.0500404111717128,2.354939042020308,2.0581011017698456,2.2168673141558473,3.828896621487895
deadlift,0.0,32,1,assessment,mean,P223_kg,COMPLETE,0,32,1.7850220528756342,1.4450656508848896,-0.19678188299108879,1.3668038855479356,2.1775992169131437
deadlift,0.0,32,1,assessment,mean,C223_kg,COMPLETE,0,32,8.993170190233538,7.7432029524532515,-7.571180005895472,7.440690835576697,10.447590573917257
deadlift,0.0,32,1,assessment,mean,P230_kg,COMPLETE,0,32,2.6912518605734994,2.0107964434899817,1.8613192187787568,1.8245717788832068,3.4469937488218094
deadlift,0.0,32,1,velocity,last,P223_kg,COMPLETE,0,32,2.842170943040401e-14,1.9539925233402755e-14,1.9539925233402755e-14,2.1316282072803006e-14,3.517007107451656e-14
deadlift,0.0,32,1,velocity,last,C223_kg,COMPLETE,0,32,8.295909709754799,7.374398122904363,-7.374398122904363,7.020136571974702,9.438493297929112
deadlift,0.0,32,1,velocity,last,P230_kg,COMPLETE,0,32,3.0500404111717216,2.354939042020326,2.058101101769865,2.216867314155859,3.828896621487899
deadlift,0.0,32,1,velocity,mean,P223_kg,COMPLETE,0,32,1.7850220528756366,1.4450656508848914,-0.19678188299106747,1.366803885547927,2.1775992169131526
deadlift,0.0,32,1,velocity,mean,C223_kg,COMPLETE,0,32,8.993170190233519,7.743202952453232,-7.57118000589545,7.440690835576681,10.447590573917228
deadlift,0.0,32,1,velocity,mean,P230_kg,COMPLETE,0,32,2.691251860573516,2.0107964434899905,1.8613192187787782,1.8245717788832327,3.4469937488218396
deadlift,0.0,32,1,combined,last,P223_kg,COMPLETE,0,32,1.2306961192854808e-14,5.329070518200751e-15,5.329070518200751e-15,7.105427357601002e-15,1.6663704229186144e-14
deadlift,0.0,32,1,combined,last,C223_kg,COMPLETE,0,32,8.295909709754811,7.374398122904378,-7.374398122904378,7.020136571974712,9.438493297929126
deadlift,0.0,32,1,combined,last,P230_kg,COMPLETE,0,32,3.0500404111717137,2.3549390420203116,2.058101101769851,2.2168673141558473,3.8288966214878957
deadlift,0.0,32,1,combined,mean,P223_kg,COMPLETE,0,32,1.7850220528756306,1.4450656508848851,-0.19678188299107902,1.3668038855479248,2.17759921691314
deadlift,0.0,32,1,combined,mean,C223_kg,COMPLETE,0,32,8.993170190233524,7.743202952453242,-7.571180005895462,7.44069083557669,10.447590573917234
deadlift,0.0,32,1,combined,mean,P230_kg,COMPLETE,0,32,2.691251860573511,2.010796443489986,1.8613192187787666,1.8245717788832148,3.4469937488218334
deadlift,0.0,32,1,load,last,P223_kg,COMPLETE,0,32,3.1011741246877356,2.546005649759679,0.19942802090751588,2.4300524713554097,3.7038564069285793
deadlift,0.0,32,1,load,last,C223_kg,COMPLETE,0,32,8.064107010325333,7.186642470105416,-7.174970101996867,6.711429749105925,9.298806245348247
deadlift,0.0,32,1,load,last,P230_kg,COMPLETE,0,32,4.858865395062096,3.7422753308396057,2.2575291226773615,3.5936686401942404,6.0474080331877476
deadlift,0.0,32,1,load,mean,P223_kg,COMPLETE,0,32,2.0624674810139534,1.6540649938361813,-0.23042697121292122,1.4844765530774349,2.618287489388294
deadlift,0.0,32,1,load,mean,C223_kg,COMPLETE,0,32,9.149945647317692,7.8650777082482755,-7.604825094117304,7.545405326363102,10.744806442327711
deadlift,0.0,32,1,load,mean,P230_kg,COMPLETE,0,32,2.674874092154956,1.9984797135424595,1.8276741305569244,1.7961696128689626,3.476855309126162
deadlift,0.0,32,7,assessment,last,P223_kg,COMPLETE,0,32,0.0,0.0,0.0,0.0,0.0
deadlift,0.0,32,7,assessment,last,C223_kg,COMPLETE,0,32,8.295909709754813,7.374398122904383,-7.374398122904383,7.020136571974713,9.438493297929126
deadlift,0.0,32,7,assessment,last,P230_kg,COMPLETE,0,32,3.0500404111717128,2.354939042020308,2.0581011017698456,2.2168673141558473,3.828896621487895
deadlift,0.0,32,7,assessment,mean,P223_kg,COMPLETE,0,32,5.101619904865807,4.1652774681576155,-3.945264168338607,3.8677927274389208,6.143916656547662
deadlift,0.0,32,7,assessment,mean,C223_kg,COMPLETE,0,32,12.91544317440192,11.31966229124299,-11.31966229124299,10.610761319202236,15.137111960218217
deadlift,0.0,32,7,assessment,mean,P230_kg,COMPLETE,0,32,3.1909512930234434,2.573987009019489,-1.8871630665687613,2.466716425900935,3.9508504184027404
deadlift,0.0,32,7,velocity,last,P223_kg,COMPLETE,0,32,2.842170943040401e-14,1.9539925233402755e-14,1.9539925233402755e-14,2.1316282072803006e-14,3.517007107451656e-14
deadlift,0.0,32,7,velocity,last,C223_kg,COMPLETE,0,32,8.295909709754799,7.374398122904363,-7.374398122904363,7.020136571974702,9.438493297929112
deadlift,0.0,32,7,velocity,last,P230_kg,COMPLETE,0,32,3.0500404111717216,2.354939042020326,2.058101101769865,2.216867314155859,3.828896621487899
deadlift,0.0,32,7,velocity,mean,P223_kg,COMPLETE,0,32,5.101619904865792,4.165277468157603,-3.945264168338591,3.867792727438908,6.1439166565476455
deadlift,0.0,32,7,velocity,mean,C223_kg,COMPLETE,0,32,12.915443174401906,11.319662291242974,-11.319662291242974,10.610761319202226,15.137111960218203
deadlift,0.0,32,7,velocity,mean,P230_kg,COMPLETE,0,32,3.190951293023425,2.5739870090194747,-1.8871630665687453,2.4667164259009278,3.950850418402717
deadlift,0.0,32,7,combined,last,P223_kg,COMPLETE,0,32,1.2306961192854808e-14,5.329070518200751e-15,5.329070518200751e-15,7.105427357601002e-15,1.6663704229186144e-14
deadlift,0.0,32,7,combined,last,C223_kg,COMPLETE,0,32,8.295909709754811,7.374398122904378,-7.374398122904378,7.020136571974712,9.438493297929126
deadlift,0.0,32,7,combined,last,P230_kg,COMPLETE,0,32,3.0500404111717137,2.3549390420203116,2.058101101769851,2.2168673141558473,3.8288966214878957
deadlift,0.0,32,7,combined,mean,P223_kg,COMPLETE,0,32,5.101619904865804,4.165277468157614,-3.9452641683386016,3.8677927274389186,6.143916656547661
deadlift,0.0,32,7,combined,mean,C223_kg,COMPLETE,0,32,12.915443174401917,11.319662291242985,-11.319662291242985,10.610761319202236,15.137111960218217
deadlift,0.0,32,7,combined,mean,P230_kg,COMPLETE,0,32,3.190951293023442,2.5739870090194854,-1.887163066568756,2.4667164259009335,3.9508504184027404
deadlift,0.0,32,7,load,last,P223_kg,COMPLETE,0,32,3.1011741246877356,2.546005649759679,0.19942802090751588,2.4300524713554097,3.7038564069285793
deadlift,0.0,32,7,load,last,C223_kg,COMPLETE,0,32,8.064107010325333,7.186642470105416,-7.174970101996867,6.711429749105925,9.298806245348247
deadlift,0.0,32,7,load,last,P230_kg,COMPLETE,0,32,4.858865395062096,3.7422753308396057,2.2575291226773615,3.5936686401942404,6.0474080331877476
deadlift,0.0,32,7,load,mean,P223_kg,COMPLETE,0,32,5.1371045722278454,4.17590703453785,-3.8887821696359435,3.8261549793599365,6.278396241083982
deadlift,0.0,32,7,load,mean,C223_kg,COMPLETE,0,32,12.913975290263481,11.263180292540326,-11.263180292540326,10.625616033972804,15.22145035969297
deadlift,0.0,32,7,load,mean,P230_kg,COMPLETE,0,32,3.2985652525896314,2.6170950173210317,-1.8306810678660979,2.500981697887425,4.045110340944536
deadlift,0.5,1,1,assessment,last,P223_kg,COMPLETE,0,32,8.649809712756056,6.052933996235977,1.0163359643357346,5.926528177502954,11.60490786916401
deadlift,0.5,1,1,assessment,last,C223_kg,COMPLETE,0,32,11.079146764702308,9.147644762929794,-6.358062158568648,8.693256354481848,13.335548019521408
deadlift,0.5,1,1,assessment,last,P230_kg,COMPLETE,0,32,8.890105325486163,6.103479258385351,3.07443706610558,6.090149148574488,11.572226823207258
deadlift,0.5,1,1,assessment,mean,P223_kg,COMPLETE,0,32,8.649809712756056,6.052933996235977,1.0163359643357346,5.926528177502954,11.60490786916401
deadlift,0.5,1,1,assessment,mean,C223_kg,COMPLETE,0,32,11.079146764702308,9.147644762929794,-6.358062158568648,8.693256354481848,13.335548019521408
deadlift,0.5,1,1,assessment,mean,P230_kg,COMPLETE,0,32,8.890105325486163,6.103479258385351,3.07443706610558,6.090149148574488,11.572226823207258
deadlift,0.5,1,1,velocity,last,P223_kg,COMPLETE,0,32,15.70324812174971,9.835535746617277,0.7632453477810728,8.696117798758719,22.694435090360493
deadlift,0.5,1,1,velocity,last,C223_kg,COMPLETE,0,32,17.861103545299063,13.675677762423057,-6.61115277512331,12.002759030939062,23.443551905881737
deadlift,0.5,1,1,velocity,last,P230_kg,COMPLETE,0,32,15.96771452570999,10.085528000481425,2.8213464495509184,9.005050651511423,22.85365663195227
deadlift,0.5,1,1,velocity,mean,P223_kg,COMPLETE,0,32,15.70324812174971,9.835535746617277,0.7632453477810728,8.696117798758719,22.694435090360493
deadlift,0.5,1,1,velocity,mean,C223_kg,COMPLETE,0,32,17.861103545299063,13.675677762423057,-6.61115277512331,12.002759030939062,23.443551905881737
deadlift,0.5,1,1,velocity,mean,P230_kg,COMPLETE,0,32,15.96771452570999,10.085528000481425,2.8213464495509184,9.005050651511423,22.85365663195227
deadlift,0.5,1,1,combined,last,P223_kg,COMPLETE,0,32,6.034920779910535,4.57923583000419,-0.009125941861650944,4.187367428794191,7.714832698446777
deadlift,0.5,1,1,combined,last,C223_kg,COMPLETE,0,32,10.434731180899602,8.902018058219635,-7.383524064766034,8.452219877203428,12.382529987001584
deadlift,0.5,1,1,combined,last,P230_kg,COMPLETE,0,32,6.277335619933102,4.670049597372365,2.0489751599081947,4.5338642955635855,7.99101919293303
deadlift,0.5,1,1,combined,mean,P223_kg,COMPLETE,0,32,6.034920779910535,4.57923583000419,-0.009125941861650944,4.187367428794191,7.714832698446777
deadlift,0.5,1,1,combined,mean,C223_kg,COMPLETE,0,32,10.434731180899602,8.902018058219635,-7.383524064766034,8.452219877203428,12.382529987001584
deadlift,0.5,1,1,combined,mean,P230_kg,COMPLETE,0,32,6.277335619933102,4.670049597372365,2.0489751599081947,4.5338642955635855,7.99101919293303
deadlift,0.5,1,1,load,last,P223_kg,COMPLETE,0,32,8.914379804416395,6.403653196133192,1.2085162387216837,6.174484387702079,11.609457712241964
deadlift,0.5,1,1,load,last,C223_kg,COMPLETE,0,32,10.672120949784835,8.917711004516343,-6.165881884182699,8.350405891647192,12.817532562161903
deadlift,0.5,1,1,load,last,P230_kg,COMPLETE,0,32,9.400643065771797,6.73359136861177,3.2666173404915293,6.726913454083951,11.951366037493244
deadlift,0.5,1,1,load,mean,P223_kg,COMPLETE,0,32,8.914379804416395,6.403653196133192,1.2085162387216837,6.174484387702079,11.609457712241964
deadlift,0.5,1,1,load,mean,C223_kg,COMPLETE,0,32,10.672120949784835,8.917711004516343,-6.165881884182699,8.350405891647192,12.817532562161903
deadlift,0.5,1,1,load,mean,P230_kg,COMPLETE,0,32,9.400643065771797,6.73359136861177,3.2666173404915293,6.726913454083951,11.951366037493244
deadlift,0.5,1,7,assessment,last,P223_kg,COMPLETE,0,32,8.649809712756056,6.052933996235977,1.0163359643357346,5.926528177502954,11.60490786916401
deadlift,0.5,1,7,assessment,last,C223_kg,COMPLETE,0,32,11.079146764702308,9.147644762929794,-6.358062158568648,8.693256354481848,13.335548019521408
deadlift,0.5,1,7,assessment,last,P230_kg,COMPLETE,0,32,8.890105325486163,6.103479258385351,3.07443706610558,6.090149148574488,11.572226823207258
deadlift,0.5,1,7,assessment,mean,P223_kg,COMPLETE,0,32,8.649809712756056,6.052933996235977,1.0163359643357346,5.926528177502954,11.60490786916401
deadlift,0.5,1,7,assessment,mean,C223_kg,COMPLETE,0,32,11.079146764702308,9.147644762929794,-6.358062158568648,8.693256354481848,13.335548019521408
deadlift,0.5,1,7,assessment,mean,P230_kg,COMPLETE,0,32,8.890105325486163,6.103479258385351,3.07443706610558,6.090149148574488,11.572226823207258
deadlift,0.5,1,7,velocity,last,P223_kg,COMPLETE,0,32,15.70324812174971,9.835535746617277,0.7632453477810728,8.696117798758719,22.694435090360493
deadlift,0.5,1,7,velocity,last,C223_kg,COMPLETE,0,32,17.861103545299063,13.675677762423057,-6.61115277512331,12.002759030939062,23.443551905881737
deadlift,0.5,1,7,velocity,last,P230_kg,COMPLETE,0,32,15.96771452570999,10.085528000481425,2.8213464495509184,9.005050651511423,22.85365663195227
deadlift,0.5,1,7,velocity,mean,P223_kg,COMPLETE,0,32,15.70324812174971,9.835535746617277,0.7632453477810728,8.696117798758719,22.694435090360493
deadlift,0.5,1,7,velocity,mean,C223_kg,COMPLETE,0,32,17.861103545299063,13.675677762423057,-6.61115277512331,12.002759030939062,23.443551905881737
deadlift,0.5,1,7,velocity,mean,P230_kg,COMPLETE,0,32,15.96771452570999,10.085528000481425,2.8213464495509184,9.005050651511423,22.85365663195227
deadlift,0.5,1,7,combined,last,P223_kg,COMPLETE,0,32,6.034920779910535,4.57923583000419,-0.009125941861650944,4.187367428794191,7.714832698446777
deadlift,0.5,1,7,combined,last,C223_kg,COMPLETE,0,32,10.434731180899602,8.902018058219635,-7.383524064766034,8.452219877203428,12.382529987001584
deadlift,0.5,1,7,combined,last,P230_kg,COMPLETE,0,32,6.277335619933102,4.670049597372365,2.0489751599081947,4.5338642955635855,7.99101919293303
deadlift,0.5,1,7,combined,mean,P223_kg,COMPLETE,0,32,6.034920779910535,4.57923583000419,-0.009125941861650944,4.187367428794191,7.714832698446777
deadlift,0.5,1,7,combined,mean,C223_kg,COMPLETE,0,32,10.434731180899602,8.902018058219635,-7.383524064766034,8.452219877203428,12.382529987001584
deadlift,0.5,1,7,combined,mean,P230_kg,COMPLETE,0,32,6.277335619933102,4.670049597372365,2.0489751599081947,4.5338642955635855,7.99101919293303
deadlift,0.5,1,7,load,last,P223_kg,COMPLETE,0,32,8.914379804416395,6.403653196133192,1.2085162387216837,6.174484387702079,11.609457712241964
deadlift,0.5,1,7,load,last,C223_kg,COMPLETE,0,32,10.672120949784835,8.917711004516343,-6.165881884182699,8.350405891647192,12.817532562161903
deadlift,0.5,1,7,load,last,P230_kg,COMPLETE,0,32,9.400643065771797,6.73359136861177,3.2666173404915293,6.726913454083951,11.951366037493244
deadlift,0.5,1,7,load,mean,P223_kg,COMPLETE,0,32,8.914379804416395,6.403653196133192,1.2085162387216837,6.174484387702079,11.609457712241964
deadlift,0.5,1,7,load,mean,C223_kg,COMPLETE,0,32,10.672120949784835,8.917711004516343,-6.165881884182699,8.350405891647192,12.817532562161903
deadlift,0.5,1,7,load,mean,P230_kg,COMPLETE,0,32,9.400643065771797,6.73359136861177,3.2666173404915293,6.726913454083951,11.951366037493244
deadlift,0.5,4,1,assessment,last,P223_kg,COMPLETE,0,32,8.649809712756056,6.052933996235977,1.0163359643357346,5.926528177502954,11.60490786916401
deadlift,0.5,4,1,assessment,last,C223_kg,COMPLETE,0,32,11.079146764702308,9.147644762929794,-6.358062158568648,8.693256354481848,13.335548019521408
deadlift,0.5,4,1,assessment,last,P230_kg,COMPLETE,0,32,8.890105325486163,6.103479258385351,3.07443706610558,6.090149148574488,11.572226823207258
deadlift,0.5,4,1,assessment,mean,P223_kg,COMPLETE,0,32,3.4500247687888734,2.5677718193862447,1.0295175509346262,2.467698313804245,4.49019161844383
deadlift,0.5,4,1,assessment,mean,C223_kg,COMPLETE,0,32,8.1368057927507,6.94382535667919,-6.344880571969757,6.584829479708415,9.718767691817861
deadlift,0.5,4,1,assessment,mean,P230_kg,COMPLETE,0,32,4.487949906169758,3.451315942446871,3.0876186527044718,3.370888543236523,5.5584662019426005
deadlift,0.5,4,1,velocity,last,P223_kg,COMPLETE,0,32,15.70324812174971,9.835535746617277,0.7632453477810728,8.696117798758719,22.694435090360493
deadlift,0.5,4,1,velocity,last,C223_kg,COMPLETE,0,32,17.861103545299063,13.675677762423057,-6.61115277512331,12.002759030939062,23.443551905881737
deadlift,0.5,4,1,velocity,last,P230_kg,COMPLETE,0,32,15.96771452570999,10.085528000481425,2.8213464495509184,9.005050651511423,22.85365663195227
deadlift,0.5,4,1,velocity,mean,P223_kg,COMPLETE,0,32,5.250525670402374,4.041153757427296,0.5324852591978848,3.6537900138234187,6.6732191658364926
deadlift,0.5,4,1,velocity,mean,C223_kg,COMPLETE,0,32,9.715909146607194,7.994293092766283,-6.841912863706498,7.691482144164656,11.497514863911857
deadlift,0.5,4,1,velocity,mean,P230_kg,COMPLETE,0,32,5.9367041737286845,4.236284782854291,2.5905863609677304,3.79727627954874,8.031469237473711
deadlift,0.5,4,1,combined,last,P223_kg,COMPLETE,0,32,6.034920779910535,4.57923583000419,-0.009125941861650944,4.187367428794191,7.714832698446777
deadlift,0.5,4,1,combined,last,C223_kg,COMPLETE,0,32,10.434731180899602,8.902018058219635,-7.383524064766034,8.452219877203428,12.382529987001584
deadlift,0.5,4,1,combined,last,P230_kg,COMPLETE,0,32,6.277335619933102,4.670049597372365,2.0489751599081947,4.5338642955635855,7.99101919293303
deadlift,0.5,4,1,combined,mean,P223_kg,COMPLETE,0,32,2.6527417496488686,2.0575755999504732,0.3359906320022521,1.9439312330365277,3.3281361026722758
deadlift,0.5,4,1,combined,mean,C223_kg,COMPLETE,0,32,8.643498846207379,7.340574318609795,-7.038407490902131,7.247401200589989,9.925960743784573
deadlift,0.5,4,1,combined,mean,P230_kg,COMPLETE,0,32,3.593879743172895,2.8571193626877056,2.3940917337720977,2.7169549338502947,4.466697867828824
deadlift,0.5,4,1,load,last,P223_kg,COMPLETE,0,32,8.914379804416395,6.403653196133192,1.2085162387216837,6.174484387702079,11.609457712241964
deadlift,0.5,4,1,load,last,C223_kg,COMPLETE,0,32,10.672120949784835,8.917711004516343,-6.165881884182699,8.350405891647192,12.817532562161903
deadlift,0.5,4,1,load,last,P230_kg,COMPLETE,0,32,9.400643065771797,6.73359136861177,3.2666173404915293,6.726913454083951,11.951366037493244
deadlift,0.5,4,1,load,mean,P223_kg,COMPLETE,0,32,4.24519393452896,3.438982940529728,0.7473745533289069,3.2596347472636897,5.19653597683496
deadlift,0.5,4,1,load,mean,C223_kg,COMPLETE,0,32,8.63006159178882,7.212977249556527,-6.627023569575476,7.0421651764979005,10.207910181566655
deadlift,0.5,4,1,load,mean,P230_kg,COMPLETE,0,32,5.149096909028777,4.099009216753557,2.8054756550987525,3.8072315282752642,6.346515343687614
deadlift,0.5,4,7,assessment,last,P223_kg,COMPLETE,0,32,8.649809712756056,6.052933996235977,1.0163359643357346,5.926528177502954,11.60490786916401
deadlift,0.5,4,7,assessment,last,C223_kg,COMPLETE,0,32,11.079146764702308,9.147644762929794,-6.358062158568648,8.693256354481848,13.335548019521408
deadlift,0.5,4,7,assessment,last,P230_kg,COMPLETE,0,32,8.890105325486163,6.103479258385351,3.07443706610558,6.090149148574488,11.572226823207258
deadlift,0.5,4,7,assessment,mean,P223_kg,COMPLETE,0,32,3.427527565536066,2.6404422906969742,0.4739904143417828,2.3676016765488472,4.629764445929634
deadlift,0.5,4,7,assessment,mean,C223_kg,COMPLETE,0,32,8.617605648411748,7.40944048218363,-6.9004077085626,6.97245350736956,9.984034395980576
deadlift,0.5,4,7,assessment,mean,P230_kg,COMPLETE,0,32,4.593189026952375,3.309097676815381,2.5320915161116284,2.8566185378456517,6.455483427013538
deadlift,0.5,4,7,velocity,last,P223_kg,COMPLETE,0,32,15.70324812174971,9.835535746617277,0.7632453477810728,8.696117798758719,22.694435090360493
deadlift,0.5,4,7,velocity,last,C223_kg,COMPLETE,0,32,17.861103545299063,13.675677762423057,-6.61115277512331,12.002759030939062,23.443551905881737
deadlift,0.5,4,7,velocity,last,P230_kg,COMPLETE,0,32,15.96771452570999,10.085528000481425,2.8213464495509184,9.005050651511423,22.85365663195227
deadlift,0.5,4,7,velocity,mean,P223_kg,COMPLETE,0,32,5.202679931001111,4.370762895207981,0.9768080821288452,4.099336853823767,6.272117812246333
deadlift,0.5,4,7,velocity,mean,C223_kg,COMPLETE,0,32,9.14150839058606,7.226619034840074,-6.397590040775538,7.139388031487622,10.726544262435707
deadlift,0.5,4,7,velocity,mean,P230_kg,COMPLETE,0,32,5.974283387644709,4.897016075029622,3.034909183898691,4.785904451902813,7.085966467938375
deadlift,0.5,4,7,combined,last,P223_kg,COMPLETE,0,32,6.034920779910535,4.57923583000419,-0.009125941861650944,4.187367428794191,7.714832698446777
deadlift,0.5,4,7,combined,last,C223_kg,COMPLETE,0,32,10.434731180899602,8.902018058219635,-7.383524064766034,8.452219877203428,12.382529987001584
deadlift,0.5,4,7,combined,last,P230_kg,COMPLETE,0,32,6.277335619933102,4.670049597372365,2.0489751599081947,4.5338642955635855,7.99101919293303
deadlift,0.5,4,7,combined,mean,P223_kg,COMPLETE,0,32,2.5404200458323967,2.039477682352148,0.08352507782473495,1.9022029795625208,3.2831359330233383
deadlift,0.5,4,7,combined,mean,C223_kg,COMPLETE,0,32,8.738480048454397,7.500464216347826,-7.290873045079648,7.266126296084988,10.03588417111309
deadlift,0.5,4,7,combined,mean,P230_kg,COMPLETE,0,32,3.746478200875406,2.719254014306151,2.1416261795945806,2.4130027397228724,5.125360793017459
deadlift,0.5,4,7,load,last,P223_kg,COMPLETE,0,32,8.914379804416395,6.403653196133192,1.2085162387216837,6.174484387702079,11.609457712241964
deadlift,0.5,4,7,load,last,C223_kg,COMPLETE,0,32,10.672120949784835,8.917711004516343,-6.165881884182699,8.350405891647192,12.817532562161903
deadlift,0.5,4,7,load,last,P230_kg,COMPLETE,0,32,9.400643065771797,6.73359136861177,3.2666173404915293,6.726913454083951,11.951366037493244
deadlift,0.5,4,7,load,mean,P223_kg,COMPLETE,0,32,3.685294330660135,2.6244488512739785,0.5960361868507036,2.3832837288061266,5.026418239739115
deadlift,0.5,4,7,load,mean,C223_kg,COMPLETE,0,32,8.47291600351125,7.399460629089253,-6.778361936053679,6.882952410190226,9.827461221382679
deadlift,0.5,4,7,load,mean,P230_kg,COMPLETE,0,32,5.0154473184777375,3.726564976818845,2.654137288620549,3.2693796545019382,7.007320640798938
deadlift,0.5,16,1,assessment,last,P223_kg,COMPLETE,0,32,8.649809712756056,6.052933996235977,1.0163359643357346,5.926528177502954,11.60490786916401
deadlift,0.5,16,1,assessment,last,C223_kg,COMPLETE,0,32,11.079146764702308,9.147644762929794,-6.358062158568648,8.693256354481848,13.335548019521408
deadlift,0.5,16,1,assessment,last,P230_kg,COMPLETE,0,32,8.890105325486163,6.103479258385351,3.07443706610558,6.090149148574488,11.572226823207258
deadlift,0.5,16,1,assessment,mean,P223_kg,COMPLETE,0,32,2.024893759824185,1.4786913512588633,0.7474888456410564,1.3510487462819543,2.6820870096576925
deadlift,0.5,16,1,assessment,mean,C223_kg,COMPLETE,0,32,7.695729154252637,6.666883440736788,-6.6269092772633265,6.348553635419331,8.888955271157759
deadlift,0.5,16,1,assessment,mean,P230_kg,COMPLETE,0,32,4.157569608930767,3.1299190164395627,2.805589947410902,2.897628817020089,5.280808956159518
deadlift,0.5,16,1,velocity,last,P223_kg,COMPLETE,0,32,15.70324812174971,9.835535746617277,0.7632453477810728,8.696117798758719,22.694435090360493
deadlift,0.5,16,1,velocity,last,C223_kg,COMPLETE,0,32,17.861103545299063,13.675677762423057,-6.61115277512331,12.002759030939062,23.443551905881737
deadlift,0.5,16,1,velocity,last,P230_kg,COMPLETE,0,32,15.96771452570999,10.085528000481425,2.8213464495509184,9.005050651511423,22.85365663195227
deadlift,0.5,16,1,velocity,mean,P223_kg,COMPLETE,0,32,2.6035726462759325,2.0795489448851034,0.3268768223352341,2.0271443564448277,3.17343285170111
deadlift,0.5,16,1,velocity,mean,C223_kg,COMPLETE,0,32,8.535465160469595,7.330030468040515,-7.047521300569149,7.1177502101725345,9.831293577390701
deadlift,0.5,16,1,velocity,mean,P230_kg,COMPLETE,0,32,4.329121983789532,3.5421791828493845,2.3849779241050797,3.3027825068082106,5.284927372087474
deadlift,0.5,16,1,combined,last,P223_kg,COMPLETE,0,32,6.034920779910535,4.57923583000419,-0.009125941861650944,4.187367428794191,7.714832698446777
deadlift,0.5,16,1,combined,last,C223_kg,COMPLETE,0,32,10.434731180899602,8.902018058219635,-7.383524064766034,8.452219877203428,12.382529987001584
deadlift,0.5,16,1,combined,last,P230_kg,COMPLETE,0,32,6.277335619933102,4.670049597372365,2.0489751599081947,4.5338642955635855,7.99101919293303
deadlift,0.5,16,1,combined,mean,P223_kg,COMPLETE,0,32,1.287807406874818,1.0272172146653942,0.13935325982829294,1.010417349046994,1.5460854887091653
deadlift,0.5,16,1,combined,mean,C223_kg,COMPLETE,0,32,8.240182966069977,7.23504486307609,-7.23504486307609,6.984252591413403,9.368077450566725
deadlift,0.5,16,1,combined,mean,P230_kg,COMPLETE,0,32,3.5579174864584915,2.7664217158205364,2.1974543615981386,2.5866564476466554,4.491222654480313
deadlift,0.5,16,1,load,last,P223_kg,COMPLETE,0,32,8.914379804416395,6.403653196133192,1.2085162387216837,6.174484387702079,11.609457712241964
deadlift,0.5,16,1,load,last,C223_kg,COMPLETE,0,32,10.672120949784835,8.917711004516343,-6.165881884182699,8.350405891647192,12.817532562161903
deadlift,0.5,16,1,load,last,P230_kg,COMPLETE,0,32,9.400643065771797,6.73359136861177,3.2666173404915293,6.726913454083951,11.951366037493244
deadlift,0.5,16,1,load,mean,P223_kg,COMPLETE,0,32,1.91484786805757,1.4716036999157733,0.5712282633886936,1.3112836960852834,2.5871297065630348
deadlift,0.5,16,1,load,mean,C223_kg,COMPLETE,0,32,7.898516012751651,6.821309980642152,-6.803169859515689,6.51779028219859,9.120606325123969
deadlift,0.5,16,1,load,mean,P230_kg,COMPLETE,0,32,4.042045409468876,3.0127521773307153,2.629329365158539,2.8525124776452047,5.097293965668096
deadlift,0.5,16,7,assessment,last,P223_kg,COMPLETE,0,32,8.649809712756056,6.052933996235977,1.0163359643357346,5.926528177502954,11.60490786916401
deadlift,0.5,16,7,assessment,last,C223_kg,COMPLETE,0,32,11.079146764702308,9.147644762929794,-6.358062158568648,8.693256354481848,13.335548019521408
deadlift,0.5,16,7,assessment,last,P230_kg,COMPLETE,0,32,8.890105325486163,6.103479258385351,3.07443706610558,6.090149148574488,11.572226823207258
deadlift,0.5,16,7,assessment,mean,P223_kg,COMPLETE,0,32,3.4015700772288353,2.6428095632031345,-1.251706242712335,2.4809777667033766,4.241149436211734
deadlift,0.5,16,7,assessment,mean,C223_kg,COMPLETE,0,32,10.298294517951097,8.99729771165088,-8.626104365616719,8.431684875363795,12.027431062692136
deadlift,0.5,16,7,assessment,mean,P230_kg,COMPLETE,0,32,2.847370286612235,2.002329284198412,0.8063948590575105,1.6736813194483453,3.8946772660319366
deadlift,0.5,16,7,velocity,last,P223_kg,COMPLETE,0,32,15.70324812174971,9.835535746617277,0.7632453477810728,8.696117798758719,22.694435090360493
deadlift,0.5,16,7,velocity,last,C223_kg,COMPLETE,0,32,17.861103545299063,13.675677762423057,-6.61115277512331,12.002759030939062,23.443551905881737
deadlift,0.5,16,7,velocity,last,P230_kg,COMPLETE,0,32,15.96771452570999,10.085528000481425,2.8213464495509184,9.005050651511423,22.85365663195227
deadlift,0.5,16,7,velocity,mean,P223_kg,COMPLETE,0,32,2.7967822459004648,2.1102865640859347,-0.4422267200691481,2.0363150336144025,3.5040824921558484
deadlift,0.5,16,7,velocity,mean,C223_kg,COMPLETE,0,32,9.392024512763644,7.897376893647436,-7.816624842973531,7.835277309621047,10.855253653966171
deadlift,0.5,16,7,velocity,mean,P230_kg,COMPLETE,0,32,2.8696366264604576,2.259532719471773,1.6158743817006975,2.0650363055602248,3.5840752086296694
deadlift,0.5,16,7,combined,last,P223_kg,COMPLETE,0,32,6.034920779910535,4.57923583000419,-0.009125941861650944,4.187367428794191,7.714832698446777
deadlift,0.5,16,7,combined,last,C223_kg,COMPLETE,0,32,10.434731180899602,8.902018058219635,-7.383524064766034,8.452219877203428,12.382529987001584
deadlift,0.5,16,7,combined,last,P230_kg,COMPLETE,0,32,6.277335619933102,4.670049597372365,2.0489751599081947,4.5338642955635855,7.99101919293303
deadlift,0.5,16,7,combined,mean,P223_kg,COMPLETE,0,32,3.057707424782841,2.4203433849444558,-1.4926350432491642,2.2522673642816473,3.789133186658156
deadlift,0.5,16,7,combined,mean,C223_kg,COMPLETE,0,32,10.36207727020972,9.08004521386343,-8.867033166153547,8.629282985043453,11.952364502699
deadlift,0.5,16,7,combined,mean,P230_kg,COMPLETE,0,32,2.3050559977830685,1.6248956678919848,0.5654660585206814,1.3648914981713323,3.1371789558407053
deadlift,0.5,16,7,load,last,P223_kg,COMPLETE,0,32,8.914379804416395,6.403653196133192,1.2085162387216837,6.174484387702079,11.609457712241964
deadlift,0.5,16,7,load,last,C223_kg,COMPLETE,0,32,10.672120949784835,8.917711004516343,-6.165881884182699,8.350405891647192,12.817532562161903
deadlift,0.5,16,7,load,last,P230_kg,COMPLETE,0,32,9.400643065771797,6.73359136861177,3.2666173404915293,6.726913454083951,11.951366037493244
deadlift,0.5,16,7,load,mean,P223_kg,COMPLETE,0,32,3.32130932355813,2.6264073355665465,-1.1994749025475704,2.478390483735282,4.124014296118911
deadlift,0.5,16,7,load,mean,C223_kg,COMPLETE,0,32,10.178912350893555,8.818680778616251,-8.573873025451952,8.279652114089718,12.02099491033358
deadlift,0.5,16,7,load,mean,P230_kg,COMPLETE,0,32,2.8356690784823604,1.995910037582087,0.8586261992222752,1.830843837509029,3.8512099970477034
deadlift,0.5,32,1,assessment,last,P223_kg,COMPLETE,0,32,8.649809712756056,6.052933996235977,1.0163359643357346,5.926528177502954,11.60490786916401
deadlift,0.5,32,1,assessment,last,C223_kg,COMPLETE,0,32,11.079146764702308,9.147644762929794,-6.358062158568648,8.693256354481848,13.335548019521408
deadlift,0.5,32,1,assessment,last,P230_kg,COMPLETE,0,32,8.890105325486163,6.103479258385351,3.07443706610558,6.090149148574488,11.572226823207258
deadlift,0.5,32,1,assessment,mean,P223_kg,COMPLETE,0,32,1.9637103424089255,1.6168879448993136,-0.22930475906086922,1.5173207997369431,2.351956473156393
deadlift,0.5,32,1,assessment,mean,C223_kg,COMPLETE,0,32,9.062918030592686,7.80883279685717,-7.603702881965252,7.585485275842863,10.463186070739004
deadlift,0.5,32,1,assessment,mean,P230_kg,COMPLETE,0,32,3.065614627122753,2.3447003541188742,1.8287963427089764,2.122788887099251,3.9265668899223303
deadlift,0.5,32,1,velocity,last,P223_kg,COMPLETE,0,32,15.70324812174971,9.835535746617277,0.7632453477810728,8.696117798758719,22.694435090360493
deadlift,0.5,32,1,velocity,last,C223_kg,COMPLETE,0,32,17.861103545299063,13.675677762423057,-6.61115277512331,12.002759030939062,23.443551905881737
deadlift,0.5,32,1,velocity,last,P230_kg,COMPLETE,0,32,15.96771452570999,10.085528000481425,2.8213464495509184,9.005050651511423,22.85365663195227
deadlift,0.5,32,1,velocity,mean,P223_kg,COMPLETE,0,32,2.006399435087507,1.5691317590002365,-0.30503184314239373,1.5095468237568122,2.4562401153716205
deadlift,0.5,32,1,velocity,mean,C223_kg,COMPLETE,0,32,9.15562713947904,7.697243668897875,-7.679429966046777,7.58992737547395,10.564228982619378
deadlift,0.5,32,1,velocity,mean,P230_kg,COMPLETE,0,32,2.810024191914178,2.270165341134982,1.7530692586274519,2.208282613045457,3.338394999191858
deadlift,0.5,32,1,combined,last,P223_kg,COMPLETE,0,32,6.034920779910535,4.57923583000419,-0.009125941861650944,4.187367428794191,7.714832698446777
deadlift,0.5,32,1,combined,last,C223_kg,COMPLETE,0,32,10.434731180899602,8.902018058219635,-7.383524064766034,8.452219877203428,12.382529987001584
deadlift,0.5,32,1,combined,last,P230_kg,COMPLETE,0,32,6.277335619933102,4.670049597372365,2.0489751599081947,4.5338642955635855,7.99101919293303
deadlift,0.5,32,1,combined,mean,P223_kg,COMPLETE,0,32,1.8815489886110177,1.5980624218827426,-0.7179866420524572,1.49820284524669,2.2462414008263925
deadlift,0.5,32,1,combined,mean,C223_kg,COMPLETE,0,32,9.469909928927393,8.185419317245238,-8.09238476495684,7.934116761989087,10.909701977959411
deadlift,0.5,32,1,combined,mean,P230_kg,COMPLETE,0,32,2.59301108622277,1.9668621257977792,1.3401144597173884,1.8614699937272285,3.2356707180420865
deadlift,0.5,32,1,load,last,P223_kg,COMPLETE,0,32,8.914379804416395,6.403653196133192,1.2085162387216837,6.174484387702079,11.609457712241964
deadlift,0.5,32,1,load,last,C223_kg,COMPLETE,0,32,10.672120949784835,8.917711004516343,-6.165881884182699,8.350405891647192,12.817532562161903
deadlift,0.5,32,1,load,last,P230_kg,COMPLETE,0,32,9.400643065771797,6.73359136861177,3.2666173404915293,6.726913454083951,11.951366037493244
deadlift,0.5,32,1,load,mean,P223_kg,COMPLETE,0,32,2.1382652207856414,1.7555584757134213,-0.2612133137418464,1.6193805349411072,2.6227818946291697
deadlift,0.5,32,1,load,mean,C223_kg,COMPLETE,0,32,9.196528679045485,7.929719998748361,-7.635611436646229,7.636511966075819,10.674363015080342
deadlift,0.5,32,1,load,mean,P230_kg,COMPLETE,0,32,2.997832416704652,2.309935491035781,1.7968877880279992,2.066251115097582,3.883610733037318
deadlift,0.5,32,7,assessment,last,P223_kg,COMPLETE,0,32,8.649809712756056,6.052933996235977,1.0163359643357346,5.926528177502954,11.60490786916401
deadlift,0.5,32,7,assessment,last,C223_kg,COMPLETE,0,32,11.079146764702308,9.147644762929794,-6.358062158568648,8.693256354481848,13.335548019521408
deadlift,0.5,32,7,assessment,last,P230_kg,COMPLETE,0,32,8.890105325486163,6.103479258385351,3.07443706610558,6.090149148574488,11.572226823207258
deadlift,0.5,32,7,assessment,mean,P223_kg,COMPLETE,0,32,5.358979209126146,4.187472678716041,-4.020702967661604,3.949045759632121,6.577317175642983
deadlift,0.5,32,7,assessment,mean,C223_kg,COMPLETE,0,32,13.024503580306417,11.395101090565987,-11.395101090565987,10.69730150543886,15.174477499872422
deadlift,0.5,32,7,assessment,mean,P230_kg,COMPLETE,0,32,3.5499834755688955,2.6920265450889937,-1.9626018658917586,2.619944491190855,4.410669808963988
deadlift,0.5,32,7,velocity,last,P223_kg,COMPLETE,0,32,15.70324812174971,9.835535746617277,0.7632453477810728,8.696117798758719,22.694435090360493
deadlift,0.5,32,7,velocity,last,C223_kg,COMPLETE,0,32,17.861103545299063,13.675677762423057,-6.61115277512331,12.002759030939062,23.443551905881737
deadlift,0.5,32,7,velocity,last,P230_kg,COMPLETE,0,32,15.96771452570999,10.085528000481425,2.8213464495509184,9.005050651511423,22.85365663195227
deadlift,0.5,32,7,velocity,mean,P223_kg,COMPLETE,0,32,4.694328987265832,3.7637539918159035,-3.311513382293777,3.4872870123636663,5.712606508730202
deadlift,0.5,32,7,velocity,mean,C223_kg,COMPLETE,0,32,12.201814161949933,10.68591150519816,-10.68591150519816,10.042856456719505,14.30081656901123
deadlift,0.5,32,7,velocity,mean,P230_kg,COMPLETE,0,32,2.8995533843896135,2.408675720933906,-1.2534122805239312,2.285161967136611,3.4841026184670945
deadlift,0.5,32,7,combined,last,P223_kg,COMPLETE,0,32,6.034920779910535,4.57923583000419,-0.009125941861650944,4.187367428794191,7.714832698446777
deadlift,0.5,32,7,combined,last,C223_kg,COMPLETE,0,32,10.434731180899602,8.902018058219635,-7.383524064766034,8.452219877203428,12.382529987001584
deadlift,0.5,32,7,combined,last,P230_kg,COMPLETE,0,32,6.277335619933102,4.670049597372365,2.0489751599081947,4.5338642955635855,7.99101919293303
deadlift,0.5,32,7,combined,mean,P223_kg,COMPLETE,0,32,5.428196640315759,4.341372893258761,-4.2572927964316385,4.093228962504972,6.599906982123987
deadlift,0.5,32,7,combined,mean,C223_kg,COMPLETE,0,32,13.164811684393118,11.631690919336021,-11.631690919336021,10.921992048149818,15.331493300286406
deadlift,0.5,32,7,combined,mean,P230_kg,COMPLETE,0,32,3.5164987276314035,2.79202920757787,-2.199191694661793,2.690246304609243,4.32814947069274
deadlift,0.5,32,7,load,last,P223_kg,COMPLETE,0,32,8.914379804416395,6.403653196133192,1.2085162387216837,6.174484387702079,11.609457712241964
deadlift,0.5,32,7,load,last,C223_kg,COMPLETE,0,32,10.672120949784835,8.917711004516343,-6.165881884182699,8.350405891647192,12.817532562161903
deadlift,0.5,32,7,load,last,P230_kg,COMPLETE,0,32,9.400643065771797,6.73359136861177,3.2666173404915293,6.726913454083951,11.951366037493244
deadlift,0.5,32,7,load,mean,P223_kg,COMPLETE,0,32,5.389102324696086,4.214311529629669,-3.968176835396714,3.9261460200904423,6.642571109718217
deadlift,0.5,32,7,load,mean,C223_kg,COMPLETE,0,32,13.024784763689429,11.342574958301096,-11.342574958301096,10.66654978508656,15.305962679779002
deadlift,0.5,32,7,load,mean,P230_kg,COMPLETE,0,32,3.6346655440245583,2.772906145892348,-1.9100757336268686,2.6755642535284805,4.511243978437273
deadlift,1.0,1,1,assessment,last,P223_kg,COMPLETE,0,32,17.29961942551213,12.105867992471964,2.03267192867147,11.853056355005913,23.209815738328054
deadlift,1.0,1,1,assessment,last,C223_kg,COMPLETE,0,32,18.064088249590725,14.3398742501575,-5.341726194232913,13.093320428464414,23.07128737089279
deadlift,1.0,1,1,assessment,last,P230_kg,COMPLETE,0,32,17.274362941089112,11.852210035259725,4.090773030441316,11.875618358568566,22.713913515533086
deadlift,1.0,1,1,assessment,mean,P223_kg,COMPLETE,0,32,17.29961942551213,12.105867992471964,2.03267192867147,11.853056355005913,23.209815738328054
deadlift,1.0,1,1,assessment,mean,C223_kg,COMPLETE,0,32,18.064088249590725,14.3398742501575,-5.341726194232913,13.093320428464414,23.07128737089279
deadlift,1.0,1,1,assessment,mean,P230_kg,COMPLETE,0,32,17.274362941089112,11.852210035259725,4.090773030441316,11.875618358568566,22.713913515533086
deadlift,1.0,1,1,velocity,last,P223_kg,COMPLETE,0,32,34.58864455441214,20.430254499391268,3.2830837365108296,17.391068044070046,51.672418398937225
deadlift,1.0,1,1,velocity,last,C223_kg,COMPLETE,0,32,35.255171167877805,23.464884203903978,-4.091314386393553,20.044942163511127,50.746134954939635
deadlift,1.0,1,1,velocity,last,P230_kg,COMPLETE,0,32,34.766601452535504,20.27506801800987,5.341184838280675,17.68978318322351,51.865478946105185
deadlift,1.0,1,1,velocity,mean,P223_kg,COMPLETE,0,32,34.58864455441214,20.430254499391268,3.2830837365108296,17.391068044070046,51.672418398937225
deadlift,1.0,1,1,velocity,mean,C223_kg,COMPLETE,0,32,35.255171167877805,23.464884203903978,-4.091314386393553,20.044942163511127,50.746134954939635
deadlift,1.0,1,1,velocity,mean,P230_kg,COMPLETE,0,32,34.766601452535504,20.27506801800987,5.341184838280675,17.68978318322351,51.865478946105185
deadlift,1.0,1,1,combined,last,P223_kg,COMPLETE,0,32,12.03466238272687,9.267009316648338,-1.2941554246720415,8.614239307982832,15.174673030965343
deadlift,1.0,1,1,combined,last,C223_kg,COMPLETE,0,32,15.586692811955539,12.617499397780158,-8.668553547576424,12.098555294997992,18.996302951915055
deadlift,1.0,1,1,combined,last,P230_kg,COMPLETE,0,32,11.755769434806734,8.642846286509979,0.7639456770978041,8.524328758103525,14.644732649489246
deadlift,1.0,1,1,combined,mean,P223_kg,COMPLETE,0,32,12.03466238272687,9.267009316648338,-1.2941554246720415,8.614239307982832,15.174673030965343
deadlift,1.0,1,1,combined,mean,C223_kg,COMPLETE,0,32,15.586692811955539,12.617499397780158,-8.668553547576424,12.098555294997992,18.996302951915055
deadlift,1.0,1,1,combined,mean,P230_kg,COMPLETE,0,32,11.755769434806734,8.642846286509979,0.7639456770978041,8.524328758103525,14.644732649489246
deadlift,1.0,1,1,load,last,P223_kg,COMPLETE,0,32,17.303372566326665,12.117950086312689,2.217604456535856,11.850648280289393,22.66003373123589
deadlift,1.0,1,1,load,last,C223_kg,COMPLETE,0,32,17.68757071464761,13.87305642285801,-5.156793666368527,12.985323611800048,22.227695061209555
deadlift,1.0,1,1,load,last,P230_kg,COMPLETE,0,32,17.41342171139033,12.085341920150658,4.2757055583057015,11.936675484158009,22.669278710714305
deadlift,1.0,1,1,load,mean,P223_kg,COMPLETE,0,32,17.303372566326665,12.117950086312689,2.217604456535856,11.850648280289393,22.66003373123589
deadlift,1.0,1,1,load,mean,C223_kg,COMPLETE,0,32,17.68757071464761,13.87305642285801,-5.156793666368527,12.985323611800048,22.227695061209555
deadlift,1.0,1,1,load,mean,P230_kg,COMPLETE,0,32,17.41342171139033,12.085341920150658,4.2757055583057015,11.936675484158009,22.669278710714305
deadlift,1.0,1,7,assessment,last,P223_kg,COMPLETE,0,32,17.29961942551213,12.105867992471964,2.03267192867147,11.853056355005913,23.209815738328054
deadlift,1.0,1,7,assessment,last,C223_kg,COMPLETE,0,32,18.064088249590725,14.3398742501575,-5.341726194232913,13.093320428464414,23.07128737089279
deadlift,1.0,1,7,assessment,last,P230_kg,COMPLETE,0,32,17.274362941089112,11.852210035259725,4.090773030441316,11.875618358568566,22.713913515533086
deadlift,1.0,1,7,assessment,mean,P223_kg,COMPLETE,0,32,17.29961942551213,12.105867992471964,2.03267192867147,11.853056355005913,23.209815738328054
deadlift,1.0,1,7,assessment,mean,C223_kg,COMPLETE,0,32,18.064088249590725,14.3398742501575,-5.341726194232913,13.093320428464414,23.07128737089279
deadlift,1.0,1,7,assessment,mean,P230_kg,COMPLETE,0,32,17.274362941089112,11.852210035259725,4.090773030441316,11.875618358568566,22.713913515533086
deadlift,1.0,1,7,velocity,last,P223_kg,COMPLETE,0,32,34.58864455441214,20.430254499391268,3.2830837365108296,17.391068044070046,51.672418398937225
deadlift,1.0,1,7,velocity,last,C223_kg,COMPLETE,0,32,35.255171167877805,23.464884203903978,-4.091314386393553,20.044942163511127,50.746134954939635
deadlift,1.0,1,7,velocity,last,P230_kg,COMPLETE,0,32,34.766601452535504,20.27506801800987,5.341184838280675,17.68978318322351,51.865478946105185
deadlift,1.0,1,7,velocity,mean,P223_kg,COMPLETE,0,32,34.58864455441214,20.430254499391268,3.2830837365108296,17.391068044070046,51.672418398937225
deadlift,1.0,1,7,velocity,mean,C223_kg,COMPLETE,0,32,35.255171167877805,23.464884203903978,-4.091314386393553,20.044942163511127,50.746134954939635
deadlift,1.0,1,7,velocity,mean,P230_kg,COMPLETE,0,32,34.766601452535504,20.27506801800987,5.341184838280675,17.68978318322351,51.865478946105185
deadlift,1.0,1,7,combined,last,P223_kg,COMPLETE,0,32,12.03466238272687,9.267009316648338,-1.2941554246720415,8.614239307982832,15.174673030965343
deadlift,1.0,1,7,combined,last,C223_kg,COMPLETE,0,32,15.586692811955539,12.617499397780158,-8.668553547576424,12.098555294997992,18.996302951915055
deadlift,1.0,1,7,combined,last,P230_kg,COMPLETE,0,32,11.755769434806734,8.642846286509979,0.7639456770978041,8.524328758103525,14.644732649489246
deadlift,1.0,1,7,combined,mean,P223_kg,COMPLETE,0,32,12.03466238272687,9.267009316648338,-1.2941554246720415,8.614239307982832,15.174673030965343
deadlift,1.0,1,7,combined,mean,C223_kg,COMPLETE,0,32,15.586692811955539,12.617499397780158,-8.668553547576424,12.098555294997992,18.996302951915055
deadlift,1.0,1,7,combined,mean,P230_kg,COMPLETE,0,32,11.755769434806734,8.642846286509979,0.7639456770978041,8.524328758103525,14.644732649489246
deadlift,1.0,1,7,load,last,P223_kg,COMPLETE,0,32,17.303372566326665,12.117950086312689,2.217604456535856,11.850648280289393,22.66003373123589
deadlift,1.0,1,7,load,last,C223_kg,COMPLETE,0,32,17.68757071464761,13.87305642285801,-5.156793666368527,12.985323611800048,22.227695061209555
deadlift,1.0,1,7,load,last,P230_kg,COMPLETE,0,32,17.41342171139033,12.085341920150658,4.2757055583057015,11.936675484158009,22.669278710714305
deadlift,1.0,1,7,load,mean,P223_kg,COMPLETE,0,32,17.303372566326665,12.117950086312689,2.217604456535856,11.850648280289393,22.66003373123589
deadlift,1.0,1,7,load,mean,C223_kg,COMPLETE,0,32,17.68757071464761,13.87305642285801,-5.156793666368527,12.985323611800048,22.227695061209555
deadlift,1.0,1,7,load,mean,P230_kg,COMPLETE,0,32,17.41342171139033,12.085341920150658,4.2757055583057015,11.936675484158009,22.669278710714305
deadlift,1.0,4,1,assessment,last,P223_kg,COMPLETE,0,32,17.29961942551213,12.105867992471964,2.03267192867147,11.853056355005913,23.209815738328054
deadlift,1.0,4,1,assessment,last,C223_kg,COMPLETE,0,32,18.064088249590725,14.3398742501575,-5.341726194232913,13.093320428464414,23.07128737089279
deadlift,1.0,4,1,assessment,last,P230_kg,COMPLETE,0,32,17.274362941089112,11.852210035259725,4.090773030441316,11.875618358568566,22.713913515533086
deadlift,1.0,4,1,assessment,mean,P223_kg,COMPLETE,0,32,6.886986360063586,5.14470855485269,1.9188172269249542,4.947127105533943,8.959573779740277
deadlift,1.0,4,1,assessment,mean,C223_kg,COMPLETE,0,32,9.467400709735292,8.121603881052309,-5.455580895979429,7.428455807647524,11.772144288421197
deadlift,1.0,4,1,assessment,mean,P230_kg,COMPLETE,0,32,7.3295006770675615,5.553515091401915,3.9769183286947998,5.241464906485997,9.495372951104741
deadlift,1.0,4,1,velocity,last,P223_kg,COMPLETE,0,32,34.58864455441214,20.430254499391268,3.2830837365108296,17.391068044070046,51.672418398937225
deadlift,1.0,4,1,velocity,last,C223_kg,COMPLETE,0,32,35.255171167877805,23.464884203903978,-4.091314386393553,20.044942163511127,50.746134954939635
deadlift,1.0,4,1,velocity,last,P230_kg,COMPLETE,0,32,34.766601452535504,20.27506801800987,5.341184838280675,17.68978318322351,51.865478946105185
deadlift,1.0,4,1,velocity,mean,P223_kg,COMPLETE,0,32,11.191153726556294,8.468469349412205,1.891274450951391,7.756573489568915,14.299079473126774
deadlift,1.0,4,1,velocity,mean,C223_kg,COMPLETE,0,32,13.25953928549138,10.905422480659212,-5.483123671952992,10.441547254281932,15.999277570754538
deadlift,1.0,4,1,velocity,mean,P230_kg,COMPLETE,0,32,11.605850251574283,8.568030481987677,3.9493755527212366,7.603121933960218,15.360721729527098
deadlift,1.0,4,1,combined,last,P223_kg,COMPLETE,0,32,12.03466238272687,9.267009316648338,-1.2941554246720415,8.614239307982832,15.174673030965343
deadlift,1.0,4,1,combined,last,C223_kg,COMPLETE,0,32,15.586692811955539,12.617499397780158,-8.668553547576424,12.098555294997992,18.996302951915055
deadlift,1.0,4,1,combined,last,P230_kg,COMPLETE,0,32,11.755769434806734,8.642846286509979,0.7639456770978041,8.524328758103525,14.644732649489246
deadlift,1.0,4,1,combined,mean,P223_kg,COMPLETE,0,32,5.378163936404243,4.2900237154359315,-0.18448821610192834,4.056233345255725,6.469447628966782
deadlift,1.0,4,1,combined,mean,C223_kg,COMPLETE,0,32,10.496993373329532,8.780831335782889,-7.558886339006311,8.556472067653482,12.257929722357783
deadlift,1.0,4,1,combined,mean,P230_kg,COMPLETE,0,32,5.269554792034912,3.9908359845230343,1.8736128856679173,3.8987113471640495,6.662482687977855
deadlift,1.0,4,1,load,last,P223_kg,COMPLETE,0,32,17.303372566326665,12.117950086312689,2.217604456535856,11.850648280289393,22.66003373123589
deadlift,1.0,4,1,load,last,C223_kg,COMPLETE,0,32,17.68757071464761,13.87305642285801,-5.156793666368527,12.985323611800048,22.227695061209555
deadlift,1.0,4,1,load,last,P230_kg,COMPLETE,0,32,17.41342171139033,12.085341920150658,4.2757055583057015,11.936675484158009,22.669278710714305
deadlift,1.0,4,1,load,mean,P223_kg,COMPLETE,0,32,7.520554507377975,6.017207093943968,1.6454379339281697,5.59121654948544,9.548244226384583
deadlift,1.0,4,1,load,mean,C223_kg,COMPLETE,0,32,10.035361007720931,8.519997245619694,-5.728960188976213,8.064233022494186,12.190033879828263
deadlift,1.0,4,1,load,mean,P230_kg,COMPLETE,0,32,7.945823388233366,6.262569828233359,3.7035390356980153,5.834360912855547,10.077842115083673
deadlift,1.0,4,7,assessment,last,P223_kg,COMPLETE,0,32,17.29961942551213,12.105867992471964,2.03267192867147,11.853056355005913,23.209815738328054
deadlift,1.0,4,7,assessment,last,C223_kg,COMPLETE,0,32,18.064088249590725,14.3398742501575,-5.341726194232913,13.093320428464414,23.07128737089279
deadlift,1.0,4,7,assessment,last,P230_kg,COMPLETE,0,32,17.274362941089112,11.852210035259725,4.090773030441316,11.875618358568566,22.713913515533086
deadlift,1.0,4,7,assessment,mean,P223_kg,COMPLETE,0,32,6.355748634615123,4.823736647551313,0.9081879219064932,4.419808951981815,8.507144615009029
deadlift,1.0,4,7,assessment,mean,C223_kg,COMPLETE,0,32,9.674919579932327,8.472412758305254,-6.46621020099789,7.951653455951155,11.230689410936888
deadlift,1.0,4,7,assessment,mean,P230_kg,COMPLETE,0,32,7.24642491567066,5.137494395203552,2.966289023676339,4.658626743966617,10.057999157901332
deadlift,1.0,4,7,velocity,last,P223_kg,COMPLETE,0,32,34.58864455441214,20.430254499391268,3.2830837365108296,17.391068044070046,51.672418398937225
deadlift,1.0,4,7,velocity,last,C223_kg,COMPLETE,0,32,35.255171167877805,23.464884203903978,-4.091314386393553,20.044942163511127,50.746134954939635
deadlift,1.0,4,7,velocity,last,P230_kg,COMPLETE,0,32,34.766601452535504,20.27506801800987,5.341184838280675,17.68978318322351,51.865478946105185
deadlift,1.0,4,7,velocity,mean,P223_kg,COMPLETE,0,32,11.26625737028688,8.911929458327668,2.892578717218969,8.281219053634542,14.325112739464346
deadlift,1.0,4,7,velocity,mean,C223_kg,COMPLETE,0,32,12.323876062424386,10.497146742309974,-4.481819405685414,9.762652052349702,14.584525746555334
deadlift,1.0,4,7,velocity,mean,P230_kg,COMPLETE,0,32,11.839617742378646,9.22702782557856,4.950679818988815,8.866679940673647,14.872380012082592
deadlift,1.0,4,7,combined,last,P223_kg,COMPLETE,0,32,12.03466238272687,9.267009316648338,-1.2941554246720415,8.614239307982832,15.174673030965343
deadlift,1.0,4,7,combined,last,C223_kg,COMPLETE,0,32,15.586692811955539,12.617499397780158,-8.668553547576424,12.098555294997992,18.996302951915055
deadlift,1.0,4,7,combined,last,P230_kg,COMPLETE,0,32,11.755769434806734,8.642846286509979,0.7639456770978041,8.524328758103525,14.644732649489246
deadlift,1.0,4,7,combined,mean,P223_kg,COMPLETE,0,32,4.6421593223458055,3.8445999376065165,-0.6456420957036917,3.6192056248387177,5.758751949797595
deadlift,1.0,4,7,combined,mean,C223_kg,COMPLETE,0,32,10.12147099244206,8.69799390806747,-8.020040218608074,8.331285145364483,11.701990328293464
deadlift,1.0,4,7,combined,mean,P230_kg,COMPLETE,0,32,5.292614316050794,3.8498486996064667,1.412459006066154,3.394699072965255,7.097794152821328
deadlift,1.0,4,7,load,last,P223_kg,COMPLETE,0,32,17.303372566326665,12.117950086312689,2.217604456535856,11.850648280289393,22.66003373123589
deadlift,1.0,4,7,load,last,C223_kg,COMPLETE,0,32,17.68757071464761,13.87305642285801,-5.156793666368527,12.985323611800048,22.227695061209555
deadlift,1.0,4,7,load,last,P230_kg,COMPLETE,0,32,17.41342171139033,12.085341920150658,4.2757055583057015,11.936675484158009,22.669278710714305
deadlift,1.0,4,7,load,mean,P223_kg,COMPLETE,0,32,6.541335705975652,4.732530313792771,1.035508820572736,4.292638073415789,8.839941295687714
deadlift,1.0,4,7,load,mean,C223_kg,COMPLETE,0,32,9.56907178722102,8.278166842056454,-6.338889302331647,7.855370905413251,11.11047501568004
deadlift,1.0,4,7,load,mean,P230_kg,COMPLETE,0,32,7.558239983763575,5.419537445479762,3.0936099223425817,4.842299649101322,10.445906333917005
deadlift,1.0,16,1,assessment,last,P223_kg,COMPLETE,0,32,17.29961942551213,12.105867992471964,2.03267192867147,11.853056355005913,23.209815738328054
deadlift,1.0,16,1,assessment,last,C223_kg,COMPLETE,0,32,18.064088249590725,14.3398742501575,-5.341726194232913,13.093320428464414,23.07128737089279
deadlift,1.0,16,1,assessment,last,P230_kg,COMPLETE,0,32,17.274362941089112,11.852210035259725,4.090773030441316,11.875618358568566,22.713913515533086
deadlift,1.0,16,1,assessment,mean,P223_kg,COMPLETE,0,32,3.5383701304001067,2.737051134108495,1.0813470821014723,2.654168810990012,4.448820322235312
deadlift,1.0,16,1,assessment,mean,C223_kg,COMPLETE,0,32,7.754116134744617,6.411316701184439,-6.293051040802911,6.198008705593575,9.14685607966883
deadlift,1.0,16,1,assessment,mean,P230_kg,COMPLETE,0,32,5.279143929232888,4.035273706931573,3.139448183871318,3.812244551295474,6.63010988819844
deadlift,1.0,16,1,velocity,last,P223_kg,COMPLETE,0,32,34.58864455441214,20.430254499391268,3.2830837365108296,17.391068044070046,51.672418398937225
deadlift,1.0,16,1,velocity,last,C223_kg,COMPLETE,0,32,35.255171167877805,23.464884203903978,-4.091314386393553,20.044942163511127,50.746134954939635
deadlift,1.0,16,1,velocity,last,P230_kg,COMPLETE,0,32,34.766601452535504,20.27506801800987,5.341184838280675,17.68978318322351,51.865478946105185
deadlift,1.0,16,1,velocity,mean,P223_kg,COMPLETE,0,32,5.465991832286193,4.5204895215216485,1.0087261560249488,4.377531889666751,6.540315982965168
deadlift,1.0,16,1,velocity,mean,C223_kg,COMPLETE,0,32,9.342437804953127,7.675776103268467,-6.365671966879434,7.463886712355989,11.005298960973422
deadlift,1.0,16,1,velocity,mean,P230_kg,COMPLETE,0,32,6.759234290865851,5.453955238685547,3.0668272577947944,5.247858555102144,8.194880508119748
deadlift,1.0,16,1,combined,last,P223_kg,COMPLETE,0,32,12.03466238272687,9.267009316648338,-1.2941554246720415,8.614239307982832,15.174673030965343
deadlift,1.0,16,1,combined,last,C223_kg,COMPLETE,0,32,15.586692811955539,12.617499397780158,-8.668553547576424,12.098555294997992,18.996302951915055
deadlift,1.0,16,1,combined,last,P230_kg,COMPLETE,0,32,11.755769434806734,8.642846286509979,0.7639456770978041,8.524328758103525,14.644732649489246
deadlift,1.0,16,1,combined,mean,P223_kg,COMPLETE,0,32,2.462064633649183,1.8892206939167941,-0.792243189233238,1.816313486226049,3.1146432685537904
deadlift,1.0,16,1,combined,mean,C223_kg,COMPLETE,0,32,9.29502506874204,8.166641312137621,-8.166641312137621,7.9408701175400065,10.55633843699927
deadlift,1.0,16,1,combined,mean,P230_kg,COMPLETE,0,32,3.818579266198162,2.9671409463209804,1.2658579125366076,2.8325372962659316,4.708892266717658
deadlift,1.0,16,1,load,last,P223_kg,COMPLETE,0,32,17.303372566326665,12.117950086312689,2.217604456535856,11.850648280289393,22.66003373123589
deadlift,1.0,16,1,load,last,C223_kg,COMPLETE,0,32,17.68757071464761,13.87305642285801,-5.156793666368527,12.985323611800048,22.227695061209555
deadlift,1.0,16,1,load,last,P230_kg,COMPLETE,0,32,17.41342171139033,12.085341920150658,4.2757055583057015,11.936675484158009,22.669278710714305
deadlift,1.0,16,1,load,mean,P223_kg,COMPLETE,0,32,3.3697754322462936,2.6847644245725597,0.9078775154865966,2.515672797961663,4.295785608770904
deadlift,1.0,16,1,load,mean,C223_kg,COMPLETE,0,32,7.904384397884833,6.561577030056041,-6.466520607417786,6.3476308715327505,9.331319512597542
deadlift,1.0,16,1,load,mean,P230_kg,COMPLETE,0,32,5.120197273070555,3.9020540423390377,2.965978617256442,3.741446397174174,6.406949853054341
deadlift,1.0,16,7,assessment,last,P223_kg,COMPLETE,0,32,17.29961942551213,12.105867992471964,2.03267192867147,11.853056355005913,23.209815738328054
deadlift,1.0,16,7,assessment,last,C223_kg,COMPLETE,0,32,18.064088249590725,14.3398742501575,-5.341726194232913,13.093320428464414,23.07128737089279
deadlift,1.0,16,7,assessment,last,P230_kg,COMPLETE,0,32,17.274362941089112,11.852210035259725,4.090773030441316,11.875618358568566,22.713913515533086
deadlift,1.0,16,7,assessment,mean,P223_kg,COMPLETE,0,32,4.53033704242772,3.5717377068017004,-1.2591000469637894,3.4162359867721124,5.490590336561511
deadlift,1.0,16,7,assessment,mean,C223_kg,COMPLETE,0,32,10.600768443398074,9.085130701422337,-8.633498169868172,8.496261658492402,12.50127145685172
deadlift,1.0,16,7,assessment,mean,P230_kg,COMPLETE,0,32,4.104531549221567,2.8768723320434484,0.7990010548060562,2.560477765736424,5.561336876524945
deadlift,1.0,16,7,velocity,last,P223_kg,COMPLETE,0,32,34.58864455441214,20.430254499391268,3.2830837365108296,17.391068044070046,51.672418398937225
deadlift,1.0,16,7,velocity,last,C223_kg,COMPLETE,0,32,35.255171167877805,23.464884203903978,-4.091314386393553,20.044942163511127,50.746134954939635
deadlift,1.0,16,7,velocity,last,P230_kg,COMPLETE,0,32,34.766601452535504,20.27506801800987,5.341184838280675,17.68978318322351,51.865478946105185
deadlift,1.0,16,7,velocity,mean,P223_kg,COMPLETE,0,32,5.048390026863495,3.721995008230282,1.2366253841170067,3.538835206690802,6.5167068431301844
deadlift,1.0,16,7,velocity,mean,C223_kg,COMPLETE,0,32,8.665212129668841,7.1862908592797385,-6.137772738787376,6.955080380808977,10.254877027223598
deadlift,1.0,16,7,velocity,mean,P230_kg,COMPLETE,0,32,5.709473072732277,4.579165938562274,3.2947264858868524,4.254409219104336,7.138086134073876
deadlift,1.0,16,7,combined,last,P223_kg,COMPLETE,0,32,12.03466238272687,9.267009316648338,-1.2941554246720415,8.614239307982832,15.174673030965343
deadlift,1.0,16,7,combined,last,C223_kg,COMPLETE,0,32,15.586692811955539,12.617499397780158,-8.668553547576424,12.098555294997992,18.996302951915055
deadlift,1.0,16,7,combined,last,P230_kg,COMPLETE,0,32,11.755769434806734,8.642846286509979,0.7639456770978041,8.524328758103525,14.644732649489246
deadlift,1.0,16,7,combined,mean,P223_kg,COMPLETE,0,32,4.077338984980308,3.238809296074213,-2.461710159666297,3.0216890058115857,5.020501808299674
deadlift,1.0,16,7,combined,mean,C223_kg,COMPLETE,0,32,11.277633317774006,9.885572137076522,-9.836108282570681,9.429290864863107,12.959148790676487
deadlift,1.0,16,7,combined,mean,P230_kg,COMPLETE,0,32,3.0208813854227614,2.1566556401809827,-0.4036090578964515,1.9196151581183416,4.062335774799842
deadlift,1.0,16,7,load,last,P223_kg,COMPLETE,0,32,17.303372566326665,12.117950086312689,2.217604456535856,11.850648280289393,22.66003373123589
deadlift,1.0,16,7,load,last,C223_kg,COMPLETE,0,32,17.68757071464761,13.87305642285801,-5.156793666368527,12.985323611800048,22.227695061209555
deadlift,1.0,16,7,load,last,P230_kg,COMPLETE,0,32,17.41342171139033,12.085341920150658,4.2757055583057015,11.936675484158009,22.669278710714305
deadlift,1.0,16,7,load,mean,P223_kg,COMPLETE,0,32,4.450192705778032,3.582901045502333,-1.2101064380429998,3.445056836321763,5.36874933511929
deadlift,1.0,16,7,load,mean,C223_kg,COMPLETE,0,32,10.479589179564366,8.911992332047944,-8.584504560947384,8.308362606867663,12.44426657450344
deadlift,1.0,16,7,load,mean,P230_kg,COMPLETE,0,32,4.069866217455983,2.855025339442708,0.8479946637268458,2.5688176910350826,5.487575189150332
deadlift,1.0,32,1,assessment,last,P223_kg,COMPLETE,0,32,17.29961942551213,12.105867992471964,2.03267192867147,11.853056355005913,23.209815738328054
deadlift,1.0,32,1,assessment,last,C223_kg,COMPLETE,0,32,18.064088249590725,14.3398742501575,-5.341726194232913,13.093320428464414,23.07128737089279
deadlift,1.0,32,1,assessment,last,P230_kg,COMPLETE,0,32,17.274362941089112,11.852210035259725,4.090773030441316,11.875618358568566,22.713913515533086
deadlift,1.0,32,1,assessment,mean,P223_kg,COMPLETE,0,32,2.719102442177226,2.1965462760392436,-0.26182763513066387,2.0731828513273975,3.382005186838403
deadlift,1.0,32,1,assessment,mean,C223_kg,COMPLETE,0,32,9.287807146496853,7.933541210998345,-7.636225758035047,7.735289198975303,10.670567249265842
deadlift,1.0,32,1,assessment,mean,P230_kg,COMPLETE,0,32,3.7974537139452402,2.953414776459052,1.7962734666391817,2.7650686697434788,4.851986863801198
deadlift,1.0,32,1,velocity,last,P223_kg,COMPLETE,0,32,34.58864455441214,20.430254499391268,3.2830837365108296,17.391068044070046,51.672418398937225
deadlift,1.0,32,1,velocity,last,C223_kg,COMPLETE,0,32,35.255171167877805,23.464884203903978,-4.091314386393553,20.044942163511127,50.746134954939635
deadlift,1.0,32,1,velocity,last,P230_kg,COMPLETE,0,32,34.766601452535504,20.27506801800987,5.341184838280675,17.68978318322351,51.865478946105185
deadlift,1.0,32,1,velocity,mean,P223_kg,COMPLETE,0,32,3.2738216602678905,2.672253701278768,0.3328188115811468,2.577013818787234,3.9430070986151295
deadlift,1.0,32,1,velocity,mean,C223_kg,COMPLETE,0,32,8.990751127167364,7.465256703035012,-7.041579311323236,7.2329862069058395,10.468917553889693
deadlift,1.0,32,1,velocity,mean,P230_kg,COMPLETE,0,32,4.155796472849175,3.428729601530544,2.3909199133509924,3.3594828519726705,4.916550594178869
deadlift,1.0,32,1,combined,last,P223_kg,COMPLETE,0,32,12.03466238272687,9.267009316648338,-1.2941554246720415,8.614239307982832,15.174673030965343
deadlift,1.0,32,1,combined,last,C223_kg,COMPLETE,0,32,15.586692811955539,12.617499397780158,-8.668553547576424,12.098555294997992,18.996302951915055
deadlift,1.0,32,1,combined,last,P230_kg,COMPLETE,0,32,11.755769434806734,8.642846286509979,0.7639456770978041,8.524328758103525,14.644732649489246
deadlift,1.0,32,1,combined,mean,P223_kg,COMPLETE,0,32,3.0514879701683864,2.3696295586916722,-1.88932714971288,2.2097588921569655,3.952951215356959
deadlift,1.0,32,1,combined,mean,C223_kg,COMPLETE,0,32,10.685601444134438,9.307346450378454,-9.263725272617263,9.047250565235304,12.13542079063551
deadlift,1.0,32,1,combined,mean,P230_kg,COMPLETE,0,32,3.019831938988695,2.168234472317221,0.16877395205696555,1.9121846347934395,4.303474505682062
deadlift,1.0,32,1,load,last,P223_kg,COMPLETE,0,32,17.303372566326665,12.117950086312689,2.217604456535856,11.850648280289393,22.66003373123589
deadlift,1.0,32,1,load,last,C223_kg,COMPLETE,0,32,17.68757071464761,13.87305642285801,-5.156793666368527,12.985323611800048,22.227695061209555
deadlift,1.0,32,1,load,last,P230_kg,COMPLETE,0,32,17.41342171139033,12.085341920150658,4.2757055583057015,11.936675484158009,22.669278710714305
deadlift,1.0,32,1,load,mean,P223_kg,COMPLETE,0,32,2.7911020920034617,2.2928630342671346,-0.2919996562707725,2.18153951488493,3.389820894254928
deadlift,1.0,32,1,load,mean,C223_kg,COMPLETE,0,32,9.39842757218076,8.01893996441752,-7.666397779175155,7.740671650222587,10.89836957495267
deadlift,1.0,32,1,load,mean,P230_kg,COMPLETE,0,32,3.703878194243424,2.916394200044415,1.766101445499073,2.6797752700687356,4.709961128219005
deadlift,1.0,32,7,assessment,last,P223_kg,COMPLETE,0,32,17.29961942551213,12.105867992471964,2.03267192867147,11.853056355005913,23.209815738328054
deadlift,1.0,32,7,assessment,last,C223_kg,COMPLETE,0,32,18.064088249590725,14.3398742501575,-5.341726194232913,13.093320428464414,23.07128737089279
deadlift,1.0,32,7,assessment,last,P230_kg,COMPLETE,0,32,17.274362941089112,11.852210035259725,4.090773030441316,11.875618358568566,22.713913515533086
deadlift,1.0,32,7,assessment,mean,P223_kg,COMPLETE,0,32,5.779945098246151,4.380197568818725,-4.096141766984613,4.1416697965352505,7.131900633476013
deadlift,1.0,32,7,assessment,mean,C223_kg,COMPLETE,0,32,13.208470361869855,11.470539889888997,-11.470539889888997,10.80313586303121,15.415090900257951
deadlift,1.0,32,7,assessment,mean,P230_kg,COMPLETE,0,32,4.125478137615872,2.9943096075803624,-2.0380406652147673,3.0124314560617576,5.13522052500168
deadlift,1.0,32,7,velocity,last,P223_kg,COMPLETE,0,32,34.58864455441214,20.430254499391268,3.2830837365108296,17.391068044070046,51.672418398937225
deadlift,1.0,32,7,velocity,last,C223_kg,COMPLETE,0,32,35.255171167877805,23.464884203903978,-4.091314386393553,20.044942163511127,50.746134954939635
deadlift,1.0,32,7,velocity,last,P230_kg,COMPLETE,0,32,34.766601452535504,20.27506801800987,5.341184838280675,17.68978318322351,51.865478946105185
deadlift,1.0,32,7,velocity,mean,P223_kg,COMPLETE,0,32,4.718348287769084,3.8933125815707683,-1.8925741275928907,3.7175067509689823,5.681852201177388
deadlift,1.0,32,7,velocity,mean,C223_kg,COMPLETE,0,32,11.068205609280348,9.350262040920635,-9.266972250497274,8.92386711043851,13.009562779469707
deadlift,1.0,32,7,velocity,mean,P230_kg,COMPLETE,0,32,3.717093853653951,2.8669583978886353,0.16552697417695494,2.6998301829355738,4.599095217666773
deadlift,1.0,32,7,combined,last,P223_kg,COMPLETE,0,32,12.03466238272687,9.267009316648338,-1.2941554246720415,8.614239307982832,15.174673030965343
deadlift,1.0,32,7,combined,last,C223_kg,COMPLETE,0,32,15.586692811955539,12.617499397780158,-8.668553547576424,12.098555294997992,18.996302951915055
deadlift,1.0,32,7,combined,last,P230_kg,COMPLETE,0,32,11.755769434806734,8.642846286509979,0.7639456770978041,8.524328758103525,14.644732649489246
deadlift,1.0,32,7,combined,mean,P223_kg,COMPLETE,0,32,6.410912191089729,5.24442996005763,-5.24442996005763,4.951132385301755,7.681326872497248
deadlift,1.0,32,7,combined,mean,C223_kg,COMPLETE,0,32,14.10224944366512,12.618828082962013,-12.618828082962013,11.705892991811028,16.368154878945838
deadlift,1.0,32,7,combined,mean,P230_kg,COMPLETE,0,32,4.485597021326813,3.5393594656268066,-3.1863288582877844,3.396553019408755,5.522021052964499
deadlift,1.0,32,7,load,last,P223_kg,COMPLETE,0,32,17.303372566326665,12.117950086312689,2.217604456535856,11.850648280289393,22.66003373123589
deadlift,1.0,32,7,load,last,C223_kg,COMPLETE,0,32,17.68757071464761,13.87305642285801,-5.156793666368527,12.985323611800048,22.227695061209555
deadlift,1.0,32,7,load,last,P230_kg,COMPLETE,0,32,17.41342171139033,12.085341920150658,4.2757055583057015,11.936675484158009,22.669278710714305
deadlift,1.0,32,7,load,mean,P223_kg,COMPLETE,0,32,5.8053190203482465,4.4381950375196,-4.047571501157483,4.17341588093738,7.208720210935309
deadlift,1.0,32,7,load,mean,C223_kg,COMPLETE,0,32,13.210829007494894,11.421969624061866,-11.421969624061866,10.704389975388954,15.470378348231106
deadlift,1.0,32,7,load,mean,P230_kg,COMPLETE,0,32,4.189006933651324,3.1223619226024484,-1.9894703993876375,3.051049912520086,5.22814941064158
deadlift,2.0,1,1,assessment,last,P223_kg,COMPLETE,0,32,34.59923885102426,24.211735984943928,4.065343857342938,23.70611271001182,46.4196314766561
deadlift,2.0,1,1,assessment,last,C223_kg,COMPLETE,0,32,34.38537647315661,25.24898904288178,-3.3090542655614446,24.19055099990907,45.33016555658779
deadlift,2.0,1,1,assessment,last,P230_kg,COMPLETE,0,32,34.43919493928798,23.900710752367537,6.123444959112784,23.612351464374587,45.770168442450945
deadlift,2.0,1,1,assessment,mean,P223_kg,COMPLETE,0,32,34.59923885102426,24.211735984943928,4.065343857342938,23.70611271001182,46.4196314766561
deadlift,2.0,1,1,assessment,mean,C223_kg,COMPLETE,0,32,34.38537647315661,25.24898904288178,-3.3090542655614446,24.19055099990907,45.33016555658779
deadlift,2.0,1,1,assessment,mean,P230_kg,COMPLETE,0,32,34.43919493928798,23.900710752367537,6.123444959112784,23.612351464374587,45.770168442450945
deadlift,2.0,1,1,velocity,last,P223_kg,INCONCLUSIVE,2,32,,,,,
deadlift,2.0,1,1,velocity,last,C223_kg,INCONCLUSIVE,2,32,,,,,
deadlift,2.0,1,1,velocity,last,P230_kg,INCONCLUSIVE,2,32,,,,,
deadlift,2.0,1,1,velocity,mean,P223_kg,INCONCLUSIVE,2,32,,,,,
deadlift,2.0,1,1,velocity,mean,C223_kg,INCONCLUSIVE,2,32,,,,,
deadlift,2.0,1,1,velocity,mean,P230_kg,INCONCLUSIVE,2,32,,,,,
deadlift,2.0,1,1,combined,last,P223_kg,INCONCLUSIVE,2,32,,,,,
deadlift,2.0,1,1,combined,last,C223_kg,INCONCLUSIVE,2,32,,,,,
deadlift,2.0,1,1,combined,last,P230_kg,INCONCLUSIVE,2,32,,,,,
deadlift,2.0,1,1,combined,mean,P223_kg,INCONCLUSIVE,2,32,,,,,
deadlift,2.0,1,1,combined,mean,C223_kg,INCONCLUSIVE,2,32,,,,,
deadlift,2.0,1,1,combined,mean,P230_kg,INCONCLUSIVE,2,32,,,,,
deadlift,2.0,1,1,load,last,P223_kg,COMPLETE,0,32,34.49003794562192,24.072634080304194,4.235780892164201,23.743766664587582,45.76209878912227
deadlift,2.0,1,1,load,last,C223_kg,COMPLETE,0,32,34.073994303591725,25.150417900982127,-3.1386172307401816,23.97189582720263,44.67066526012649
deadlift,2.0,1,1,load,last,P230_kg,COMPLETE,0,32,34.39785651132885,23.8580601179089,6.293881993934047,23.57583763661849,45.15655377444221
deadlift,2.0,1,1,load,mean,P223_kg,COMPLETE,0,32,34.49003794562192,24.072634080304194,4.235780892164201,23.743766664587582,45.76209878912227
deadlift,2.0,1,1,load,mean,C223_kg,COMPLETE,0,32,34.073994303591725,25.150417900982127,-3.1386172307401816,23.97189582720263,44.67066526012649
deadlift,2.0,1,1,load,mean,P230_kg,COMPLETE,0,32,34.39785651132885,23.8580601179089,6.293881993934047,23.57583763661849,45.15655377444221
deadlift,2.0,1,7,assessment,last,P223_kg,COMPLETE,0,32,34.59923885102426,24.211735984943928,4.065343857342938,23.70611271001182,46.4196314766561
deadlift,2.0,1,7,assessment,last,C223_kg,COMPLETE,0,32,34.38537647315661,25.24898904288178,-3.3090542655614446,24.19055099990907,45.33016555658779
deadlift,2.0,1,7,assessment,last,P230_kg,COMPLETE,0,32,34.43919493928798,23.900710752367537,6.123444959112784,23.612351464374587,45.770168442450945
deadlift,2.0,1,7,assessment,mean,P223_kg,COMPLETE,0,32,34.59923885102426,24.211735984943928,4.065343857342938,23.70611271001182,46.4196314766561
deadlift,2.0,1,7,assessment,mean,C223_kg,COMPLETE,0,32,34.38537647315661,25.24898904288178,-3.3090542655614446,24.19055099990907,45.33016555658779
deadlift,2.0,1,7,assessment,mean,P230_kg,COMPLETE,0,32,34.43919493928798,23.900710752367537,6.123444959112784,23.612351464374587,45.770168442450945
deadlift,2.0,1,7,velocity,last,P223_kg,INCONCLUSIVE,2,32,,,,,
deadlift,2.0,1,7,velocity,last,C223_kg,INCONCLUSIVE,2,32,,,,,
deadlift,2.0,1,7,velocity,last,P230_kg,INCONCLUSIVE,2,32,,,,,
deadlift,2.0,1,7,velocity,mean,P223_kg,INCONCLUSIVE,2,32,,,,,
deadlift,2.0,1,7,velocity,mean,C223_kg,INCONCLUSIVE,2,32,,,,,
deadlift,2.0,1,7,velocity,mean,P230_kg,INCONCLUSIVE,2,32,,,,,
deadlift,2.0,1,7,combined,last,P223_kg,INCONCLUSIVE,2,32,,,,,
deadlift,2.0,1,7,combined,last,C223_kg,INCONCLUSIVE,2,32,,,,,
deadlift,2.0,1,7,combined,last,P230_kg,INCONCLUSIVE,2,32,,,,,
deadlift,2.0,1,7,combined,mean,P223_kg,INCONCLUSIVE,2,32,,,,,
deadlift,2.0,1,7,combined,mean,C223_kg,INCONCLUSIVE,2,32,,,,,
deadlift,2.0,1,7,combined,mean,P230_kg,INCONCLUSIVE,2,32,,,,,
deadlift,2.0,1,7,load,last,P223_kg,COMPLETE,0,32,34.49003794562192,24.072634080304194,4.235780892164201,23.743766664587582,45.76209878912227
deadlift,2.0,1,7,load,last,C223_kg,COMPLETE,0,32,34.073994303591725,25.150417900982127,-3.1386172307401816,23.97189582720263,44.67066526012649
deadlift,2.0,1,7,load,last,P230_kg,COMPLETE,0,32,34.39785651132885,23.8580601179089,6.293881993934047,23.57583763661849,45.15655377444221
deadlift,2.0,1,7,load,mean,P223_kg,COMPLETE,0,32,34.49003794562192,24.072634080304194,4.235780892164201,23.743766664587582,45.76209878912227
deadlift,2.0,1,7,load,mean,C223_kg,COMPLETE,0,32,34.073994303591725,25.150417900982127,-3.1386172307401816,23.97189582720263,44.67066526012649
deadlift,2.0,1,7,load,mean,P230_kg,COMPLETE,0,32,34.39785651132885,23.8580601179089,6.293881993934047,23.57583763661849,45.15655377444221
deadlift,2.0,4,1,assessment,last,P223_kg,COMPLETE,0,32,34.59923885102426,24.211735984943928,4.065343857342938,23.70611271001182,46.4196314766561
deadlift,2.0,4,1,assessment,last,C223_kg,COMPLETE,0,32,34.38537647315661,25.24898904288178,-3.3090542655614446,24.19055099990907,45.33016555658779
deadlift,2.0,4,1,assessment,last,P230_kg,COMPLETE,0,32,34.43919493928798,23.900710752367537,6.123444959112784,23.612351464374587,45.770168442450945
deadlift,2.0,4,1,assessment,mean,P223_kg,COMPLETE,0,32,13.766699300857205,10.298582025785585,3.697416578905613,9.875767172847201,17.89980524630934
deadlift,2.0,4,1,assessment,mean,C223_kg,COMPLETE,0,32,14.405395505081984,11.995200872984277,-3.67698154399877,10.915370061629613,17.691594120545993
deadlift,2.0,4,1,assessment,mean,P230_kg,COMPLETE,0,32,13.853409684422578,10.393044166323069,5.755517680675458,9.972559802244152,18.11481942238866
deadlift,2.0,4,1,velocity,last,P223_kg,INCONCLUSIVE,2,32,,,,,
deadlift,2.0,4,1,velocity,last,C223_kg,INCONCLUSIVE,2,32,,,,,
deadlift,2.0,4,1,velocity,last,P230_kg,INCONCLUSIVE,2,32,,,,,
deadlift,2.0,4,1,velocity,mean,P223_kg,INCONCLUSIVE,2,32,,,,,
deadlift,2.0,4,1,velocity,mean,C223_kg,INCONCLUSIVE,2,32,,,,,
deadlift,2.0,4,1,velocity,mean,P230_kg,INCONCLUSIVE,2,32,,,,,
deadlift,2.0,4,1,combined,last,P223_kg,INCONCLUSIVE,2,32,,,,,
deadlift,2.0,4,1,combined,last,C223_kg,INCONCLUSIVE,2,32,,,,,
deadlift,2.0,4,1,combined,last,P230_kg,INCONCLUSIVE,2,32,,,,,
deadlift,2.0,4,1,combined,mean,P223_kg,INCONCLUSIVE,2,32,,,,,
deadlift,2.0,4,1,combined,mean,C223_kg,INCONCLUSIVE,2,32,,,,,
deadlift,2.0,4,1,combined,mean,P230_kg,INCONCLUSIVE,2,32,,,,,
deadlift,2.0,4,1,load,last,P223_kg,COMPLETE,0,32,34.49003794562192,24.072634080304194,4.235780892164201,23.743766664587582,45.76209878912227
deadlift,2.0,4,1,load,last,C223_kg,COMPLETE,0,32,34.073994303591725,25.150417900982127,-3.1386172307401816,23.97189582720263,44.67066526012649
deadlift,2.0,4,1,load,last,P230_kg,COMPLETE,0,32,34.39785651132885,23.8580601179089,6.293881993934047,23.57583763661849,45.15655377444221
deadlift,2.0,4,1,load,mean,P223_kg,COMPLETE,0,32,14.322367292541829,11.173655400772434,3.441564695126692,10.542245171937024,18.502515535800722
deadlift,2.0,4,1,load,mean,C223_kg,COMPLETE,0,32,14.988889657355722,12.456826135786802,-3.932833427777691,11.634570230346114,18.215187200849208
deadlift,2.0,4,1,load,mean,P230_kg,COMPLETE,0,32,14.418018506178823,11.25357497066176,5.4996657968965375,10.556423284194265,18.668039830056152
deadlift,2.0,4,7,assessment,last,P223_kg,COMPLETE,0,32,34.59923885102426,24.211735984943928,4.065343857342938,23.70611271001182,46.4196314766561
deadlift,2.0,4,7,assessment,last,C223_kg,COMPLETE,0,32,34.38537647315661,25.24898904288178,-3.3090542655614446,24.19055099990907,45.33016555658779
deadlift,2.0,4,7,assessment,last,P230_kg,COMPLETE,0,32,34.43919493928798,23.900710752367537,6.123444959112784,23.612351464374587,45.770168442450945
deadlift,2.0,4,7,assessment,mean,P223_kg,COMPLETE,0,32,12.39877251859351,9.367989936895151,1.776582937035922,8.706482171385945,16.319808422398047
deadlift,2.0,4,7,assessment,mean,C223_kg,COMPLETE,0,32,13.723147623085977,11.618237815866449,-5.597815185868461,11.14110377722892,16.149233817394254
deadlift,2.0,4,7,assessment,mean,P230_kg,COMPLETE,0,32,13.091068694890387,9.409654963908128,3.8346840388057677,8.826450362059102,17.680822375582125
deadlift,2.0,4,7,velocity,last,P223_kg,INCONCLUSIVE,2,32,,,,,
deadlift,2.0,4,7,velocity,last,C223_kg,INCONCLUSIVE,2,32,,,,,
deadlift,2.0,4,7,velocity,last,P230_kg,INCONCLUSIVE,2,32,,,,,
deadlift,2.0,4,7,velocity,mean,P223_kg,INCONCLUSIVE,4,32,,,,,
deadlift,2.0,4,7,velocity,mean,C223_kg,INCONCLUSIVE,4,32,,,,,
deadlift,2.0,4,7,velocity,mean,P230_kg,INCONCLUSIVE,4,32,,,,,
deadlift,2.0,4,7,combined,last,P223_kg,INCONCLUSIVE,2,32,,,,,
deadlift,2.0,4,7,combined,last,C223_kg,INCONCLUSIVE,2,32,,,,,
deadlift,2.0,4,7,combined,last,P230_kg,INCONCLUSIVE,2,32,,,,,
deadlift,2.0,4,7,combined,mean,P223_kg,INCONCLUSIVE,4,32,,,,,
deadlift,2.0,4,7,combined,mean,C223_kg,INCONCLUSIVE,4,32,,,,,
deadlift,2.0,4,7,combined,mean,P230_kg,INCONCLUSIVE,4,32,,,,,
deadlift,2.0,4,7,load,last,P223_kg,COMPLETE,0,32,34.49003794562192,24.072634080304194,4.235780892164201,23.743766664587582,45.76209878912227
deadlift,2.0,4,7,load,last,C223_kg,COMPLETE,0,32,34.073994303591725,25.150417900982127,-3.1386172307401816,23.97189582720263,44.67066526012649
deadlift,2.0,4,7,load,last,P230_kg,COMPLETE,0,32,34.39785651132885,23.8580601179089,6.293881993934047,23.57583763661849,45.15655377444221
deadlift,2.0,4,7,load,mean,P223_kg,COMPLETE,0,32,12.541477872352779,9.102621454482932,1.9144540880168028,8.507530303308203,16.715873058983696
deadlift,2.0,4,7,load,mean,C223_kg,COMPLETE,0,32,13.682288945090427,11.444231021079506,-5.45994403488758,10.894998288698432,16.283184722700987
deadlift,2.0,4,7,load,mean,P230_kg,COMPLETE,0,32,13.309988306633707,9.353919140514744,3.9725551897866485,8.703957226431429,18.08490084468232
deadlift,2.0,16,1,assessment,last,P223_kg,COMPLETE,0,32,34.59923885102426,24.211735984943928,4.065343857342938,23.70611271001182,46.4196314766561
deadlift,2.0,16,1,assessment,last,C223_kg,COMPLETE,0,32,34.38537647315661,25.24898904288178,-3.3090542655614446,24.19055099990907,45.33016555658779
deadlift,2.0,16,1,assessment,last,P230_kg,COMPLETE,0,32,34.43919493928798,23.900710752367537,6.123444959112784,23.612351464374587,45.770168442450945
deadlift,2.0,16,1,assessment,mean,P223_kg,COMPLETE,0,32,6.773826516612939,5.263536271343721,1.7490635550223033,5.137753541858328,8.458004242014264
deadlift,2.0,16,1,assessment,mean,C223_kg,COMPLETE,0,32,8.857504291688931,6.998698212741029,-5.62533456788208,6.86021292333382,10.85891254658525
deadlift,2.0,16,1,assessment,mean,P230_kg,COMPLETE,0,32,8.097051153701283,6.484643512032876,3.807164656792149,6.135108588059513,10.020605927610227
deadlift,2.0,16,1,velocity,last,P223_kg,INCONCLUSIVE,2,32,,,,,
deadlift,2.0,16,1,velocity,last,C223_kg,INCONCLUSIVE,2,32,,,,,
deadlift,2.0,16,1,velocity,last,P230_kg,INCONCLUSIVE,2,32,,,,,
deadlift,2.0,16,1,velocity,mean,P223_kg,INCONCLUSIVE,9,32,,,,,
deadlift,2.0,16,1,velocity,mean,C223_kg,INCONCLUSIVE,9,32,,,,,
deadlift,2.0,16,1,velocity,mean,P230_kg,INCONCLUSIVE,9,32,,,,,
deadlift,2.0,16,1,combined,last,P223_kg,INCONCLUSIVE,2,32,,,,,
deadlift,2.0,16,1,combined,last,C223_kg,INCONCLUSIVE,2,32,,,,,
deadlift,2.0,16,1,combined,last,P230_kg,INCONCLUSIVE,2,32,,,,,
deadlift,2.0,16,1,combined,mean,P223_kg,INCONCLUSIVE,9,32,,,,,
deadlift,2.0,16,1,combined,mean,C223_kg,INCONCLUSIVE,9,32,,,,,
deadlift,2.0,16,1,combined,mean,P230_kg,INCONCLUSIVE,9,32,,,,,
deadlift,2.0,16,1,load,last,P223_kg,COMPLETE,0,32,34.49003794562192,24.072634080304194,4.235780892164201,23.743766664587582,45.76209878912227
deadlift,2.0,16,1,load,last,C223_kg,COMPLETE,0,32,34.073994303591725,25.150417900982127,-3.1386172307401816,23.97189582720263,44.67066526012649
deadlift,2.0,16,1,load,last,P230_kg,COMPLETE,0,32,34.39785651132885,23.8580601179089,6.293881993934047,23.57583763661849,45.15655377444221
deadlift,2.0,16,1,load,mean,P223_kg,COMPLETE,0,32,6.579321584715869,5.166431529302397,1.5811760196824114,4.966674553475543,8.197782341804897
deadlift,2.0,16,1,load,mean,C223_kg,COMPLETE,0,32,8.900526139537607,7.057941751400536,-5.7932221032219715,6.9173011399950655,10.957446757117765
deadlift,2.0,16,1,load,mean,P230_kg,COMPLETE,0,32,7.9074392821232555,6.286738621501406,3.639277121452257,5.950258559257139,9.808710521396108
deadlift,2.0,16,7,assessment,last,P223_kg,COMPLETE,0,32,34.59923885102426,24.211735984943928,4.065343857342938,23.70611271001182,46.4196314766561
deadlift,2.0,16,7,assessment,last,C223_kg,COMPLETE,0,32,34.38537647315661,25.24898904288178,-3.3090542655614446,24.19055099990907,45.33016555658779
deadlift,2.0,16,7,assessment,last,P230_kg,COMPLETE,0,32,34.43919493928798,23.900710752367537,6.123444959112784,23.612351464374587,45.770168442450945
deadlift,2.0,16,7,assessment,mean,P223_kg,COMPLETE,0,32,7.301116343771711,5.580522031664845,-1.273887655466707,5.482362780402493,8.992828743092195
deadlift,2.0,16,7,assessment,mean,C223_kg,COMPLETE,0,32,11.827718778641106,9.675031664867758,-8.64828577837109,9.161826936995855,14.204409046158819
deadlift,2.0,16,7,assessment,mean,P230_kg,COMPLETE,0,32,7.014435067017902,4.9316899515853665,0.7842134463031387,4.545030962840696,9.308336198017114
deadlift,2.0,16,7,velocity,last,P223_kg,INCONCLUSIVE,2,32,,,,,
deadlift,2.0,16,7,velocity,last,C223_kg,INCONCLUSIVE,2,32,,,,,
deadlift,2.0,16,7,velocity,last,P230_kg,INCONCLUSIVE,2,32,,,,,
deadlift,2.0,16,7,velocity,mean,P223_kg,INCONCLUSIVE,13,32,,,,,
deadlift,2.0,16,7,velocity,mean,C223_kg,INCONCLUSIVE,13,32,,,,,
deadlift,2.0,16,7,velocity,mean,P230_kg,INCONCLUSIVE,13,32,,,,,
deadlift,2.0,16,7,combined,last,P223_kg,INCONCLUSIVE,2,32,,,,,
deadlift,2.0,16,7,combined,last,C223_kg,INCONCLUSIVE,2,32,,,,,
deadlift,2.0,16,7,combined,last,P230_kg,INCONCLUSIVE,2,32,,,,,
deadlift,2.0,16,7,combined,mean,P223_kg,INCONCLUSIVE,13,32,,,,,
deadlift,2.0,16,7,combined,mean,C223_kg,INCONCLUSIVE,13,32,,,,,
deadlift,2.0,16,7,combined,mean,P230_kg,INCONCLUSIVE,13,32,,,,,
deadlift,2.0,16,7,load,last,P223_kg,COMPLETE,0,32,34.49003794562192,24.072634080304194,4.235780892164201,23.743766664587582,45.76209878912227
deadlift,2.0,16,7,load,last,C223_kg,COMPLETE,0,32,34.073994303591725,25.150417900982127,-3.1386172307401816,23.97189582720263,44.67066526012649
deadlift,2.0,16,7,load,last,P230_kg,COMPLETE,0,32,34.39785651132885,23.8580601179089,6.293881993934047,23.57583763661849,45.15655377444221
deadlift,2.0,16,7,load,mean,P223_kg,COMPLETE,0,32,7.236931880248736,5.565328679249837,-1.2313695090338515,5.4102668199240345,9.017820394094107
deadlift,2.0,16,7,load,mean,C223_kg,COMPLETE,0,32,11.716124946080493,9.563130998162297,-8.605767631938235,9.062248371948833,14.076922116277784
deadlift,2.0,16,7,load,mean,P230_kg,COMPLETE,0,32,6.97367362068482,4.849214655105175,0.8267315927359942,4.416526131596358,9.305080322968758
deadlift,2.0,32,1,assessment,last,P223_kg,COMPLETE,0,32,34.59923885102426,24.211735984943928,4.065343857342938,23.70611271001182,46.4196314766561
deadlift,2.0,32,1,assessment,last,C223_kg,COMPLETE,0,32,34.38537647315661,25.24898904288178,-3.3090542655614446,24.19055099990907,45.33016555658779
deadlift,2.0,32,1,assessment,last,P230_kg,COMPLETE,0,32,34.43919493928798,23.900710752367537,6.123444959112784,23.612351464374587,45.770168442450945
deadlift,2.0,32,1,assessment,mean,P223_kg,COMPLETE,0,32,4.8032023966320345,3.6995804943007418,-0.3268733872702452,3.397452007021048,6.215503904602848
deadlift,2.0,32,1,assessment,mean,C223_kg,COMPLETE,0,32,10.154783794876518,8.335987376399128,-7.701271510174628,8.05194867963159,12.00950163366726
deadlift,2.0,32,1,assessment,mean,P230_kg,COMPLETE,0,32,5.750521163531912,4.569098228114485,1.7312277144996004,4.206193186227052,7.423886726641094
deadlift,2.0,32,1,velocity,last,P223_kg,INCONCLUSIVE,2,32,,,,,
deadlift,2.0,32,1,velocity,last,C223_kg,INCONCLUSIVE,2,32,,,,,
deadlift,2.0,32,1,velocity,last,P230_kg,INCONCLUSIVE,2,32,,,,,
deadlift,2.0,32,1,velocity,mean,P223_kg,INCONCLUSIVE,16,32,,,,,
deadlift,2.0,32,1,velocity,mean,C223_kg,INCONCLUSIVE,16,32,,,,,
deadlift,2.0,32,1,velocity,mean,P230_kg,INCONCLUSIVE,16,32,,,,,
deadlift,2.0,32,1,combined,last,P223_kg,INCONCLUSIVE,2,32,,,,,
deadlift,2.0,32,1,combined,last,C223_kg,INCONCLUSIVE,2,32,,,,,
deadlift,2.0,32,1,combined,last,P230_kg,INCONCLUSIVE,2,32,,,,,
deadlift,2.0,32,1,combined,mean,P223_kg,INCONCLUSIVE,16,32,,,,,
deadlift,2.0,32,1,combined,mean,C223_kg,INCONCLUSIVE,16,32,,,,,
deadlift,2.0,32,1,combined,mean,P230_kg,INCONCLUSIVE,16,32,,,,,
deadlift,2.0,32,1,load,last,P223_kg,COMPLETE,0,32,34.49003794562192,24.072634080304194,4.235780892164201,23.743766664587582,45.76209878912227
deadlift,2.0,32,1,load,last,C223_kg,COMPLETE,0,32,34.073994303591725,25.150417900982127,-3.1386172307401816,23.97189582720263,44.67066526012649
deadlift,2.0,32,1,load,last,P230_kg,COMPLETE,0,32,34.39785651132885,23.8580601179089,6.293881993934047,23.57583763661849,45.15655377444221
deadlift,2.0,32,1,load,mean,P223_kg,COMPLETE,0,32,4.788047245304159,3.768037243684227,-0.3535723413286105,3.5109405324380893,6.090885325284102
deadlift,2.0,32,1,load,mean,C223_kg,COMPLETE,0,32,10.224384728076279,8.315570255101633,-7.727970464232993,8.070536553525029,12.067006340656496
deadlift,2.0,32,1,load,mean,P230_kg,COMPLETE,0,32,5.646338876142194,4.520388681488878,1.7045287604412351,4.119135447850868,7.239129686692355
deadlift,2.0,32,7,assessment,last,P223_kg,COMPLETE,0,32,34.59923885102426,24.211735984943928,4.065343857342938,23.70611271001182,46.4196314766561
deadlift,2.0,32,7,assessment,last,C223_kg,COMPLETE,0,32,34.38537647315661,25.24898904288178,-3.3090542655614446,24.19055099990907,45.33016555658779
deadlift,2.0,32,7,assessment,last,P230_kg,COMPLETE,0,32,34.43919493928798,23.900710752367537,6.123444959112784,23.612351464374587,45.770168442450945
deadlift,2.0,32,7,assessment,mean,P223_kg,COMPLETE,0,32,6.984046368892222,5.248927768267708,-4.247019365630611,4.911982502482038,8.725569096795024
deadlift,2.0,32,7,assessment,mean,C223_kg,COMPLETE,0,32,13.787915174842924,11.621417488534995,-11.621417488534995,10.958575335829252,16.31626101849399
deadlift,2.0,32,7,assessment,mean,P230_kg,COMPLETE,0,32,5.643125750196011,4.217641815261837,-2.1889182638607654,4.143526416954695,6.923247239035512
deadlift,2.0,32,7,velocity,last,P223_kg,INCONCLUSIVE,2,32,,,,,
deadlift,2.0,32,7,velocity,last,C223_kg,INCONCLUSIVE,2,32,,,,,
deadlift,2.0,32,7,velocity,last,P230_kg,INCONCLUSIVE,2,32,,,,,
deadlift,2.0,32,7,velocity,mean,P223_kg,INCONCLUSIVE,16,32,,,,,
deadlift,2.0,32,7,velocity,mean,C223_kg,INCONCLUSIVE,16,32,,,,,
deadlift,2.0,32,7,velocity,mean,P230_kg,INCONCLUSIVE,16,32,,,,,
deadlift,2.0,32,7,combined,last,P223_kg,INCONCLUSIVE,2,32,,,,,
deadlift,2.0,32,7,combined,last,C223_kg,INCONCLUSIVE,2,32,,,,,
deadlift,2.0,32,7,combined,last,P230_kg,INCONCLUSIVE,2,32,,,,,
deadlift,2.0,32,7,combined,mean,P223_kg,INCONCLUSIVE,16,32,,,,,
deadlift,2.0,32,7,combined,mean,C223_kg,INCONCLUSIVE,16,32,,,,,
deadlift,2.0,32,7,combined,mean,P230_kg,INCONCLUSIVE,16,32,,,,,
deadlift,2.0,32,7,load,last,P223_kg,COMPLETE,0,32,34.49003794562192,24.072634080304194,4.235780892164201,23.743766664587582,45.76209878912227
deadlift,2.0,32,7,load,last,C223_kg,COMPLETE,0,32,34.073994303591725,25.150417900982127,-3.1386172307401816,23.97189582720263,44.67066526012649
deadlift,2.0,32,7,load,last,P230_kg,COMPLETE,0,32,34.39785651132885,23.8580601179089,6.293881993934047,23.57583763661849,45.15655377444221
deadlift,2.0,32,7,load,mean,P223_kg,COMPLETE,0,32,7.002893173378948,5.300185753339047,-4.2063608326790245,4.945568332702396,8.726718417780795
deadlift,2.0,32,7,load,mean,C223_kg,COMPLETE,0,32,13.795221877908627,11.580758955583407,-11.580758955583407,10.971893410800197,16.416177384155347
deadlift,2.0,32,7,load,mean,P230_kg,COMPLETE,0,32,5.678197229974804,4.287080886945735,-2.148259730909179,4.178251422725329,7.00555732066613
