execution,benchmark_version,attack_spec_ref,axis_slug,status,run_id,result_artifact_identity,result_artifact_sha256,source_commit,status_reason,diagnostics_json,evidence_refs_json,missing_evidence_json,limitations_json,source_artifact
RES-278,class_normalized_cross_lift_five_target_performance_forecasting@1.0.0,audit_coverage_accounting@1.0.0,audit_coverage,PASS,res278-audit_coverage_accounting-43215da02900,psr:audit-result:class_normalized_cross_lift_five_target_performance_forecasting-audit_coverage_accounting@1.0.0~4ac2f6449247,sha256:4ac2f64492474a171330b4141aacc42c749af58a3bd3baba19b7d7f5ed9b5ec5,c918e96e901fedb72c855a2bc7658574f5cfd43a,"Every registered attack has exactly one version-specific state, and the count reconciles to the typed contract and profile.","{""applicable_attack_count"":7,""executed_attack_count"":1,""inapplicable_attack_count"":7,""recorded_attack_count"":14,""registered_attack_count"":14,""state_count::FAIL"":0,""state_count::INCONCLUSIVE"":0,""state_count::NOT_APPLICABLE"":7,""state_count::NOT_RUN"":0,""state_count::PASS"":1,""state_count::UNSUPPORTED_BY_EVIDENCE"":6,""state_count_match"":1}","[""artifacts/registries/attack-contract-registry.json"",""artifacts/registries/validity-axis-registry.json"",""artifacts/registries/version-validity-profiles.json"",""artifacts/registries/benchmark-registry.json"",""docs/benchmarks/class-normalized-cross-lift-five-target-performance-forecasting.md"",""src/powerlifting_state_research/provenance/historical_sources.py""]",[],"[""Coverage is process metadata; it is not a benchmark validity score.""]",results/audits/res-278/audit-results.json
RES-278,class_normalized_cross_lift_five_target_performance_forecasting@1.0.0,baseline_domination@1.0.0,simple_model_frontier,NOT_APPLICABLE,,psr:audit-result:class_normalized_cross_lift_five_target_performance_forecasting-baseline_domination@1.0.0~b1d38a2c4824,sha256:b1d38a2c48241a6c4eaa8334b60c4f7b83b57913f742c93b0047d16eefcbaa88,,This benchmark version is outside the attack contract's declared semantic scope.,{},"[""artifacts/registries/attack-contract-registry.json"",""docs/benchmarks/class-normalized-cross-lift-five-target-performance-forecasting.md""]",[],[],results/audits/res-278/audit-results.json
RES-278,class_normalized_cross_lift_five_target_performance_forecasting@1.0.0,distributional_shift_sensitivity@1.0.0,out_of_distribution_robustness,NOT_APPLICABLE,,psr:audit-result:class_normalized_cross_lift_five_target_performance_forecasting-distributional_shift_sensitivity@1.0.0~e3b229509fad,sha256:e3b229509fad3cf018ef8f16b641faebaaddc1518b6b7393f308d8c244a40ae4,,This benchmark version is outside the attack contract's declared semantic scope.,{},"[""artifacts/registries/attack-contract-registry.json"",""docs/benchmarks/class-normalized-cross-lift-five-target-performance-forecasting.md""]",[],[],results/audits/res-278/audit-results.json
RES-278,class_normalized_cross_lift_five_target_performance_forecasting@1.0.0,hidden_test_fairness@1.0.0,hidden_test_fairness,UNSUPPORTED_BY_EVIDENCE,,psr:audit-result:class_normalized_cross_lift_five_target_performance_forecasting-hidden_test_fairness@1.0.0~4c921c825b95,sha256:4c921c825b95e7dbe9de9ddb72c5b972b1ebee736b74367fd5f3fb749524afa4,,"The question applies, but this historical version has no rights-cleared row-level realization and matching executable model/evaluation evidence.",{},"[""docs/benchmarks/class-normalized-cross-lift-five-target-performance-forecasting.md"",""artifacts/registries/benchmark-registry.json"",""src/powerlifting_state_research/provenance/historical_sources.py"",""artifacts/registries/attack-contract-registry.json""]","[""Rights-cleared historical participant rows and split identities."",""Version-specific runnable adapter and fitted model/evaluation artifacts.""]",[],results/audits/res-278/audit-results.json
RES-278,class_normalized_cross_lift_five_target_performance_forecasting@1.0.0,model_ranking_instability@1.0.0,seed_stability,NOT_APPLICABLE,,psr:audit-result:class_normalized_cross_lift_five_target_performance_forecasting-model_ranking_instability@1.0.0~ea5ec604b6ef,sha256:ea5ec604b6eff67cbc48a0c00e0a1be04e32574dd8163a058800f08f829b444c,,This benchmark version is outside the attack contract's declared semantic scope.,{},"[""artifacts/registries/attack-contract-registry.json"",""docs/benchmarks/class-normalized-cross-lift-five-target-performance-forecasting.md""]",[],[],results/audits/res-278/audit-results.json
RES-278,class_normalized_cross_lift_five_target_performance_forecasting@1.0.0,observation_noise_perturbation@1.0.0,out_of_distribution_robustness,NOT_APPLICABLE,,psr:audit-result:class_normalized_cross_lift_five_target_performance_forecasting-observation_noise_perturbation@1.0.0~354e27ddb9ed,sha256:354e27ddb9ed05cb0b7a8a5db3d8d41fac7f56f4feee9f216cfb31da67400d09,,This benchmark version is outside the attack contract's declared semantic scope.,{},"[""artifacts/registries/attack-contract-registry.json"",""docs/benchmarks/class-normalized-cross-lift-five-target-performance-forecasting.md""]",[],[],results/audits/res-278/audit-results.json
RES-278,class_normalized_cross_lift_five_target_performance_forecasting@1.0.0,parameter_seed_sensitivity@1.0.0,seed_stability,NOT_APPLICABLE,,psr:audit-result:class_normalized_cross_lift_five_target_performance_forecasting-parameter_seed_sensitivity@1.0.0~4b9c1e244f6a,sha256:4b9c1e244f6aabc2125bbdfedb7835f9ccf61d46eb65d4d56f4940b694800d22,,This benchmark version is outside the attack contract's declared semantic scope.,{},"[""artifacts/registries/attack-contract-registry.json"",""docs/benchmarks/class-normalized-cross-lift-five-target-performance-forecasting.md""]",[],[],results/audits/res-278/audit-results.json
RES-278,class_normalized_cross_lift_five_target_performance_forecasting@1.0.0,participant_input_leakage@1.0.0,leakage_shortcut_susceptibility,UNSUPPORTED_BY_EVIDENCE,,psr:audit-result:class_normalized_cross_lift_five_target_performance_forecasting-participant_input_leakage@1.0.0~ca7ac171120a,sha256:ca7ac171120ae80ef4f163bfec1854ac07b9de3e5deaa2e65427afc1e9064919,,"The question applies, but this historical version has no rights-cleared row-level realization and matching executable model/evaluation evidence.",{},"[""docs/benchmarks/class-normalized-cross-lift-five-target-performance-forecasting.md"",""artifacts/registries/benchmark-registry.json"",""src/powerlifting_state_research/provenance/historical_sources.py"",""artifacts/registries/attack-contract-registry.json""]","[""Rights-cleared historical participant rows and split identities."",""Version-specific runnable adapter and fitted model/evaluation artifacts.""]",[],results/audits/res-278/audit-results.json
RES-278,class_normalized_cross_lift_five_target_performance_forecasting@1.0.0,reconstruction_provenance_gaps@1.0.0,reconstructability,UNSUPPORTED_BY_EVIDENCE,,psr:audit-result:class_normalized_cross_lift_five_target_performance_forecasting-reconstruction_provenance_gaps@1.0.0~3f83ec2fa671,sha256:3f83ec2fa67155e6552a5f00da100351136f3c6122b023fdb6cefc30458086f7,,"The question applies, but this historical version has no rights-cleared row-level realization and matching executable model/evaluation evidence.",{},"[""docs/benchmarks/class-normalized-cross-lift-five-target-performance-forecasting.md"",""artifacts/registries/benchmark-registry.json"",""src/powerlifting_state_research/provenance/historical_sources.py"",""artifacts/registries/attack-contract-registry.json""]","[""Rights-cleared historical participant rows and split identities."",""Version-specific runnable adapter and fitted model/evaluation artifacts.""]",[],results/audits/res-278/audit-results.json
RES-278,class_normalized_cross_lift_five_target_performance_forecasting@1.0.0,shortcut_feature_dependence@1.0.0,leakage_shortcut_susceptibility,NOT_APPLICABLE,,psr:audit-result:class_normalized_cross_lift_five_target_performance_forecasting-shortcut_feature_dependence@1.0.0~95ba80532b99,sha256:95ba80532b99f491e27439ceac1a69099c8a468c17ea9efc5bdb7ea59bde5e05,,This benchmark version is outside the attack contract's declared semantic scope.,{},"[""artifacts/registries/attack-contract-registry.json"",""docs/benchmarks/class-normalized-cross-lift-five-target-performance-forecasting.md""]",[],[],results/audits/res-278/audit-results.json
RES-278,class_normalized_cross_lift_five_target_performance_forecasting@1.0.0,sparse_missing_history_sensitivity@1.0.0,out_of_distribution_robustness,UNSUPPORTED_BY_EVIDENCE,,psr:audit-result:class_normalized_cross_lift_five_target_performance_forecasting-sparse_missing_history_sensitivity@1.0.0~362c1395146e,sha256:362c1395146e4dc7ea31d5e4aea1c2ed666afab70d3e48b82286b841cd7a8a98,,"The question applies, but this historical version has no rights-cleared row-level realization and matching executable model/evaluation evidence.",{},"[""docs/benchmarks/class-normalized-cross-lift-five-target-performance-forecasting.md"",""artifacts/registries/benchmark-registry.json"",""src/powerlifting_state_research/provenance/historical_sources.py"",""artifacts/registries/attack-contract-registry.json""]","[""Rights-cleared historical participant rows and split identities."",""Version-specific runnable adapter and fitted model/evaluation artifacts.""]",[],results/audits/res-278/audit-results.json
RES-278,class_normalized_cross_lift_five_target_performance_forecasting@1.0.0,target_identity_contamination@1.0.0,leakage_shortcut_susceptibility,UNSUPPORTED_BY_EVIDENCE,,psr:audit-result:class_normalized_cross_lift_five_target_performance_forecasting-target_identity_contamination@1.0.0~722fb4c6ef11,sha256:722fb4c6ef111698923ad7c6f925996d3e662416dcf06809125754600c3bc3a8,,"The question applies, but this historical version has no rights-cleared row-level realization and matching executable model/evaluation evidence.",{},"[""docs/benchmarks/class-normalized-cross-lift-five-target-performance-forecasting.md"",""artifacts/registries/benchmark-registry.json"",""src/powerlifting_state_research/provenance/historical_sources.py"",""artifacts/registries/attack-contract-registry.json""]","[""Rights-cleared historical participant rows and split identities."",""Version-specific runnable adapter and fitted model/evaluation artifacts.""]",[],results/audits/res-278/audit-results.json
RES-278,class_normalized_cross_lift_five_target_performance_forecasting@1.0.0,temporal_history_disruption@1.0.0,leakage_shortcut_susceptibility,UNSUPPORTED_BY_EVIDENCE,,psr:audit-result:class_normalized_cross_lift_five_target_performance_forecasting-temporal_history_disruption@1.0.0~894b7000cce3,sha256:894b7000cce31918fe17e56de84035c8a4f2b63bb41d4f21483f0111052b73cf,,"The question applies, but this historical version has no rights-cleared row-level realization and matching executable model/evaluation evidence.",{},"[""docs/benchmarks/class-normalized-cross-lift-five-target-performance-forecasting.md"",""artifacts/registries/benchmark-registry.json"",""src/powerlifting_state_research/provenance/historical_sources.py"",""artifacts/registries/attack-contract-registry.json""]","[""Rights-cleared historical participant rows and split identities."",""Version-specific runnable adapter and fitted model/evaluation artifacts.""]",[],results/audits/res-278/audit-results.json
RES-278,class_normalized_cross_lift_five_target_performance_forecasting@1.0.0,training_plan_counterfactual_sensitivity@1.0.0,out_of_distribution_robustness,NOT_APPLICABLE,,psr:audit-result:class_normalized_cross_lift_five_target_performance_forecasting-training_plan_counterfactual_sensitivity@1.0.0~d535e8887f98,sha256:d535e8887f98f1cbac02a67414a436d5309053b393f7dff1174c48096328a031,,This benchmark version is outside the attack contract's declared semantic scope.,{},"[""artifacts/registries/attack-contract-registry.json"",""docs/benchmarks/class-normalized-cross-lift-five-target-performance-forecasting.md""]",[],[],results/audits/res-278/audit-results.json
RES-278,four_target_load_velocity_and_competition_performance_forecasting@1.0.0,audit_coverage_accounting@1.0.0,audit_coverage,PASS,res278-audit_coverage_accounting-291de0edf59d,psr:audit-result:four_target_load_velocity_and_competition_performance_forecasting-audit_coverage_accounting@1.0.0~83f8a230d64f,sha256:83f8a230d64ff714eb713454a0a958e50f81b65879a158d872d8dc1ba653bbc4,c918e96e901fedb72c855a2bc7658574f5cfd43a,"Every registered attack has exactly one version-specific state, and the count reconciles to the typed contract and profile.","{""applicable_attack_count"":7,""executed_attack_count"":1,""inapplicable_attack_count"":7,""recorded_attack_count"":14,""registered_attack_count"":14,""state_count::FAIL"":0,""state_count::INCONCLUSIVE"":0,""state_count::NOT_APPLICABLE"":7,""state_count::NOT_RUN"":0,""state_count::PASS"":1,""state_count::UNSUPPORTED_BY_EVIDENCE"":6,""state_count_match"":1}","[""artifacts/registries/attack-contract-registry.json"",""artifacts/registries/validity-axis-registry.json"",""artifacts/registries/version-validity-profiles.json"",""artifacts/registries/benchmark-registry.json"",""docs/benchmarks/four-target-load-velocity-and-competition-performance-forecasting.md"",""src/powerlifting_state_research/provenance/historical_sources.py""]",[],"[""Coverage is process metadata; it is not a benchmark validity score.""]",results/audits/res-278/audit-results.json
RES-278,four_target_load_velocity_and_competition_performance_forecasting@1.0.0,baseline_domination@1.0.0,simple_model_frontier,NOT_APPLICABLE,,psr:audit-result:four_target_load_velocity_and_competition_performance_forecasting-baseline_domination@1.0.0~2eed7303c171,sha256:2eed7303c171de2c579f5bf4915297c1707daee428d85dfbaacfd69c71a87740,,This benchmark version is outside the attack contract's declared semantic scope.,{},"[""artifacts/registries/attack-contract-registry.json"",""docs/benchmarks/four-target-load-velocity-and-competition-performance-forecasting.md""]",[],[],results/audits/res-278/audit-results.json
RES-278,four_target_load_velocity_and_competition_performance_forecasting@1.0.0,distributional_shift_sensitivity@1.0.0,out_of_distribution_robustness,NOT_APPLICABLE,,psr:audit-result:four_target_load_velocity_and_competition_performance_forecasting-distributional_shift_sensitivity@1.0.0~1d428e964287,sha256:1d428e964287125b0060b945e1676b461c1180fb4e4283174acbb08d5697a274,,This benchmark version is outside the attack contract's declared semantic scope.,{},"[""artifacts/registries/attack-contract-registry.json"",""docs/benchmarks/four-target-load-velocity-and-competition-performance-forecasting.md""]",[],[],results/audits/res-278/audit-results.json
RES-278,four_target_load_velocity_and_competition_performance_forecasting@1.0.0,hidden_test_fairness@1.0.0,hidden_test_fairness,UNSUPPORTED_BY_EVIDENCE,,psr:audit-result:four_target_load_velocity_and_competition_performance_forecasting-hidden_test_fairness@1.0.0~c977d933c510,sha256:c977d933c51066f49f9ea24c6eb659928425adce9e15a7ffdbd077a07bb78068,,"The question applies, but this historical version has no rights-cleared row-level realization and matching executable model/evaluation evidence.",{},"[""docs/benchmarks/four-target-load-velocity-and-competition-performance-forecasting.md"",""artifacts/registries/benchmark-registry.json"",""src/powerlifting_state_research/provenance/historical_sources.py"",""artifacts/registries/attack-contract-registry.json""]","[""Rights-cleared historical participant rows and split identities."",""Version-specific runnable adapter and fitted model/evaluation artifacts.""]",[],results/audits/res-278/audit-results.json
RES-278,four_target_load_velocity_and_competition_performance_forecasting@1.0.0,model_ranking_instability@1.0.0,seed_stability,NOT_APPLICABLE,,psr:audit-result:four_target_load_velocity_and_competition_performance_forecasting-model_ranking_instability@1.0.0~0b4c93603449,sha256:0b4c9360344943a061c50203e9698f7589566beb9b1a4ac7996fee7ffbbf3ed2,,This benchmark version is outside the attack contract's declared semantic scope.,{},"[""artifacts/registries/attack-contract-registry.json"",""docs/benchmarks/four-target-load-velocity-and-competition-performance-forecasting.md""]",[],[],results/audits/res-278/audit-results.json
RES-278,four_target_load_velocity_and_competition_performance_forecasting@1.0.0,observation_noise_perturbation@1.0.0,out_of_distribution_robustness,NOT_APPLICABLE,,psr:audit-result:four_target_load_velocity_and_competition_performance_forecasting-observation_noise_perturbation@1.0.0~3a1ae3278fe1,sha256:3a1ae3278fe1413243dd8d526b37ec2b6aa931fdc19ee13b2c0db9054cd763e2,,This benchmark version is outside the attack contract's declared semantic scope.,{},"[""artifacts/registries/attack-contract-registry.json"",""docs/benchmarks/four-target-load-velocity-and-competition-performance-forecasting.md""]",[],[],results/audits/res-278/audit-results.json
RES-278,four_target_load_velocity_and_competition_performance_forecasting@1.0.0,parameter_seed_sensitivity@1.0.0,seed_stability,NOT_APPLICABLE,,psr:audit-result:four_target_load_velocity_and_competition_performance_forecasting-parameter_seed_sensitivity@1.0.0~2aa04d0d101a,sha256:2aa04d0d101a486a2942621fc436bf3e06f58214c5d1539e603067ceba84fb0f,,This benchmark version is outside the attack contract's declared semantic scope.,{},"[""artifacts/registries/attack-contract-registry.json"",""docs/benchmarks/four-target-load-velocity-and-competition-performance-forecasting.md""]",[],[],results/audits/res-278/audit-results.json
RES-278,four_target_load_velocity_and_competition_performance_forecasting@1.0.0,participant_input_leakage@1.0.0,leakage_shortcut_susceptibility,UNSUPPORTED_BY_EVIDENCE,,psr:audit-result:four_target_load_velocity_and_competition_performance_forecasting-participant_input_leakage@1.0.0~2e2688321eac,sha256:2e2688321eac7df7f4700e36d5f053973adf74b76c6c9681feef88c65c92a289,,"The question applies, but this historical version has no rights-cleared row-level realization and matching executable model/evaluation evidence.",{},"[""docs/benchmarks/four-target-load-velocity-and-competition-performance-forecasting.md"",""artifacts/registries/benchmark-registry.json"",""src/powerlifting_state_research/provenance/historical_sources.py"",""artifacts/registries/attack-contract-registry.json""]","[""Rights-cleared historical participant rows and split identities."",""Version-specific runnable adapter and fitted model/evaluation artifacts.""]",[],results/audits/res-278/audit-results.json
RES-278,four_target_load_velocity_and_competition_performance_forecasting@1.0.0,reconstruction_provenance_gaps@1.0.0,reconstructability,UNSUPPORTED_BY_EVIDENCE,,psr:audit-result:four_target_load_velocity_and_competition_performance_forecasting-reconstruction_provenance_gaps@1.0.0~ffe86ee6c58f,sha256:ffe86ee6c58f0b620d2304af271ff0b4693148ec6b5f22c7520c243532c4d069,,"The question applies, but this historical version has no rights-cleared row-level realization and matching executable model/evaluation evidence.",{},"[""docs/benchmarks/four-target-load-velocity-and-competition-performance-forecasting.md"",""artifacts/registries/benchmark-registry.json"",""src/powerlifting_state_research/provenance/historical_sources.py"",""artifacts/registries/attack-contract-registry.json""]","[""Rights-cleared historical participant rows and split identities."",""Version-specific runnable adapter and fitted model/evaluation artifacts.""]",[],results/audits/res-278/audit-results.json
RES-278,four_target_load_velocity_and_competition_performance_forecasting@1.0.0,shortcut_feature_dependence@1.0.0,leakage_shortcut_susceptibility,NOT_APPLICABLE,,psr:audit-result:four_target_load_velocity_and_competition_performance_forecasting-shortcut_feature_dependence@1.0.0~f3b00b7ffd11,sha256:f3b00b7ffd11f4cebb9c01104e3a45bfcfc2e9f5030be3704c025193ffd484df,,This benchmark version is outside the attack contract's declared semantic scope.,{},"[""artifacts/registries/attack-contract-registry.json"",""docs/benchmarks/four-target-load-velocity-and-competition-performance-forecasting.md""]",[],[],results/audits/res-278/audit-results.json
RES-278,four_target_load_velocity_and_competition_performance_forecasting@1.0.0,sparse_missing_history_sensitivity@1.0.0,out_of_distribution_robustness,UNSUPPORTED_BY_EVIDENCE,,psr:audit-result:four_target_load_velocity_and_competition_performance_forecasting-sparse_missing_history_sensitivity@1.0.0~c13fb892f426,sha256:c13fb892f426a9391a713303ab4d6dae6e9c0cdabfe6b1085464c18d3381c24b,,"The question applies, but this historical version has no rights-cleared row-level realization and matching executable model/evaluation evidence.",{},"[""docs/benchmarks/four-target-load-velocity-and-competition-performance-forecasting.md"",""artifacts/registries/benchmark-registry.json"",""src/powerlifting_state_research/provenance/historical_sources.py"",""artifacts/registries/attack-contract-registry.json""]","[""Rights-cleared historical participant rows and split identities."",""Version-specific runnable adapter and fitted model/evaluation artifacts.""]",[],results/audits/res-278/audit-results.json
RES-278,four_target_load_velocity_and_competition_performance_forecasting@1.0.0,target_identity_contamination@1.0.0,leakage_shortcut_susceptibility,UNSUPPORTED_BY_EVIDENCE,,psr:audit-result:four_target_load_velocity_and_competition_performance_forecasting-target_identity_contamination@1.0.0~72aa8b13b257,sha256:72aa8b13b257c92b4e8c60841b591c86c7bd58cc8c7c46889ebe8fd84b87eb5a,,"The question applies, but this historical version has no rights-cleared row-level realization and matching executable model/evaluation evidence.",{},"[""docs/benchmarks/four-target-load-velocity-and-competition-performance-forecasting.md"",""artifacts/registries/benchmark-registry.json"",""src/powerlifting_state_research/provenance/historical_sources.py"",""artifacts/registries/attack-contract-registry.json""]","[""Rights-cleared historical participant rows and split identities."",""Version-specific runnable adapter and fitted model/evaluation artifacts.""]",[],results/audits/res-278/audit-results.json
RES-278,four_target_load_velocity_and_competition_performance_forecasting@1.0.0,temporal_history_disruption@1.0.0,leakage_shortcut_susceptibility,UNSUPPORTED_BY_EVIDENCE,,psr:audit-result:four_target_load_velocity_and_competition_performance_forecasting-temporal_history_disruption@1.0.0~0c81d27a8440,sha256:0c81d27a844008ca4a0a0526ec6193b79a5363a9fc923cb322ca3126bb2e5f9e,,"The question applies, but this historical version has no rights-cleared row-level realization and matching executable model/evaluation evidence.",{},"[""docs/benchmarks/four-target-load-velocity-and-competition-performance-forecasting.md"",""artifacts/registries/benchmark-registry.json"",""src/powerlifting_state_research/provenance/historical_sources.py"",""artifacts/registries/attack-contract-registry.json""]","[""Rights-cleared historical participant rows and split identities."",""Version-specific runnable adapter and fitted model/evaluation artifacts.""]",[],results/audits/res-278/audit-results.json
RES-278,four_target_load_velocity_and_competition_performance_forecasting@1.0.0,training_plan_counterfactual_sensitivity@1.0.0,out_of_distribution_robustness,NOT_APPLICABLE,,psr:audit-result:four_target_load_velocity_and_competition_performance_forecasting-training_plan_counterfactual_sensitivity@1.0.0~a3f6527af48f,sha256:a3f6527af48fe9b70feb3c061d176c780aae3e65c6ba3f0ec5ffd870dae0ad43,,This benchmark version is outside the attack contract's declared semantic scope.,{},"[""artifacts/registries/attack-contract-registry.json"",""docs/benchmarks/four-target-load-velocity-and-competition-performance-forecasting.md""]",[],[],results/audits/res-278/audit-results.json
RES-278,held_out_final_origin_five_target_performance_evaluation@1.0.0,audit_coverage_accounting@1.0.0,audit_coverage,PASS,res278-audit_coverage_accounting-bb7e0bd56001,psr:audit-result:held_out_final_origin_five_target_performance_evaluation-audit_coverage_accounting@1.0.0~0ee49316923e,sha256:0ee49316923e311f2a1d5e086f7ce42ca0228c77514969e908228dc9ee4e8cb7,c918e96e901fedb72c855a2bc7658574f5cfd43a,"Every registered attack has exactly one version-specific state, and the count reconciles to the typed contract and profile.","{""applicable_attack_count"":7,""executed_attack_count"":1,""inapplicable_attack_count"":7,""recorded_attack_count"":14,""registered_attack_count"":14,""state_count::FAIL"":0,""state_count::INCONCLUSIVE"":0,""state_count::NOT_APPLICABLE"":7,""state_count::NOT_RUN"":0,""state_count::PASS"":1,""state_count::UNSUPPORTED_BY_EVIDENCE"":6,""state_count_match"":1}","[""artifacts/registries/attack-contract-registry.json"",""artifacts/registries/validity-axis-registry.json"",""artifacts/registries/version-validity-profiles.json"",""artifacts/registries/benchmark-registry.json"",""docs/benchmarks/held-out-final-origin-five-target-performance-evaluation.md"",""src/powerlifting_state_research/provenance/historical_sources.py""]",[],"[""Coverage is process metadata; it is not a benchmark validity score.""]",results/audits/res-278/audit-results.json
RES-278,held_out_final_origin_five_target_performance_evaluation@1.0.0,baseline_domination@1.0.0,simple_model_frontier,NOT_APPLICABLE,,psr:audit-result:held_out_final_origin_five_target_performance_evaluation-baseline_domination@1.0.0~feb91f945c27,sha256:feb91f945c27050497f2a6edb3dc0670ba87afc9dd5acaeca9751f797e111d96,,This benchmark version is outside the attack contract's declared semantic scope.,{},"[""artifacts/registries/attack-contract-registry.json"",""docs/benchmarks/held-out-final-origin-five-target-performance-evaluation.md""]",[],[],results/audits/res-278/audit-results.json
RES-278,held_out_final_origin_five_target_performance_evaluation@1.0.0,distributional_shift_sensitivity@1.0.0,out_of_distribution_robustness,NOT_APPLICABLE,,psr:audit-result:held_out_final_origin_five_target_performance_evaluation-distributional_shift_sensitivity@1.0.0~d18151a643ef,sha256:d18151a643ef65b50ce5fb9462afd25c648e8b67710d29f45869ad9e7a112c83,,This benchmark version is outside the attack contract's declared semantic scope.,{},"[""artifacts/registries/attack-contract-registry.json"",""docs/benchmarks/held-out-final-origin-five-target-performance-evaluation.md""]",[],[],results/audits/res-278/audit-results.json
RES-278,held_out_final_origin_five_target_performance_evaluation@1.0.0,hidden_test_fairness@1.0.0,hidden_test_fairness,UNSUPPORTED_BY_EVIDENCE,,psr:audit-result:held_out_final_origin_five_target_performance_evaluation-hidden_test_fairness@1.0.0~05d641e091b9,sha256:05d641e091b95149199df660997a5ba8af3ba9e1c7c5255c54cd064e0755f102,,"The question applies, but this historical version has no rights-cleared row-level realization and matching executable model/evaluation evidence.",{},"[""docs/benchmarks/held-out-final-origin-five-target-performance-evaluation.md"",""artifacts/registries/benchmark-registry.json"",""src/powerlifting_state_research/provenance/historical_sources.py"",""artifacts/registries/attack-contract-registry.json""]","[""Rights-cleared historical participant rows and split identities."",""Version-specific runnable adapter and fitted model/evaluation artifacts.""]",[],results/audits/res-278/audit-results.json
RES-278,held_out_final_origin_five_target_performance_evaluation@1.0.0,model_ranking_instability@1.0.0,seed_stability,NOT_APPLICABLE,,psr:audit-result:held_out_final_origin_five_target_performance_evaluation-model_ranking_instability@1.0.0~f71aa3ebeed6,sha256:f71aa3ebeed6909f638e28e5c239c51f4db9cf2e97749d4397007055bb67d856,,This benchmark version is outside the attack contract's declared semantic scope.,{},"[""artifacts/registries/attack-contract-registry.json"",""docs/benchmarks/held-out-final-origin-five-target-performance-evaluation.md""]",[],[],results/audits/res-278/audit-results.json
RES-278,held_out_final_origin_five_target_performance_evaluation@1.0.0,observation_noise_perturbation@1.0.0,out_of_distribution_robustness,NOT_APPLICABLE,,psr:audit-result:held_out_final_origin_five_target_performance_evaluation-observation_noise_perturbation@1.0.0~167128ce6824,sha256:167128ce6824c1c3a321f779d800034cfabc25b9179782147f4b1265fcf7df76,,This benchmark version is outside the attack contract's declared semantic scope.,{},"[""artifacts/registries/attack-contract-registry.json"",""docs/benchmarks/held-out-final-origin-five-target-performance-evaluation.md""]",[],[],results/audits/res-278/audit-results.json
RES-278,held_out_final_origin_five_target_performance_evaluation@1.0.0,parameter_seed_sensitivity@1.0.0,seed_stability,NOT_APPLICABLE,,psr:audit-result:held_out_final_origin_five_target_performance_evaluation-parameter_seed_sensitivity@1.0.0~ae9fd51aee14,sha256:ae9fd51aee145af618a29907a79694729559e57dade1afc653c1f8e6f25e6385,,This benchmark version is outside the attack contract's declared semantic scope.,{},"[""artifacts/registries/attack-contract-registry.json"",""docs/benchmarks/held-out-final-origin-five-target-performance-evaluation.md""]",[],[],results/audits/res-278/audit-results.json
RES-278,held_out_final_origin_five_target_performance_evaluation@1.0.0,participant_input_leakage@1.0.0,leakage_shortcut_susceptibility,UNSUPPORTED_BY_EVIDENCE,,psr:audit-result:held_out_final_origin_five_target_performance_evaluation-participant_input_leakage@1.0.0~65db5d948d09,sha256:65db5d948d09dbbae947ecc32df1a5aba48fbd9f42cc06bc91fbeab3aacda1db,,"The question applies, but this historical version has no rights-cleared row-level realization and matching executable model/evaluation evidence.",{},"[""docs/benchmarks/held-out-final-origin-five-target-performance-evaluation.md"",""artifacts/registries/benchmark-registry.json"",""src/powerlifting_state_research/provenance/historical_sources.py"",""artifacts/registries/attack-contract-registry.json""]","[""Rights-cleared historical participant rows and split identities."",""Version-specific runnable adapter and fitted model/evaluation artifacts.""]",[],results/audits/res-278/audit-results.json
RES-278,held_out_final_origin_five_target_performance_evaluation@1.0.0,reconstruction_provenance_gaps@1.0.0,reconstructability,UNSUPPORTED_BY_EVIDENCE,,psr:audit-result:held_out_final_origin_five_target_performance_evaluation-reconstruction_provenance_gaps@1.0.0~d4200b1e56c5,sha256:d4200b1e56c57bdfc752edfbaf003e40fd96894db36458be8f92288fabbcbd17,,"The question applies, but this historical version has no rights-cleared row-level realization and matching executable model/evaluation evidence.",{},"[""docs/benchmarks/held-out-final-origin-five-target-performance-evaluation.md"",""artifacts/registries/benchmark-registry.json"",""src/powerlifting_state_research/provenance/historical_sources.py"",""artifacts/registries/attack-contract-registry.json""]","[""Rights-cleared historical participant rows and split identities."",""Version-specific runnable adapter and fitted model/evaluation artifacts.""]",[],results/audits/res-278/audit-results.json
RES-278,held_out_final_origin_five_target_performance_evaluation@1.0.0,shortcut_feature_dependence@1.0.0,leakage_shortcut_susceptibility,NOT_APPLICABLE,,psr:audit-result:held_out_final_origin_five_target_performance_evaluation-shortcut_feature_dependence@1.0.0~2d231ff2af17,sha256:2d231ff2af17b266f23caccd4bdee464acaf4128d821a9c197950d4fa9693d73,,This benchmark version is outside the attack contract's declared semantic scope.,{},"[""artifacts/registries/attack-contract-registry.json"",""docs/benchmarks/held-out-final-origin-five-target-performance-evaluation.md""]",[],[],results/audits/res-278/audit-results.json
RES-278,held_out_final_origin_five_target_performance_evaluation@1.0.0,sparse_missing_history_sensitivity@1.0.0,out_of_distribution_robustness,UNSUPPORTED_BY_EVIDENCE,,psr:audit-result:held_out_final_origin_five_target_performance_evaluation-sparse_missing_history_sensitivity@1.0.0~caf36c96acdd,sha256:caf36c96acddd4cdac395a990627b06cf277182532307e83aa0414bba991bad2,,"The question applies, but this historical version has no rights-cleared row-level realization and matching executable model/evaluation evidence.",{},"[""docs/benchmarks/held-out-final-origin-five-target-performance-evaluation.md"",""artifacts/registries/benchmark-registry.json"",""src/powerlifting_state_research/provenance/historical_sources.py"",""artifacts/registries/attack-contract-registry.json""]","[""Rights-cleared historical participant rows and split identities."",""Version-specific runnable adapter and fitted model/evaluation artifacts.""]",[],results/audits/res-278/audit-results.json
RES-278,held_out_final_origin_five_target_performance_evaluation@1.0.0,target_identity_contamination@1.0.0,leakage_shortcut_susceptibility,UNSUPPORTED_BY_EVIDENCE,,psr:audit-result:held_out_final_origin_five_target_performance_evaluation-target_identity_contamination@1.0.0~d765a478c920,sha256:d765a478c92070fde6a7761ec388ff922e1d74dbd93c337979ef9240728e107b,,"The question applies, but this historical version has no rights-cleared row-level realization and matching executable model/evaluation evidence.",{},"[""docs/benchmarks/held-out-final-origin-five-target-performance-evaluation.md"",""artifacts/registries/benchmark-registry.json"",""src/powerlifting_state_research/provenance/historical_sources.py"",""artifacts/registries/attack-contract-registry.json""]","[""Rights-cleared historical participant rows and split identities."",""Version-specific runnable adapter and fitted model/evaluation artifacts.""]",[],results/audits/res-278/audit-results.json
RES-278,held_out_final_origin_five_target_performance_evaluation@1.0.0,temporal_history_disruption@1.0.0,leakage_shortcut_susceptibility,UNSUPPORTED_BY_EVIDENCE,,psr:audit-result:held_out_final_origin_five_target_performance_evaluation-temporal_history_disruption@1.0.0~1b83488c51dd,sha256:1b83488c51dd87dc36cbe63ce4ae3d262e07f2d078d3cdb8c11819e8803ce394,,"The question applies, but this historical version has no rights-cleared row-level realization and matching executable model/evaluation evidence.",{},"[""docs/benchmarks/held-out-final-origin-five-target-performance-evaluation.md"",""artifacts/registries/benchmark-registry.json"",""src/powerlifting_state_research/provenance/historical_sources.py"",""artifacts/registries/attack-contract-registry.json""]","[""Rights-cleared historical participant rows and split identities."",""Version-specific runnable adapter and fitted model/evaluation artifacts.""]",[],results/audits/res-278/audit-results.json
RES-278,held_out_final_origin_five_target_performance_evaluation@1.0.0,training_plan_counterfactual_sensitivity@1.0.0,out_of_distribution_robustness,NOT_APPLICABLE,,psr:audit-result:held_out_final_origin_five_target_performance_evaluation-training_plan_counterfactual_sensitivity@1.0.0~c2c444df5ab4,sha256:c2c444df5ab498f32cc3c62effd3cc3c71f55e2bd2e264460f625e984917f5d2,,This benchmark version is outside the attack contract's declared semantic scope.,{},"[""artifacts/registries/attack-contract-registry.json"",""docs/benchmarks/held-out-final-origin-five-target-performance-evaluation.md""]",[],[],results/audits/res-278/audit-results.json
RES-278,iid_latent_capacity_change_with_transient_expression_forecasting@1.0.0,audit_coverage_accounting@1.0.0,audit_coverage,PASS,res278-audit_coverage_accounting-63efc28e37d8,psr:audit-result:iid_latent_capacity_change_with_transient_expression_forecasting-audit_coverage_accounting@1.0.0~141a55d7ea8f,sha256:141a55d7ea8f1ce782385ad14101662bdbe81af380430fea80ee22bf034b8220,c918e96e901fedb72c855a2bc7658574f5cfd43a,"Every registered attack has exactly one version-specific state, and the count reconciles to the typed contract and profile.","{""applicable_attack_count"":13,""executed_attack_count"":10,""inapplicable_attack_count"":1,""recorded_attack_count"":14,""registered_attack_count"":14,""state_count::FAIL"":0,""state_count::INCONCLUSIVE"":6,""state_count::NOT_APPLICABLE"":1,""state_count::NOT_RUN"":1,""state_count::PASS"":4,""state_count::UNSUPPORTED_BY_EVIDENCE"":2,""state_count_match"":1}","[""artifacts/registries/attack-contract-registry.json"",""artifacts/registries/validity-axis-registry.json"",""artifacts/registries/version-validity-profiles.json"",""artifacts/model-cards/public-native-comparator-suite.md"",""artifacts/registries/public-native-comparator-registry.json"",""artifacts/schemas/prediction-contract.schema.json"",""data/manifests/realizations/latent_capacity_change_with_transient_expression_forecasting/iid-production.json"",""docs/benchmarks/claim-boundaries.md"",""docs/benchmarks/iid-latent-capacity-change-public-native-evaluation.md"",""docs/benchmarks/iid-latent-capacity-change-with-transient-expression-forecasting.md"",""docs/science/system-model.md"",""results/manifests/public-native-comparator-suite-checksums.json"",""results/manifests/public-native-comparator-suite.json"",""results/tables/public-native-comparator-frontier.csv"",""scripts/verify_public_iid_production.py"",""src/powerlifting_state_research/benchmarks/latent_capacity_change_with_transient_expression_forecasting/research.py""]",[],"[""Coverage is process metadata; it is not a benchmark validity score.""]",results/audits/res-278/audit-results.json
RES-278,iid_latent_capacity_change_with_transient_expression_forecasting@1.0.0,baseline_domination@1.0.0,simple_model_frontier,INCONCLUSIVE,res278-baseline_domination-97da4414bc8d,psr:audit-result:iid_latent_capacity_change_with_transient_expression_forecasting-baseline_domination@1.0.0~f66fbc88cdf9,sha256:f66fbc88cdf9785fbc013db786fb48661fa0544848709b7da7ee2666c94f5238,c918e96e901fedb72c855a2bc7658574f5cfd43a,"The existing M4 comparator and immutable expert results support a target-wise descriptive Pareto frontier, but no practical margin or paired uncertainty method resolves domination.","{""mean::bench_press_delta_capacity_kg::public-native-compact_neural::MAE"":1.5476685567606134,""mean::bench_press_delta_capacity_kg::public-native-compact_neural::RMSE"":2.319098817185606,""mean::bench_press_delta_capacity_kg::public-native-compact_neural::R²"":0.7955842571365389,""mean::bench_press_delta_capacity_kg::public-native-compact_neural::SRE(ddof=0)"":0.45212345843466745,""mean::bench_press_delta_capacity_kg::public-native-context_mean::MAE"":1.9019110985826337,""mean::bench_press_delta_capacity_kg::public-native-context_mean::RMSE"":2.927670649113868,""mean::bench_press_delta_capacity_kg::public-native-context_mean::R²"":0.6742233067090107,""mean::bench_press_delta_capacity_kg::public-native-context_mean::SRE(ddof=0)"":0.5707685111242466,""mean::bench_press_delta_capacity_kg::public-native-histogram_boosted_stumps::MAE"":1.9940485776849537,""mean::bench_press_delta_capacity_kg::public-native-histogram_boosted_stumps::RMSE"":3.30762484208253,""mean::bench_press_delta_capacity_kg::public-native-histogram_boosted_stumps::R²"":0.5841774251389722,""mean::bench_press_delta_capacity_kg::public-native-histogram_boosted_stumps::SRE(ddof=0)"":0.6448430621950024,""mean::bench_press_delta_capacity_kg::public-native-mechanistic_midpoint::MAE"":1.6303077906626868,""mean::bench_press_delta_capacity_kg::public-native-mechanistic_midpoint::RMSE"":2.5371769577475454,""mean::bench_press_delta_capacity_kg::public-native-mechanistic_midpoint::R²"":0.7553320459785448,""mean::bench_press_delta_capacity_kg::public-native-mechanistic_midpoint::SRE(ddof=0)"":0.4946392160165379,""mean::bench_press_delta_capacity_kg::public-native-mechanistic_ridge_residual::MAE"":1.6571177383079567,""mean::bench_press_delta_capacity_kg::public-native-mechanistic_ridge_residual::RMSE"":2.510873435789603,""mean::bench_press_delta_capacity_kg::public-native-mechanistic_ridge_residual::R²"":0.7603788118553907,""mean::bench_press_delta_capacity_kg::public-native-mechanistic_ridge_residual::SRE(ddof=0)"":0.4895111726453332,""mean::bench_press_delta_capacity_kg::public-native-ridge::MAE"":2.121075803407092,""mean::bench_press_delta_capacity_kg::public-native-ridge::RMSE"":3.1854126482028042,""mean::bench_press_delta_capacity_kg::public-native-ridge::R²"":0.6143378895162976,""mean::bench_press_delta_capacity_kg::public-native-ridge::SRE(ddof=0)"":0.6210169969362371,""mean::bench_press_delta_capacity_kg::public-native-temporal-expert-ensemble::MAE"":1.187341252597957,""mean::bench_press_delta_capacity_kg::public-native-temporal-expert-ensemble::RMSE"":1.8702871931828533,""mean::bench_press_delta_capacity_kg::public-native-temporal-expert-ensemble::R²"":0.8670488270300638,""mean::bench_press_delta_capacity_kg::public-native-temporal-expert-ensemble::SRE(ddof=0)"":0.3646247015356147,""mean::bench_press_delta_capacity_kg::public-native-temporal-expert-seed-mean::MAE"":1.2161804969969843,""mean::bench_press_delta_capacity_kg::public-native-temporal-expert-seed-mean::RMSE"":1.915522020583447,""mean::bench_press_delta_capacity_kg::public-native-temporal-expert-seed-mean::R²"":0.8605326918933321,""mean::bench_press_delta_capacity_kg::public-native-temporal-expert-seed-mean::SRE(ddof=0)"":0.3734435265268116,""mean::deadlift_delta_capacity_kg::public-native-compact_neural::MAE"":2.686785482757159,""mean::deadlift_delta_capacity_kg::public-native-compact_neural::RMSE"":4.08429295580389,""mean::deadlift_delta_capacity_kg::public-native-compact_neural::R²"":0.7876812542870076,""mean::deadlift_delta_capacity_kg::public-native-compact_neural::SRE(ddof=0)"":0.46078042627877097,""mean::deadlift_delta_capacity_kg::public-native-context_mean::MAE"":3.275177735457406,""mean::deadlift_delta_capacity_kg::public-native-context_mean::RMSE"":5.106666811923306,""mean::deadlift_delta_capacity_kg::public-native-context_mean::R²"":0.6680831352520658,""mean::deadlift_delta_capacity_kg::public-native-context_mean::SRE(ddof=0)"":0.5761222654506022,""mean::deadlift_delta_capacity_kg::public-native-histogram_boosted_stumps::MAE"":3.405303814977161,""mean::deadlift_delta_capacity_kg::public-native-histogram_boosted_stumps::RMSE"":5.776725661240854,""mean::deadlift_delta_capacity_kg::public-native-histogram_boosted_stumps::R²"":0.5752652836805274,""mean::deadlift_delta_capacity_kg::public-native-histogram_boosted_stumps::SRE(ddof=0)"":0.6517167454649853,""mean::deadlift_delta_capacity_kg::public-native-mechanistic_midpoint::MAE"":2.760073636969072,""mean::deadlift_delta_capacity_kg::public-native-mechanistic_midpoint::RMSE"":4.324416014114713,""mean::deadlift_delta_capacity_kg::public-native-mechanistic_midpoint::R²"":0.7619823255632193,""mean::deadlift_delta_capacity_kg::public-native-mechanistic_midpoint::SRE(ddof=0)"":0.48787055090134374,""mean::deadlift_delta_capacity_kg::public-native-mechanistic_ridge_residual::MAE"":2.768964549242876,""mean::deadlift_delta_capacity_kg::public-native-mechanistic_ridge_residual::RMSE"":4.277962113710714,""mean::deadlift_delta_capacity_kg::public-native-mechanistic_ridge_residual::R²"":0.7670685437533269,""mean::deadlift_delta_capacity_kg::public-native-mechanistic_ridge_residual::SRE(ddof=0)"":0.48262972996560527,""mean::deadlift_delta_capacity_kg::public-native-ridge::MAE"":3.6582552540266025,""mean::deadlift_delta_capacity_kg::public-native-ridge::RMSE"":5.527782364315873,""mean::deadlift_delta_capacity_kg::public-native-ridge::R²"":0.6110836997622298,""mean::deadlift_delta_capacity_kg::public-native-ridge::SRE(ddof=0)"":0.6236315420484839,""mean::deadlift_delta_capacity_kg::public-native-temporal-expert-ensemble::MAE"":2.31680470523922,""mean::deadlift_delta_capacity_kg::public-native-temporal-expert-ensemble::RMSE"":3.6681919557104026,""mean::deadlift_delta_capacity_kg::public-native-temporal-expert-ensemble::R²"":0.8287390369162662,""mean::deadlift_delta_capacity_kg::public-native-temporal-expert-ensemble::SRE(ddof=0)"":0.41383687980137035,""mean::deadlift_delta_capacity_kg::public-native-temporal-expert-seed-mean::MAE"":2.3581068130842624,""mean::deadlift_delta_capacity_kg::public-native-temporal-expert-seed-mean::RMSE"":3.737978949692057,""mean::deadlift_delta_capacity_kg::public-native-temporal-expert-seed-mean::R²"":0.8221552012907573,""mean::deadlift_delta_capacity_kg::public-native-temporal-expert-seed-mean::SRE(ddof=0)"":0.421710086053602,""mean::squat_delta_capacity_kg::public-native-compact_neural::MAE"":2.2199136793615097,""mean::squat_delta_capacity_kg::public-native-compact_neural::RMSE"":3.316624986067305,""mean::squat_delta_capacity_kg::public-native-compact_neural::R²"":0.7920026482128367,""mean::squat_delta_capacity_kg::public-native-compact_neural::SRE(ddof=0)"":0.4560630068052252,""mean::squat_delta_capacity_kg::public-native-context_mean::MAE"":2.63220668839074,""mean::squat_delta_capacity_kg::public-native-context_mean::RMSE"":4.095616352278172,""mean::squat_delta_capacity_kg::public-native-context_mean::R²"":0.6828275239221945,""mean::squat_delta_capacity_kg::public-native-context_mean::SRE(ddof=0)"":0.5631806780046753,""mean::squat_delta_capacity_kg::public-native-histogram_boosted_stumps::MAE"":2.791983301050701,""mean::squat_delta_capacity_kg::public-native-histogram_boosted_stumps::RMSE"":4.661338798396084,""mean::squat_delta_capacity_kg::public-native-histogram_boosted_stumps::R²"":0.5891547260881418,""mean::squat_delta_capacity_kg::public-native-histogram_boosted_stumps::SRE(ddof=0)"":0.6409721319307558,""mean::squat_delta_capacity_kg::public-native-mechanistic_midpoint::MAE"":2.319976689500767,""mean::squat_delta_capacity_kg::public-native-mechanistic_midpoint::RMSE"":3.6234291586969145,""mean::squat_delta_capacity_kg::public-native-mechanistic_midpoint::R²"":0.7517458565322119,""mean::squat_delta_capacity_kg::public-native-mechanistic_midpoint::SRE(ddof=0)"":0.4982510847632828,""mean::squat_delta_capacity_kg::public-native-mechanistic_ridge_residual::MAE"":2.339115442381639,""mean::squat_delta_capacity_kg::public-native-mechanistic_ridge_residual::RMSE"":3.587939886451021,""mean::squat_delta_capacity_kg::public-native-mechanistic_ridge_residual::R²"":0.7565850364701251,""mean::squat_delta_capacity_kg::public-native-mechanistic_ridge_residual::SRE(ddof=0)"":0.4933710201561041,""mean::squat_delta_capacity_kg::public-native-ridge::MAE"":2.941466408735241,""mean::squat_delta_capacity_kg::public-native-ridge::RMSE"":4.43799289350538,""mean::squat_delta_capacity_kg::public-native-ridge::R²"":0.6275824309357382,""mean::squat_delta_capacity_kg::public-native-ridge::SRE(ddof=0)"":0.6102602469965267,""mean::squat_delta_capacity_kg::public-native-temporal-expert-ensemble::MAE"":1.8344337258276735,""mean::squat_delta_capacity_kg::public-native-temporal-expert-ensemble::RMSE"":2.9009557745782533,""mean::squat_delta_capacity_kg::public-native-temporal-expert-ensemble::R²"":0.8408747232546605,""mean::squat_delta_capacity_kg::public-native-temporal-expert-ensemble::SRE(ddof=0)"":0.3989050974170919,""mean::squat_delta_capacity_kg::public-native-temporal-expert-seed-mean::MAE"":1.8776964011819877,""mean::squat_delta_capacity_kg::public-native-temporal-expert-seed-mean::RMSE"":2.9695158643578257,""mean::squat_delta_capacity_kg::public-native-temporal-expert-seed-mean::R²"":0.8332417477007693,""mean::squat_delta_capacity_kg::public-native-temporal-expert-seed-mean::SRE(ddof=0)"":0.4083326693684157,""pareto_dominated_count::bench_press_delta_capacity_kg"":7,""pareto_dominated_count::deadlift_delta_capacity_kg"":7,""pareto_dominated_count::squat_delta_capacity_kg"":7,""pareto_frontier::bench_press_delta_capacity_kg"":""public-native-temporal-expert-ensemble"",""pareto_frontier::deadlift_delta_capacity_kg"":""public-native-temporal-expert-ensemble"",""pareto_frontier::squat_delta_capacity_kg"":""public-native-temporal-expert-ensemble"",""pareto_nondominated_count::bench_press_delta_capacity_kg"":1,""pareto_nondominated_count::deadlift_delta_capacity_kg"":1,""pareto_nondominated_count::squat_delta_capacity_kg"":1}","[""artifacts/registries/public-native-comparator-registry.json"",""artifacts/training-protocols/public-native-comparator-suite.json"",""data/manifests/realizations/latent_capacity_change_with_transient_expression_forecasting/iid-production.json"",""models/checkpoint-manifests/public-native-temporal-expert/checkpoint-publication.json"",""models/checkpoint-manifests/public-native-temporal-expert/ensemble-manifest.json"",""models/checkpoint-manifests/public-native-temporal-expert/seed-383001.checkpoint-manifest.json"",""models/checkpoint-manifests/public-native-temporal-expert/seed-383001.fitted-instance.json"",""models/checkpoint-manifests/public-native-temporal-expert/seed-383002.checkpoint-manifest.json"",""models/checkpoint-manifests/public-native-temporal-expert/seed-383002.fitted-instance.json"",""models/checkpoint-manifests/public-native-temporal-expert/seed-383003.checkpoint-manifest.json"",""models/checkpoint-manifests/public-native-temporal-expert/seed-383003.fitted-instance.json"",""models/fitted-instances/public-native-comparator-suite/public-native-compact-neural/seed-383001.fitted-instance.json"",""models/fitted-instances/public-native-comparator-suite/public-native-compact-neural/seed-383002.fitted-instance.json"",""models/fitted-instances/public-native-comparator-suite/public-native-compact-neural/seed-383003.fitted-instance.json"",""models/fitted-instances/public-native-comparator-suite/public-native-context-mean/seed-383001.fitted-instance.json"",""models/fitted-instances/public-native-comparator-suite/public-native-context-mean/seed-383002.fitted-instance.json"",""models/fitted-instances/public-native-comparator-suite/public-native-context-mean/seed-383003.fitted-instance.json"",""models/fitted-instances/public-native-comparator-suite/public-native-histogram-boosted-stumps/seed-383001.fitted-instance.json"",""models/fitted-instances/public-native-comparator-suite/public-native-histogram-boosted-stumps/seed-383002.fitted-instance.json"",""models/fitted-instances/public-native-comparator-suite/public-native-histogram-boosted-stumps/seed-383003.fitted-instance.json"",""models/fitted-instances/public-native-comparator-suite/public-native-mechanistic-midpoint/seed-383001.fitted-instance.json"",""models/fitted-instances/public-native-comparator-suite/public-native-mechanistic-midpoint/seed-383002.fitted-instance.json"",""models/fitted-instances/public-native-comparator-suite/public-native-mechanistic-midpoint/seed-383003.fitted-instance.json"",""models/fitted-instances/public-native-comparator-suite/public-native-mechanistic-ridge-residual/seed-383001.fitted-instance.json"",""models/fitted-instances/public-native-comparator-suite/public-native-mechanistic-ridge-residual/seed-383002.fitted-instance.json"",""models/fitted-instances/public-native-comparator-suite/public-native-mechanistic-ridge-residual/seed-383003.fitted-instance.json"",""models/fitted-instances/public-native-comparator-suite/public-native-ridge/seed-383001.fitted-instance.json"",""models/fitted-instances/public-native-comparator-suite/public-native-ridge/seed-383002.fitted-instance.json"",""models/fitted-instances/public-native-comparator-suite/public-native-ridge/seed-383003.fitted-instance.json"",""results/benchmarks/iid_latent_capacity_change_with_transient_expression_forecasting/public-native-comparator-suite/internal-selection-split.json"",""results/benchmarks/iid_latent_capacity_change_with_transient_expression_forecasting/public-native-comparator-suite/public-native-compact-neural/seed-383001.evaluation-result.json"",""results/benchmarks/iid_latent_capacity_change_with_transient_expression_forecasting/public-native-comparator-suite/public-native-compact-neural/seed-383001.predictions.jsonl"",""results/benchmarks/iid_latent_capacity_change_with_transient_expression_forecasting/public-native-comparator-suite/public-native-compact-neural/seed-383002.evaluation-result.json"",""results/benchmarks/iid_latent_capacity_change_with_transient_expression_forecasting/public-native-comparator-suite/public-native-compact-neural/seed-383002.predictions.jsonl"",""results/benchmarks/iid_latent_capacity_change_with_transient_expression_forecasting/public-native-comparator-suite/public-native-compact-neural/seed-383003.evaluation-result.json"",""results/benchmarks/iid_latent_capacity_change_with_transient_expression_forecasting/public-native-comparator-suite/public-native-compact-neural/seed-383003.predictions.jsonl"",""results/benchmarks/iid_latent_capacity_change_with_transient_expression_forecasting/public-native-comparator-suite/public-native-context-mean/seed-383001.evaluation-result.json"",""results/benchmarks/iid_latent_capacity_change_with_transient_expression_forecasting/public-native-comparator-suite/public-native-context-mean/seed-383001.predictions.jsonl"",""results/benchmarks/iid_latent_capacity_change_with_transient_expression_forecasting/public-native-comparator-suite/public-native-context-mean/seed-383002.evaluation-result.json"",""results/benchmarks/iid_latent_capacity_change_with_transient_expression_forecasting/public-native-comparator-suite/public-native-context-mean/seed-383002.predictions.jsonl"",""results/benchmarks/iid_latent_capacity_change_with_transient_expression_forecasting/public-native-comparator-suite/public-native-context-mean/seed-383003.evaluation-result.json"",""results/benchmarks/iid_latent_capacity_change_with_transient_expression_forecasting/public-native-comparator-suite/public-native-context-mean/seed-383003.predictions.jsonl"",""results/benchmarks/iid_latent_capacity_change_with_transient_expression_forecasting/public-native-comparator-suite/public-native-histogram-boosted-stumps/seed-383001.evaluation-result.json"",""results/benchmarks/iid_latent_capacity_change_with_transient_expression_forecasting/public-native-comparator-suite/public-native-histogram-boosted-stumps/seed-383001.predictions.jsonl"",""results/benchmarks/iid_latent_capacity_change_with_transient_expression_forecasting/public-native-comparator-suite/public-native-histogram-boosted-stumps/seed-383002.evaluation-result.json"",""results/benchmarks/iid_latent_capacity_change_with_transient_expression_forecasting/public-native-comparator-suite/public-native-histogram-boosted-stumps/seed-383002.predictions.jsonl"",""results/benchmarks/iid_latent_capacity_change_with_transient_expression_forecasting/public-native-comparator-suite/public-native-histogram-boosted-stumps/seed-383003.evaluation-result.json"",""results/benchmarks/iid_latent_capacity_change_with_transient_expression_forecasting/public-native-comparator-suite/public-native-histogram-boosted-stumps/seed-383003.predictions.jsonl"",""results/benchmarks/iid_latent_capacity_change_with_transient_expression_forecasting/public-native-comparator-suite/public-native-mechanistic-midpoint/seed-383001.evaluation-result.json"",""results/benchmarks/iid_latent_capacity_change_with_transient_expression_forecasting/public-native-comparator-suite/public-native-mechanistic-midpoint/seed-383001.predictions.jsonl"",""results/benchmarks/iid_latent_capacity_change_with_transient_expression_forecasting/public-native-comparator-suite/public-native-mechanistic-midpoint/seed-383002.evaluation-result.json"",""results/benchmarks/iid_latent_capacity_change_with_transient_expression_forecasting/public-native-comparator-suite/public-native-mechanistic-midpoint/seed-383002.predictions.jsonl"",""results/benchmarks/iid_latent_capacity_change_with_transient_expression_forecasting/public-native-comparator-suite/public-native-mechanistic-midpoint/seed-383003.evaluation-result.json"",""results/benchmarks/iid_latent_capacity_change_with_transient_expression_forecasting/public-native-comparator-suite/public-native-mechanistic-midpoint/seed-383003.predictions.jsonl"",""results/benchmarks/iid_latent_capacity_change_with_transient_expression_forecasting/public-native-comparator-suite/public-native-mechanistic-ridge-residual/seed-383001.evaluation-result.json"",""results/benchmarks/iid_latent_capacity_change_with_transient_expression_forecasting/public-native-comparator-suite/public-native-mechanistic-ridge-residual/seed-383001.predictions.jsonl"",""results/benchmarks/iid_latent_capacity_change_with_transient_expression_forecasting/public-native-comparator-suite/public-native-mechanistic-ridge-residual/seed-383002.evaluation-result.json"",""results/benchmarks/iid_latent_capacity_change_with_transient_expression_forecasting/public-native-comparator-suite/public-native-mechanistic-ridge-residual/seed-383002.predictions.jsonl"",""results/benchmarks/iid_latent_capacity_change_with_transient_expression_forecasting/public-native-comparator-suite/public-native-mechanistic-ridge-residual/seed-383003.evaluation-result.json"",""results/benchmarks/iid_latent_capacity_change_with_transient_expression_forecasting/public-native-comparator-suite/public-native-mechanistic-ridge-residual/seed-383003.predictions.jsonl"",""results/benchmarks/iid_latent_capacity_change_with_transient_expression_forecasting/public-native-comparator-suite/public-native-ridge/seed-383001.evaluation-result.json"",""results/benchmarks/iid_latent_capacity_change_with_transient_expression_forecasting/public-native-comparator-suite/public-native-ridge/seed-383001.predictions.jsonl"",""results/benchmarks/iid_latent_capacity_change_with_transient_expression_forecasting/public-native-comparator-suite/public-native-ridge/seed-383002.evaluation-result.json"",""results/benchmarks/iid_latent_capacity_change_with_transient_expression_forecasting/public-native-comparator-suite/public-native-ridge/seed-383002.predictions.jsonl"",""results/benchmarks/iid_latent_capacity_change_with_transient_expression_forecasting/public-native-comparator-suite/public-native-ridge/seed-383003.evaluation-result.json"",""results/benchmarks/iid_latent_capacity_change_with_transient_expression_forecasting/public-native-comparator-suite/public-native-ridge/seed-383003.predictions.jsonl"",""results/benchmarks/iid_latent_capacity_change_with_transient_expression_forecasting/public-native-comparator-suite/training-seal.json"",""results/benchmarks/iid_latent_capacity_change_with_transient_expression_forecasting/public-native-temporal-expert/ensemble.evaluation-result.json"",""results/benchmarks/iid_latent_capacity_change_with_transient_expression_forecasting/public-native-temporal-expert/ensemble.predictions.jsonl"",""results/benchmarks/iid_latent_capacity_change_with_transient_expression_forecasting/public-native-temporal-expert/seed-383001.evaluation-result.json"",""results/benchmarks/iid_latent_capacity_change_with_transient_expression_forecasting/public-native-temporal-expert/seed-383001.predictions.jsonl"",""results/benchmarks/iid_latent_capacity_change_with_transient_expression_forecasting/public-native-temporal-expert/seed-383002.evaluation-result.json"",""results/benchmarks/iid_latent_capacity_change_with_transient_expression_forecasting/public-native-temporal-expert/seed-383002.predictions.jsonl"",""results/benchmarks/iid_latent_capacity_change_with_transient_expression_forecasting/public-native-temporal-expert/seed-383003.evaluation-result.json"",""results/benchmarks/iid_latent_capacity_change_with_transient_expression_forecasting/public-native-temporal-expert/seed-383003.predictions.jsonl"",""results/manifests/public-native-comparator-suite-checksums.json"",""results/manifests/public-native-comparator-suite.json"",""results/manifests/public-native-temporal-expert-source-inventory.json"",""results/manifests/public-native-temporal-expert-verification-receipt.json"",""results/manifests/public-native-temporal-expert.json"",""results/tables/public-native-comparator-frontier.csv""]",[],"[""Finite comparator frontier only; no cross-version score comparison or universal optimum is claimed.""]",results/audits/res-278/audit-results.json
RES-278,iid_latent_capacity_change_with_transient_expression_forecasting@1.0.0,distributional_shift_sensitivity@1.0.0,out_of_distribution_robustness,UNSUPPORTED_BY_EVIDENCE,,psr:audit-result:iid_latent_capacity_change_with_transient_expression_forecasting-distributional_shift_sensitivity@1.0.0~1f433753a0f8,sha256:1f433753a0f843ce7c72bbd75442c1dc03f5f516718ad8f381ca92dec5476bde,,"The attack applies, but this native version declares no supported shift relation to execute.",{},"[""artifacts/registries/benchmark-registry.json"",""artifacts/registries/attack-contract-registry.json""]","[""A predeclared native shift manifest with a supported generator transform.""]",[],results/audits/res-278/audit-results.json
RES-278,iid_latent_capacity_change_with_transient_expression_forecasting@1.0.0,hidden_test_fairness@1.0.0,hidden_test_fairness,NOT_APPLICABLE,,psr:audit-result:iid_latent_capacity_change_with_transient_expression_forecasting-hidden_test_fairness@1.0.0~b9f269fd8d72,sha256:b9f269fd8d7212978335349988f0e883076667b6028a15d693b77400b331f2b4,,The public-native evaluation is openly identified and makes no hidden-test claim.,{},"[""docs/benchmarks/iid-latent-capacity-change-public-native-evaluation.md"",""data/manifests/realizations/latent_capacity_change_with_transient_expression_forecasting/iid-production.json""]",[],[],results/audits/res-278/audit-results.json
RES-278,iid_latent_capacity_change_with_transient_expression_forecasting@1.0.0,model_ranking_instability@1.0.0,seed_stability,INCONCLUSIVE,res278-model_ranking_instability-b5cd905f87e5,psr:audit-result:iid_latent_capacity_change_with_transient_expression_forecasting-model_ranking_instability@1.0.0~399133290234,sha256:399133290234dc38a8217c85f1abca15054dfff3c6cf9e0022aa335e53ad5e73,c918e96e901fedb72c855a2bc7658574f5cfd43a,"Existing per-seed EvaluationResults yield target-wise RMSE ranks, but three seeds and no predeclared rank-stability margin do not resolve stability.","{""fit_seed_count"":3,""model_family_count"":7,""pairwise_rank_reversal_count::bench_press_delta_capacity_kg"":0,""pairwise_rank_reversal_count::deadlift_delta_capacity_kg"":0,""pairwise_rank_reversal_count::squat_delta_capacity_kg"":0,""rank_sd::bench_press_delta_capacity_kg::public-native-compact_neural"":0.0,""rank_sd::bench_press_delta_capacity_kg::public-native-context_mean"":0.0,""rank_sd::bench_press_delta_capacity_kg::public-native-histogram_boosted_stumps"":0.0,""rank_sd::bench_press_delta_capacity_kg::public-native-mechanistic_midpoint"":0.0,""rank_sd::bench_press_delta_capacity_kg::public-native-mechanistic_ridge_residual"":0.0,""rank_sd::bench_press_delta_capacity_kg::public-native-ridge"":0.0,""rank_sd::bench_press_delta_capacity_kg::public-native-temporal-expert"":0.0,""rank_sd::deadlift_delta_capacity_kg::public-native-compact_neural"":0.0,""rank_sd::deadlift_delta_capacity_kg::public-native-context_mean"":0.0,""rank_sd::deadlift_delta_capacity_kg::public-native-histogram_boosted_stumps"":0.0,""rank_sd::deadlift_delta_capacity_kg::public-native-mechanistic_midpoint"":0.0,""rank_sd::deadlift_delta_capacity_kg::public-native-mechanistic_ridge_residual"":0.0,""rank_sd::deadlift_delta_capacity_kg::public-native-ridge"":0.0,""rank_sd::deadlift_delta_capacity_kg::public-native-temporal-expert"":0.0,""rank_sd::squat_delta_capacity_kg::public-native-compact_neural"":0.0,""rank_sd::squat_delta_capacity_kg::public-native-context_mean"":0.0,""rank_sd::squat_delta_capacity_kg::public-native-histogram_boosted_stumps"":0.0,""rank_sd::squat_delta_capacity_kg::public-native-mechanistic_midpoint"":0.0,""rank_sd::squat_delta_capacity_kg::public-native-mechanistic_ridge_residual"":0.0,""rank_sd::squat_delta_capacity_kg::public-native-ridge"":0.0,""rank_sd::squat_delta_capacity_kg::public-native-temporal-expert"":0.0}","[""artifacts/registries/public-native-comparator-registry.json"",""artifacts/training-protocols/public-native-comparator-suite.json"",""data/manifests/realizations/latent_capacity_change_with_transient_expression_forecasting/iid-production.json"",""models/checkpoint-manifests/public-native-temporal-expert/checkpoint-publication.json"",""models/checkpoint-manifests/public-native-temporal-expert/ensemble-manifest.json"",""models/checkpoint-manifests/public-native-temporal-expert/seed-383001.checkpoint-manifest.json"",""models/checkpoint-manifests/public-native-temporal-expert/seed-383001.fitted-instance.json"",""models/checkpoint-manifests/public-native-temporal-expert/seed-383002.checkpoint-manifest.json"",""models/checkpoint-manifests/public-native-temporal-expert/seed-383002.fitted-instance.json"",""models/checkpoint-manifests/public-native-temporal-expert/seed-383003.checkpoint-manifest.json"",""models/checkpoint-manifests/public-native-temporal-expert/seed-383003.fitted-instance.json"",""models/fitted-instances/public-native-comparator-suite/public-native-compact-neural/seed-383001.fitted-instance.json"",""models/fitted-instances/public-native-comparator-suite/public-native-compact-neural/seed-383002.fitted-instance.json"",""models/fitted-instances/public-native-comparator-suite/public-native-compact-neural/seed-383003.fitted-instance.json"",""models/fitted-instances/public-native-comparator-suite/public-native-context-mean/seed-383001.fitted-instance.json"",""models/fitted-instances/public-native-comparator-suite/public-native-context-mean/seed-383002.fitted-instance.json"",""models/fitted-instances/public-native-comparator-suite/public-native-context-mean/seed-383003.fitted-instance.json"",""models/fitted-instances/public-native-comparator-suite/public-native-histogram-boosted-stumps/seed-383001.fitted-instance.json"",""models/fitted-instances/public-native-comparator-suite/public-native-histogram-boosted-stumps/seed-383002.fitted-instance.json"",""models/fitted-instances/public-native-comparator-suite/public-native-histogram-boosted-stumps/seed-383003.fitted-instance.json"",""models/fitted-instances/public-native-comparator-suite/public-native-mechanistic-midpoint/seed-383001.fitted-instance.json"",""models/fitted-instances/public-native-comparator-suite/public-native-mechanistic-midpoint/seed-383002.fitted-instance.json"",""models/fitted-instances/public-native-comparator-suite/public-native-mechanistic-midpoint/seed-383003.fitted-instance.json"",""models/fitted-instances/public-native-comparator-suite/public-native-mechanistic-ridge-residual/seed-383001.fitted-instance.json"",""models/fitted-instances/public-native-comparator-suite/public-native-mechanistic-ridge-residual/seed-383002.fitted-instance.json"",""models/fitted-instances/public-native-comparator-suite/public-native-mechanistic-ridge-residual/seed-383003.fitted-instance.json"",""models/fitted-instances/public-native-comparator-suite/public-native-ridge/seed-383001.fitted-instance.json"",""models/fitted-instances/public-native-comparator-suite/public-native-ridge/seed-383002.fitted-instance.json"",""models/fitted-instances/public-native-comparator-suite/public-native-ridge/seed-383003.fitted-instance.json"",""results/benchmarks/iid_latent_capacity_change_with_transient_expression_forecasting/public-native-comparator-suite/internal-selection-split.json"",""results/benchmarks/iid_latent_capacity_change_with_transient_expression_forecasting/public-native-comparator-suite/public-native-compact-neural/seed-383001.evaluation-result.json"",""results/benchmarks/iid_latent_capacity_change_with_transient_expression_forecasting/public-native-comparator-suite/public-native-compact-neural/seed-383001.predictions.jsonl"",""results/benchmarks/iid_latent_capacity_change_with_transient_expression_forecasting/public-native-comparator-suite/public-native-compact-neural/seed-383002.evaluation-result.json"",""results/benchmarks/iid_latent_capacity_change_with_transient_expression_forecasting/public-native-comparator-suite/public-native-compact-neural/seed-383002.predictions.jsonl"",""results/benchmarks/iid_latent_capacity_change_with_transient_expression_forecasting/public-native-comparator-suite/public-native-compact-neural/seed-383003.evaluation-result.json"",""results/benchmarks/iid_latent_capacity_change_with_transient_expression_forecasting/public-native-comparator-suite/public-native-compact-neural/seed-383003.predictions.jsonl"",""results/benchmarks/iid_latent_capacity_change_with_transient_expression_forecasting/public-native-comparator-suite/public-native-context-mean/seed-383001.evaluation-result.json"",""results/benchmarks/iid_latent_capacity_change_with_transient_expression_forecasting/public-native-comparator-suite/public-native-context-mean/seed-383001.predictions.jsonl"",""results/benchmarks/iid_latent_capacity_change_with_transient_expression_forecasting/public-native-comparator-suite/public-native-context-mean/seed-383002.evaluation-result.json"",""results/benchmarks/iid_latent_capacity_change_with_transient_expression_forecasting/public-native-comparator-suite/public-native-context-mean/seed-383002.predictions.jsonl"",""results/benchmarks/iid_latent_capacity_change_with_transient_expression_forecasting/public-native-comparator-suite/public-native-context-mean/seed-383003.evaluation-result.json"",""results/benchmarks/iid_latent_capacity_change_with_transient_expression_forecasting/public-native-comparator-suite/public-native-context-mean/seed-383003.predictions.jsonl"",""results/benchmarks/iid_latent_capacity_change_with_transient_expression_forecasting/public-native-comparator-suite/public-native-histogram-boosted-stumps/seed-383001.evaluation-result.json"",""results/benchmarks/iid_latent_capacity_change_with_transient_expression_forecasting/public-native-comparator-suite/public-native-histogram-boosted-stumps/seed-383001.predictions.jsonl"",""results/benchmarks/iid_latent_capacity_change_with_transient_expression_forecasting/public-native-comparator-suite/public-native-histogram-boosted-stumps/seed-383002.evaluation-result.json"",""results/benchmarks/iid_latent_capacity_change_with_transient_expression_forecasting/public-native-comparator-suite/public-native-histogram-boosted-stumps/seed-383002.predictions.jsonl"",""results/benchmarks/iid_latent_capacity_change_with_transient_expression_forecasting/public-native-comparator-suite/public-native-histogram-boosted-stumps/seed-383003.evaluation-result.json"",""results/benchmarks/iid_latent_capacity_change_with_transient_expression_forecasting/public-native-comparator-suite/public-native-histogram-boosted-stumps/seed-383003.predictions.jsonl"",""results/benchmarks/iid_latent_capacity_change_with_transient_expression_forecasting/public-native-comparator-suite/public-native-mechanistic-midpoint/seed-383001.evaluation-result.json"",""results/benchmarks/iid_latent_capacity_change_with_transient_expression_forecasting/public-native-comparator-suite/public-native-mechanistic-midpoint/seed-383001.predictions.jsonl"",""results/benchmarks/iid_latent_capacity_change_with_transient_expression_forecasting/public-native-comparator-suite/public-native-mechanistic-midpoint/seed-383002.evaluation-result.json"",""results/benchmarks/iid_latent_capacity_change_with_transient_expression_forecasting/public-native-comparator-suite/public-native-mechanistic-midpoint/seed-383002.predictions.jsonl"",""results/benchmarks/iid_latent_capacity_change_with_transient_expression_forecasting/public-native-comparator-suite/public-native-mechanistic-midpoint/seed-383003.evaluation-result.json"",""results/benchmarks/iid_latent_capacity_change_with_transient_expression_forecasting/public-native-comparator-suite/public-native-mechanistic-midpoint/seed-383003.predictions.jsonl"",""results/benchmarks/iid_latent_capacity_change_with_transient_expression_forecasting/public-native-comparator-suite/public-native-mechanistic-ridge-residual/seed-383001.evaluation-result.json"",""results/benchmarks/iid_latent_capacity_change_with_transient_expression_forecasting/public-native-comparator-suite/public-native-mechanistic-ridge-residual/seed-383001.predictions.jsonl"",""results/benchmarks/iid_latent_capacity_change_with_transient_expression_forecasting/public-native-comparator-suite/public-native-mechanistic-ridge-residual/seed-383002.evaluation-result.json"",""results/benchmarks/iid_latent_capacity_change_with_transient_expression_forecasting/public-native-comparator-suite/public-native-mechanistic-ridge-residual/seed-383002.predictions.jsonl"",""results/benchmarks/iid_latent_capacity_change_with_transient_expression_forecasting/public-native-comparator-suite/public-native-mechanistic-ridge-residual/seed-383003.evaluation-result.json"",""results/benchmarks/iid_latent_capacity_change_with_transient_expression_forecasting/public-native-comparator-suite/public-native-mechanistic-ridge-residual/seed-383003.predictions.jsonl"",""results/benchmarks/iid_latent_capacity_change_with_transient_expression_forecasting/public-native-comparator-suite/public-native-ridge/seed-383001.evaluation-result.json"",""results/benchmarks/iid_latent_capacity_change_with_transient_expression_forecasting/public-native-comparator-suite/public-native-ridge/seed-383001.predictions.jsonl"",""results/benchmarks/iid_latent_capacity_change_with_transient_expression_forecasting/public-native-comparator-suite/public-native-ridge/seed-383002.evaluation-result.json"",""results/benchmarks/iid_latent_capacity_change_with_transient_expression_forecasting/public-native-comparator-suite/public-native-ridge/seed-383002.predictions.jsonl"",""results/benchmarks/iid_latent_capacity_change_with_transient_expression_forecasting/public-native-comparator-suite/public-native-ridge/seed-383003.evaluation-result.json"",""results/benchmarks/iid_latent_capacity_change_with_transient_expression_forecasting/public-native-comparator-suite/public-native-ridge/seed-383003.predictions.jsonl"",""results/benchmarks/iid_latent_capacity_change_with_transient_expression_forecasting/public-native-comparator-suite/training-seal.json"",""results/benchmarks/iid_latent_capacity_change_with_transient_expression_forecasting/public-native-temporal-expert/ensemble.evaluation-result.json"",""results/benchmarks/iid_latent_capacity_change_with_transient_expression_forecasting/public-native-temporal-expert/ensemble.predictions.jsonl"",""results/benchmarks/iid_latent_capacity_change_with_transient_expression_forecasting/public-native-temporal-expert/seed-383001.evaluation-result.json"",""results/benchmarks/iid_latent_capacity_change_with_transient_expression_forecasting/public-native-temporal-expert/seed-383001.predictions.jsonl"",""results/benchmarks/iid_latent_capacity_change_with_transient_expression_forecasting/public-native-temporal-expert/seed-383002.evaluation-result.json"",""results/benchmarks/iid_latent_capacity_change_with_transient_expression_forecasting/public-native-temporal-expert/seed-383002.predictions.jsonl"",""results/benchmarks/iid_latent_capacity_change_with_transient_expression_forecasting/public-native-temporal-expert/seed-383003.evaluation-result.json"",""results/benchmarks/iid_latent_capacity_change_with_transient_expression_forecasting/public-native-temporal-expert/seed-383003.predictions.jsonl"",""results/manifests/public-native-comparator-suite-checksums.json"",""results/manifests/public-native-comparator-suite.json"",""results/manifests/public-native-temporal-expert-source-inventory.json"",""results/manifests/public-native-temporal-expert-verification-receipt.json"",""results/manifests/public-native-temporal-expert.json"",""results/tables/public-native-comparator-frontier.csv""]",[],"[""Three fit seeds are a descriptive sample and do not establish ranking stability outside the declared run.""]",results/audits/res-278/audit-results.json
RES-278,iid_latent_capacity_change_with_transient_expression_forecasting@1.0.0,observation_noise_perturbation@1.0.0,out_of_distribution_robustness,INCONCLUSIVE,res278-observation_noise_perturbation-dae69b13a574,psr:audit-result:iid_latent_capacity_change_with_transient_expression_forecasting-observation_noise_perturbation@1.0.0~8e9b3453e1eb,sha256:8e9b3453e1eb46c2e869db683b97ee530dab5c13c370a17a2e55617bde70c656,c918e96e901fedb72c855a2bc7658574f5cfd43a,Three independent draws were generated under the native observation law for each fixed latent trajectory.,"{""audit_row_count"":96,""fitted_comparator_instance_count"":18,""mean_abs_prediction_delta::compact_neural::383001::bench_press_delta_capacity_kg"":1.0842482421410948,""mean_abs_prediction_delta::compact_neural::383001::deadlift_delta_capacity_kg"":1.528386960559427,""mean_abs_prediction_delta::compact_neural::383001::squat_delta_capacity_kg"":1.3392103958710448,""mean_abs_prediction_delta::compact_neural::383002::bench_press_delta_capacity_kg"":1.0987370493135409,""mean_abs_prediction_delta::compact_neural::383002::deadlift_delta_capacity_kg"":1.6737663189492462,""mean_abs_prediction_delta::compact_neural::383002::squat_delta_capacity_kg"":1.308432403154216,""mean_abs_prediction_delta::compact_neural::383003::bench_press_delta_capacity_kg"":1.186655283377279,""mean_abs_prediction_delta::compact_neural::383003::deadlift_delta_capacity_kg"":1.5672048275373638,""mean_abs_prediction_delta::compact_neural::383003::squat_delta_capacity_kg"":1.4442371050554483,""mean_abs_prediction_delta::context_mean::383001::bench_press_delta_capacity_kg"":0.0,""mean_abs_prediction_delta::context_mean::383001::deadlift_delta_capacity_kg"":0.0,""mean_abs_prediction_delta::context_mean::383001::squat_delta_capacity_kg"":0.0,""mean_abs_prediction_delta::context_mean::383002::bench_press_delta_capacity_kg"":0.0,""mean_abs_prediction_delta::context_mean::383002::deadlift_delta_capacity_kg"":0.0,""mean_abs_prediction_delta::context_mean::383002::squat_delta_capacity_kg"":0.0,""mean_abs_prediction_delta::context_mean::383003::bench_press_delta_capacity_kg"":0.0,""mean_abs_prediction_delta::context_mean::383003::deadlift_delta_capacity_kg"":0.0,""mean_abs_prediction_delta::context_mean::383003::squat_delta_capacity_kg"":0.0,""mean_abs_prediction_delta::histogram_boosted_stumps::383001::bench_press_delta_capacity_kg"":0.0,""mean_abs_prediction_delta::histogram_boosted_stumps::383001::deadlift_delta_capacity_kg"":0.0,""mean_abs_prediction_delta::histogram_boosted_stumps::383001::squat_delta_capacity_kg"":0.0,""mean_abs_prediction_delta::histogram_boosted_stumps::383002::bench_press_delta_capacity_kg"":0.0,""mean_abs_prediction_delta::histogram_boosted_stumps::383002::deadlift_delta_capacity_kg"":0.0,""mean_abs_prediction_delta::histogram_boosted_stumps::383002::squat_delta_capacity_kg"":0.0,""mean_abs_prediction_delta::histogram_boosted_stumps::383003::bench_press_delta_capacity_kg"":0.0,""mean_abs_prediction_delta::histogram_boosted_stumps::383003::deadlift_delta_capacity_kg"":0.0,""mean_abs_prediction_delta::histogram_boosted_stumps::383003::squat_delta_capacity_kg"":0.0,""mean_abs_prediction_delta::mechanistic_midpoint::383001::bench_press_delta_capacity_kg"":0.16625229209794046,""mean_abs_prediction_delta::mechanistic_midpoint::383001::deadlift_delta_capacity_kg"":0.2976003391972772,""mean_abs_prediction_delta::mechanistic_midpoint::383001::squat_delta_capacity_kg"":0.2893901450583067,""mean_abs_prediction_delta::mechanistic_midpoint::383002::bench_press_delta_capacity_kg"":0.16625229209794046,""mean_abs_prediction_delta::mechanistic_midpoint::383002::deadlift_delta_capacity_kg"":0.2976003391972772,""mean_abs_prediction_delta::mechanistic_midpoint::383002::squat_delta_capacity_kg"":0.2893901450583067,""mean_abs_prediction_delta::mechanistic_midpoint::383003::bench_press_delta_capacity_kg"":0.16625229209794046,""mean_abs_prediction_delta::mechanistic_midpoint::383003::deadlift_delta_capacity_kg"":0.2976003391972772,""mean_abs_prediction_delta::mechanistic_midpoint::383003::squat_delta_capacity_kg"":0.2893901450583067,""mean_abs_prediction_delta::mechanistic_ridge_residual::383001::bench_press_delta_capacity_kg"":0.3598871581406197,""mean_abs_prediction_delta::mechanistic_ridge_residual::383001::deadlift_delta_capacity_kg"":0.5678701679594708,""mean_abs_prediction_delta::mechanistic_ridge_residual::383001::squat_delta_capacity_kg"":0.4862777401915614,""mean_abs_prediction_delta::mechanistic_ridge_residual::383002::bench_press_delta_capacity_kg"":0.3598871581406197,""mean_abs_prediction_delta::mechanistic_ridge_residual::383002::deadlift_delta_capacity_kg"":0.5678701679594708,""mean_abs_prediction_delta::mechanistic_ridge_residual::383002::squat_delta_capacity_kg"":0.4862777401915614,""mean_abs_prediction_delta::mechanistic_ridge_residual::383003::bench_press_delta_capacity_kg"":0.3598871581406197,""mean_abs_prediction_delta::mechanistic_ridge_residual::383003::deadlift_delta_capacity_kg"":0.5678701679594708,""mean_abs_prediction_delta::mechanistic_ridge_residual::383003::squat_delta_capacity_kg"":0.4862777401915614,""mean_abs_prediction_delta::ridge::383001::bench_press_delta_capacity_kg"":0.3342674208335126,""mean_abs_prediction_delta::ridge::383001::deadlift_delta_capacity_kg"":0.6112570936704782,""mean_abs_prediction_delta::ridge::383001::squat_delta_capacity_kg"":0.42184267421232424,""mean_abs_prediction_delta::ridge::383002::bench_press_delta_capacity_kg"":0.3342674208335126,""mean_abs_prediction_delta::ridge::383002::deadlift_delta_capacity_kg"":0.6112570936704782,""mean_abs_prediction_delta::ridge::383002::squat_delta_capacity_kg"":0.42184267421232424,""mean_abs_prediction_delta::ridge::383003::bench_press_delta_capacity_kg"":0.3342674208335126,""mean_abs_prediction_delta::ridge::383003::deadlift_delta_capacity_kg"":0.6112570936704782,""mean_abs_prediction_delta::ridge::383003::squat_delta_capacity_kg"":0.42184267421232424,""mean_prediction_variance::compact_neural::383001::bench_press_delta_capacity_kg"":0.8194405131045713,""mean_prediction_variance::compact_neural::383001::deadlift_delta_capacity_kg"":1.4676139278790208,""mean_prediction_variance::compact_neural::383001::squat_delta_capacity_kg"":1.3242767865599583,""mean_prediction_variance::compact_neural::383002::bench_press_delta_capacity_kg"":0.8452128537583179,""mean_prediction_variance::compact_neural::383002::deadlift_delta_capacity_kg"":1.5706981978659096,""mean_prediction_variance::compact_neural::383002::squat_delta_capacity_kg"":1.3081824563448594,""mean_prediction_variance::compact_neural::383003::bench_press_delta_capacity_kg"":0.8529763392852395,""mean_prediction_variance::compact_neural::383003::deadlift_delta_capacity_kg"":1.5401326246380762,""mean_prediction_variance::compact_neural::383003::squat_delta_capacity_kg"":1.2589501727215218,""mean_prediction_variance::context_mean::383001::bench_press_delta_capacity_kg"":4.108650548026103e-33,""mean_prediction_variance::context_mean::383001::deadlift_delta_capacity_kg"":4.108650548026103e-33,""mean_prediction_variance::context_mean::383001::squat_delta_capacity_kg"":3.697785493223493e-32,""mean_prediction_variance::context_mean::383002::bench_press_delta_capacity_kg"":4.108650548026103e-33,""mean_prediction_variance::context_mean::383002::deadlift_delta_capacity_kg"":4.108650548026103e-33,""mean_prediction_variance::context_mean::383002::squat_delta_capacity_kg"":3.697785493223493e-32,""mean_prediction_variance::context_mean::383003::bench_press_delta_capacity_kg"":4.108650548026103e-33,""mean_prediction_variance::context_mean::383003::deadlift_delta_capacity_kg"":4.108650548026103e-33,""mean_prediction_variance::context_mean::383003::squat_delta_capacity_kg"":3.697785493223493e-32,""mean_prediction_variance::histogram_boosted_stumps::383001::bench_press_delta_capacity_kg"":2.0029671421627253e-31,""mean_prediction_variance::histogram_boosted_stumps::383001::deadlift_delta_capacity_kg"":0.0,""mean_prediction_variance::histogram_boosted_stumps::383001::squat_delta_capacity_kg"":0.0,""mean_prediction_variance::histogram_boosted_stumps::383002::bench_press_delta_capacity_kg"":2.0029671421627253e-31,""mean_prediction_variance::histogram_boosted_stumps::383002::deadlift_delta_capacity_kg"":0.0,""mean_prediction_variance::histogram_boosted_stumps::383002::squat_delta_capacity_kg"":0.0,""mean_prediction_variance::histogram_boosted_stumps::383003::bench_press_delta_capacity_kg"":2.0029671421627253e-31,""mean_prediction_variance::histogram_boosted_stumps::383003::deadlift_delta_capacity_kg"":0.0,""mean_prediction_variance::histogram_boosted_stumps::383003::squat_delta_capacity_kg"":0.0,""mean_prediction_variance::mechanistic_midpoint::383001::bench_press_delta_capacity_kg"":0.04034626492545986,""mean_prediction_variance::mechanistic_midpoint::383001::deadlift_delta_capacity_kg"":0.08671359706342967,""mean_prediction_variance::mechanistic_midpoint::383001::squat_delta_capacity_kg"":0.05825599959404656,""mean_prediction_variance::mechanistic_midpoint::383002::bench_press_delta_capacity_kg"":0.04034626492545986,""mean_prediction_variance::mechanistic_midpoint::383002::deadlift_delta_capacity_kg"":0.08671359706342967,""mean_prediction_variance::mechanistic_midpoint::383002::squat_delta_capacity_kg"":0.05825599959404656,""mean_prediction_variance::mechanistic_midpoint::383003::bench_press_delta_capacity_kg"":0.04034626492545986,""mean_prediction_variance::mechanistic_midpoint::383003::deadlift_delta_capacity_kg"":0.08671359706342967,""mean_prediction_variance::mechanistic_midpoint::383003::squat_delta_capacity_kg"":0.05825599959404656,""mean_prediction_variance::mechanistic_ridge_residual::383001::bench_press_delta_capacity_kg"":0.07013872565629152,""mean_prediction_variance::mechanistic_ridge_residual::383001::deadlift_delta_capacity_kg"":0.23214647062325341,""mean_prediction_variance::mechanistic_ridge_residual::383001::squat_delta_capacity_kg"":0.1382567376946034,""mean_prediction_variance::mechanistic_ridge_residual::383002::bench_press_delta_capacity_kg"":0.07013872565629152,""mean_prediction_variance::mechanistic_ridge_residual::383002::deadlift_delta_capacity_kg"":0.23214647062325341,""mean_prediction_variance::mechanistic_ridge_residual::383002::squat_delta_capacity_kg"":0.1382567376946034,""mean_prediction_variance::mechanistic_ridge_residual::383003::bench_press_delta_capacity_kg"":0.07013872565629152,""mean_prediction_variance::mechanistic_ridge_residual::383003::deadlift_delta_capacity_kg"":0.23214647062325341,""mean_prediction_variance::mechanistic_ridge_residual::383003::squat_delta_capacity_kg"":0.1382567376946034,""mean_prediction_variance::ridge::383001::bench_press_delta_capacity_kg"":0.062421764800692274,""mean_prediction_variance::ridge::383001::deadlift_delta_capacity_kg"":0.20982949359894873,""mean_prediction_variance::ridge::383001::squat_delta_capacity_kg"":0.12325757705610585,""mean_prediction_variance::ridge::383002::bench_press_delta_capacity_kg"":0.062421764800692274,""mean_prediction_variance::ridge::383002::deadlift_delta_capacity_kg"":0.20982949359894873,""mean_prediction_variance::ridge::383002::squat_delta_capacity_kg"":0.12325757705610585,""mean_prediction_variance::ridge::383003::bench_press_delta_capacity_kg"":0.062421764800692274,""mean_prediction_variance::ridge::383003::deadlift_delta_capacity_kg"":0.20982949359894873,""mean_prediction_variance::ridge::383003::squat_delta_capacity_kg"":0.12325757705610585}","[""artifacts/registries/public-native-comparator-registry.json"",""artifacts/training-protocols/public-native-comparator-suite.json"",""data/manifests/realizations/latent_capacity_change_with_transient_expression_forecasting/iid-production.json"",""models/checkpoint-manifests/public-native-temporal-expert/checkpoint-publication.json"",""models/checkpoint-manifests/public-native-temporal-expert/ensemble-manifest.json"",""models/checkpoint-manifests/public-native-temporal-expert/seed-383001.checkpoint-manifest.json"",""models/checkpoint-manifests/public-native-temporal-expert/seed-383001.fitted-instance.json"",""models/checkpoint-manifests/public-native-temporal-expert/seed-383002.checkpoint-manifest.json"",""models/checkpoint-manifests/public-native-temporal-expert/seed-383002.fitted-instance.json"",""models/checkpoint-manifests/public-native-temporal-expert/seed-383003.checkpoint-manifest.json"",""models/checkpoint-manifests/public-native-temporal-expert/seed-383003.fitted-instance.json"",""models/fitted-instances/public-native-comparator-suite/public-native-compact-neural/seed-383001.fitted-instance.json"",""models/fitted-instances/public-native-comparator-suite/public-native-compact-neural/seed-383002.fitted-instance.json"",""models/fitted-instances/public-native-comparator-suite/public-native-compact-neural/seed-383003.fitted-instance.json"",""models/fitted-instances/public-native-comparator-suite/public-native-context-mean/seed-383001.fitted-instance.json"",""models/fitted-instances/public-native-comparator-suite/public-native-context-mean/seed-383002.fitted-instance.json"",""models/fitted-instances/public-native-comparator-suite/public-native-context-mean/seed-383003.fitted-instance.json"",""models/fitted-instances/public-native-comparator-suite/public-native-histogram-boosted-stumps/seed-383001.fitted-instance.json"",""models/fitted-instances/public-native-comparator-suite/public-native-histogram-boosted-stumps/seed-383002.fitted-instance.json"",""models/fitted-instances/public-native-comparator-suite/public-native-histogram-boosted-stumps/seed-383003.fitted-instance.json"",""models/fitted-instances/public-native-comparator-suite/public-native-mechanistic-midpoint/seed-383001.fitted-instance.json"",""models/fitted-instances/public-native-comparator-suite/public-native-mechanistic-midpoint/seed-383002.fitted-instance.json"",""models/fitted-instances/public-native-comparator-suite/public-native-mechanistic-midpoint/seed-383003.fitted-instance.json"",""models/fitted-instances/public-native-comparator-suite/public-native-mechanistic-ridge-residual/seed-383001.fitted-instance.json"",""models/fitted-instances/public-native-comparator-suite/public-native-mechanistic-ridge-residual/seed-383002.fitted-instance.json"",""models/fitted-instances/public-native-comparator-suite/public-native-mechanistic-ridge-residual/seed-383003.fitted-instance.json"",""models/fitted-instances/public-native-comparator-suite/public-native-ridge/seed-383001.fitted-instance.json"",""models/fitted-instances/public-native-comparator-suite/public-native-ridge/seed-383002.fitted-instance.json"",""models/fitted-instances/public-native-comparator-suite/public-native-ridge/seed-383003.fitted-instance.json"",""results/benchmarks/iid_latent_capacity_change_with_transient_expression_forecasting/public-native-comparator-suite/internal-selection-split.json"",""results/benchmarks/iid_latent_capacity_change_with_transient_expression_forecasting/public-native-comparator-suite/public-native-compact-neural/seed-383001.evaluation-result.json"",""results/benchmarks/iid_latent_capacity_change_with_transient_expression_forecasting/public-native-comparator-suite/public-native-compact-neural/seed-383001.predictions.jsonl"",""results/benchmarks/iid_latent_capacity_change_with_transient_expression_forecasting/public-native-comparator-suite/public-native-compact-neural/seed-383002.evaluation-result.json"",""results/benchmarks/iid_latent_capacity_change_with_transient_expression_forecasting/public-native-comparator-suite/public-native-compact-neural/seed-383002.predictions.jsonl"",""results/benchmarks/iid_latent_capacity_change_with_transient_expression_forecasting/public-native-comparator-suite/public-native-compact-neural/seed-383003.evaluation-result.json"",""results/benchmarks/iid_latent_capacity_change_with_transient_expression_forecasting/public-native-comparator-suite/public-native-compact-neural/seed-383003.predictions.jsonl"",""results/benchmarks/iid_latent_capacity_change_with_transient_expression_forecasting/public-native-comparator-suite/public-native-context-mean/seed-383001.evaluation-result.json"",""results/benchmarks/iid_latent_capacity_change_with_transient_expression_forecasting/public-native-comparator-suite/public-native-context-mean/seed-383001.predictions.jsonl"",""results/benchmarks/iid_latent_capacity_change_with_transient_expression_forecasting/public-native-comparator-suite/public-native-context-mean/seed-383002.evaluation-result.json"",""results/benchmarks/iid_latent_capacity_change_with_transient_expression_forecasting/public-native-comparator-suite/public-native-context-mean/seed-383002.predictions.jsonl"",""results/benchmarks/iid_latent_capacity_change_with_transient_expression_forecasting/public-native-comparator-suite/public-native-context-mean/seed-383003.evaluation-result.json"",""results/benchmarks/iid_latent_capacity_change_with_transient_expression_forecasting/public-native-comparator-suite/public-native-context-mean/seed-383003.predictions.jsonl"",""results/benchmarks/iid_latent_capacity_change_with_transient_expression_forecasting/public-native-comparator-suite/public-native-histogram-boosted-stumps/seed-383001.evaluation-result.json"",""results/benchmarks/iid_latent_capacity_change_with_transient_expression_forecasting/public-native-comparator-suite/public-native-histogram-boosted-stumps/seed-383001.predictions.jsonl"",""results/benchmarks/iid_latent_capacity_change_with_transient_expression_forecasting/public-native-comparator-suite/public-native-histogram-boosted-stumps/seed-383002.evaluation-result.json"",""results/benchmarks/iid_latent_capacity_change_with_transient_expression_forecasting/public-native-comparator-suite/public-native-histogram-boosted-stumps/seed-383002.predictions.jsonl"",""results/benchmarks/iid_latent_capacity_change_with_transient_expression_forecasting/public-native-comparator-suite/public-native-histogram-boosted-stumps/seed-383003.evaluation-result.json"",""results/benchmarks/iid_latent_capacity_change_with_transient_expression_forecasting/public-native-comparator-suite/public-native-histogram-boosted-stumps/seed-383003.predictions.jsonl"",""results/benchmarks/iid_latent_capacity_change_with_transient_expression_forecasting/public-native-comparator-suite/public-native-mechanistic-midpoint/seed-383001.evaluation-result.json"",""results/benchmarks/iid_latent_capacity_change_with_transient_expression_forecasting/public-native-comparator-suite/public-native-mechanistic-midpoint/seed-383001.predictions.jsonl"",""results/benchmarks/iid_latent_capacity_change_with_transient_expression_forecasting/public-native-comparator-suite/public-native-mechanistic-midpoint/seed-383002.evaluation-result.json"",""results/benchmarks/iid_latent_capacity_change_with_transient_expression_forecasting/public-native-comparator-suite/public-native-mechanistic-midpoint/seed-383002.predictions.jsonl"",""results/benchmarks/iid_latent_capacity_change_with_transient_expression_forecasting/public-native-comparator-suite/public-native-mechanistic-midpoint/seed-383003.evaluation-result.json"",""results/benchmarks/iid_latent_capacity_change_with_transient_expression_forecasting/public-native-comparator-suite/public-native-mechanistic-midpoint/seed-383003.predictions.jsonl"",""results/benchmarks/iid_latent_capacity_change_with_transient_expression_forecasting/public-native-comparator-suite/public-native-mechanistic-ridge-residual/seed-383001.evaluation-result.json"",""results/benchmarks/iid_latent_capacity_change_with_transient_expression_forecasting/public-native-comparator-suite/public-native-mechanistic-ridge-residual/seed-383001.predictions.jsonl"",""results/benchmarks/iid_latent_capacity_change_with_transient_expression_forecasting/public-native-comparator-suite/public-native-mechanistic-ridge-residual/seed-383002.evaluation-result.json"",""results/benchmarks/iid_latent_capacity_change_with_transient_expression_forecasting/public-native-comparator-suite/public-native-mechanistic-ridge-residual/seed-383002.predictions.jsonl"",""results/benchmarks/iid_latent_capacity_change_with_transient_expression_forecasting/public-native-comparator-suite/public-native-mechanistic-ridge-residual/seed-383003.evaluation-result.json"",""results/benchmarks/iid_latent_capacity_change_with_transient_expression_forecasting/public-native-comparator-suite/public-native-mechanistic-ridge-residual/seed-383003.predictions.jsonl"",""results/benchmarks/iid_latent_capacity_change_with_transient_expression_forecasting/public-native-comparator-suite/public-native-ridge/seed-383001.evaluation-result.json"",""results/benchmarks/iid_latent_capacity_change_with_transient_expression_forecasting/public-native-comparator-suite/public-native-ridge/seed-383001.predictions.jsonl"",""results/benchmarks/iid_latent_capacity_change_with_transient_expression_forecasting/public-native-comparator-suite/public-native-ridge/seed-383002.evaluation-result.json"",""results/benchmarks/iid_latent_capacity_change_with_transient_expression_forecasting/public-native-comparator-suite/public-native-ridge/seed-383002.predictions.jsonl"",""results/benchmarks/iid_latent_capacity_change_with_transient_expression_forecasting/public-native-comparator-suite/public-native-ridge/seed-383003.evaluation-result.json"",""results/benchmarks/iid_latent_capacity_change_with_transient_expression_forecasting/public-native-comparator-suite/public-native-ridge/seed-383003.predictions.jsonl"",""results/benchmarks/iid_latent_capacity_change_with_transient_expression_forecasting/public-native-comparator-suite/training-seal.json"",""results/benchmarks/iid_latent_capacity_change_with_transient_expression_forecasting/public-native-temporal-expert/ensemble.evaluation-result.json"",""results/benchmarks/iid_latent_capacity_change_with_transient_expression_forecasting/public-native-temporal-expert/ensemble.predictions.jsonl"",""results/benchmarks/iid_latent_capacity_change_with_transient_expression_forecasting/public-native-temporal-expert/seed-383001.evaluation-result.json"",""results/benchmarks/iid_latent_capacity_change_with_transient_expression_forecasting/public-native-temporal-expert/seed-383001.predictions.jsonl"",""results/benchmarks/iid_latent_capacity_change_with_transient_expression_forecasting/public-native-temporal-expert/seed-383002.evaluation-result.json"",""results/benchmarks/iid_latent_capacity_change_with_transient_expression_forecasting/public-native-temporal-expert/seed-383002.predictions.jsonl"",""results/benchmarks/iid_latent_capacity_change_with_transient_expression_forecasting/public-native-temporal-expert/seed-383003.evaluation-result.json"",""results/benchmarks/iid_latent_capacity_change_with_transient_expression_forecasting/public-native-temporal-expert/seed-383003.predictions.jsonl"",""results/manifests/public-native-comparator-suite-checksums.json"",""results/manifests/public-native-comparator-suite.json"",""results/manifests/public-native-temporal-expert-source-inventory.json"",""results/manifests/public-native-temporal-expert-verification-receipt.json"",""results/manifests/public-native-temporal-expert.json"",""results/tables/public-native-comparator-frontier.csv"",""results/audits/res278/realizations/res278-observation-noise-perturbation-seed-278105/baseline.jsonl"",""results/audits/res278/realizations/res278-observation-noise-perturbation-seed-278105/noise-replicate-1.jsonl"",""results/audits/res278/realizations/res278-observation-noise-perturbation-seed-278105/noise-replicate-2.jsonl"",""results/audits/res278/realizations/res278-observation-noise-perturbation-seed-278105/noise-replicate-3.jsonl"",""results/audits/res278/realizations/res278-observation-noise-perturbation-seed-278105/manifest.json""]",[],"[""The three noise replicates are descriptive and do not establish broad observation robustness.""]",results/audits/res-278/audit-results.json
RES-278,iid_latent_capacity_change_with_transient_expression_forecasting@1.0.0,parameter_seed_sensitivity@1.0.0,seed_stability,INCONCLUSIVE,res278-parameter_seed_sensitivity-6b1ca66eb842,psr:audit-result:iid_latent_capacity_change_with_transient_expression_forecasting-parameter_seed_sensitivity@1.0.0~0d4b3efa7840,sha256:0d4b3efa784038f2253d5298db7e9ee8541da65c1aebae242efcecdd1ee670e8,c918e96e901fedb72c855a2bc7658574f5cfd43a,Three predeclared M4 fit seeds were compared on the frozen evaluation artifacts; no practical stability margin was specified.,"{""fit_seed_count"":3,""population_sd::compact_neural::bench_press_delta_capacity_kg::MAE"":0.005716868235778643,""population_sd::compact_neural::bench_press_delta_capacity_kg::RMSE"":0.0017856951463512424,""population_sd::compact_neural::bench_press_delta_capacity_kg::R²"":0.00031485776793131027,""population_sd::compact_neural::bench_press_delta_capacity_kg::SRE(ddof=0)"":0.00034813292960846407,""population_sd::compact_neural::deadlift_delta_capacity_kg::MAE"":0.015368054058858889,""population_sd::compact_neural::deadlift_delta_capacity_kg::RMSE"":0.0033690986152910647,""population_sd::compact_neural::deadlift_delta_capacity_kg::R²"":0.00035032896988070115,""population_sd::compact_neural::deadlift_delta_capacity_kg::SRE(ddof=0)"":0.00038009386518736356,""population_sd::compact_neural::squat_delta_capacity_kg::MAE"":0.028554925600934967,""population_sd::compact_neural::squat_delta_capacity_kg::RMSE"":0.01433511491132086,""population_sd::compact_neural::squat_delta_capacity_kg::R²"":0.0017984795168270629,""population_sd::compact_neural::squat_delta_capacity_kg::SRE(ddof=0)"":0.001971195307524806,""population_sd::context_mean::bench_press_delta_capacity_kg::MAE"":0.0,""population_sd::context_mean::bench_press_delta_capacity_kg::RMSE"":0.0,""population_sd::context_mean::bench_press_delta_capacity_kg::R²"":0.0,""population_sd::context_mean::bench_press_delta_capacity_kg::SRE(ddof=0)"":0.0,""population_sd::context_mean::deadlift_delta_capacity_kg::MAE"":0.0,""population_sd::context_mean::deadlift_delta_capacity_kg::RMSE"":0.0,""population_sd::context_mean::deadlift_delta_capacity_kg::R²"":0.0,""population_sd::context_mean::deadlift_delta_capacity_kg::SRE(ddof=0)"":0.0,""population_sd::context_mean::squat_delta_capacity_kg::MAE"":0.0,""population_sd::context_mean::squat_delta_capacity_kg::RMSE"":0.0,""population_sd::context_mean::squat_delta_capacity_kg::R²"":1.1102230246251565e-16,""population_sd::context_mean::squat_delta_capacity_kg::SRE(ddof=0)"":0.0,""population_sd::histogram_boosted_stumps::bench_press_delta_capacity_kg::MAE"":0.0,""population_sd::histogram_boosted_stumps::bench_press_delta_capacity_kg::RMSE"":0.0,""population_sd::histogram_boosted_stumps::bench_press_delta_capacity_kg::R²"":0.0,""population_sd::histogram_boosted_stumps::bench_press_delta_capacity_kg::SRE(ddof=0)"":0.0,""population_sd::histogram_boosted_stumps::deadlift_delta_capacity_kg::MAE"":0.0,""population_sd::histogram_boosted_stumps::deadlift_delta_capacity_kg::RMSE"":0.0,""population_sd::histogram_boosted_stumps::deadlift_delta_capacity_kg::R²"":0.0,""population_sd::histogram_boosted_stumps::deadlift_delta_capacity_kg::SRE(ddof=0)"":0.0,""population_sd::histogram_boosted_stumps::squat_delta_capacity_kg::MAE"":0.0,""population_sd::histogram_boosted_stumps::squat_delta_capacity_kg::RMSE"":0.0,""population_sd::histogram_boosted_stumps::squat_delta_capacity_kg::R²"":0.0,""population_sd::histogram_boosted_stumps::squat_delta_capacity_kg::SRE(ddof=0)"":0.0,""population_sd::mechanistic_midpoint::bench_press_delta_capacity_kg::MAE"":0.0,""population_sd::mechanistic_midpoint::bench_press_delta_capacity_kg::RMSE"":0.0,""population_sd::mechanistic_midpoint::bench_press_delta_capacity_kg::R²"":0.0,""population_sd::mechanistic_midpoint::bench_press_delta_capacity_kg::SRE(ddof=0)"":0.0,""population_sd::mechanistic_midpoint::deadlift_delta_capacity_kg::MAE"":0.0,""population_sd::mechanistic_midpoint::deadlift_delta_capacity_kg::RMSE"":0.0,""population_sd::mechanistic_midpoint::deadlift_delta_capacity_kg::R²"":0.0,""population_sd::mechanistic_midpoint::deadlift_delta_capacity_kg::SRE(ddof=0)"":0.0,""population_sd::mechanistic_midpoint::squat_delta_capacity_kg::MAE"":0.0,""population_sd::mechanistic_midpoint::squat_delta_capacity_kg::RMSE"":0.0,""population_sd::mechanistic_midpoint::squat_delta_capacity_kg::R²"":0.0,""population_sd::mechanistic_midpoint::squat_delta_capacity_kg::SRE(ddof=0)"":0.0,""population_sd::mechanistic_ridge_residual::bench_press_delta_capacity_kg::MAE"":0.0,""population_sd::mechanistic_ridge_residual::bench_press_delta_capacity_kg::RMSE"":0.0,""population_sd::mechanistic_ridge_residual::bench_press_delta_capacity_kg::R²"":0.0,""population_sd::mechanistic_ridge_residual::bench_press_delta_capacity_kg::SRE(ddof=0)"":5.551115123125783e-17,""population_sd::mechanistic_ridge_residual::deadlift_delta_capacity_kg::MAE"":0.0,""population_sd::mechanistic_ridge_residual::deadlift_delta_capacity_kg::RMSE"":0.0,""population_sd::mechanistic_ridge_residual::deadlift_delta_capacity_kg::R²"":0.0,""population_sd::mechanistic_ridge_residual::deadlift_delta_capacity_kg::SRE(ddof=0)"":0.0,""population_sd::mechanistic_ridge_residual::squat_delta_capacity_kg::MAE"":0.0,""population_sd::mechanistic_ridge_residual::squat_delta_capacity_kg::RMSE"":0.0,""population_sd::mechanistic_ridge_residual::squat_delta_capacity_kg::R²"":0.0,""population_sd::mechanistic_ridge_residual::squat_delta_capacity_kg::SRE(ddof=0)"":0.0,""population_sd::ridge::bench_press_delta_capacity_kg::MAE"":0.0,""population_sd::ridge::bench_press_delta_capacity_kg::RMSE"":0.0,""population_sd::ridge::bench_press_delta_capacity_kg::R²"":0.0,""population_sd::ridge::bench_press_delta_capacity_kg::SRE(ddof=0)"":0.0,""population_sd::ridge::deadlift_delta_capacity_kg::MAE"":0.0,""population_sd::ridge::deadlift_delta_capacity_kg::RMSE"":0.0,""population_sd::ridge::deadlift_delta_capacity_kg::R²"":0.0,""population_sd::ridge::deadlift_delta_capacity_kg::SRE(ddof=0)"":0.0,""population_sd::ridge::squat_delta_capacity_kg::MAE"":0.0,""population_sd::ridge::squat_delta_capacity_kg::RMSE"":0.0,""population_sd::ridge::squat_delta_capacity_kg::R²"":0.0,""population_sd::ridge::squat_delta_capacity_kg::SRE(ddof=0)"":0.0,""range::compact_neural::bench_press_delta_capacity_kg::MAE"":0.01356479744365613,""range::compact_neural::bench_press_delta_capacity_kg::RMSE"":0.004230901579989954,""range::compact_neural::bench_press_delta_capacity_kg::R²"":0.0007459637764858362,""range::compact_neural::bench_press_delta_capacity_kg::SRE(ddof=0)"":0.0008248418913702205,""range::compact_neural::deadlift_delta_capacity_kg::MAE"":0.03694080927677357,""range::compact_neural::deadlift_delta_capacity_kg::RMSE"":0.008136399846555342,""range::compact_neural::deadlift_delta_capacity_kg::R²"":0.000846010572828404,""range::compact_neural::deadlift_delta_capacity_kg::SRE(ddof=0)"":0.0009179296956019489,""range::compact_neural::squat_delta_capacity_kg::MAE"":0.06275550704815025,""range::compact_neural::squat_delta_capacity_kg::RMSE"":0.03504867961034552,""range::compact_neural::squat_delta_capacity_kg::R²"":0.0043967899832053625,""range::compact_neural::squat_delta_capacity_kg::SRE(ddof=0)"":0.004819479523550441,""range::context_mean::bench_press_delta_capacity_kg::MAE"":0.0,""range::context_mean::bench_press_delta_capacity_kg::RMSE"":0.0,""range::context_mean::bench_press_delta_capacity_kg::R²"":0.0,""range::context_mean::bench_press_delta_capacity_kg::SRE(ddof=0)"":0.0,""range::context_mean::deadlift_delta_capacity_kg::MAE"":0.0,""range::context_mean::deadlift_delta_capacity_kg::RMSE"":0.0,""range::context_mean::deadlift_delta_capacity_kg::R²"":0.0,""range::context_mean::deadlift_delta_capacity_kg::SRE(ddof=0)"":0.0,""range::context_mean::squat_delta_capacity_kg::MAE"":0.0,""range::context_mean::squat_delta_capacity_kg::RMSE"":0.0,""range::context_mean::squat_delta_capacity_kg::R²"":0.0,""range::context_mean::squat_delta_capacity_kg::SRE(ddof=0)"":0.0,""range::histogram_boosted_stumps::bench_press_delta_capacity_kg::MAE"":0.0,""range::histogram_boosted_stumps::bench_press_delta_capacity_kg::RMSE"":0.0,""range::histogram_boosted_stumps::bench_press_delta_capacity_kg::R²"":0.0,""range::histogram_boosted_stumps::bench_press_delta_capacity_kg::SRE(ddof=0)"":0.0,""range::histogram_boosted_stumps::deadlift_delta_capacity_kg::MAE"":0.0,""range::histogram_boosted_stumps::deadlift_delta_capacity_kg::RMSE"":0.0,""range::histogram_boosted_stumps::deadlift_delta_capacity_kg::R²"":0.0,""range::histogram_boosted_stumps::deadlift_delta_capacity_kg::SRE(ddof=0)"":0.0,""range::histogram_boosted_stumps::squat_delta_capacity_kg::MAE"":0.0,""range::histogram_boosted_stumps::squat_delta_capacity_kg::RMSE"":0.0,""range::histogram_boosted_stumps::squat_delta_capacity_kg::R²"":0.0,""range::histogram_boosted_stumps::squat_delta_capacity_kg::SRE(ddof=0)"":0.0,""range::mechanistic_midpoint::bench_press_delta_capacity_kg::MAE"":0.0,""range::mechanistic_midpoint::bench_press_delta_capacity_kg::RMSE"":0.0,""range::mechanistic_midpoint::bench_press_delta_capacity_kg::R²"":0.0,""range::mechanistic_midpoint::bench_press_delta_capacity_kg::SRE(ddof=0)"":0.0,""range::mechanistic_midpoint::deadlift_delta_capacity_kg::MAE"":0.0,""range::mechanistic_midpoint::deadlift_delta_capacity_kg::RMSE"":0.0,""range::mechanistic_midpoint::deadlift_delta_capacity_kg::R²"":0.0,""range::mechanistic_midpoint::deadlift_delta_capacity_kg::SRE(ddof=0)"":0.0,""range::mechanistic_midpoint::squat_delta_capacity_kg::MAE"":0.0,""range::mechanistic_midpoint::squat_delta_capacity_kg::RMSE"":0.0,""range::mechanistic_midpoint::squat_delta_capacity_kg::R²"":0.0,""range::mechanistic_midpoint::squat_delta_capacity_kg::SRE(ddof=0)"":0.0,""range::mechanistic_ridge_residual::bench_press_delta_capacity_kg::MAE"":0.0,""range::mechanistic_ridge_residual::bench_press_delta_capacity_kg::RMSE"":0.0,""range::mechanistic_ridge_residual::bench_press_delta_capacity_kg::R²"":0.0,""range::mechanistic_ridge_residual::bench_press_delta_capacity_kg::SRE(ddof=0)"":0.0,""range::mechanistic_ridge_residual::deadlift_delta_capacity_kg::MAE"":0.0,""range::mechanistic_ridge_residual::deadlift_delta_capacity_kg::RMSE"":0.0,""range::mechanistic_ridge_residual::deadlift_delta_capacity_kg::R²"":0.0,""range::mechanistic_ridge_residual::deadlift_delta_capacity_kg::SRE(ddof=0)"":0.0,""range::mechanistic_ridge_residual::squat_delta_capacity_kg::MAE"":0.0,""range::mechanistic_ridge_residual::squat_delta_capacity_kg::RMSE"":0.0,""range::mechanistic_ridge_residual::squat_delta_capacity_kg::R²"":0.0,""range::mechanistic_ridge_residual::squat_delta_capacity_kg::SRE(ddof=0)"":0.0,""range::ridge::bench_press_delta_capacity_kg::MAE"":0.0,""range::ridge::bench_press_delta_capacity_kg::RMSE"":0.0,""range::ridge::bench_press_delta_capacity_kg::R²"":0.0,""range::ridge::bench_press_delta_capacity_kg::SRE(ddof=0)"":0.0,""range::ridge::deadlift_delta_capacity_kg::MAE"":0.0,""range::ridge::deadlift_delta_capacity_kg::RMSE"":0.0,""range::ridge::deadlift_delta_capacity_kg::R²"":0.0,""range::ridge::deadlift_delta_capacity_kg::SRE(ddof=0)"":0.0,""range::ridge::squat_delta_capacity_kg::MAE"":0.0,""range::ridge::squat_delta_capacity_kg::RMSE"":0.0,""range::ridge::squat_delta_capacity_kg::R²"":0.0,""range::ridge::squat_delta_capacity_kg::SRE(ddof=0)"":0.0}","[""artifacts/registries/public-native-comparator-registry.json"",""artifacts/training-protocols/public-native-comparator-suite.json"",""data/manifests/realizations/latent_capacity_change_with_transient_expression_forecasting/iid-production.json"",""models/checkpoint-manifests/public-native-temporal-expert/checkpoint-publication.json"",""models/checkpoint-manifests/public-native-temporal-expert/ensemble-manifest.json"",""models/checkpoint-manifests/public-native-temporal-expert/seed-383001.checkpoint-manifest.json"",""models/checkpoint-manifests/public-native-temporal-expert/seed-383001.fitted-instance.json"",""models/checkpoint-manifests/public-native-temporal-expert/seed-383002.checkpoint-manifest.json"",""models/checkpoint-manifests/public-native-temporal-expert/seed-383002.fitted-instance.json"",""models/checkpoint-manifests/public-native-temporal-expert/seed-383003.checkpoint-manifest.json"",""models/checkpoint-manifests/public-native-temporal-expert/seed-383003.fitted-instance.json"",""models/fitted-instances/public-native-comparator-suite/public-native-compact-neural/seed-383001.fitted-instance.json"",""models/fitted-instances/public-native-comparator-suite/public-native-compact-neural/seed-383002.fitted-instance.json"",""models/fitted-instances/public-native-comparator-suite/public-native-compact-neural/seed-383003.fitted-instance.json"",""models/fitted-instances/public-native-comparator-suite/public-native-context-mean/seed-383001.fitted-instance.json"",""models/fitted-instances/public-native-comparator-suite/public-native-context-mean/seed-383002.fitted-instance.json"",""models/fitted-instances/public-native-comparator-suite/public-native-context-mean/seed-383003.fitted-instance.json"",""models/fitted-instances/public-native-comparator-suite/public-native-histogram-boosted-stumps/seed-383001.fitted-instance.json"",""models/fitted-instances/public-native-comparator-suite/public-native-histogram-boosted-stumps/seed-383002.fitted-instance.json"",""models/fitted-instances/public-native-comparator-suite/public-native-histogram-boosted-stumps/seed-383003.fitted-instance.json"",""models/fitted-instances/public-native-comparator-suite/public-native-mechanistic-midpoint/seed-383001.fitted-instance.json"",""models/fitted-instances/public-native-comparator-suite/public-native-mechanistic-midpoint/seed-383002.fitted-instance.json"",""models/fitted-instances/public-native-comparator-suite/public-native-mechanistic-midpoint/seed-383003.fitted-instance.json"",""models/fitted-instances/public-native-comparator-suite/public-native-mechanistic-ridge-residual/seed-383001.fitted-instance.json"",""models/fitted-instances/public-native-comparator-suite/public-native-mechanistic-ridge-residual/seed-383002.fitted-instance.json"",""models/fitted-instances/public-native-comparator-suite/public-native-mechanistic-ridge-residual/seed-383003.fitted-instance.json"",""models/fitted-instances/public-native-comparator-suite/public-native-ridge/seed-383001.fitted-instance.json"",""models/fitted-instances/public-native-comparator-suite/public-native-ridge/seed-383002.fitted-instance.json"",""models/fitted-instances/public-native-comparator-suite/public-native-ridge/seed-383003.fitted-instance.json"",""results/benchmarks/iid_latent_capacity_change_with_transient_expression_forecasting/public-native-comparator-suite/internal-selection-split.json"",""results/benchmarks/iid_latent_capacity_change_with_transient_expression_forecasting/public-native-comparator-suite/public-native-compact-neural/seed-383001.evaluation-result.json"",""results/benchmarks/iid_latent_capacity_change_with_transient_expression_forecasting/public-native-comparator-suite/public-native-compact-neural/seed-383001.predictions.jsonl"",""results/benchmarks/iid_latent_capacity_change_with_transient_expression_forecasting/public-native-comparator-suite/public-native-compact-neural/seed-383002.evaluation-result.json"",""results/benchmarks/iid_latent_capacity_change_with_transient_expression_forecasting/public-native-comparator-suite/public-native-compact-neural/seed-383002.predictions.jsonl"",""results/benchmarks/iid_latent_capacity_change_with_transient_expression_forecasting/public-native-comparator-suite/public-native-compact-neural/seed-383003.evaluation-result.json"",""results/benchmarks/iid_latent_capacity_change_with_transient_expression_forecasting/public-native-comparator-suite/public-native-compact-neural/seed-383003.predictions.jsonl"",""results/benchmarks/iid_latent_capacity_change_with_transient_expression_forecasting/public-native-comparator-suite/public-native-context-mean/seed-383001.evaluation-result.json"",""results/benchmarks/iid_latent_capacity_change_with_transient_expression_forecasting/public-native-comparator-suite/public-native-context-mean/seed-383001.predictions.jsonl"",""results/benchmarks/iid_latent_capacity_change_with_transient_expression_forecasting/public-native-comparator-suite/public-native-context-mean/seed-383002.evaluation-result.json"",""results/benchmarks/iid_latent_capacity_change_with_transient_expression_forecasting/public-native-comparator-suite/public-native-context-mean/seed-383002.predictions.jsonl"",""results/benchmarks/iid_latent_capacity_change_with_transient_expression_forecasting/public-native-comparator-suite/public-native-context-mean/seed-383003.evaluation-result.json"",""results/benchmarks/iid_latent_capacity_change_with_transient_expression_forecasting/public-native-comparator-suite/public-native-context-mean/seed-383003.predictions.jsonl"",""results/benchmarks/iid_latent_capacity_change_with_transient_expression_forecasting/public-native-comparator-suite/public-native-histogram-boosted-stumps/seed-383001.evaluation-result.json"",""results/benchmarks/iid_latent_capacity_change_with_transient_expression_forecasting/public-native-comparator-suite/public-native-histogram-boosted-stumps/seed-383001.predictions.jsonl"",""results/benchmarks/iid_latent_capacity_change_with_transient_expression_forecasting/public-native-comparator-suite/public-native-histogram-boosted-stumps/seed-383002.evaluation-result.json"",""results/benchmarks/iid_latent_capacity_change_with_transient_expression_forecasting/public-native-comparator-suite/public-native-histogram-boosted-stumps/seed-383002.predictions.jsonl"",""results/benchmarks/iid_latent_capacity_change_with_transient_expression_forecasting/public-native-comparator-suite/public-native-histogram-boosted-stumps/seed-383003.evaluation-result.json"",""results/benchmarks/iid_latent_capacity_change_with_transient_expression_forecasting/public-native-comparator-suite/public-native-histogram-boosted-stumps/seed-383003.predictions.jsonl"",""results/benchmarks/iid_latent_capacity_change_with_transient_expression_forecasting/public-native-comparator-suite/public-native-mechanistic-midpoint/seed-383001.evaluation-result.json"",""results/benchmarks/iid_latent_capacity_change_with_transient_expression_forecasting/public-native-comparator-suite/public-native-mechanistic-midpoint/seed-383001.predictions.jsonl"",""results/benchmarks/iid_latent_capacity_change_with_transient_expression_forecasting/public-native-comparator-suite/public-native-mechanistic-midpoint/seed-383002.evaluation-result.json"",""results/benchmarks/iid_latent_capacity_change_with_transient_expression_forecasting/public-native-comparator-suite/public-native-mechanistic-midpoint/seed-383002.predictions.jsonl"",""results/benchmarks/iid_latent_capacity_change_with_transient_expression_forecasting/public-native-comparator-suite/public-native-mechanistic-midpoint/seed-383003.evaluation-result.json"",""results/benchmarks/iid_latent_capacity_change_with_transient_expression_forecasting/public-native-comparator-suite/public-native-mechanistic-midpoint/seed-383003.predictions.jsonl"",""results/benchmarks/iid_latent_capacity_change_with_transient_expression_forecasting/public-native-comparator-suite/public-native-mechanistic-ridge-residual/seed-383001.evaluation-result.json"",""results/benchmarks/iid_latent_capacity_change_with_transient_expression_forecasting/public-native-comparator-suite/public-native-mechanistic-ridge-residual/seed-383001.predictions.jsonl"",""results/benchmarks/iid_latent_capacity_change_with_transient_expression_forecasting/public-native-comparator-suite/public-native-mechanistic-ridge-residual/seed-383002.evaluation-result.json"",""results/benchmarks/iid_latent_capacity_change_with_transient_expression_forecasting/public-native-comparator-suite/public-native-mechanistic-ridge-residual/seed-383002.predictions.jsonl"",""results/benchmarks/iid_latent_capacity_change_with_transient_expression_forecasting/public-native-comparator-suite/public-native-mechanistic-ridge-residual/seed-383003.evaluation-result.json"",""results/benchmarks/iid_latent_capacity_change_with_transient_expression_forecasting/public-native-comparator-suite/public-native-mechanistic-ridge-residual/seed-383003.predictions.jsonl"",""results/benchmarks/iid_latent_capacity_change_with_transient_expression_forecasting/public-native-comparator-suite/public-native-ridge/seed-383001.evaluation-result.json"",""results/benchmarks/iid_latent_capacity_change_with_transient_expression_forecasting/public-native-comparator-suite/public-native-ridge/seed-383001.predictions.jsonl"",""results/benchmarks/iid_latent_capacity_change_with_transient_expression_forecasting/public-native-comparator-suite/public-native-ridge/seed-383002.evaluation-result.json"",""results/benchmarks/iid_latent_capacity_change_with_transient_expression_forecasting/public-native-comparator-suite/public-native-ridge/seed-383002.predictions.jsonl"",""results/benchmarks/iid_latent_capacity_change_with_transient_expression_forecasting/public-native-comparator-suite/public-native-ridge/seed-383003.evaluation-result.json"",""results/benchmarks/iid_latent_capacity_change_with_transient_expression_forecasting/public-native-comparator-suite/public-native-ridge/seed-383003.predictions.jsonl"",""results/benchmarks/iid_latent_capacity_change_with_transient_expression_forecasting/public-native-comparator-suite/training-seal.json"",""results/benchmarks/iid_latent_capacity_change_with_transient_expression_forecasting/public-native-temporal-expert/ensemble.evaluation-result.json"",""results/benchmarks/iid_latent_capacity_change_with_transient_expression_forecasting/public-native-temporal-expert/ensemble.predictions.jsonl"",""results/benchmarks/iid_latent_capacity_change_with_transient_expression_forecasting/public-native-temporal-expert/seed-383001.evaluation-result.json"",""results/benchmarks/iid_latent_capacity_change_with_transient_expression_forecasting/public-native-temporal-expert/seed-383001.predictions.jsonl"",""results/benchmarks/iid_latent_capacity_change_with_transient_expression_forecasting/public-native-temporal-expert/seed-383002.evaluation-result.json"",""results/benchmarks/iid_latent_capacity_change_with_transient_expression_forecasting/public-native-temporal-expert/seed-383002.predictions.jsonl"",""results/benchmarks/iid_latent_capacity_change_with_transient_expression_forecasting/public-native-temporal-expert/seed-383003.evaluation-result.json"",""results/benchmarks/iid_latent_capacity_change_with_transient_expression_forecasting/public-native-temporal-expert/seed-383003.predictions.jsonl"",""results/manifests/public-native-comparator-suite-checksums.json"",""results/manifests/public-native-comparator-suite.json"",""results/manifests/public-native-temporal-expert-source-inventory.json"",""results/manifests/public-native-temporal-expert-verification-receipt.json"",""results/manifests/public-native-temporal-expert.json"",""results/tables/public-native-comparator-frontier.csv""]",[],"[""No retraining, tuning, or validation-driven selection was performed; three seeds do not establish stability beyond this protocol.""]",results/audits/res-278/audit-results.json
RES-278,iid_latent_capacity_change_with_transient_expression_forecasting@1.0.0,participant_input_leakage@1.0.0,leakage_shortcut_susceptibility,PASS,res278-participant_input_leakage-7749f0a047db,psr:audit-result:iid_latent_capacity_change_with_transient_expression_forecasting-participant_input_leakage@1.0.0~3da703adde3b,sha256:3da703adde3ba18a22d81721e4c8130306be4ee1f9cb8d07e1c5b02de1c4295b,c918e96e901fedb72c855a2bc7658574f5cfd43a,Copied participant keys were permuted and all 18 sealed comparator instances were re-run on the same visible inputs.,"{""audit_row_count"":96,""fitted_comparator_instance_count"":18,""key_relabel_prediction_mismatch_count"":0,""maximum_absolute_prediction_delta"":0.0}","[""artifacts/registries/public-native-comparator-registry.json"",""artifacts/training-protocols/public-native-comparator-suite.json"",""data/manifests/realizations/latent_capacity_change_with_transient_expression_forecasting/iid-production.json"",""models/checkpoint-manifests/public-native-temporal-expert/checkpoint-publication.json"",""models/checkpoint-manifests/public-native-temporal-expert/ensemble-manifest.json"",""models/checkpoint-manifests/public-native-temporal-expert/seed-383001.checkpoint-manifest.json"",""models/checkpoint-manifests/public-native-temporal-expert/seed-383001.fitted-instance.json"",""models/checkpoint-manifests/public-native-temporal-expert/seed-383002.checkpoint-manifest.json"",""models/checkpoint-manifests/public-native-temporal-expert/seed-383002.fitted-instance.json"",""models/checkpoint-manifests/public-native-temporal-expert/seed-383003.checkpoint-manifest.json"",""models/checkpoint-manifests/public-native-temporal-expert/seed-383003.fitted-instance.json"",""models/fitted-instances/public-native-comparator-suite/public-native-compact-neural/seed-383001.fitted-instance.json"",""models/fitted-instances/public-native-comparator-suite/public-native-compact-neural/seed-383002.fitted-instance.json"",""models/fitted-instances/public-native-comparator-suite/public-native-compact-neural/seed-383003.fitted-instance.json"",""models/fitted-instances/public-native-comparator-suite/public-native-context-mean/seed-383001.fitted-instance.json"",""models/fitted-instances/public-native-comparator-suite/public-native-context-mean/seed-383002.fitted-instance.json"",""models/fitted-instances/public-native-comparator-suite/public-native-context-mean/seed-383003.fitted-instance.json"",""models/fitted-instances/public-native-comparator-suite/public-native-histogram-boosted-stumps/seed-383001.fitted-instance.json"",""models/fitted-instances/public-native-comparator-suite/public-native-histogram-boosted-stumps/seed-383002.fitted-instance.json"",""models/fitted-instances/public-native-comparator-suite/public-native-histogram-boosted-stumps/seed-383003.fitted-instance.json"",""models/fitted-instances/public-native-comparator-suite/public-native-mechanistic-midpoint/seed-383001.fitted-instance.json"",""models/fitted-instances/public-native-comparator-suite/public-native-mechanistic-midpoint/seed-383002.fitted-instance.json"",""models/fitted-instances/public-native-comparator-suite/public-native-mechanistic-midpoint/seed-383003.fitted-instance.json"",""models/fitted-instances/public-native-comparator-suite/public-native-mechanistic-ridge-residual/seed-383001.fitted-instance.json"",""models/fitted-instances/public-native-comparator-suite/public-native-mechanistic-ridge-residual/seed-383002.fitted-instance.json"",""models/fitted-instances/public-native-comparator-suite/public-native-mechanistic-ridge-residual/seed-383003.fitted-instance.json"",""models/fitted-instances/public-native-comparator-suite/public-native-ridge/seed-383001.fitted-instance.json"",""models/fitted-instances/public-native-comparator-suite/public-native-ridge/seed-383002.fitted-instance.json"",""models/fitted-instances/public-native-comparator-suite/public-native-ridge/seed-383003.fitted-instance.json"",""results/benchmarks/iid_latent_capacity_change_with_transient_expression_forecasting/public-native-comparator-suite/internal-selection-split.json"",""results/benchmarks/iid_latent_capacity_change_with_transient_expression_forecasting/public-native-comparator-suite/public-native-compact-neural/seed-383001.evaluation-result.json"",""results/benchmarks/iid_latent_capacity_change_with_transient_expression_forecasting/public-native-comparator-suite/public-native-compact-neural/seed-383001.predictions.jsonl"",""results/benchmarks/iid_latent_capacity_change_with_transient_expression_forecasting/public-native-comparator-suite/public-native-compact-neural/seed-383002.evaluation-result.json"",""results/benchmarks/iid_latent_capacity_change_with_transient_expression_forecasting/public-native-comparator-suite/public-native-compact-neural/seed-383002.predictions.jsonl"",""results/benchmarks/iid_latent_capacity_change_with_transient_expression_forecasting/public-native-comparator-suite/public-native-compact-neural/seed-383003.evaluation-result.json"",""results/benchmarks/iid_latent_capacity_change_with_transient_expression_forecasting/public-native-comparator-suite/public-native-compact-neural/seed-383003.predictions.jsonl"",""results/benchmarks/iid_latent_capacity_change_with_transient_expression_forecasting/public-native-comparator-suite/public-native-context-mean/seed-383001.evaluation-result.json"",""results/benchmarks/iid_latent_capacity_change_with_transient_expression_forecasting/public-native-comparator-suite/public-native-context-mean/seed-383001.predictions.jsonl"",""results/benchmarks/iid_latent_capacity_change_with_transient_expression_forecasting/public-native-comparator-suite/public-native-context-mean/seed-383002.evaluation-result.json"",""results/benchmarks/iid_latent_capacity_change_with_transient_expression_forecasting/public-native-comparator-suite/public-native-context-mean/seed-383002.predictions.jsonl"",""results/benchmarks/iid_latent_capacity_change_with_transient_expression_forecasting/public-native-comparator-suite/public-native-context-mean/seed-383003.evaluation-result.json"",""results/benchmarks/iid_latent_capacity_change_with_transient_expression_forecasting/public-native-comparator-suite/public-native-context-mean/seed-383003.predictions.jsonl"",""results/benchmarks/iid_latent_capacity_change_with_transient_expression_forecasting/public-native-comparator-suite/public-native-histogram-boosted-stumps/seed-383001.evaluation-result.json"",""results/benchmarks/iid_latent_capacity_change_with_transient_expression_forecasting/public-native-comparator-suite/public-native-histogram-boosted-stumps/seed-383001.predictions.jsonl"",""results/benchmarks/iid_latent_capacity_change_with_transient_expression_forecasting/public-native-comparator-suite/public-native-histogram-boosted-stumps/seed-383002.evaluation-result.json"",""results/benchmarks/iid_latent_capacity_change_with_transient_expression_forecasting/public-native-comparator-suite/public-native-histogram-boosted-stumps/seed-383002.predictions.jsonl"",""results/benchmarks/iid_latent_capacity_change_with_transient_expression_forecasting/public-native-comparator-suite/public-native-histogram-boosted-stumps/seed-383003.evaluation-result.json"",""results/benchmarks/iid_latent_capacity_change_with_transient_expression_forecasting/public-native-comparator-suite/public-native-histogram-boosted-stumps/seed-383003.predictions.jsonl"",""results/benchmarks/iid_latent_capacity_change_with_transient_expression_forecasting/public-native-comparator-suite/public-native-mechanistic-midpoint/seed-383001.evaluation-result.json"",""results/benchmarks/iid_latent_capacity_change_with_transient_expression_forecasting/public-native-comparator-suite/public-native-mechanistic-midpoint/seed-383001.predictions.jsonl"",""results/benchmarks/iid_latent_capacity_change_with_transient_expression_forecasting/public-native-comparator-suite/public-native-mechanistic-midpoint/seed-383002.evaluation-result.json"",""results/benchmarks/iid_latent_capacity_change_with_transient_expression_forecasting/public-native-comparator-suite/public-native-mechanistic-midpoint/seed-383002.predictions.jsonl"",""results/benchmarks/iid_latent_capacity_change_with_transient_expression_forecasting/public-native-comparator-suite/public-native-mechanistic-midpoint/seed-383003.evaluation-result.json"",""results/benchmarks/iid_latent_capacity_change_with_transient_expression_forecasting/public-native-comparator-suite/public-native-mechanistic-midpoint/seed-383003.predictions.jsonl"",""results/benchmarks/iid_latent_capacity_change_with_transient_expression_forecasting/public-native-comparator-suite/public-native-mechanistic-ridge-residual/seed-383001.evaluation-result.json"",""results/benchmarks/iid_latent_capacity_change_with_transient_expression_forecasting/public-native-comparator-suite/public-native-mechanistic-ridge-residual/seed-383001.predictions.jsonl"",""results/benchmarks/iid_latent_capacity_change_with_transient_expression_forecasting/public-native-comparator-suite/public-native-mechanistic-ridge-residual/seed-383002.evaluation-result.json"",""results/benchmarks/iid_latent_capacity_change_with_transient_expression_forecasting/public-native-comparator-suite/public-native-mechanistic-ridge-residual/seed-383002.predictions.jsonl"",""results/benchmarks/iid_latent_capacity_change_with_transient_expression_forecasting/public-native-comparator-suite/public-native-mechanistic-ridge-residual/seed-383003.evaluation-result.json"",""results/benchmarks/iid_latent_capacity_change_with_transient_expression_forecasting/public-native-comparator-suite/public-native-mechanistic-ridge-residual/seed-383003.predictions.jsonl"",""results/benchmarks/iid_latent_capacity_change_with_transient_expression_forecasting/public-native-comparator-suite/public-native-ridge/seed-383001.evaluation-result.json"",""results/benchmarks/iid_latent_capacity_change_with_transient_expression_forecasting/public-native-comparator-suite/public-native-ridge/seed-383001.predictions.jsonl"",""results/benchmarks/iid_latent_capacity_change_with_transient_expression_forecasting/public-native-comparator-suite/public-native-ridge/seed-383002.evaluation-result.json"",""results/benchmarks/iid_latent_capacity_change_with_transient_expression_forecasting/public-native-comparator-suite/public-native-ridge/seed-383002.predictions.jsonl"",""results/benchmarks/iid_latent_capacity_change_with_transient_expression_forecasting/public-native-comparator-suite/public-native-ridge/seed-383003.evaluation-result.json"",""results/benchmarks/iid_latent_capacity_change_with_transient_expression_forecasting/public-native-comparator-suite/public-native-ridge/seed-383003.predictions.jsonl"",""results/benchmarks/iid_latent_capacity_change_with_transient_expression_forecasting/public-native-comparator-suite/training-seal.json"",""results/benchmarks/iid_latent_capacity_change_with_transient_expression_forecasting/public-native-temporal-expert/ensemble.evaluation-result.json"",""results/benchmarks/iid_latent_capacity_change_with_transient_expression_forecasting/public-native-temporal-expert/ensemble.predictions.jsonl"",""results/benchmarks/iid_latent_capacity_change_with_transient_expression_forecasting/public-native-temporal-expert/seed-383001.evaluation-result.json"",""results/benchmarks/iid_latent_capacity_change_with_transient_expression_forecasting/public-native-temporal-expert/seed-383001.predictions.jsonl"",""results/benchmarks/iid_latent_capacity_change_with_transient_expression_forecasting/public-native-temporal-expert/seed-383002.evaluation-result.json"",""results/benchmarks/iid_latent_capacity_change_with_transient_expression_forecasting/public-native-temporal-expert/seed-383002.predictions.jsonl"",""results/benchmarks/iid_latent_capacity_change_with_transient_expression_forecasting/public-native-temporal-expert/seed-383003.evaluation-result.json"",""results/benchmarks/iid_latent_capacity_change_with_transient_expression_forecasting/public-native-temporal-expert/seed-383003.predictions.jsonl"",""results/manifests/public-native-comparator-suite-checksums.json"",""results/manifests/public-native-comparator-suite.json"",""results/manifests/public-native-temporal-expert-source-inventory.json"",""results/manifests/public-native-temporal-expert-verification-receipt.json"",""results/manifests/public-native-temporal-expert.json"",""results/tables/public-native-comparator-frontier.csv"",""results/audits/res278/realizations/res278-participant-input-leakage-seed-278101/baseline.jsonl"",""results/audits/res278/realizations/res278-participant-input-leakage-seed-278101/key-relabelled.jsonl"",""results/audits/res278/realizations/res278-participant-input-leakage-seed-278101/manifest.json""]",[],"[""This checks the six registered RES-275 comparator families and their 18 fitted states, not unregistered participant models.""]",results/audits/res-278/audit-results.json
RES-278,iid_latent_capacity_change_with_transient_expression_forecasting@1.0.0,reconstruction_provenance_gaps@1.0.0,reconstructability,PASS,res278-reconstruction_provenance_gaps-451cf63ac349,psr:audit-result:iid_latent_capacity_change_with_transient_expression_forecasting-reconstruction_provenance_gaps@1.0.0~fa6797a19aef,sha256:fa6797a19aef0a7d92587f8f1e69d8bc8f1d0f3c8661957102fe814cdf14ea3a,c918e96e901fedb72c855a2bc7658574f5cfd43a,"Public-native source data, generator identity, comparator registry, fit seal, fitted states, predictions, and EvaluationResults match their declared hashes and scientific identities.","{""generation_configuration_digest_match"":1,""generator_source_digest_match"":1,""m4_checksum_entry_count"":81,""m4_identity_mismatch_count"":0,""source_dataset_artifact_count"":2,""source_dataset_hash_mismatch_count"":0}","[""artifacts/registries/public-native-comparator-registry.json"",""artifacts/training-protocols/public-native-comparator-suite.json"",""data/manifests/realizations/latent_capacity_change_with_transient_expression_forecasting/iid-production.json"",""models/checkpoint-manifests/public-native-temporal-expert/checkpoint-publication.json"",""models/checkpoint-manifests/public-native-temporal-expert/ensemble-manifest.json"",""models/checkpoint-manifests/public-native-temporal-expert/seed-383001.checkpoint-manifest.json"",""models/checkpoint-manifests/public-native-temporal-expert/seed-383001.fitted-instance.json"",""models/checkpoint-manifests/public-native-temporal-expert/seed-383002.checkpoint-manifest.json"",""models/checkpoint-manifests/public-native-temporal-expert/seed-383002.fitted-instance.json"",""models/checkpoint-manifests/public-native-temporal-expert/seed-383003.checkpoint-manifest.json"",""models/checkpoint-manifests/public-native-temporal-expert/seed-383003.fitted-instance.json"",""models/fitted-instances/public-native-comparator-suite/public-native-compact-neural/seed-383001.fitted-instance.json"",""models/fitted-instances/public-native-comparator-suite/public-native-compact-neural/seed-383002.fitted-instance.json"",""models/fitted-instances/public-native-comparator-suite/public-native-compact-neural/seed-383003.fitted-instance.json"",""models/fitted-instances/public-native-comparator-suite/public-native-context-mean/seed-383001.fitted-instance.json"",""models/fitted-instances/public-native-comparator-suite/public-native-context-mean/seed-383002.fitted-instance.json"",""models/fitted-instances/public-native-comparator-suite/public-native-context-mean/seed-383003.fitted-instance.json"",""models/fitted-instances/public-native-comparator-suite/public-native-histogram-boosted-stumps/seed-383001.fitted-instance.json"",""models/fitted-instances/public-native-comparator-suite/public-native-histogram-boosted-stumps/seed-383002.fitted-instance.json"",""models/fitted-instances/public-native-comparator-suite/public-native-histogram-boosted-stumps/seed-383003.fitted-instance.json"",""models/fitted-instances/public-native-comparator-suite/public-native-mechanistic-midpoint/seed-383001.fitted-instance.json"",""models/fitted-instances/public-native-comparator-suite/public-native-mechanistic-midpoint/seed-383002.fitted-instance.json"",""models/fitted-instances/public-native-comparator-suite/public-native-mechanistic-midpoint/seed-383003.fitted-instance.json"",""models/fitted-instances/public-native-comparator-suite/public-native-mechanistic-ridge-residual/seed-383001.fitted-instance.json"",""models/fitted-instances/public-native-comparator-suite/public-native-mechanistic-ridge-residual/seed-383002.fitted-instance.json"",""models/fitted-instances/public-native-comparator-suite/public-native-mechanistic-ridge-residual/seed-383003.fitted-instance.json"",""models/fitted-instances/public-native-comparator-suite/public-native-ridge/seed-383001.fitted-instance.json"",""models/fitted-instances/public-native-comparator-suite/public-native-ridge/seed-383002.fitted-instance.json"",""models/fitted-instances/public-native-comparator-suite/public-native-ridge/seed-383003.fitted-instance.json"",""results/benchmarks/iid_latent_capacity_change_with_transient_expression_forecasting/public-native-comparator-suite/internal-selection-split.json"",""results/benchmarks/iid_latent_capacity_change_with_transient_expression_forecasting/public-native-comparator-suite/public-native-compact-neural/seed-383001.evaluation-result.json"",""results/benchmarks/iid_latent_capacity_change_with_transient_expression_forecasting/public-native-comparator-suite/public-native-compact-neural/seed-383001.predictions.jsonl"",""results/benchmarks/iid_latent_capacity_change_with_transient_expression_forecasting/public-native-comparator-suite/public-native-compact-neural/seed-383002.evaluation-result.json"",""results/benchmarks/iid_latent_capacity_change_with_transient_expression_forecasting/public-native-comparator-suite/public-native-compact-neural/seed-383002.predictions.jsonl"",""results/benchmarks/iid_latent_capacity_change_with_transient_expression_forecasting/public-native-comparator-suite/public-native-compact-neural/seed-383003.evaluation-result.json"",""results/benchmarks/iid_latent_capacity_change_with_transient_expression_forecasting/public-native-comparator-suite/public-native-compact-neural/seed-383003.predictions.jsonl"",""results/benchmarks/iid_latent_capacity_change_with_transient_expression_forecasting/public-native-comparator-suite/public-native-context-mean/seed-383001.evaluation-result.json"",""results/benchmarks/iid_latent_capacity_change_with_transient_expression_forecasting/public-native-comparator-suite/public-native-context-mean/seed-383001.predictions.jsonl"",""results/benchmarks/iid_latent_capacity_change_with_transient_expression_forecasting/public-native-comparator-suite/public-native-context-mean/seed-383002.evaluation-result.json"",""results/benchmarks/iid_latent_capacity_change_with_transient_expression_forecasting/public-native-comparator-suite/public-native-context-mean/seed-383002.predictions.jsonl"",""results/benchmarks/iid_latent_capacity_change_with_transient_expression_forecasting/public-native-comparator-suite/public-native-context-mean/seed-383003.evaluation-result.json"",""results/benchmarks/iid_latent_capacity_change_with_transient_expression_forecasting/public-native-comparator-suite/public-native-context-mean/seed-383003.predictions.jsonl"",""results/benchmarks/iid_latent_capacity_change_with_transient_expression_forecasting/public-native-comparator-suite/public-native-histogram-boosted-stumps/seed-383001.evaluation-result.json"",""results/benchmarks/iid_latent_capacity_change_with_transient_expression_forecasting/public-native-comparator-suite/public-native-histogram-boosted-stumps/seed-383001.predictions.jsonl"",""results/benchmarks/iid_latent_capacity_change_with_transient_expression_forecasting/public-native-comparator-suite/public-native-histogram-boosted-stumps/seed-383002.evaluation-result.json"",""results/benchmarks/iid_latent_capacity_change_with_transient_expression_forecasting/public-native-comparator-suite/public-native-histogram-boosted-stumps/seed-383002.predictions.jsonl"",""results/benchmarks/iid_latent_capacity_change_with_transient_expression_forecasting/public-native-comparator-suite/public-native-histogram-boosted-stumps/seed-383003.evaluation-result.json"",""results/benchmarks/iid_latent_capacity_change_with_transient_expression_forecasting/public-native-comparator-suite/public-native-histogram-boosted-stumps/seed-383003.predictions.jsonl"",""results/benchmarks/iid_latent_capacity_change_with_transient_expression_forecasting/public-native-comparator-suite/public-native-mechanistic-midpoint/seed-383001.evaluation-result.json"",""results/benchmarks/iid_latent_capacity_change_with_transient_expression_forecasting/public-native-comparator-suite/public-native-mechanistic-midpoint/seed-383001.predictions.jsonl"",""results/benchmarks/iid_latent_capacity_change_with_transient_expression_forecasting/public-native-comparator-suite/public-native-mechanistic-midpoint/seed-383002.evaluation-result.json"",""results/benchmarks/iid_latent_capacity_change_with_transient_expression_forecasting/public-native-comparator-suite/public-native-mechanistic-midpoint/seed-383002.predictions.jsonl"",""results/benchmarks/iid_latent_capacity_change_with_transient_expression_forecasting/public-native-comparator-suite/public-native-mechanistic-midpoint/seed-383003.evaluation-result.json"",""results/benchmarks/iid_latent_capacity_change_with_transient_expression_forecasting/public-native-comparator-suite/public-native-mechanistic-midpoint/seed-383003.predictions.jsonl"",""results/benchmarks/iid_latent_capacity_change_with_transient_expression_forecasting/public-native-comparator-suite/public-native-mechanistic-ridge-residual/seed-383001.evaluation-result.json"",""results/benchmarks/iid_latent_capacity_change_with_transient_expression_forecasting/public-native-comparator-suite/public-native-mechanistic-ridge-residual/seed-383001.predictions.jsonl"",""results/benchmarks/iid_latent_capacity_change_with_transient_expression_forecasting/public-native-comparator-suite/public-native-mechanistic-ridge-residual/seed-383002.evaluation-result.json"",""results/benchmarks/iid_latent_capacity_change_with_transient_expression_forecasting/public-native-comparator-suite/public-native-mechanistic-ridge-residual/seed-383002.predictions.jsonl"",""results/benchmarks/iid_latent_capacity_change_with_transient_expression_forecasting/public-native-comparator-suite/public-native-mechanistic-ridge-residual/seed-383003.evaluation-result.json"",""results/benchmarks/iid_latent_capacity_change_with_transient_expression_forecasting/public-native-comparator-suite/public-native-mechanistic-ridge-residual/seed-383003.predictions.jsonl"",""results/benchmarks/iid_latent_capacity_change_with_transient_expression_forecasting/public-native-comparator-suite/public-native-ridge/seed-383001.evaluation-result.json"",""results/benchmarks/iid_latent_capacity_change_with_transient_expression_forecasting/public-native-comparator-suite/public-native-ridge/seed-383001.predictions.jsonl"",""results/benchmarks/iid_latent_capacity_change_with_transient_expression_forecasting/public-native-comparator-suite/public-native-ridge/seed-383002.evaluation-result.json"",""results/benchmarks/iid_latent_capacity_change_with_transient_expression_forecasting/public-native-comparator-suite/public-native-ridge/seed-383002.predictions.jsonl"",""results/benchmarks/iid_latent_capacity_change_with_transient_expression_forecasting/public-native-comparator-suite/public-native-ridge/seed-383003.evaluation-result.json"",""results/benchmarks/iid_latent_capacity_change_with_transient_expression_forecasting/public-native-comparator-suite/public-native-ridge/seed-383003.predictions.jsonl"",""results/benchmarks/iid_latent_capacity_change_with_transient_expression_forecasting/public-native-comparator-suite/training-seal.json"",""results/benchmarks/iid_latent_capacity_change_with_transient_expression_forecasting/public-native-temporal-expert/ensemble.evaluation-result.json"",""results/benchmarks/iid_latent_capacity_change_with_transient_expression_forecasting/public-native-temporal-expert/ensemble.predictions.jsonl"",""results/benchmarks/iid_latent_capacity_change_with_transient_expression_forecasting/public-native-temporal-expert/seed-383001.evaluation-result.json"",""results/benchmarks/iid_latent_capacity_change_with_transient_expression_forecasting/public-native-temporal-expert/seed-383001.predictions.jsonl"",""results/benchmarks/iid_latent_capacity_change_with_transient_expression_forecasting/public-native-temporal-expert/seed-383002.evaluation-result.json"",""results/benchmarks/iid_latent_capacity_change_with_transient_expression_forecasting/public-native-temporal-expert/seed-383002.predictions.jsonl"",""results/benchmarks/iid_latent_capacity_change_with_transient_expression_forecasting/public-native-temporal-expert/seed-383003.evaluation-result.json"",""results/benchmarks/iid_latent_capacity_change_with_transient_expression_forecasting/public-native-temporal-expert/seed-383003.predictions.jsonl"",""results/manifests/public-native-comparator-suite-checksums.json"",""results/manifests/public-native-comparator-suite.json"",""results/manifests/public-native-temporal-expert-source-inventory.json"",""results/manifests/public-native-temporal-expert-verification-receipt.json"",""results/manifests/public-native-temporal-expert.json"",""results/tables/public-native-comparator-frontier.csv"",""data/synthetic/latent_capacity_change_with_transient_expression_forecasting/iid-production/train.jsonl"",""data/synthetic/latent_capacity_change_with_transient_expression_forecasting/iid-production/validation.jsonl"",""src/powerlifting_state_research/benchmarks/latent_capacity_change_with_transient_expression_forecasting/dynamics.py"",""src/powerlifting_state_research/benchmarks/latent_capacity_change_with_transient_expression_forecasting/population.py"",""src/powerlifting_state_research/benchmarks/latent_capacity_change_with_transient_expression_forecasting/interventions.py"",""src/powerlifting_state_research/benchmarks/latent_capacity_change_with_transient_expression_forecasting/observations.py"",""src/powerlifting_state_research/benchmarks/latent_capacity_change_with_transient_expression_forecasting/dataset.py"",""src/powerlifting_state_research/contracts/serialization.py""]",[],"[""This is a public artifact-lineage and replay-identity check; it does not establish participant-only recovery of latent states or causal mechanisms."",""Historical private data, checkpoints, and proprietary implementations were not imported.""]",results/audits/res-278/audit-results.json
RES-278,iid_latent_capacity_change_with_transient_expression_forecasting@1.0.0,shortcut_feature_dependence@1.0.0,leakage_shortcut_susceptibility,NOT_RUN,,psr:audit-result:iid_latent_capacity_change_with_transient_expression_forecasting-shortcut_feature_dependence@1.0.0~50d51a097c07,sha256:50d51a097c07e3883eb3ea313c087f34793e62f89ea5579807fd0989addd7300,,"No suspect feature was pre-identified before inspecting audit outcomes, as required by this contract.",{},"[""docs/benchmarks/iid-latent-capacity-change-public-native-evaluation.md"",""artifacts/schemas/prediction-contract.schema.json"",""results/manifests/public-native-comparator-suite.json"",""artifacts/model-cards/public-native-comparator-suite.md""]",[],[],results/audits/res-278/audit-results.json
RES-278,iid_latent_capacity_change_with_transient_expression_forecasting@1.0.0,sparse_missing_history_sensitivity@1.0.0,out_of_distribution_robustness,UNSUPPORTED_BY_EVIDENCE,,psr:audit-result:iid_latent_capacity_change_with_transient_expression_forecasting-sparse_missing_history_sensitivity@1.0.0~bfccf4e42e92,sha256:bfccf4e42e9235d2b247526b705dc1dd10d185df7643683a19f9505d9adef609,,The native schema requires 32 complete weekly observations and the existing comparator input adapter has no missing-history mask; no missingness law is declared.,{},"[""artifacts/schemas/public-forecast-row.schema.json"",""src/powerlifting_state_research/models/temporal_expert.py"",""artifacts/model-cards/public-native-comparator-suite.md"",""data/manifests/realizations/latent_capacity_change_with_transient_expression_forecasting/iid-production.json""]","[""A versioned missing-history representation and admissible mask/cadence protocol.""]",[],results/audits/res-278/audit-results.json
RES-278,iid_latent_capacity_change_with_transient_expression_forecasting@1.0.0,target_identity_contamination@1.0.0,leakage_shortcut_susceptibility,PASS,res278-target_identity_contamination-8d2c57da28bd,psr:audit-result:iid_latent_capacity_change_with_transient_expression_forecasting-target_identity_contamination@1.0.0~4c8de26c5f8f,sha256:4c8de26c5f8faaa6888b9ce2fbeb4a67e35fcdcbafb46783e387dfd752cc5a5f,c918e96e901fedb72c855a2bc7658574f5cfd43a,A target canary was injected into copied target values and all 18 sealed comparator instances were re-run.,"{""audit_row_count"":96,""fitted_comparator_instance_count"":18,""maximum_absolute_prediction_delta"":0.0,""target_canary_prediction_mismatch_count"":0}","[""artifacts/registries/public-native-comparator-registry.json"",""artifacts/training-protocols/public-native-comparator-suite.json"",""data/manifests/realizations/latent_capacity_change_with_transient_expression_forecasting/iid-production.json"",""models/checkpoint-manifests/public-native-temporal-expert/checkpoint-publication.json"",""models/checkpoint-manifests/public-native-temporal-expert/ensemble-manifest.json"",""models/checkpoint-manifests/public-native-temporal-expert/seed-383001.checkpoint-manifest.json"",""models/checkpoint-manifests/public-native-temporal-expert/seed-383001.fitted-instance.json"",""models/checkpoint-manifests/public-native-temporal-expert/seed-383002.checkpoint-manifest.json"",""models/checkpoint-manifests/public-native-temporal-expert/seed-383002.fitted-instance.json"",""models/checkpoint-manifests/public-native-temporal-expert/seed-383003.checkpoint-manifest.json"",""models/checkpoint-manifests/public-native-temporal-expert/seed-383003.fitted-instance.json"",""models/fitted-instances/public-native-comparator-suite/public-native-compact-neural/seed-383001.fitted-instance.json"",""models/fitted-instances/public-native-comparator-suite/public-native-compact-neural/seed-383002.fitted-instance.json"",""models/fitted-instances/public-native-comparator-suite/public-native-compact-neural/seed-383003.fitted-instance.json"",""models/fitted-instances/public-native-comparator-suite/public-native-context-mean/seed-383001.fitted-instance.json"",""models/fitted-instances/public-native-comparator-suite/public-native-context-mean/seed-383002.fitted-instance.json"",""models/fitted-instances/public-native-comparator-suite/public-native-context-mean/seed-383003.fitted-instance.json"",""models/fitted-instances/public-native-comparator-suite/public-native-histogram-boosted-stumps/seed-383001.fitted-instance.json"",""models/fitted-instances/public-native-comparator-suite/public-native-histogram-boosted-stumps/seed-383002.fitted-instance.json"",""models/fitted-instances/public-native-comparator-suite/public-native-histogram-boosted-stumps/seed-383003.fitted-instance.json"",""models/fitted-instances/public-native-comparator-suite/public-native-mechanistic-midpoint/seed-383001.fitted-instance.json"",""models/fitted-instances/public-native-comparator-suite/public-native-mechanistic-midpoint/seed-383002.fitted-instance.json"",""models/fitted-instances/public-native-comparator-suite/public-native-mechanistic-midpoint/seed-383003.fitted-instance.json"",""models/fitted-instances/public-native-comparator-suite/public-native-mechanistic-ridge-residual/seed-383001.fitted-instance.json"",""models/fitted-instances/public-native-comparator-suite/public-native-mechanistic-ridge-residual/seed-383002.fitted-instance.json"",""models/fitted-instances/public-native-comparator-suite/public-native-mechanistic-ridge-residual/seed-383003.fitted-instance.json"",""models/fitted-instances/public-native-comparator-suite/public-native-ridge/seed-383001.fitted-instance.json"",""models/fitted-instances/public-native-comparator-suite/public-native-ridge/seed-383002.fitted-instance.json"",""models/fitted-instances/public-native-comparator-suite/public-native-ridge/seed-383003.fitted-instance.json"",""results/benchmarks/iid_latent_capacity_change_with_transient_expression_forecasting/public-native-comparator-suite/internal-selection-split.json"",""results/benchmarks/iid_latent_capacity_change_with_transient_expression_forecasting/public-native-comparator-suite/public-native-compact-neural/seed-383001.evaluation-result.json"",""results/benchmarks/iid_latent_capacity_change_with_transient_expression_forecasting/public-native-comparator-suite/public-native-compact-neural/seed-383001.predictions.jsonl"",""results/benchmarks/iid_latent_capacity_change_with_transient_expression_forecasting/public-native-comparator-suite/public-native-compact-neural/seed-383002.evaluation-result.json"",""results/benchmarks/iid_latent_capacity_change_with_transient_expression_forecasting/public-native-comparator-suite/public-native-compact-neural/seed-383002.predictions.jsonl"",""results/benchmarks/iid_latent_capacity_change_with_transient_expression_forecasting/public-native-comparator-suite/public-native-compact-neural/seed-383003.evaluation-result.json"",""results/benchmarks/iid_latent_capacity_change_with_transient_expression_forecasting/public-native-comparator-suite/public-native-compact-neural/seed-383003.predictions.jsonl"",""results/benchmarks/iid_latent_capacity_change_with_transient_expression_forecasting/public-native-comparator-suite/public-native-context-mean/seed-383001.evaluation-result.json"",""results/benchmarks/iid_latent_capacity_change_with_transient_expression_forecasting/public-native-comparator-suite/public-native-context-mean/seed-383001.predictions.jsonl"",""results/benchmarks/iid_latent_capacity_change_with_transient_expression_forecasting/public-native-comparator-suite/public-native-context-mean/seed-383002.evaluation-result.json"",""results/benchmarks/iid_latent_capacity_change_with_transient_expression_forecasting/public-native-comparator-suite/public-native-context-mean/seed-383002.predictions.jsonl"",""results/benchmarks/iid_latent_capacity_change_with_transient_expression_forecasting/public-native-comparator-suite/public-native-context-mean/seed-383003.evaluation-result.json"",""results/benchmarks/iid_latent_capacity_change_with_transient_expression_forecasting/public-native-comparator-suite/public-native-context-mean/seed-383003.predictions.jsonl"",""results/benchmarks/iid_latent_capacity_change_with_transient_expression_forecasting/public-native-comparator-suite/public-native-histogram-boosted-stumps/seed-383001.evaluation-result.json"",""results/benchmarks/iid_latent_capacity_change_with_transient_expression_forecasting/public-native-comparator-suite/public-native-histogram-boosted-stumps/seed-383001.predictions.jsonl"",""results/benchmarks/iid_latent_capacity_change_with_transient_expression_forecasting/public-native-comparator-suite/public-native-histogram-boosted-stumps/seed-383002.evaluation-result.json"",""results/benchmarks/iid_latent_capacity_change_with_transient_expression_forecasting/public-native-comparator-suite/public-native-histogram-boosted-stumps/seed-383002.predictions.jsonl"",""results/benchmarks/iid_latent_capacity_change_with_transient_expression_forecasting/public-native-comparator-suite/public-native-histogram-boosted-stumps/seed-383003.evaluation-result.json"",""results/benchmarks/iid_latent_capacity_change_with_transient_expression_forecasting/public-native-comparator-suite/public-native-histogram-boosted-stumps/seed-383003.predictions.jsonl"",""results/benchmarks/iid_latent_capacity_change_with_transient_expression_forecasting/public-native-comparator-suite/public-native-mechanistic-midpoint/seed-383001.evaluation-result.json"",""results/benchmarks/iid_latent_capacity_change_with_transient_expression_forecasting/public-native-comparator-suite/public-native-mechanistic-midpoint/seed-383001.predictions.jsonl"",""results/benchmarks/iid_latent_capacity_change_with_transient_expression_forecasting/public-native-comparator-suite/public-native-mechanistic-midpoint/seed-383002.evaluation-result.json"",""results/benchmarks/iid_latent_capacity_change_with_transient_expression_forecasting/public-native-comparator-suite/public-native-mechanistic-midpoint/seed-383002.predictions.jsonl"",""results/benchmarks/iid_latent_capacity_change_with_transient_expression_forecasting/public-native-comparator-suite/public-native-mechanistic-midpoint/seed-383003.evaluation-result.json"",""results/benchmarks/iid_latent_capacity_change_with_transient_expression_forecasting/public-native-comparator-suite/public-native-mechanistic-midpoint/seed-383003.predictions.jsonl"",""results/benchmarks/iid_latent_capacity_change_with_transient_expression_forecasting/public-native-comparator-suite/public-native-mechanistic-ridge-residual/seed-383001.evaluation-result.json"",""results/benchmarks/iid_latent_capacity_change_with_transient_expression_forecasting/public-native-comparator-suite/public-native-mechanistic-ridge-residual/seed-383001.predictions.jsonl"",""results/benchmarks/iid_latent_capacity_change_with_transient_expression_forecasting/public-native-comparator-suite/public-native-mechanistic-ridge-residual/seed-383002.evaluation-result.json"",""results/benchmarks/iid_latent_capacity_change_with_transient_expression_forecasting/public-native-comparator-suite/public-native-mechanistic-ridge-residual/seed-383002.predictions.jsonl"",""results/benchmarks/iid_latent_capacity_change_with_transient_expression_forecasting/public-native-comparator-suite/public-native-mechanistic-ridge-residual/seed-383003.evaluation-result.json"",""results/benchmarks/iid_latent_capacity_change_with_transient_expression_forecasting/public-native-comparator-suite/public-native-mechanistic-ridge-residual/seed-383003.predictions.jsonl"",""results/benchmarks/iid_latent_capacity_change_with_transient_expression_forecasting/public-native-comparator-suite/public-native-ridge/seed-383001.evaluation-result.json"",""results/benchmarks/iid_latent_capacity_change_with_transient_expression_forecasting/public-native-comparator-suite/public-native-ridge/seed-383001.predictions.jsonl"",""results/benchmarks/iid_latent_capacity_change_with_transient_expression_forecasting/public-native-comparator-suite/public-native-ridge/seed-383002.evaluation-result.json"",""results/benchmarks/iid_latent_capacity_change_with_transient_expression_forecasting/public-native-comparator-suite/public-native-ridge/seed-383002.predictions.jsonl"",""results/benchmarks/iid_latent_capacity_change_with_transient_expression_forecasting/public-native-comparator-suite/public-native-ridge/seed-383003.evaluation-result.json"",""results/benchmarks/iid_latent_capacity_change_with_transient_expression_forecasting/public-native-comparator-suite/public-native-ridge/seed-383003.predictions.jsonl"",""results/benchmarks/iid_latent_capacity_change_with_transient_expression_forecasting/public-native-comparator-suite/training-seal.json"",""results/benchmarks/iid_latent_capacity_change_with_transient_expression_forecasting/public-native-temporal-expert/ensemble.evaluation-result.json"",""results/benchmarks/iid_latent_capacity_change_with_transient_expression_forecasting/public-native-temporal-expert/ensemble.predictions.jsonl"",""results/benchmarks/iid_latent_capacity_change_with_transient_expression_forecasting/public-native-temporal-expert/seed-383001.evaluation-result.json"",""results/benchmarks/iid_latent_capacity_change_with_transient_expression_forecasting/public-native-temporal-expert/seed-383001.predictions.jsonl"",""results/benchmarks/iid_latent_capacity_change_with_transient_expression_forecasting/public-native-temporal-expert/seed-383002.evaluation-result.json"",""results/benchmarks/iid_latent_capacity_change_with_transient_expression_forecasting/public-native-temporal-expert/seed-383002.predictions.jsonl"",""results/benchmarks/iid_latent_capacity_change_with_transient_expression_forecasting/public-native-temporal-expert/seed-383003.evaluation-result.json"",""results/benchmarks/iid_latent_capacity_change_with_transient_expression_forecasting/public-native-temporal-expert/seed-383003.predictions.jsonl"",""results/manifests/public-native-comparator-suite-checksums.json"",""results/manifests/public-native-comparator-suite.json"",""results/manifests/public-native-temporal-expert-source-inventory.json"",""results/manifests/public-native-temporal-expert-verification-receipt.json"",""results/manifests/public-native-temporal-expert.json"",""results/tables/public-native-comparator-frontier.csv"",""results/audits/res278/realizations/res278-target-identity-contamination-seed-278102/baseline.jsonl"",""results/audits/res278/realizations/res278-target-identity-contamination-seed-278102/target-canary.jsonl"",""results/audits/res278/realizations/res278-target-identity-contamination-seed-278102/manifest.json""]",[],"[""This verifies the repository inference adapter boundary; it does not establish leakage absence in external code.""]",results/audits/res-278/audit-results.json
RES-278,iid_latent_capacity_change_with_transient_expression_forecasting@1.0.0,temporal_history_disruption@1.0.0,leakage_shortcut_susceptibility,INCONCLUSIVE,res278-temporal_history_disruption-d4e3df1b6eed,psr:audit-result:iid_latent_capacity_change_with_transient_expression_forecasting-temporal_history_disruption@1.0.0~f11fdb14e311,sha256:f11fdb14e3113813f23c3f77ee08df4a09882fbf230729847c565ce9767e4311,c918e96e901fedb72c855a2bc7658574f5cfd43a,Weekly history values were reversed across the fixed day slots and predictions were recomputed.,"{""audit_row_count"":96,""fitted_comparator_instance_count"":18,""max_abs_prediction_delta::reversed-history::compact_neural::383001"":7.239851774987235,""max_abs_prediction_delta::reversed-history::compact_neural::383002"":8.629238425973831,""max_abs_prediction_delta::reversed-history::compact_neural::383003"":10.26976726456079,""max_abs_prediction_delta::reversed-history::context_mean::383001"":0.0,""max_abs_prediction_delta::reversed-history::context_mean::383002"":0.0,""max_abs_prediction_delta::reversed-history::context_mean::383003"":0.0,""max_abs_prediction_delta::reversed-history::histogram_boosted_stumps::383001"":0.0,""max_abs_prediction_delta::reversed-history::histogram_boosted_stumps::383002"":0.0,""max_abs_prediction_delta::reversed-history::histogram_boosted_stumps::383003"":0.0,""max_abs_prediction_delta::reversed-history::mechanistic_midpoint::383001"":3.6130830856868315,""max_abs_prediction_delta::reversed-history::mechanistic_midpoint::383002"":3.6130830856868315,""max_abs_prediction_delta::reversed-history::mechanistic_midpoint::383003"":3.6130830856868315,""max_abs_prediction_delta::reversed-history::mechanistic_ridge_residual::383001"":3.808200440519256,""max_abs_prediction_delta::reversed-history::mechanistic_ridge_residual::383002"":3.808200440519256,""max_abs_prediction_delta::reversed-history::mechanistic_ridge_residual::383003"":3.808200440519256,""max_abs_prediction_delta::reversed-history::ridge::383001"":2.8786090541983604,""max_abs_prediction_delta::reversed-history::ridge::383002"":2.8786090541983604,""max_abs_prediction_delta::reversed-history::ridge::383003"":2.8786090541983604,""rmse_delta::reversed-history::compact_neural::383001::bench_press_delta_capacity_kg"":0.4175987562975654,""rmse_delta::reversed-history::compact_neural::383001::deadlift_delta_capacity_kg"":0.2971971039459662,""rmse_delta::reversed-history::compact_neural::383001::squat_delta_capacity_kg"":0.8655390557884015,""rmse_delta::reversed-history::compact_neural::383002::bench_press_delta_capacity_kg"":0.5883514823263547,""rmse_delta::reversed-history::compact_neural::383002::deadlift_delta_capacity_kg"":0.7458506759625347,""rmse_delta::reversed-history::compact_neural::383002::squat_delta_capacity_kg"":1.0493231828581764,""rmse_delta::reversed-history::compact_neural::383003::bench_press_delta_capacity_kg"":0.47697445563063035,""rmse_delta::reversed-history::compact_neural::383003::deadlift_delta_capacity_kg"":0.6720574491412394,""rmse_delta::reversed-history::compact_neural::383003::squat_delta_capacity_kg"":0.9050571047264517,""rmse_delta::reversed-history::context_mean::383001::bench_press_delta_capacity_kg"":0.0,""rmse_delta::reversed-history::context_mean::383001::deadlift_delta_capacity_kg"":0.0,""rmse_delta::reversed-history::context_mean::383001::squat_delta_capacity_kg"":0.0,""rmse_delta::reversed-history::context_mean::383002::bench_press_delta_capacity_kg"":0.0,""rmse_delta::reversed-history::context_mean::383002::deadlift_delta_capacity_kg"":0.0,""rmse_delta::reversed-history::context_mean::383002::squat_delta_capacity_kg"":0.0,""rmse_delta::reversed-history::context_mean::383003::bench_press_delta_capacity_kg"":0.0,""rmse_delta::reversed-history::context_mean::383003::deadlift_delta_capacity_kg"":0.0,""rmse_delta::reversed-history::context_mean::383003::squat_delta_capacity_kg"":0.0,""rmse_delta::reversed-history::histogram_boosted_stumps::383001::bench_press_delta_capacity_kg"":0.0,""rmse_delta::reversed-history::histogram_boosted_stumps::383001::deadlift_delta_capacity_kg"":0.0,""rmse_delta::reversed-history::histogram_boosted_stumps::383001::squat_delta_capacity_kg"":0.0,""rmse_delta::reversed-history::histogram_boosted_stumps::383002::bench_press_delta_capacity_kg"":0.0,""rmse_delta::reversed-history::histogram_boosted_stumps::383002::deadlift_delta_capacity_kg"":0.0,""rmse_delta::reversed-history::histogram_boosted_stumps::383002::squat_delta_capacity_kg"":0.0,""rmse_delta::reversed-history::histogram_boosted_stumps::383003::bench_press_delta_capacity_kg"":0.0,""rmse_delta::reversed-history::histogram_boosted_stumps::383003::deadlift_delta_capacity_kg"":0.0,""rmse_delta::reversed-history::histogram_boosted_stumps::383003::squat_delta_capacity_kg"":0.0,""rmse_delta::reversed-history::mechanistic_midpoint::383001::bench_press_delta_capacity_kg"":-0.04716198176436359,""rmse_delta::reversed-history::mechanistic_midpoint::383001::deadlift_delta_capacity_kg"":0.05775710180149218,""rmse_delta::reversed-history::mechanistic_midpoint::383001::squat_delta_capacity_kg"":-0.06430073413538384,""rmse_delta::reversed-history::mechanistic_midpoint::383002::bench_press_delta_capacity_kg"":-0.04716198176436359,""rmse_delta::reversed-history::mechanistic_midpoint::383002::deadlift_delta_capacity_kg"":0.05775710180149218,""rmse_delta::reversed-history::mechanistic_midpoint::383002::squat_delta_capacity_kg"":-0.06430073413538384,""rmse_delta::reversed-history::mechanistic_midpoint::383003::bench_press_delta_capacity_kg"":-0.04716198176436359,""rmse_delta::reversed-history::mechanistic_midpoint::383003::deadlift_delta_capacity_kg"":0.05775710180149218,""rmse_delta::reversed-history::mechanistic_midpoint::383003::squat_delta_capacity_kg"":-0.06430073413538384,""rmse_delta::reversed-history::mechanistic_ridge_residual::383001::bench_press_delta_capacity_kg"":-0.04206099858833401,""rmse_delta::reversed-history::mechanistic_ridge_residual::383001::deadlift_delta_capacity_kg"":0.06729609757113675,""rmse_delta::reversed-history::mechanistic_ridge_residual::383001::squat_delta_capacity_kg"":-0.08042198168653147,""rmse_delta::reversed-history::mechanistic_ridge_residual::383002::bench_press_delta_capacity_kg"":-0.04206099858833401,""rmse_delta::reversed-history::mechanistic_ridge_residual::383002::deadlift_delta_capacity_kg"":0.06729609757113675,""rmse_delta::reversed-history::mechanistic_ridge_residual::383002::squat_delta_capacity_kg"":-0.08042198168653147,""rmse_delta::reversed-history::mechanistic_ridge_residual::383003::bench_press_delta_capacity_kg"":-0.04206099858833401,""rmse_delta::reversed-history::mechanistic_ridge_residual::383003::deadlift_delta_capacity_kg"":0.06729609757113675,""rmse_delta::reversed-history::mechanistic_ridge_residual::383003::squat_delta_capacity_kg"":-0.08042198168653147,""rmse_delta::reversed-history::ridge::383001::bench_press_delta_capacity_kg"":-0.02983177601054976,""rmse_delta::reversed-history::ridge::383001::deadlift_delta_capacity_kg"":0.003759637919735326,""rmse_delta::reversed-history::ridge::383001::squat_delta_capacity_kg"":0.0007852948831024165,""rmse_delta::reversed-history::ridge::383002::bench_press_delta_capacity_kg"":-0.02983177601054976,""rmse_delta::reversed-history::ridge::383002::deadlift_delta_capacity_kg"":0.003759637919735326,""rmse_delta::reversed-history::ridge::383002::squat_delta_capacity_kg"":0.0007852948831024165,""rmse_delta::reversed-history::ridge::383003::bench_press_delta_capacity_kg"":-0.02983177601054976,""rmse_delta::reversed-history::ridge::383003::deadlift_delta_capacity_kg"":0.003759637919735326,""rmse_delta::reversed-history::ridge::383003::squat_delta_capacity_kg"":0.0007852948831024165}","[""artifacts/registries/public-native-comparator-registry.json"",""artifacts/training-protocols/public-native-comparator-suite.json"",""data/manifests/realizations/latent_capacity_change_with_transient_expression_forecasting/iid-production.json"",""models/checkpoint-manifests/public-native-temporal-expert/checkpoint-publication.json"",""models/checkpoint-manifests/public-native-temporal-expert/ensemble-manifest.json"",""models/checkpoint-manifests/public-native-temporal-expert/seed-383001.checkpoint-manifest.json"",""models/checkpoint-manifests/public-native-temporal-expert/seed-383001.fitted-instance.json"",""models/checkpoint-manifests/public-native-temporal-expert/seed-383002.checkpoint-manifest.json"",""models/checkpoint-manifests/public-native-temporal-expert/seed-383002.fitted-instance.json"",""models/checkpoint-manifests/public-native-temporal-expert/seed-383003.checkpoint-manifest.json"",""models/checkpoint-manifests/public-native-temporal-expert/seed-383003.fitted-instance.json"",""models/fitted-instances/public-native-comparator-suite/public-native-compact-neural/seed-383001.fitted-instance.json"",""models/fitted-instances/public-native-comparator-suite/public-native-compact-neural/seed-383002.fitted-instance.json"",""models/fitted-instances/public-native-comparator-suite/public-native-compact-neural/seed-383003.fitted-instance.json"",""models/fitted-instances/public-native-comparator-suite/public-native-context-mean/seed-383001.fitted-instance.json"",""models/fitted-instances/public-native-comparator-suite/public-native-context-mean/seed-383002.fitted-instance.json"",""models/fitted-instances/public-native-comparator-suite/public-native-context-mean/seed-383003.fitted-instance.json"",""models/fitted-instances/public-native-comparator-suite/public-native-histogram-boosted-stumps/seed-383001.fitted-instance.json"",""models/fitted-instances/public-native-comparator-suite/public-native-histogram-boosted-stumps/seed-383002.fitted-instance.json"",""models/fitted-instances/public-native-comparator-suite/public-native-histogram-boosted-stumps/seed-383003.fitted-instance.json"",""models/fitted-instances/public-native-comparator-suite/public-native-mechanistic-midpoint/seed-383001.fitted-instance.json"",""models/fitted-instances/public-native-comparator-suite/public-native-mechanistic-midpoint/seed-383002.fitted-instance.json"",""models/fitted-instances/public-native-comparator-suite/public-native-mechanistic-midpoint/seed-383003.fitted-instance.json"",""models/fitted-instances/public-native-comparator-suite/public-native-mechanistic-ridge-residual/seed-383001.fitted-instance.json"",""models/fitted-instances/public-native-comparator-suite/public-native-mechanistic-ridge-residual/seed-383002.fitted-instance.json"",""models/fitted-instances/public-native-comparator-suite/public-native-mechanistic-ridge-residual/seed-383003.fitted-instance.json"",""models/fitted-instances/public-native-comparator-suite/public-native-ridge/seed-383001.fitted-instance.json"",""models/fitted-instances/public-native-comparator-suite/public-native-ridge/seed-383002.fitted-instance.json"",""models/fitted-instances/public-native-comparator-suite/public-native-ridge/seed-383003.fitted-instance.json"",""results/benchmarks/iid_latent_capacity_change_with_transient_expression_forecasting/public-native-comparator-suite/internal-selection-split.json"",""results/benchmarks/iid_latent_capacity_change_with_transient_expression_forecasting/public-native-comparator-suite/public-native-compact-neural/seed-383001.evaluation-result.json"",""results/benchmarks/iid_latent_capacity_change_with_transient_expression_forecasting/public-native-comparator-suite/public-native-compact-neural/seed-383001.predictions.jsonl"",""results/benchmarks/iid_latent_capacity_change_with_transient_expression_forecasting/public-native-comparator-suite/public-native-compact-neural/seed-383002.evaluation-result.json"",""results/benchmarks/iid_latent_capacity_change_with_transient_expression_forecasting/public-native-comparator-suite/public-native-compact-neural/seed-383002.predictions.jsonl"",""results/benchmarks/iid_latent_capacity_change_with_transient_expression_forecasting/public-native-comparator-suite/public-native-compact-neural/seed-383003.evaluation-result.json"",""results/benchmarks/iid_latent_capacity_change_with_transient_expression_forecasting/public-native-comparator-suite/public-native-compact-neural/seed-383003.predictions.jsonl"",""results/benchmarks/iid_latent_capacity_change_with_transient_expression_forecasting/public-native-comparator-suite/public-native-context-mean/seed-383001.evaluation-result.json"",""results/benchmarks/iid_latent_capacity_change_with_transient_expression_forecasting/public-native-comparator-suite/public-native-context-mean/seed-383001.predictions.jsonl"",""results/benchmarks/iid_latent_capacity_change_with_transient_expression_forecasting/public-native-comparator-suite/public-native-context-mean/seed-383002.evaluation-result.json"",""results/benchmarks/iid_latent_capacity_change_with_transient_expression_forecasting/public-native-comparator-suite/public-native-context-mean/seed-383002.predictions.jsonl"",""results/benchmarks/iid_latent_capacity_change_with_transient_expression_forecasting/public-native-comparator-suite/public-native-context-mean/seed-383003.evaluation-result.json"",""results/benchmarks/iid_latent_capacity_change_with_transient_expression_forecasting/public-native-comparator-suite/public-native-context-mean/seed-383003.predictions.jsonl"",""results/benchmarks/iid_latent_capacity_change_with_transient_expression_forecasting/public-native-comparator-suite/public-native-histogram-boosted-stumps/seed-383001.evaluation-result.json"",""results/benchmarks/iid_latent_capacity_change_with_transient_expression_forecasting/public-native-comparator-suite/public-native-histogram-boosted-stumps/seed-383001.predictions.jsonl"",""results/benchmarks/iid_latent_capacity_change_with_transient_expression_forecasting/public-native-comparator-suite/public-native-histogram-boosted-stumps/seed-383002.evaluation-result.json"",""results/benchmarks/iid_latent_capacity_change_with_transient_expression_forecasting/public-native-comparator-suite/public-native-histogram-boosted-stumps/seed-383002.predictions.jsonl"",""results/benchmarks/iid_latent_capacity_change_with_transient_expression_forecasting/public-native-comparator-suite/public-native-histogram-boosted-stumps/seed-383003.evaluation-result.json"",""results/benchmarks/iid_latent_capacity_change_with_transient_expression_forecasting/public-native-comparator-suite/public-native-histogram-boosted-stumps/seed-383003.predictions.jsonl"",""results/benchmarks/iid_latent_capacity_change_with_transient_expression_forecasting/public-native-comparator-suite/public-native-mechanistic-midpoint/seed-383001.evaluation-result.json"",""results/benchmarks/iid_latent_capacity_change_with_transient_expression_forecasting/public-native-comparator-suite/public-native-mechanistic-midpoint/seed-383001.predictions.jsonl"",""results/benchmarks/iid_latent_capacity_change_with_transient_expression_forecasting/public-native-comparator-suite/public-native-mechanistic-midpoint/seed-383002.evaluation-result.json"",""results/benchmarks/iid_latent_capacity_change_with_transient_expression_forecasting/public-native-comparator-suite/public-native-mechanistic-midpoint/seed-383002.predictions.jsonl"",""results/benchmarks/iid_latent_capacity_change_with_transient_expression_forecasting/public-native-comparator-suite/public-native-mechanistic-midpoint/seed-383003.evaluation-result.json"",""results/benchmarks/iid_latent_capacity_change_with_transient_expression_forecasting/public-native-comparator-suite/public-native-mechanistic-midpoint/seed-383003.predictions.jsonl"",""results/benchmarks/iid_latent_capacity_change_with_transient_expression_forecasting/public-native-comparator-suite/public-native-mechanistic-ridge-residual/seed-383001.evaluation-result.json"",""results/benchmarks/iid_latent_capacity_change_with_transient_expression_forecasting/public-native-comparator-suite/public-native-mechanistic-ridge-residual/seed-383001.predictions.jsonl"",""results/benchmarks/iid_latent_capacity_change_with_transient_expression_forecasting/public-native-comparator-suite/public-native-mechanistic-ridge-residual/seed-383002.evaluation-result.json"",""results/benchmarks/iid_latent_capacity_change_with_transient_expression_forecasting/public-native-comparator-suite/public-native-mechanistic-ridge-residual/seed-383002.predictions.jsonl"",""results/benchmarks/iid_latent_capacity_change_with_transient_expression_forecasting/public-native-comparator-suite/public-native-mechanistic-ridge-residual/seed-383003.evaluation-result.json"",""results/benchmarks/iid_latent_capacity_change_with_transient_expression_forecasting/public-native-comparator-suite/public-native-mechanistic-ridge-residual/seed-383003.predictions.jsonl"",""results/benchmarks/iid_latent_capacity_change_with_transient_expression_forecasting/public-native-comparator-suite/public-native-ridge/seed-383001.evaluation-result.json"",""results/benchmarks/iid_latent_capacity_change_with_transient_expression_forecasting/public-native-comparator-suite/public-native-ridge/seed-383001.predictions.jsonl"",""results/benchmarks/iid_latent_capacity_change_with_transient_expression_forecasting/public-native-comparator-suite/public-native-ridge/seed-383002.evaluation-result.json"",""results/benchmarks/iid_latent_capacity_change_with_transient_expression_forecasting/public-native-comparator-suite/public-native-ridge/seed-383002.predictions.jsonl"",""results/benchmarks/iid_latent_capacity_change_with_transient_expression_forecasting/public-native-comparator-suite/public-native-ridge/seed-383003.evaluation-result.json"",""results/benchmarks/iid_latent_capacity_change_with_transient_expression_forecasting/public-native-comparator-suite/public-native-ridge/seed-383003.predictions.jsonl"",""results/benchmarks/iid_latent_capacity_change_with_transient_expression_forecasting/public-native-comparator-suite/training-seal.json"",""results/benchmarks/iid_latent_capacity_change_with_transient_expression_forecasting/public-native-temporal-expert/ensemble.evaluation-result.json"",""results/benchmarks/iid_latent_capacity_change_with_transient_expression_forecasting/public-native-temporal-expert/ensemble.predictions.jsonl"",""results/benchmarks/iid_latent_capacity_change_with_transient_expression_forecasting/public-native-temporal-expert/seed-383001.evaluation-result.json"",""results/benchmarks/iid_latent_capacity_change_with_transient_expression_forecasting/public-native-temporal-expert/seed-383001.predictions.jsonl"",""results/benchmarks/iid_latent_capacity_change_with_transient_expression_forecasting/public-native-temporal-expert/seed-383002.evaluation-result.json"",""results/benchmarks/iid_latent_capacity_change_with_transient_expression_forecasting/public-native-temporal-expert/seed-383002.predictions.jsonl"",""results/benchmarks/iid_latent_capacity_change_with_transient_expression_forecasting/public-native-temporal-expert/seed-383003.evaluation-result.json"",""results/benchmarks/iid_latent_capacity_change_with_transient_expression_forecasting/public-native-temporal-expert/seed-383003.predictions.jsonl"",""results/manifests/public-native-comparator-suite-checksums.json"",""results/manifests/public-native-comparator-suite.json"",""results/manifests/public-native-temporal-expert-source-inventory.json"",""results/manifests/public-native-temporal-expert-verification-receipt.json"",""results/manifests/public-native-temporal-expert.json"",""results/tables/public-native-comparator-frontier.csv"",""results/audits/res278/realizations/res278-temporal-history-disruption-seed-278103/baseline.jsonl"",""results/audits/res278/realizations/res278-temporal-history-disruption-seed-278103/reversed-history.jsonl"",""results/audits/res278/realizations/res278-temporal-history-disruption-seed-278103/manifest.json""]",[],"[""This is an out-of-support chronology stress diagnostic, not ordinary benchmark performance.""]",results/audits/res-278/audit-results.json
RES-278,iid_latent_capacity_change_with_transient_expression_forecasting@1.0.0,training_plan_counterfactual_sensitivity@1.0.0,out_of_distribution_robustness,INCONCLUSIVE,res278-training_plan_counterfactual_sensitivity-ab560d067060,psr:audit-result:iid_latent_capacity_change_with_transient_expression_forecasting-training_plan_counterfactual_sensitivity@1.0.0~688f99f078ff,sha256:688f99f078ffcd2646495078f7c01611429cf12ff997c04bf1107618a669548b,c918e96e901fedb72c855a2bc7658574f5cfd43a,Each declared plan was swapped to its supported paired alternative and its target was re-simulated under the same athlete parameters and history.,"{""audit_row_count"":96,""fitted_comparator_instance_count"":18,""max_abs_prediction_delta::supported-plan-swap::compact_neural::383001"":34.422618394960594,""max_abs_prediction_delta::supported-plan-swap::compact_neural::383002"":35.127372885028244,""max_abs_prediction_delta::supported-plan-swap::compact_neural::383003"":33.869743738037926,""max_abs_prediction_delta::supported-plan-swap::context_mean::383001"":21.20550223853819,""max_abs_prediction_delta::supported-plan-swap::context_mean::383002"":21.20550223853819,""max_abs_prediction_delta::supported-plan-swap::context_mean::383003"":21.20550223853819,""max_abs_prediction_delta::supported-plan-swap::histogram_boosted_stumps::383001"":12.332192517320795,""max_abs_prediction_delta::supported-plan-swap::histogram_boosted_stumps::383002"":12.332192517320795,""max_abs_prediction_delta::supported-plan-swap::histogram_boosted_stumps::383003"":12.332192517320795,""max_abs_prediction_delta::supported-plan-swap::mechanistic_midpoint::383001"":34.96007001399869,""max_abs_prediction_delta::supported-plan-swap::mechanistic_midpoint::383002"":34.96007001399869,""max_abs_prediction_delta::supported-plan-swap::mechanistic_midpoint::383003"":34.96007001399869,""max_abs_prediction_delta::supported-plan-swap::mechanistic_ridge_residual::383001"":34.536794251307676,""max_abs_prediction_delta::supported-plan-swap::mechanistic_ridge_residual::383002"":34.536794251307676,""max_abs_prediction_delta::supported-plan-swap::mechanistic_ridge_residual::383003"":34.536794251307676,""max_abs_prediction_delta::supported-plan-swap::ridge::383001"":15.024921916538002,""max_abs_prediction_delta::supported-plan-swap::ridge::383002"":15.024921916538002,""max_abs_prediction_delta::supported-plan-swap::ridge::383003"":15.024921916538002,""mean_abs_regenerated_target_delta::bench_press_delta_capacity_kg"":8.446195951671335,""mean_abs_regenerated_target_delta::deadlift_delta_capacity_kg"":11.987974532870277,""mean_abs_regenerated_target_delta::squat_delta_capacity_kg"":10.63575539170501,""rmse_delta::supported-plan-swap::compact_neural::383001::bench_press_delta_capacity_kg"":-0.3691376147204686,""rmse_delta::supported-plan-swap::compact_neural::383001::deadlift_delta_capacity_kg"":0.007401992179026706,""rmse_delta::supported-plan-swap::compact_neural::383001::squat_delta_capacity_kg"":-0.3487373529417708,""rmse_delta::supported-plan-swap::compact_neural::383002::bench_press_delta_capacity_kg"":-0.3369746124605433,""rmse_delta::supported-plan-swap::compact_neural::383002::deadlift_delta_capacity_kg"":-0.08287324116221928,""rmse_delta::supported-plan-swap::compact_neural::383002::squat_delta_capacity_kg"":-0.46597968330334494,""rmse_delta::supported-plan-swap::compact_neural::383003::bench_press_delta_capacity_kg"":-0.3380831469887031,""rmse_delta::supported-plan-swap::compact_neural::383003::deadlift_delta_capacity_kg"":-0.24462477106706704,""rmse_delta::supported-plan-swap::compact_neural::383003::squat_delta_capacity_kg"":0.038145746854850504,""rmse_delta::supported-plan-swap::context_mean::383001::bench_press_delta_capacity_kg"":-0.06772074808906225,""rmse_delta::supported-plan-swap::context_mean::383001::deadlift_delta_capacity_kg"":-0.3648074553578189,""rmse_delta::supported-plan-swap::context_mean::383001::squat_delta_capacity_kg"":-0.9976572778544144,""rmse_delta::supported-plan-swap::context_mean::383002::bench_press_delta_capacity_kg"":-0.06772074808906225,""rmse_delta::supported-plan-swap::context_mean::383002::deadlift_delta_capacity_kg"":-0.3648074553578189,""rmse_delta::supported-plan-swap::context_mean::383002::squat_delta_capacity_kg"":-0.9976572778544144,""rmse_delta::supported-plan-swap::context_mean::383003::bench_press_delta_capacity_kg"":-0.06772074808906225,""rmse_delta::supported-plan-swap::context_mean::383003::deadlift_delta_capacity_kg"":-0.3648074553578189,""rmse_delta::supported-plan-swap::context_mean::383003::squat_delta_capacity_kg"":-0.9976572778544144,""rmse_delta::supported-plan-swap::histogram_boosted_stumps::383001::bench_press_delta_capacity_kg"":-0.01614365536368556,""rmse_delta::supported-plan-swap::histogram_boosted_stumps::383001::deadlift_delta_capacity_kg"":-0.6067516567893918,""rmse_delta::supported-plan-swap::histogram_boosted_stumps::383001::squat_delta_capacity_kg"":-1.198485956174622,""rmse_delta::supported-plan-swap::histogram_boosted_stumps::383002::bench_press_delta_capacity_kg"":-0.01614365536368556,""rmse_delta::supported-plan-swap::histogram_boosted_stumps::383002::deadlift_delta_capacity_kg"":-0.6067516567893918,""rmse_delta::supported-plan-swap::histogram_boosted_stumps::383002::squat_delta_capacity_kg"":-1.198485956174622,""rmse_delta::supported-plan-swap::histogram_boosted_stumps::383003::bench_press_delta_capacity_kg"":-0.01614365536368556,""rmse_delta::supported-plan-swap::histogram_boosted_stumps::383003::deadlift_delta_capacity_kg"":-0.6067516567893918,""rmse_delta::supported-plan-swap::histogram_boosted_stumps::383003::squat_delta_capacity_kg"":-1.198485956174622,""rmse_delta::supported-plan-swap::mechanistic_midpoint::383001::bench_press_delta_capacity_kg"":-0.026731571205293125,""rmse_delta::supported-plan-swap::mechanistic_midpoint::383001::deadlift_delta_capacity_kg"":0.4305331260336729,""rmse_delta::supported-plan-swap::mechanistic_midpoint::383001::squat_delta_capacity_kg"":-0.27936282595900064,""rmse_delta::supported-plan-swap::mechanistic_midpoint::383002::bench_press_delta_capacity_kg"":-0.026731571205293125,""rmse_delta::supported-plan-swap::mechanistic_midpoint::383002::deadlift_delta_capacity_kg"":0.4305331260336729,""rmse_delta::supported-plan-swap::mechanistic_midpoint::383002::squat_delta_capacity_kg"":-0.27936282595900064,""rmse_delta::supported-plan-swap::mechanistic_midpoint::383003::bench_press_delta_capacity_kg"":-0.026731571205293125,""rmse_delta::supported-plan-swap::mechanistic_midpoint::383003::deadlift_delta_capacity_kg"":0.4305331260336729,""rmse_delta::supported-plan-swap::mechanistic_midpoint::383003::squat_delta_capacity_kg"":-0.27936282595900064,""rmse_delta::supported-plan-swap::mechanistic_ridge_residual::383001::bench_press_delta_capacity_kg"":-0.1749173932085819,""rmse_delta::supported-plan-swap::mechanistic_ridge_residual::383001::deadlift_delta_capacity_kg"":0.38742179098602847,""rmse_delta::supported-plan-swap::mechanistic_ridge_residual::383001::squat_delta_capacity_kg"":-0.2217933753848147,""rmse_delta::supported-plan-swap::mechanistic_ridge_residual::383002::bench_press_delta_capacity_kg"":-0.1749173932085819,""rmse_delta::supported-plan-swap::mechanistic_ridge_residual::383002::deadlift_delta_capacity_kg"":0.38742179098602847,""rmse_delta::supported-plan-swap::mechanistic_ridge_residual::383002::squat_delta_capacity_kg"":-0.2217933753848147,""rmse_delta::supported-plan-swap::mechanistic_ridge_residual::383003::bench_press_delta_capacity_kg"":-0.1749173932085819,""rmse_delta::supported-plan-swap::mechanistic_ridge_residual::383003::deadlift_delta_capacity_kg"":0.38742179098602847,""rmse_delta::supported-plan-swap::mechanistic_ridge_residual::383003::squat_delta_capacity_kg"":-0.2217933753848147,""rmse_delta::supported-plan-swap::ridge::383001::bench_press_delta_capacity_kg"":-0.24839573064444442,""rmse_delta::supported-plan-swap::ridge::383001::deadlift_delta_capacity_kg"":-0.621601827245871,""rmse_delta::supported-plan-swap::ridge::383001::squat_delta_capacity_kg"":-1.171711795716205,""rmse_delta::supported-plan-swap::ridge::383002::bench_press_delta_capacity_kg"":-0.24839573064444442,""rmse_delta::supported-plan-swap::ridge::383002::deadlift_delta_capacity_kg"":-0.621601827245871,""rmse_delta::supported-plan-swap::ridge::383002::squat_delta_capacity_kg"":-1.171711795716205,""rmse_delta::supported-plan-swap::ridge::383003::bench_press_delta_capacity_kg"":-0.24839573064444442,""rmse_delta::supported-plan-swap::ridge::383003::deadlift_delta_capacity_kg"":-0.621601827245871,""rmse_delta::supported-plan-swap::ridge::383003::squat_delta_capacity_kg"":-1.171711795716205}","[""artifacts/registries/public-native-comparator-registry.json"",""artifacts/training-protocols/public-native-comparator-suite.json"",""data/manifests/realizations/latent_capacity_change_with_transient_expression_forecasting/iid-production.json"",""models/checkpoint-manifests/public-native-temporal-expert/checkpoint-publication.json"",""models/checkpoint-manifests/public-native-temporal-expert/ensemble-manifest.json"",""models/checkpoint-manifests/public-native-temporal-expert/seed-383001.checkpoint-manifest.json"",""models/checkpoint-manifests/public-native-temporal-expert/seed-383001.fitted-instance.json"",""models/checkpoint-manifests/public-native-temporal-expert/seed-383002.checkpoint-manifest.json"",""models/checkpoint-manifests/public-native-temporal-expert/seed-383002.fitted-instance.json"",""models/checkpoint-manifests/public-native-temporal-expert/seed-383003.checkpoint-manifest.json"",""models/checkpoint-manifests/public-native-temporal-expert/seed-383003.fitted-instance.json"",""models/fitted-instances/public-native-comparator-suite/public-native-compact-neural/seed-383001.fitted-instance.json"",""models/fitted-instances/public-native-comparator-suite/public-native-compact-neural/seed-383002.fitted-instance.json"",""models/fitted-instances/public-native-comparator-suite/public-native-compact-neural/seed-383003.fitted-instance.json"",""models/fitted-instances/public-native-comparator-suite/public-native-context-mean/seed-383001.fitted-instance.json"",""models/fitted-instances/public-native-comparator-suite/public-native-context-mean/seed-383002.fitted-instance.json"",""models/fitted-instances/public-native-comparator-suite/public-native-context-mean/seed-383003.fitted-instance.json"",""models/fitted-instances/public-native-comparator-suite/public-native-histogram-boosted-stumps/seed-383001.fitted-instance.json"",""models/fitted-instances/public-native-comparator-suite/public-native-histogram-boosted-stumps/seed-383002.fitted-instance.json"",""models/fitted-instances/public-native-comparator-suite/public-native-histogram-boosted-stumps/seed-383003.fitted-instance.json"",""models/fitted-instances/public-native-comparator-suite/public-native-mechanistic-midpoint/seed-383001.fitted-instance.json"",""models/fitted-instances/public-native-comparator-suite/public-native-mechanistic-midpoint/seed-383002.fitted-instance.json"",""models/fitted-instances/public-native-comparator-suite/public-native-mechanistic-midpoint/seed-383003.fitted-instance.json"",""models/fitted-instances/public-native-comparator-suite/public-native-mechanistic-ridge-residual/seed-383001.fitted-instance.json"",""models/fitted-instances/public-native-comparator-suite/public-native-mechanistic-ridge-residual/seed-383002.fitted-instance.json"",""models/fitted-instances/public-native-comparator-suite/public-native-mechanistic-ridge-residual/seed-383003.fitted-instance.json"",""models/fitted-instances/public-native-comparator-suite/public-native-ridge/seed-383001.fitted-instance.json"",""models/fitted-instances/public-native-comparator-suite/public-native-ridge/seed-383002.fitted-instance.json"",""models/fitted-instances/public-native-comparator-suite/public-native-ridge/seed-383003.fitted-instance.json"",""results/benchmarks/iid_latent_capacity_change_with_transient_expression_forecasting/public-native-comparator-suite/internal-selection-split.json"",""results/benchmarks/iid_latent_capacity_change_with_transient_expression_forecasting/public-native-comparator-suite/public-native-compact-neural/seed-383001.evaluation-result.json"",""results/benchmarks/iid_latent_capacity_change_with_transient_expression_forecasting/public-native-comparator-suite/public-native-compact-neural/seed-383001.predictions.jsonl"",""results/benchmarks/iid_latent_capacity_change_with_transient_expression_forecasting/public-native-comparator-suite/public-native-compact-neural/seed-383002.evaluation-result.json"",""results/benchmarks/iid_latent_capacity_change_with_transient_expression_forecasting/public-native-comparator-suite/public-native-compact-neural/seed-383002.predictions.jsonl"",""results/benchmarks/iid_latent_capacity_change_with_transient_expression_forecasting/public-native-comparator-suite/public-native-compact-neural/seed-383003.evaluation-result.json"",""results/benchmarks/iid_latent_capacity_change_with_transient_expression_forecasting/public-native-comparator-suite/public-native-compact-neural/seed-383003.predictions.jsonl"",""results/benchmarks/iid_latent_capacity_change_with_transient_expression_forecasting/public-native-comparator-suite/public-native-context-mean/seed-383001.evaluation-result.json"",""results/benchmarks/iid_latent_capacity_change_with_transient_expression_forecasting/public-native-comparator-suite/public-native-context-mean/seed-383001.predictions.jsonl"",""results/benchmarks/iid_latent_capacity_change_with_transient_expression_forecasting/public-native-comparator-suite/public-native-context-mean/seed-383002.evaluation-result.json"",""results/benchmarks/iid_latent_capacity_change_with_transient_expression_forecasting/public-native-comparator-suite/public-native-context-mean/seed-383002.predictions.jsonl"",""results/benchmarks/iid_latent_capacity_change_with_transient_expression_forecasting/public-native-comparator-suite/public-native-context-mean/seed-383003.evaluation-result.json"",""results/benchmarks/iid_latent_capacity_change_with_transient_expression_forecasting/public-native-comparator-suite/public-native-context-mean/seed-383003.predictions.jsonl"",""results/benchmarks/iid_latent_capacity_change_with_transient_expression_forecasting/public-native-comparator-suite/public-native-histogram-boosted-stumps/seed-383001.evaluation-result.json"",""results/benchmarks/iid_latent_capacity_change_with_transient_expression_forecasting/public-native-comparator-suite/public-native-histogram-boosted-stumps/seed-383001.predictions.jsonl"",""results/benchmarks/iid_latent_capacity_change_with_transient_expression_forecasting/public-native-comparator-suite/public-native-histogram-boosted-stumps/seed-383002.evaluation-result.json"",""results/benchmarks/iid_latent_capacity_change_with_transient_expression_forecasting/public-native-comparator-suite/public-native-histogram-boosted-stumps/seed-383002.predictions.jsonl"",""results/benchmarks/iid_latent_capacity_change_with_transient_expression_forecasting/public-native-comparator-suite/public-native-histogram-boosted-stumps/seed-383003.evaluation-result.json"",""results/benchmarks/iid_latent_capacity_change_with_transient_expression_forecasting/public-native-comparator-suite/public-native-histogram-boosted-stumps/seed-383003.predictions.jsonl"",""results/benchmarks/iid_latent_capacity_change_with_transient_expression_forecasting/public-native-comparator-suite/public-native-mechanistic-midpoint/seed-383001.evaluation-result.json"",""results/benchmarks/iid_latent_capacity_change_with_transient_expression_forecasting/public-native-comparator-suite/public-native-mechanistic-midpoint/seed-383001.predictions.jsonl"",""results/benchmarks/iid_latent_capacity_change_with_transient_expression_forecasting/public-native-comparator-suite/public-native-mechanistic-midpoint/seed-383002.evaluation-result.json"",""results/benchmarks/iid_latent_capacity_change_with_transient_expression_forecasting/public-native-comparator-suite/public-native-mechanistic-midpoint/seed-383002.predictions.jsonl"",""results/benchmarks/iid_latent_capacity_change_with_transient_expression_forecasting/public-native-comparator-suite/public-native-mechanistic-midpoint/seed-383003.evaluation-result.json"",""results/benchmarks/iid_latent_capacity_change_with_transient_expression_forecasting/public-native-comparator-suite/public-native-mechanistic-midpoint/seed-383003.predictions.jsonl"",""results/benchmarks/iid_latent_capacity_change_with_transient_expression_forecasting/public-native-comparator-suite/public-native-mechanistic-ridge-residual/seed-383001.evaluation-result.json"",""results/benchmarks/iid_latent_capacity_change_with_transient_expression_forecasting/public-native-comparator-suite/public-native-mechanistic-ridge-residual/seed-383001.predictions.jsonl"",""results/benchmarks/iid_latent_capacity_change_with_transient_expression_forecasting/public-native-comparator-suite/public-native-mechanistic-ridge-residual/seed-383002.evaluation-result.json"",""results/benchmarks/iid_latent_capacity_change_with_transient_expression_forecasting/public-native-comparator-suite/public-native-mechanistic-ridge-residual/seed-383002.predictions.jsonl"",""results/benchmarks/iid_latent_capacity_change_with_transient_expression_forecasting/public-native-comparator-suite/public-native-mechanistic-ridge-residual/seed-383003.evaluation-result.json"",""results/benchmarks/iid_latent_capacity_change_with_transient_expression_forecasting/public-native-comparator-suite/public-native-mechanistic-ridge-residual/seed-383003.predictions.jsonl"",""results/benchmarks/iid_latent_capacity_change_with_transient_expression_forecasting/public-native-comparator-suite/public-native-ridge/seed-383001.evaluation-result.json"",""results/benchmarks/iid_latent_capacity_change_with_transient_expression_forecasting/public-native-comparator-suite/public-native-ridge/seed-383001.predictions.jsonl"",""results/benchmarks/iid_latent_capacity_change_with_transient_expression_forecasting/public-native-comparator-suite/public-native-ridge/seed-383002.evaluation-result.json"",""results/benchmarks/iid_latent_capacity_change_with_transient_expression_forecasting/public-native-comparator-suite/public-native-ridge/seed-383002.predictions.jsonl"",""results/benchmarks/iid_latent_capacity_change_with_transient_expression_forecasting/public-native-comparator-suite/public-native-ridge/seed-383003.evaluation-result.json"",""results/benchmarks/iid_latent_capacity_change_with_transient_expression_forecasting/public-native-comparator-suite/public-native-ridge/seed-383003.predictions.jsonl"",""results/benchmarks/iid_latent_capacity_change_with_transient_expression_forecasting/public-native-comparator-suite/training-seal.json"",""results/benchmarks/iid_latent_capacity_change_with_transient_expression_forecasting/public-native-temporal-expert/ensemble.evaluation-result.json"",""results/benchmarks/iid_latent_capacity_change_with_transient_expression_forecasting/public-native-temporal-expert/ensemble.predictions.jsonl"",""results/benchmarks/iid_latent_capacity_change_with_transient_expression_forecasting/public-native-temporal-expert/seed-383001.evaluation-result.json"",""results/benchmarks/iid_latent_capacity_change_with_transient_expression_forecasting/public-native-temporal-expert/seed-383001.predictions.jsonl"",""results/benchmarks/iid_latent_capacity_change_with_transient_expression_forecasting/public-native-temporal-expert/seed-383002.evaluation-result.json"",""results/benchmarks/iid_latent_capacity_change_with_transient_expression_forecasting/public-native-temporal-expert/seed-383002.predictions.jsonl"",""results/benchmarks/iid_latent_capacity_change_with_transient_expression_forecasting/public-native-temporal-expert/seed-383003.evaluation-result.json"",""results/benchmarks/iid_latent_capacity_change_with_transient_expression_forecasting/public-native-temporal-expert/seed-383003.predictions.jsonl"",""results/manifests/public-native-comparator-suite-checksums.json"",""results/manifests/public-native-comparator-suite.json"",""results/manifests/public-native-temporal-expert-source-inventory.json"",""results/manifests/public-native-temporal-expert-verification-receipt.json"",""results/manifests/public-native-temporal-expert.json"",""results/tables/public-native-comparator-frontier.csv"",""results/audits/res278/realizations/res278-training-plan-counterfactual-sensitivity-seed-278104/baseline.jsonl"",""results/audits/res278/realizations/res278-training-plan-counterfactual-sensitivity-seed-278104/supported-plan-counterfactual.jsonl"",""results/audits/res278/realizations/res278-training-plan-counterfactual-sensitivity-seed-278104/manifest.json""]",[],"[""Results describe paired interventions within this synthetic native world and do not estimate real-athlete training effects.""]",results/audits/res-278/audit-results.json
RES-278,latent_capacity_change_with_transient_expression_forecasting@1.0.0,audit_coverage_accounting@1.0.0,audit_coverage,PASS,res278-audit_coverage_accounting-6ef7825dafc8,psr:audit-result:latent_capacity_change_with_transient_expression_forecasting-audit_coverage_accounting@1.0.0~81323bf23097,sha256:81323bf2309738bbbb1020d4391c6bc3a9257786843fe08c9bbb4fc0d902cf6c,c918e96e901fedb72c855a2bc7658574f5cfd43a,"Every registered attack has exactly one version-specific state, and the count reconciles to the typed contract and profile.","{""applicable_attack_count"":9,""executed_attack_count"":1,""inapplicable_attack_count"":5,""recorded_attack_count"":14,""registered_attack_count"":14,""state_count::FAIL"":0,""state_count::INCONCLUSIVE"":0,""state_count::NOT_APPLICABLE"":5,""state_count::NOT_RUN"":0,""state_count::PASS"":1,""state_count::UNSUPPORTED_BY_EVIDENCE"":8,""state_count_match"":1}","[""artifacts/registries/attack-contract-registry.json"",""artifacts/registries/validity-axis-registry.json"",""artifacts/registries/version-validity-profiles.json"",""artifacts/registries/benchmark-registry.json"",""docs/benchmarks/latent-capacity-change-with-transient-expression-forecasting.md"",""src/powerlifting_state_research/provenance/historical_sources.py""]",[],"[""Coverage is process metadata; it is not a benchmark validity score.""]",results/audits/res-278/audit-results.json
RES-278,latent_capacity_change_with_transient_expression_forecasting@1.0.0,baseline_domination@1.0.0,simple_model_frontier,NOT_APPLICABLE,,psr:audit-result:latent_capacity_change_with_transient_expression_forecasting-baseline_domination@1.0.0~2c64769bc03b,sha256:2c64769bc03b0e10a1262307da7fcefa2c84594f3bb8f27c5358b0cf02d5ce00,,This benchmark version is outside the attack contract's declared semantic scope.,{},"[""artifacts/registries/attack-contract-registry.json"",""docs/benchmarks/latent-capacity-change-with-transient-expression-forecasting.md""]",[],[],results/audits/res-278/audit-results.json
RES-278,latent_capacity_change_with_transient_expression_forecasting@1.0.0,distributional_shift_sensitivity@1.0.0,out_of_distribution_robustness,NOT_APPLICABLE,,psr:audit-result:latent_capacity_change_with_transient_expression_forecasting-distributional_shift_sensitivity@1.0.0~c1cca5505624,sha256:c1cca550562443ba349570e4258e86a60dac78d05f4f9252c8c132ab4865fb1b,,This benchmark version is outside the attack contract's declared semantic scope.,{},"[""artifacts/registries/attack-contract-registry.json"",""docs/benchmarks/latent-capacity-change-with-transient-expression-forecasting.md""]",[],[],results/audits/res-278/audit-results.json
RES-278,latent_capacity_change_with_transient_expression_forecasting@1.0.0,hidden_test_fairness@1.0.0,hidden_test_fairness,UNSUPPORTED_BY_EVIDENCE,,psr:audit-result:latent_capacity_change_with_transient_expression_forecasting-hidden_test_fairness@1.0.0~f1bd8096b6dc,sha256:f1bd8096b6dcc4e4c9c732750e44d62751a0129c4823cc8cb55f5e7d92b2287e,,"The question applies, but this historical version has no rights-cleared row-level realization and matching executable model/evaluation evidence.",{},"[""docs/benchmarks/latent-capacity-change-with-transient-expression-forecasting.md"",""artifacts/registries/benchmark-registry.json"",""src/powerlifting_state_research/provenance/historical_sources.py"",""artifacts/registries/attack-contract-registry.json""]","[""Rights-cleared historical participant rows and split identities."",""Version-specific runnable adapter and fitted model/evaluation artifacts.""]",[],results/audits/res-278/audit-results.json
RES-278,latent_capacity_change_with_transient_expression_forecasting@1.0.0,model_ranking_instability@1.0.0,seed_stability,NOT_APPLICABLE,,psr:audit-result:latent_capacity_change_with_transient_expression_forecasting-model_ranking_instability@1.0.0~d3320a9d5545,sha256:d3320a9d5545913ed6a846f7643136426abfa7a738a486afb92ca92964f9a416,,This benchmark version is outside the attack contract's declared semantic scope.,{},"[""artifacts/registries/attack-contract-registry.json"",""docs/benchmarks/latent-capacity-change-with-transient-expression-forecasting.md""]",[],[],results/audits/res-278/audit-results.json
RES-278,latent_capacity_change_with_transient_expression_forecasting@1.0.0,observation_noise_perturbation@1.0.0,out_of_distribution_robustness,UNSUPPORTED_BY_EVIDENCE,,psr:audit-result:latent_capacity_change_with_transient_expression_forecasting-observation_noise_perturbation@1.0.0~ea959684323d,sha256:ea959684323d4db97d6b32fd6a814e1a5bf2f9c7b80a1fe9616d184c75e3b772,,"The question applies, but this historical version has no rights-cleared row-level realization and matching executable model/evaluation evidence.",{},"[""docs/benchmarks/latent-capacity-change-with-transient-expression-forecasting.md"",""artifacts/registries/benchmark-registry.json"",""src/powerlifting_state_research/provenance/historical_sources.py"",""artifacts/registries/attack-contract-registry.json""]","[""Rights-cleared historical participant rows and split identities."",""Version-specific runnable adapter and fitted model/evaluation artifacts.""]",[],results/audits/res-278/audit-results.json
RES-278,latent_capacity_change_with_transient_expression_forecasting@1.0.0,parameter_seed_sensitivity@1.0.0,seed_stability,NOT_APPLICABLE,,psr:audit-result:latent_capacity_change_with_transient_expression_forecasting-parameter_seed_sensitivity@1.0.0~4b97fa3749d2,sha256:4b97fa3749d2d7f53f66102e68c42c7310396fad1f4f7d9bf67516056bfa8d86,,This benchmark version is outside the attack contract's declared semantic scope.,{},"[""artifacts/registries/attack-contract-registry.json"",""docs/benchmarks/latent-capacity-change-with-transient-expression-forecasting.md""]",[],[],results/audits/res-278/audit-results.json
RES-278,latent_capacity_change_with_transient_expression_forecasting@1.0.0,participant_input_leakage@1.0.0,leakage_shortcut_susceptibility,UNSUPPORTED_BY_EVIDENCE,,psr:audit-result:latent_capacity_change_with_transient_expression_forecasting-participant_input_leakage@1.0.0~e9c2dd340894,sha256:e9c2dd340894ff5cf18a215af553f55fe4b14ba170ad84476416bc9e0314ba62,,"The question applies, but this historical version has no rights-cleared row-level realization and matching executable model/evaluation evidence.",{},"[""docs/benchmarks/latent-capacity-change-with-transient-expression-forecasting.md"",""artifacts/registries/benchmark-registry.json"",""src/powerlifting_state_research/provenance/historical_sources.py"",""artifacts/registries/attack-contract-registry.json""]","[""Rights-cleared historical participant rows and split identities."",""Version-specific runnable adapter and fitted model/evaluation artifacts.""]",[],results/audits/res-278/audit-results.json
RES-278,latent_capacity_change_with_transient_expression_forecasting@1.0.0,reconstruction_provenance_gaps@1.0.0,reconstructability,UNSUPPORTED_BY_EVIDENCE,,psr:audit-result:latent_capacity_change_with_transient_expression_forecasting-reconstruction_provenance_gaps@1.0.0~d95e6568bb4a,sha256:d95e6568bb4a9609b8ebbf2ca9ad3f76e9893b45d29cd7410721ae94f1fb7350,,"The question applies, but this historical version has no rights-cleared row-level realization and matching executable model/evaluation evidence.",{},"[""docs/benchmarks/latent-capacity-change-with-transient-expression-forecasting.md"",""artifacts/registries/benchmark-registry.json"",""src/powerlifting_state_research/provenance/historical_sources.py"",""artifacts/registries/attack-contract-registry.json""]","[""Rights-cleared historical participant rows and split identities."",""Version-specific runnable adapter and fitted model/evaluation artifacts.""]",[],results/audits/res-278/audit-results.json
RES-278,latent_capacity_change_with_transient_expression_forecasting@1.0.0,shortcut_feature_dependence@1.0.0,leakage_shortcut_susceptibility,NOT_APPLICABLE,,psr:audit-result:latent_capacity_change_with_transient_expression_forecasting-shortcut_feature_dependence@1.0.0~26cd40f2a29c,sha256:26cd40f2a29c06a803ae651ba18bfe94f7054cd742b18cd8ba15bf68413ac065,,This benchmark version is outside the attack contract's declared semantic scope.,{},"[""artifacts/registries/attack-contract-registry.json"",""docs/benchmarks/latent-capacity-change-with-transient-expression-forecasting.md""]",[],[],results/audits/res-278/audit-results.json
RES-278,latent_capacity_change_with_transient_expression_forecasting@1.0.0,sparse_missing_history_sensitivity@1.0.0,out_of_distribution_robustness,UNSUPPORTED_BY_EVIDENCE,,psr:audit-result:latent_capacity_change_with_transient_expression_forecasting-sparse_missing_history_sensitivity@1.0.0~8ed5249e4e61,sha256:8ed5249e4e61c8391b8e50f29f1791e46020f35aad4ced99d9f8a46ae47f05fe,,"The question applies, but this historical version has no rights-cleared row-level realization and matching executable model/evaluation evidence.",{},"[""docs/benchmarks/latent-capacity-change-with-transient-expression-forecasting.md"",""artifacts/registries/benchmark-registry.json"",""src/powerlifting_state_research/provenance/historical_sources.py"",""artifacts/registries/attack-contract-registry.json""]","[""Rights-cleared historical participant rows and split identities."",""Version-specific runnable adapter and fitted model/evaluation artifacts.""]",[],results/audits/res-278/audit-results.json
RES-278,latent_capacity_change_with_transient_expression_forecasting@1.0.0,target_identity_contamination@1.0.0,leakage_shortcut_susceptibility,UNSUPPORTED_BY_EVIDENCE,,psr:audit-result:latent_capacity_change_with_transient_expression_forecasting-target_identity_contamination@1.0.0~baa0b87fe0b1,sha256:baa0b87fe0b1e712735c8dd7d6e9f08bdfbc121e4205ec4f3be00adc4c3df8bb,,"The question applies, but this historical version has no rights-cleared row-level realization and matching executable model/evaluation evidence.",{},"[""docs/benchmarks/latent-capacity-change-with-transient-expression-forecasting.md"",""artifacts/registries/benchmark-registry.json"",""src/powerlifting_state_research/provenance/historical_sources.py"",""artifacts/registries/attack-contract-registry.json""]","[""Rights-cleared historical participant rows and split identities."",""Version-specific runnable adapter and fitted model/evaluation artifacts.""]",[],results/audits/res-278/audit-results.json
RES-278,latent_capacity_change_with_transient_expression_forecasting@1.0.0,temporal_history_disruption@1.0.0,leakage_shortcut_susceptibility,UNSUPPORTED_BY_EVIDENCE,,psr:audit-result:latent_capacity_change_with_transient_expression_forecasting-temporal_history_disruption@1.0.0~c40927bf736d,sha256:c40927bf736df2ae16082de35e0976f2d2eb2a07455ce69d09616090342d9293,,"The question applies, but this historical version has no rights-cleared row-level realization and matching executable model/evaluation evidence.",{},"[""docs/benchmarks/latent-capacity-change-with-transient-expression-forecasting.md"",""artifacts/registries/benchmark-registry.json"",""src/powerlifting_state_research/provenance/historical_sources.py"",""artifacts/registries/attack-contract-registry.json""]","[""Rights-cleared historical participant rows and split identities."",""Version-specific runnable adapter and fitted model/evaluation artifacts.""]",[],results/audits/res-278/audit-results.json
RES-278,latent_capacity_change_with_transient_expression_forecasting@1.0.0,training_plan_counterfactual_sensitivity@1.0.0,out_of_distribution_robustness,UNSUPPORTED_BY_EVIDENCE,,psr:audit-result:latent_capacity_change_with_transient_expression_forecasting-training_plan_counterfactual_sensitivity@1.0.0~4e4775ec6c21,sha256:4e4775ec6c218725c8a2d202472746203ddb2ae6b00cf7bdded684e2b3c44a05,,"The question applies, but this historical version has no rights-cleared row-level realization and matching executable model/evaluation evidence.",{},"[""docs/benchmarks/latent-capacity-change-with-transient-expression-forecasting.md"",""artifacts/registries/benchmark-registry.json"",""src/powerlifting_state_research/provenance/historical_sources.py"",""artifacts/registries/attack-contract-registry.json""]","[""Rights-cleared historical participant rows and split identities."",""Version-specific runnable adapter and fitted model/evaluation artifacts.""]",[],results/audits/res-278/audit-results.json
RES-278,latent_origin_capacity_change_forecasting@1.0.0,audit_coverage_accounting@1.0.0,audit_coverage,PASS,res278-audit_coverage_accounting-701ec798cdc0,psr:audit-result:latent_origin_capacity_change_forecasting-audit_coverage_accounting@1.0.0~ce35d58d0d74,sha256:ce35d58d0d74ec9c4a6c7b40cff1c33b68c6d3585fc6c7710e1ca7033628a230,c918e96e901fedb72c855a2bc7658574f5cfd43a,"Every registered attack has exactly one version-specific state, and the count reconciles to the typed contract and profile.","{""applicable_attack_count"":8,""executed_attack_count"":1,""inapplicable_attack_count"":6,""recorded_attack_count"":14,""registered_attack_count"":14,""state_count::FAIL"":0,""state_count::INCONCLUSIVE"":0,""state_count::NOT_APPLICABLE"":6,""state_count::NOT_RUN"":0,""state_count::PASS"":1,""state_count::UNSUPPORTED_BY_EVIDENCE"":7,""state_count_match"":1}","[""artifacts/registries/attack-contract-registry.json"",""artifacts/registries/validity-axis-registry.json"",""artifacts/registries/version-validity-profiles.json"",""artifacts/registries/benchmark-registry.json"",""docs/benchmarks/latent-origin-capacity-change-forecasting.md"",""src/powerlifting_state_research/provenance/historical_sources.py""]",[],"[""Coverage is process metadata; it is not a benchmark validity score.""]",results/audits/res-278/audit-results.json
RES-278,latent_origin_capacity_change_forecasting@1.0.0,baseline_domination@1.0.0,simple_model_frontier,NOT_APPLICABLE,,psr:audit-result:latent_origin_capacity_change_forecasting-baseline_domination@1.0.0~40bf5e4da7ad,sha256:40bf5e4da7ad54d84f0604024e35f0c22bce0346a47e9471fceaa171a612dd6a,,This benchmark version is outside the attack contract's declared semantic scope.,{},"[""artifacts/registries/attack-contract-registry.json"",""docs/benchmarks/latent-origin-capacity-change-forecasting.md""]",[],[],results/audits/res-278/audit-results.json
RES-278,latent_origin_capacity_change_forecasting@1.0.0,distributional_shift_sensitivity@1.0.0,out_of_distribution_robustness,NOT_APPLICABLE,,psr:audit-result:latent_origin_capacity_change_forecasting-distributional_shift_sensitivity@1.0.0~da718e41fc5c,sha256:da718e41fc5cdc1dacd0fba11ed47ab6698e43cff5bdb82c682314e1114cddf3,,This benchmark version is outside the attack contract's declared semantic scope.,{},"[""artifacts/registries/attack-contract-registry.json"",""docs/benchmarks/latent-origin-capacity-change-forecasting.md""]",[],[],results/audits/res-278/audit-results.json
RES-278,latent_origin_capacity_change_forecasting@1.0.0,hidden_test_fairness@1.0.0,hidden_test_fairness,UNSUPPORTED_BY_EVIDENCE,,psr:audit-result:latent_origin_capacity_change_forecasting-hidden_test_fairness@1.0.0~5d6ecb73663a,sha256:5d6ecb73663a69b763a5280868d000eb34317194887c691da74c4f1ec0d3eedc,,"The question applies, but this historical version has no rights-cleared row-level realization and matching executable model/evaluation evidence.",{},"[""docs/benchmarks/latent-origin-capacity-change-forecasting.md"",""artifacts/registries/benchmark-registry.json"",""src/powerlifting_state_research/provenance/historical_sources.py"",""artifacts/registries/attack-contract-registry.json""]","[""Rights-cleared historical participant rows and split identities."",""Version-specific runnable adapter and fitted model/evaluation artifacts.""]",[],results/audits/res-278/audit-results.json
RES-278,latent_origin_capacity_change_forecasting@1.0.0,model_ranking_instability@1.0.0,seed_stability,NOT_APPLICABLE,,psr:audit-result:latent_origin_capacity_change_forecasting-model_ranking_instability@1.0.0~dbf3e494a88d,sha256:dbf3e494a88d1aca3c778209d6f1a7a043cc435faef0bf70c4d31edb9c6e501b,,This benchmark version is outside the attack contract's declared semantic scope.,{},"[""artifacts/registries/attack-contract-registry.json"",""docs/benchmarks/latent-origin-capacity-change-forecasting.md""]",[],[],results/audits/res-278/audit-results.json
RES-278,latent_origin_capacity_change_forecasting@1.0.0,observation_noise_perturbation@1.0.0,out_of_distribution_robustness,NOT_APPLICABLE,,psr:audit-result:latent_origin_capacity_change_forecasting-observation_noise_perturbation@1.0.0~8d44739c1cb3,sha256:8d44739c1cb3059119fcf00e000dd8b52fe78c423e00255077753bf11e871286,,This benchmark version is outside the attack contract's declared semantic scope.,{},"[""artifacts/registries/attack-contract-registry.json"",""docs/benchmarks/latent-origin-capacity-change-forecasting.md""]",[],[],results/audits/res-278/audit-results.json
RES-278,latent_origin_capacity_change_forecasting@1.0.0,parameter_seed_sensitivity@1.0.0,seed_stability,NOT_APPLICABLE,,psr:audit-result:latent_origin_capacity_change_forecasting-parameter_seed_sensitivity@1.0.0~31bf220aae16,sha256:31bf220aae16792c0a5deed55c630c9cfd8fde3e7e82ea5dfa6daddde26a97f6,,This benchmark version is outside the attack contract's declared semantic scope.,{},"[""artifacts/registries/attack-contract-registry.json"",""docs/benchmarks/latent-origin-capacity-change-forecasting.md""]",[],[],results/audits/res-278/audit-results.json
RES-278,latent_origin_capacity_change_forecasting@1.0.0,participant_input_leakage@1.0.0,leakage_shortcut_susceptibility,UNSUPPORTED_BY_EVIDENCE,,psr:audit-result:latent_origin_capacity_change_forecasting-participant_input_leakage@1.0.0~b3f0fa61c565,sha256:b3f0fa61c565ffb859ad82fa026c45a3afc1a0b4fca4251ff45fbfa5bc29cba9,,"The question applies, but this historical version has no rights-cleared row-level realization and matching executable model/evaluation evidence.",{},"[""docs/benchmarks/latent-origin-capacity-change-forecasting.md"",""artifacts/registries/benchmark-registry.json"",""src/powerlifting_state_research/provenance/historical_sources.py"",""artifacts/registries/attack-contract-registry.json""]","[""Rights-cleared historical participant rows and split identities."",""Version-specific runnable adapter and fitted model/evaluation artifacts.""]",[],results/audits/res-278/audit-results.json
RES-278,latent_origin_capacity_change_forecasting@1.0.0,reconstruction_provenance_gaps@1.0.0,reconstructability,UNSUPPORTED_BY_EVIDENCE,,psr:audit-result:latent_origin_capacity_change_forecasting-reconstruction_provenance_gaps@1.0.0~3f9abf213116,sha256:3f9abf21311602b204e6e0455c5a1a9de643f682ed0a67bc2e9c09fbeb6190c0,,"The question applies, but this historical version has no rights-cleared row-level realization and matching executable model/evaluation evidence.",{},"[""docs/benchmarks/latent-origin-capacity-change-forecasting.md"",""artifacts/registries/benchmark-registry.json"",""src/powerlifting_state_research/provenance/historical_sources.py"",""artifacts/registries/attack-contract-registry.json""]","[""Rights-cleared historical participant rows and split identities."",""Version-specific runnable adapter and fitted model/evaluation artifacts.""]",[],results/audits/res-278/audit-results.json
RES-278,latent_origin_capacity_change_forecasting@1.0.0,shortcut_feature_dependence@1.0.0,leakage_shortcut_susceptibility,NOT_APPLICABLE,,psr:audit-result:latent_origin_capacity_change_forecasting-shortcut_feature_dependence@1.0.0~052dd148e840,sha256:052dd148e840dc1255aa4b442f12db75d6f531bca6bd98605f27d682b6649c82,,This benchmark version is outside the attack contract's declared semantic scope.,{},"[""artifacts/registries/attack-contract-registry.json"",""docs/benchmarks/latent-origin-capacity-change-forecasting.md""]",[],[],results/audits/res-278/audit-results.json
RES-278,latent_origin_capacity_change_forecasting@1.0.0,sparse_missing_history_sensitivity@1.0.0,out_of_distribution_robustness,UNSUPPORTED_BY_EVIDENCE,,psr:audit-result:latent_origin_capacity_change_forecasting-sparse_missing_history_sensitivity@1.0.0~4afaf86851f3,sha256:4afaf86851f3eda574254292ccd5cf5a661d1d39afcb12406be06f1b0705522e,,"The question applies, but this historical version has no rights-cleared row-level realization and matching executable model/evaluation evidence.",{},"[""docs/benchmarks/latent-origin-capacity-change-forecasting.md"",""artifacts/registries/benchmark-registry.json"",""src/powerlifting_state_research/provenance/historical_sources.py"",""artifacts/registries/attack-contract-registry.json""]","[""Rights-cleared historical participant rows and split identities."",""Version-specific runnable adapter and fitted model/evaluation artifacts.""]",[],results/audits/res-278/audit-results.json
RES-278,latent_origin_capacity_change_forecasting@1.0.0,target_identity_contamination@1.0.0,leakage_shortcut_susceptibility,UNSUPPORTED_BY_EVIDENCE,,psr:audit-result:latent_origin_capacity_change_forecasting-target_identity_contamination@1.0.0~c0419c75379e,sha256:c0419c75379ece3a8c84c1ae4bad775851adf3eff9ca0eb31a3b56e2895971e1,,"The question applies, but this historical version has no rights-cleared row-level realization and matching executable model/evaluation evidence.",{},"[""docs/benchmarks/latent-origin-capacity-change-forecasting.md"",""artifacts/registries/benchmark-registry.json"",""src/powerlifting_state_research/provenance/historical_sources.py"",""artifacts/registries/attack-contract-registry.json""]","[""Rights-cleared historical participant rows and split identities."",""Version-specific runnable adapter and fitted model/evaluation artifacts.""]",[],results/audits/res-278/audit-results.json
RES-278,latent_origin_capacity_change_forecasting@1.0.0,temporal_history_disruption@1.0.0,leakage_shortcut_susceptibility,UNSUPPORTED_BY_EVIDENCE,,psr:audit-result:latent_origin_capacity_change_forecasting-temporal_history_disruption@1.0.0~afae74b1e0cd,sha256:afae74b1e0cd68632b0305b84778253661bb9ecb147b3db05f5b8bfb18213090,,"The question applies, but this historical version has no rights-cleared row-level realization and matching executable model/evaluation evidence.",{},"[""docs/benchmarks/latent-origin-capacity-change-forecasting.md"",""artifacts/registries/benchmark-registry.json"",""src/powerlifting_state_research/provenance/historical_sources.py"",""artifacts/registries/attack-contract-registry.json""]","[""Rights-cleared historical participant rows and split identities."",""Version-specific runnable adapter and fitted model/evaluation artifacts.""]",[],results/audits/res-278/audit-results.json
RES-278,latent_origin_capacity_change_forecasting@1.0.0,training_plan_counterfactual_sensitivity@1.0.0,out_of_distribution_robustness,UNSUPPORTED_BY_EVIDENCE,,psr:audit-result:latent_origin_capacity_change_forecasting-training_plan_counterfactual_sensitivity@1.0.0~b8068134efb6,sha256:b8068134efb6eea21bffc6d1c3ecd4c3fefcf0576bfc354508c535176ad89b17,,"The question applies, but this historical version has no rights-cleared row-level realization and matching executable model/evaluation evidence.",{},"[""docs/benchmarks/latent-origin-capacity-change-forecasting.md"",""artifacts/registries/benchmark-registry.json"",""src/powerlifting_state_research/provenance/historical_sources.py"",""artifacts/registries/attack-contract-registry.json""]","[""Rights-cleared historical participant rows and split identities."",""Version-specific runnable adapter and fitted model/evaluation artifacts.""]",[],results/audits/res-278/audit-results.json
RES-278,observed_origin_referenced_capacity_change_forecasting@1.0.0,audit_coverage_accounting@1.0.0,audit_coverage,PASS,res278-audit_coverage_accounting-f7eafa4876fe,psr:audit-result:observed_origin_referenced_capacity_change_forecasting-audit_coverage_accounting@1.0.0~75b0fa5a13a5,sha256:75b0fa5a13a5c10ace879876dc2b31342268ad9e49398a41f798360256e8a2bb,c918e96e901fedb72c855a2bc7658574f5cfd43a,"Every registered attack has exactly one version-specific state, and the count reconciles to the typed contract and profile.","{""applicable_attack_count"":8,""executed_attack_count"":1,""inapplicable_attack_count"":6,""recorded_attack_count"":14,""registered_attack_count"":14,""state_count::FAIL"":0,""state_count::INCONCLUSIVE"":0,""state_count::NOT_APPLICABLE"":6,""state_count::NOT_RUN"":0,""state_count::PASS"":1,""state_count::UNSUPPORTED_BY_EVIDENCE"":7,""state_count_match"":1}","[""artifacts/registries/attack-contract-registry.json"",""artifacts/registries/validity-axis-registry.json"",""artifacts/registries/version-validity-profiles.json"",""artifacts/registries/benchmark-registry.json"",""docs/benchmarks/observed-origin-referenced-capacity-change-forecasting.md"",""src/powerlifting_state_research/provenance/historical_sources.py""]",[],"[""Coverage is process metadata; it is not a benchmark validity score.""]",results/audits/res-278/audit-results.json
RES-278,observed_origin_referenced_capacity_change_forecasting@1.0.0,baseline_domination@1.0.0,simple_model_frontier,NOT_APPLICABLE,,psr:audit-result:observed_origin_referenced_capacity_change_forecasting-baseline_domination@1.0.0~c4f75a917770,sha256:c4f75a9177700d07e9d3e1656d05fee7be4cf18e15998438680b4eafa49ca756,,This benchmark version is outside the attack contract's declared semantic scope.,{},"[""artifacts/registries/attack-contract-registry.json"",""docs/benchmarks/observed-origin-referenced-capacity-change-forecasting.md""]",[],[],results/audits/res-278/audit-results.json
RES-278,observed_origin_referenced_capacity_change_forecasting@1.0.0,distributional_shift_sensitivity@1.0.0,out_of_distribution_robustness,NOT_APPLICABLE,,psr:audit-result:observed_origin_referenced_capacity_change_forecasting-distributional_shift_sensitivity@1.0.0~a3047937fd1e,sha256:a3047937fd1e2c35f2cae8355c51cb8546320c1365d775cbc6df55d1c46a8353,,This benchmark version is outside the attack contract's declared semantic scope.,{},"[""artifacts/registries/attack-contract-registry.json"",""docs/benchmarks/observed-origin-referenced-capacity-change-forecasting.md""]",[],[],results/audits/res-278/audit-results.json
RES-278,observed_origin_referenced_capacity_change_forecasting@1.0.0,hidden_test_fairness@1.0.0,hidden_test_fairness,UNSUPPORTED_BY_EVIDENCE,,psr:audit-result:observed_origin_referenced_capacity_change_forecasting-hidden_test_fairness@1.0.0~0a26f2f31531,sha256:0a26f2f31531623b51826c47b6bd6deaedca55ab1fb0399e6882c8836cd7b386,,"The question applies, but this historical version has no rights-cleared row-level realization and matching executable model/evaluation evidence.",{},"[""docs/benchmarks/observed-origin-referenced-capacity-change-forecasting.md"",""artifacts/registries/benchmark-registry.json"",""src/powerlifting_state_research/provenance/historical_sources.py"",""artifacts/registries/attack-contract-registry.json""]","[""Rights-cleared historical participant rows and split identities."",""Version-specific runnable adapter and fitted model/evaluation artifacts.""]",[],results/audits/res-278/audit-results.json
RES-278,observed_origin_referenced_capacity_change_forecasting@1.0.0,model_ranking_instability@1.0.0,seed_stability,NOT_APPLICABLE,,psr:audit-result:observed_origin_referenced_capacity_change_forecasting-model_ranking_instability@1.0.0~c0f7c2835918,sha256:c0f7c2835918d5d74f1aecfb64a7d293e262714d6b0fae8d08844867cd6f362a,,This benchmark version is outside the attack contract's declared semantic scope.,{},"[""artifacts/registries/attack-contract-registry.json"",""docs/benchmarks/observed-origin-referenced-capacity-change-forecasting.md""]",[],[],results/audits/res-278/audit-results.json
RES-278,observed_origin_referenced_capacity_change_forecasting@1.0.0,observation_noise_perturbation@1.0.0,out_of_distribution_robustness,NOT_APPLICABLE,,psr:audit-result:observed_origin_referenced_capacity_change_forecasting-observation_noise_perturbation@1.0.0~e9eb972e7e59,sha256:e9eb972e7e596b1b2a25d9e6199cb1b1a612acb1e4c8c4acc5cea553faf535a4,,This benchmark version is outside the attack contract's declared semantic scope.,{},"[""artifacts/registries/attack-contract-registry.json"",""docs/benchmarks/observed-origin-referenced-capacity-change-forecasting.md""]",[],[],results/audits/res-278/audit-results.json
RES-278,observed_origin_referenced_capacity_change_forecasting@1.0.0,parameter_seed_sensitivity@1.0.0,seed_stability,NOT_APPLICABLE,,psr:audit-result:observed_origin_referenced_capacity_change_forecasting-parameter_seed_sensitivity@1.0.0~71549ee5fa97,sha256:71549ee5fa976fd0fa163c549033fd0ef426c7b6d9a1c5b57d4a87da35b33c81,,This benchmark version is outside the attack contract's declared semantic scope.,{},"[""artifacts/registries/attack-contract-registry.json"",""docs/benchmarks/observed-origin-referenced-capacity-change-forecasting.md""]",[],[],results/audits/res-278/audit-results.json
RES-278,observed_origin_referenced_capacity_change_forecasting@1.0.0,participant_input_leakage@1.0.0,leakage_shortcut_susceptibility,UNSUPPORTED_BY_EVIDENCE,,psr:audit-result:observed_origin_referenced_capacity_change_forecasting-participant_input_leakage@1.0.0~8eb6b236b8b4,sha256:8eb6b236b8b4fd0308653e5a52c4d4120599d6545741237937959ff2c5e3f1cc,,"The question applies, but this historical version has no rights-cleared row-level realization and matching executable model/evaluation evidence.",{},"[""docs/benchmarks/observed-origin-referenced-capacity-change-forecasting.md"",""artifacts/registries/benchmark-registry.json"",""src/powerlifting_state_research/provenance/historical_sources.py"",""artifacts/registries/attack-contract-registry.json""]","[""Rights-cleared historical participant rows and split identities."",""Version-specific runnable adapter and fitted model/evaluation artifacts.""]",[],results/audits/res-278/audit-results.json
RES-278,observed_origin_referenced_capacity_change_forecasting@1.0.0,reconstruction_provenance_gaps@1.0.0,reconstructability,UNSUPPORTED_BY_EVIDENCE,,psr:audit-result:observed_origin_referenced_capacity_change_forecasting-reconstruction_provenance_gaps@1.0.0~030b3dae6b25,sha256:030b3dae6b25464e53832094d0478ba8256bd1e215222d1549652207936aff59,,"The question applies, but this historical version has no rights-cleared row-level realization and matching executable model/evaluation evidence.",{},"[""docs/benchmarks/observed-origin-referenced-capacity-change-forecasting.md"",""artifacts/registries/benchmark-registry.json"",""src/powerlifting_state_research/provenance/historical_sources.py"",""artifacts/registries/attack-contract-registry.json""]","[""Rights-cleared historical participant rows and split identities."",""Version-specific runnable adapter and fitted model/evaluation artifacts.""]",[],results/audits/res-278/audit-results.json
RES-278,observed_origin_referenced_capacity_change_forecasting@1.0.0,shortcut_feature_dependence@1.0.0,leakage_shortcut_susceptibility,NOT_APPLICABLE,,psr:audit-result:observed_origin_referenced_capacity_change_forecasting-shortcut_feature_dependence@1.0.0~4d645da41a08,sha256:4d645da41a088f3cae0e0b3e708950eb2141c480980a221cce21da4711ac29d5,,This benchmark version is outside the attack contract's declared semantic scope.,{},"[""artifacts/registries/attack-contract-registry.json"",""docs/benchmarks/observed-origin-referenced-capacity-change-forecasting.md""]",[],[],results/audits/res-278/audit-results.json
RES-278,observed_origin_referenced_capacity_change_forecasting@1.0.0,sparse_missing_history_sensitivity@1.0.0,out_of_distribution_robustness,UNSUPPORTED_BY_EVIDENCE,,psr:audit-result:observed_origin_referenced_capacity_change_forecasting-sparse_missing_history_sensitivity@1.0.0~910def287af6,sha256:910def287af6268286fde158bbbb6ef907aa7de0949987be8deffa585419b226,,"The question applies, but this historical version has no rights-cleared row-level realization and matching executable model/evaluation evidence.",{},"[""docs/benchmarks/observed-origin-referenced-capacity-change-forecasting.md"",""artifacts/registries/benchmark-registry.json"",""src/powerlifting_state_research/provenance/historical_sources.py"",""artifacts/registries/attack-contract-registry.json""]","[""Rights-cleared historical participant rows and split identities."",""Version-specific runnable adapter and fitted model/evaluation artifacts.""]",[],results/audits/res-278/audit-results.json
RES-278,observed_origin_referenced_capacity_change_forecasting@1.0.0,target_identity_contamination@1.0.0,leakage_shortcut_susceptibility,UNSUPPORTED_BY_EVIDENCE,,psr:audit-result:observed_origin_referenced_capacity_change_forecasting-target_identity_contamination@1.0.0~8e8d3b7d608b,sha256:8e8d3b7d608bc127d40312b26bb2ae435b7624a56d46c4158d517d26037d4f2b,,"The question applies, but this historical version has no rights-cleared row-level realization and matching executable model/evaluation evidence.",{},"[""docs/benchmarks/observed-origin-referenced-capacity-change-forecasting.md"",""artifacts/registries/benchmark-registry.json"",""src/powerlifting_state_research/provenance/historical_sources.py"",""artifacts/registries/attack-contract-registry.json""]","[""Rights-cleared historical participant rows and split identities."",""Version-specific runnable adapter and fitted model/evaluation artifacts.""]",[],results/audits/res-278/audit-results.json
RES-278,observed_origin_referenced_capacity_change_forecasting@1.0.0,temporal_history_disruption@1.0.0,leakage_shortcut_susceptibility,UNSUPPORTED_BY_EVIDENCE,,psr:audit-result:observed_origin_referenced_capacity_change_forecasting-temporal_history_disruption@1.0.0~f1287597b9a3,sha256:f1287597b9a3fd2b3f216c53c1c52c95c184acf7ae991d9cff9e30cf3a12fda1,,"The question applies, but this historical version has no rights-cleared row-level realization and matching executable model/evaluation evidence.",{},"[""docs/benchmarks/observed-origin-referenced-capacity-change-forecasting.md"",""artifacts/registries/benchmark-registry.json"",""src/powerlifting_state_research/provenance/historical_sources.py"",""artifacts/registries/attack-contract-registry.json""]","[""Rights-cleared historical participant rows and split identities."",""Version-specific runnable adapter and fitted model/evaluation artifacts.""]",[],results/audits/res-278/audit-results.json
RES-278,observed_origin_referenced_capacity_change_forecasting@1.0.0,training_plan_counterfactual_sensitivity@1.0.0,out_of_distribution_robustness,UNSUPPORTED_BY_EVIDENCE,,psr:audit-result:observed_origin_referenced_capacity_change_forecasting-training_plan_counterfactual_sensitivity@1.0.0~526704e5056c,sha256:526704e5056c9f7fb36a927728fa4821db921f7b5c20b91008124c56f64d3eee,,"The question applies, but this historical version has no rights-cleared row-level realization and matching executable model/evaluation evidence.",{},"[""docs/benchmarks/observed-origin-referenced-capacity-change-forecasting.md"",""artifacts/registries/benchmark-registry.json"",""src/powerlifting_state_research/provenance/historical_sources.py"",""artifacts/registries/attack-contract-registry.json""]","[""Rights-cleared historical participant rows and split identities."",""Version-specific runnable adapter and fitted model/evaluation artifacts.""]",[],results/audits/res-278/audit-results.json
RES-278,performance_forecasting_under_schedule_exposure_reporting_heterogeneity@1.0.0,audit_coverage_accounting@1.0.0,audit_coverage,PASS,res278-audit_coverage_accounting-5d050afe034b,psr:audit-result:performance_forecasting_under_schedule_exposure_reporting_heterogeneity-audit_coverage_accounting@1.0.0~a36dc93d5217,sha256:a36dc93d521796c8c637c2e97917c876af5c32a50fc1e2585e8f5e00a4d056ad,c918e96e901fedb72c855a2bc7658574f5cfd43a,"Every registered attack has exactly one version-specific state, and the count reconciles to the typed contract and profile.","{""applicable_attack_count"":7,""executed_attack_count"":1,""inapplicable_attack_count"":7,""recorded_attack_count"":14,""registered_attack_count"":14,""state_count::FAIL"":0,""state_count::INCONCLUSIVE"":0,""state_count::NOT_APPLICABLE"":7,""state_count::NOT_RUN"":0,""state_count::PASS"":1,""state_count::UNSUPPORTED_BY_EVIDENCE"":6,""state_count_match"":1}","[""artifacts/registries/attack-contract-registry.json"",""artifacts/registries/validity-axis-registry.json"",""artifacts/registries/version-validity-profiles.json"",""artifacts/registries/benchmark-registry.json"",""docs/benchmarks/performance-forecasting-under-schedule-exposure-reporting-heterogeneity.md"",""src/powerlifting_state_research/provenance/historical_sources.py""]",[],"[""Coverage is process metadata; it is not a benchmark validity score.""]",results/audits/res-278/audit-results.json
RES-278,performance_forecasting_under_schedule_exposure_reporting_heterogeneity@1.0.0,baseline_domination@1.0.0,simple_model_frontier,NOT_APPLICABLE,,psr:audit-result:performance_forecasting_under_schedule_exposure_reporting_heterogeneity-baseline_domination@1.0.0~d20bf4c6be96,sha256:d20bf4c6be96030c48d2ee6bb48c74a4d345b488497fbc71b85beb5f5f054abf,,This benchmark version is outside the attack contract's declared semantic scope.,{},"[""artifacts/registries/attack-contract-registry.json"",""docs/benchmarks/performance-forecasting-under-schedule-exposure-reporting-heterogeneity.md""]",[],[],results/audits/res-278/audit-results.json
RES-278,performance_forecasting_under_schedule_exposure_reporting_heterogeneity@1.0.0,distributional_shift_sensitivity@1.0.0,out_of_distribution_robustness,NOT_APPLICABLE,,psr:audit-result:performance_forecasting_under_schedule_exposure_reporting_heterogeneity-distributional_shift_sensitivity@1.0.0~ebdd2d8c8674,sha256:ebdd2d8c8674918052e405c6e566cb49bc3da4e60cfe2442379aa9b1da9ac059,,This benchmark version is outside the attack contract's declared semantic scope.,{},"[""artifacts/registries/attack-contract-registry.json"",""docs/benchmarks/performance-forecasting-under-schedule-exposure-reporting-heterogeneity.md""]",[],[],results/audits/res-278/audit-results.json
RES-278,performance_forecasting_under_schedule_exposure_reporting_heterogeneity@1.0.0,hidden_test_fairness@1.0.0,hidden_test_fairness,UNSUPPORTED_BY_EVIDENCE,,psr:audit-result:performance_forecasting_under_schedule_exposure_reporting_heterogeneity-hidden_test_fairness@1.0.0~4c4dd69a458a,sha256:4c4dd69a458a4af9fadb6a16df229db0dd60e14d514c7edee9241a1a6f8b0a83,,"The question applies, but this historical version has no rights-cleared row-level realization and matching executable model/evaluation evidence.",{},"[""docs/benchmarks/performance-forecasting-under-schedule-exposure-reporting-heterogeneity.md"",""artifacts/registries/benchmark-registry.json"",""src/powerlifting_state_research/provenance/historical_sources.py"",""artifacts/registries/attack-contract-registry.json""]","[""Rights-cleared historical participant rows and split identities."",""Version-specific runnable adapter and fitted model/evaluation artifacts.""]",[],results/audits/res-278/audit-results.json
RES-278,performance_forecasting_under_schedule_exposure_reporting_heterogeneity@1.0.0,model_ranking_instability@1.0.0,seed_stability,NOT_APPLICABLE,,psr:audit-result:performance_forecasting_under_schedule_exposure_reporting_heterogeneity-model_ranking_instability@1.0.0~ca15affd57e5,sha256:ca15affd57e5f9a44b6b1caabe7c5aa1c36c055c20654d33a47bf880205dab7d,,This benchmark version is outside the attack contract's declared semantic scope.,{},"[""artifacts/registries/attack-contract-registry.json"",""docs/benchmarks/performance-forecasting-under-schedule-exposure-reporting-heterogeneity.md""]",[],[],results/audits/res-278/audit-results.json
RES-278,performance_forecasting_under_schedule_exposure_reporting_heterogeneity@1.0.0,observation_noise_perturbation@1.0.0,out_of_distribution_robustness,NOT_APPLICABLE,,psr:audit-result:performance_forecasting_under_schedule_exposure_reporting_heterogeneity-observation_noise_perturbation@1.0.0~d4601d0e5ab3,sha256:d4601d0e5ab3e079271e061c98d2cc7502b7e872d03d89211ce749930c87da6f,,This benchmark version is outside the attack contract's declared semantic scope.,{},"[""artifacts/registries/attack-contract-registry.json"",""docs/benchmarks/performance-forecasting-under-schedule-exposure-reporting-heterogeneity.md""]",[],[],results/audits/res-278/audit-results.json
RES-278,performance_forecasting_under_schedule_exposure_reporting_heterogeneity@1.0.0,parameter_seed_sensitivity@1.0.0,seed_stability,NOT_APPLICABLE,,psr:audit-result:performance_forecasting_under_schedule_exposure_reporting_heterogeneity-parameter_seed_sensitivity@1.0.0~cc1d792d21f0,sha256:cc1d792d21f0b1c49a20250c6f48e8af24d1cdb1616fd3601f9a0c1171376c89,,This benchmark version is outside the attack contract's declared semantic scope.,{},"[""artifacts/registries/attack-contract-registry.json"",""docs/benchmarks/performance-forecasting-under-schedule-exposure-reporting-heterogeneity.md""]",[],[],results/audits/res-278/audit-results.json
RES-278,performance_forecasting_under_schedule_exposure_reporting_heterogeneity@1.0.0,participant_input_leakage@1.0.0,leakage_shortcut_susceptibility,UNSUPPORTED_BY_EVIDENCE,,psr:audit-result:performance_forecasting_under_schedule_exposure_reporting_heterogeneity-participant_input_leakage@1.0.0~38a3d2bda0d2,sha256:38a3d2bda0d2d0d9df56399e675be20a067bb24e9db99e999d32640ed9f8339e,,"The question applies, but this historical version has no rights-cleared row-level realization and matching executable model/evaluation evidence.",{},"[""docs/benchmarks/performance-forecasting-under-schedule-exposure-reporting-heterogeneity.md"",""artifacts/registries/benchmark-registry.json"",""src/powerlifting_state_research/provenance/historical_sources.py"",""artifacts/registries/attack-contract-registry.json""]","[""Rights-cleared historical participant rows and split identities."",""Version-specific runnable adapter and fitted model/evaluation artifacts.""]",[],results/audits/res-278/audit-results.json
RES-278,performance_forecasting_under_schedule_exposure_reporting_heterogeneity@1.0.0,reconstruction_provenance_gaps@1.0.0,reconstructability,UNSUPPORTED_BY_EVIDENCE,,psr:audit-result:performance_forecasting_under_schedule_exposure_reporting_heterogeneity-reconstruction_provenance_gaps@1.0.0~aa9ff0cec827,sha256:aa9ff0cec82798370086a264087baf28c19eef515128b184ce5a197eea108397,,"The question applies, but this historical version has no rights-cleared row-level realization and matching executable model/evaluation evidence.",{},"[""docs/benchmarks/performance-forecasting-under-schedule-exposure-reporting-heterogeneity.md"",""artifacts/registries/benchmark-registry.json"",""src/powerlifting_state_research/provenance/historical_sources.py"",""artifacts/registries/attack-contract-registry.json""]","[""Rights-cleared historical participant rows and split identities."",""Version-specific runnable adapter and fitted model/evaluation artifacts.""]",[],results/audits/res-278/audit-results.json
RES-278,performance_forecasting_under_schedule_exposure_reporting_heterogeneity@1.0.0,shortcut_feature_dependence@1.0.0,leakage_shortcut_susceptibility,NOT_APPLICABLE,,psr:audit-result:performance_forecasting_under_schedule_exposure_reporting_heterogeneity-shortcut_feature_dependence@1.0.0~bc75ca52692f,sha256:bc75ca52692f69d8045e1f543e3d29473f7cf08b20d63ae7bcaeff0a90cb5620,,This benchmark version is outside the attack contract's declared semantic scope.,{},"[""artifacts/registries/attack-contract-registry.json"",""docs/benchmarks/performance-forecasting-under-schedule-exposure-reporting-heterogeneity.md""]",[],[],results/audits/res-278/audit-results.json
RES-278,performance_forecasting_under_schedule_exposure_reporting_heterogeneity@1.0.0,sparse_missing_history_sensitivity@1.0.0,out_of_distribution_robustness,UNSUPPORTED_BY_EVIDENCE,,psr:audit-result:performance_forecasting_under_schedule_exposure_reporting_heterogeneity-sparse_missing_history_sensitivity@1.0.0~cc11b54954e7,sha256:cc11b54954e7e157db46de65b6f698e40623ed2644d437805cf34ee39106cbda,,"The question applies, but this historical version has no rights-cleared row-level realization and matching executable model/evaluation evidence.",{},"[""docs/benchmarks/performance-forecasting-under-schedule-exposure-reporting-heterogeneity.md"",""artifacts/registries/benchmark-registry.json"",""src/powerlifting_state_research/provenance/historical_sources.py"",""artifacts/registries/attack-contract-registry.json""]","[""Rights-cleared historical participant rows and split identities."",""Version-specific runnable adapter and fitted model/evaluation artifacts.""]",[],results/audits/res-278/audit-results.json
RES-278,performance_forecasting_under_schedule_exposure_reporting_heterogeneity@1.0.0,target_identity_contamination@1.0.0,leakage_shortcut_susceptibility,UNSUPPORTED_BY_EVIDENCE,,psr:audit-result:performance_forecasting_under_schedule_exposure_reporting_heterogeneity-target_identity_contamination@1.0.0~24f2be90b99d,sha256:24f2be90b99dc4a809ca42419483317dac6a2b5f8f7b7270145be91b32c6aa66,,"The question applies, but this historical version has no rights-cleared row-level realization and matching executable model/evaluation evidence.",{},"[""docs/benchmarks/performance-forecasting-under-schedule-exposure-reporting-heterogeneity.md"",""artifacts/registries/benchmark-registry.json"",""src/powerlifting_state_research/provenance/historical_sources.py"",""artifacts/registries/attack-contract-registry.json""]","[""Rights-cleared historical participant rows and split identities."",""Version-specific runnable adapter and fitted model/evaluation artifacts.""]",[],results/audits/res-278/audit-results.json
RES-278,performance_forecasting_under_schedule_exposure_reporting_heterogeneity@1.0.0,temporal_history_disruption@1.0.0,leakage_shortcut_susceptibility,UNSUPPORTED_BY_EVIDENCE,,psr:audit-result:performance_forecasting_under_schedule_exposure_reporting_heterogeneity-temporal_history_disruption@1.0.0~bc4e0331c669,sha256:bc4e0331c669622b02b4e812cbf429ac4a17147d5f39969180cada11fad65d26,,"The question applies, but this historical version has no rights-cleared row-level realization and matching executable model/evaluation evidence.",{},"[""docs/benchmarks/performance-forecasting-under-schedule-exposure-reporting-heterogeneity.md"",""artifacts/registries/benchmark-registry.json"",""src/powerlifting_state_research/provenance/historical_sources.py"",""artifacts/registries/attack-contract-registry.json""]","[""Rights-cleared historical participant rows and split identities."",""Version-specific runnable adapter and fitted model/evaluation artifacts.""]",[],results/audits/res-278/audit-results.json
RES-278,performance_forecasting_under_schedule_exposure_reporting_heterogeneity@1.0.0,training_plan_counterfactual_sensitivity@1.0.0,out_of_distribution_robustness,NOT_APPLICABLE,,psr:audit-result:performance_forecasting_under_schedule_exposure_reporting_heterogeneity-training_plan_counterfactual_sensitivity@1.0.0~a258dca16d01,sha256:a258dca16d011dd7a9c78926f580380cf765ba67edcc93c0138db311d603b113,,This benchmark version is outside the attack contract's declared semantic scope.,{},"[""artifacts/registries/attack-contract-registry.json"",""docs/benchmarks/performance-forecasting-under-schedule-exposure-reporting-heterogeneity.md""]",[],[],results/audits/res-278/audit-results.json
RES-278,seasonal_five_target_load_velocity_performance_forecasting@1.0.0,audit_coverage_accounting@1.0.0,audit_coverage,PASS,res278-audit_coverage_accounting-02a70a7ef7b2,psr:audit-result:seasonal_five_target_load_velocity_performance_forecasting-audit_coverage_accounting@1.0.0~df8f0ff71b8e,sha256:df8f0ff71b8ec4c282224b1bacc87fa9687a727fb5164a3cce0a4394ab829d39,c918e96e901fedb72c855a2bc7658574f5cfd43a,"Every registered attack has exactly one version-specific state, and the count reconciles to the typed contract and profile.","{""applicable_attack_count"":7,""executed_attack_count"":1,""inapplicable_attack_count"":7,""recorded_attack_count"":14,""registered_attack_count"":14,""state_count::FAIL"":0,""state_count::INCONCLUSIVE"":0,""state_count::NOT_APPLICABLE"":7,""state_count::NOT_RUN"":0,""state_count::PASS"":1,""state_count::UNSUPPORTED_BY_EVIDENCE"":6,""state_count_match"":1}","[""artifacts/registries/attack-contract-registry.json"",""artifacts/registries/validity-axis-registry.json"",""artifacts/registries/version-validity-profiles.json"",""artifacts/registries/benchmark-registry.json"",""docs/benchmarks/seasonal-five-target-load-velocity-performance-forecasting.md"",""src/powerlifting_state_research/provenance/historical_sources.py""]",[],"[""Coverage is process metadata; it is not a benchmark validity score.""]",results/audits/res-278/audit-results.json
RES-278,seasonal_five_target_load_velocity_performance_forecasting@1.0.0,baseline_domination@1.0.0,simple_model_frontier,NOT_APPLICABLE,,psr:audit-result:seasonal_five_target_load_velocity_performance_forecasting-baseline_domination@1.0.0~692e27241752,sha256:692e27241752f17014627fdb46ad404b19aade94f0cc0699176a294c9c4a8ec4,,This benchmark version is outside the attack contract's declared semantic scope.,{},"[""artifacts/registries/attack-contract-registry.json"",""docs/benchmarks/seasonal-five-target-load-velocity-performance-forecasting.md""]",[],[],results/audits/res-278/audit-results.json
RES-278,seasonal_five_target_load_velocity_performance_forecasting@1.0.0,distributional_shift_sensitivity@1.0.0,out_of_distribution_robustness,NOT_APPLICABLE,,psr:audit-result:seasonal_five_target_load_velocity_performance_forecasting-distributional_shift_sensitivity@1.0.0~b26b417c021a,sha256:b26b417c021ab09a5e5d18b1cf2534485090ab4b47975ebc51927ad7da52642f,,This benchmark version is outside the attack contract's declared semantic scope.,{},"[""artifacts/registries/attack-contract-registry.json"",""docs/benchmarks/seasonal-five-target-load-velocity-performance-forecasting.md""]",[],[],results/audits/res-278/audit-results.json
RES-278,seasonal_five_target_load_velocity_performance_forecasting@1.0.0,hidden_test_fairness@1.0.0,hidden_test_fairness,UNSUPPORTED_BY_EVIDENCE,,psr:audit-result:seasonal_five_target_load_velocity_performance_forecasting-hidden_test_fairness@1.0.0~a7b9327c73f0,sha256:a7b9327c73f0c5ac910f3a7be2154c8e26ddb92308fbcb2801cd50f6da67435a,,"The question applies, but this historical version has no rights-cleared row-level realization and matching executable model/evaluation evidence.",{},"[""docs/benchmarks/seasonal-five-target-load-velocity-performance-forecasting.md"",""artifacts/registries/benchmark-registry.json"",""src/powerlifting_state_research/provenance/historical_sources.py"",""artifacts/registries/attack-contract-registry.json""]","[""Rights-cleared historical participant rows and split identities."",""Version-specific runnable adapter and fitted model/evaluation artifacts.""]",[],results/audits/res-278/audit-results.json
RES-278,seasonal_five_target_load_velocity_performance_forecasting@1.0.0,model_ranking_instability@1.0.0,seed_stability,NOT_APPLICABLE,,psr:audit-result:seasonal_five_target_load_velocity_performance_forecasting-model_ranking_instability@1.0.0~0448160b3c9e,sha256:0448160b3c9e6974d824193b43fe78a51069134d6c45c1cef352248740f80dce,,This benchmark version is outside the attack contract's declared semantic scope.,{},"[""artifacts/registries/attack-contract-registry.json"",""docs/benchmarks/seasonal-five-target-load-velocity-performance-forecasting.md""]",[],[],results/audits/res-278/audit-results.json
RES-278,seasonal_five_target_load_velocity_performance_forecasting@1.0.0,observation_noise_perturbation@1.0.0,out_of_distribution_robustness,NOT_APPLICABLE,,psr:audit-result:seasonal_five_target_load_velocity_performance_forecasting-observation_noise_perturbation@1.0.0~13ef37edba2a,sha256:13ef37edba2a5960dd186105da07cea784bdab38dd701a63d09002cd24e5eeb0,,This benchmark version is outside the attack contract's declared semantic scope.,{},"[""artifacts/registries/attack-contract-registry.json"",""docs/benchmarks/seasonal-five-target-load-velocity-performance-forecasting.md""]",[],[],results/audits/res-278/audit-results.json
RES-278,seasonal_five_target_load_velocity_performance_forecasting@1.0.0,parameter_seed_sensitivity@1.0.0,seed_stability,NOT_APPLICABLE,,psr:audit-result:seasonal_five_target_load_velocity_performance_forecasting-parameter_seed_sensitivity@1.0.0~c41331527818,sha256:c41331527818a350baa92a01c42a2d2fa8888d7ed76174b54e7584d02cabf428,,This benchmark version is outside the attack contract's declared semantic scope.,{},"[""artifacts/registries/attack-contract-registry.json"",""docs/benchmarks/seasonal-five-target-load-velocity-performance-forecasting.md""]",[],[],results/audits/res-278/audit-results.json
RES-278,seasonal_five_target_load_velocity_performance_forecasting@1.0.0,participant_input_leakage@1.0.0,leakage_shortcut_susceptibility,UNSUPPORTED_BY_EVIDENCE,,psr:audit-result:seasonal_five_target_load_velocity_performance_forecasting-participant_input_leakage@1.0.0~391559d4ca70,sha256:391559d4ca70d1095f456b1271688c509a4d884949a930bcdfe0b48b8bb82881,,"The question applies, but this historical version has no rights-cleared row-level realization and matching executable model/evaluation evidence.",{},"[""docs/benchmarks/seasonal-five-target-load-velocity-performance-forecasting.md"",""artifacts/registries/benchmark-registry.json"",""src/powerlifting_state_research/provenance/historical_sources.py"",""artifacts/registries/attack-contract-registry.json""]","[""Rights-cleared historical participant rows and split identities."",""Version-specific runnable adapter and fitted model/evaluation artifacts.""]",[],results/audits/res-278/audit-results.json
RES-278,seasonal_five_target_load_velocity_performance_forecasting@1.0.0,reconstruction_provenance_gaps@1.0.0,reconstructability,UNSUPPORTED_BY_EVIDENCE,,psr:audit-result:seasonal_five_target_load_velocity_performance_forecasting-reconstruction_provenance_gaps@1.0.0~d2a6e96f5ef4,sha256:d2a6e96f5ef420565a8f74daf91f7b10260ae178ec5326447758abbe19d21d0b,,"The question applies, but this historical version has no rights-cleared row-level realization and matching executable model/evaluation evidence.",{},"[""docs/benchmarks/seasonal-five-target-load-velocity-performance-forecasting.md"",""artifacts/registries/benchmark-registry.json"",""src/powerlifting_state_research/provenance/historical_sources.py"",""artifacts/registries/attack-contract-registry.json""]","[""Rights-cleared historical participant rows and split identities."",""Version-specific runnable adapter and fitted model/evaluation artifacts.""]",[],results/audits/res-278/audit-results.json
RES-278,seasonal_five_target_load_velocity_performance_forecasting@1.0.0,shortcut_feature_dependence@1.0.0,leakage_shortcut_susceptibility,NOT_APPLICABLE,,psr:audit-result:seasonal_five_target_load_velocity_performance_forecasting-shortcut_feature_dependence@1.0.0~9f0f5c6633f4,sha256:9f0f5c6633f496c8a85a6e8dbf76763ce489c901179c5669b3e4f7ed584ba640,,This benchmark version is outside the attack contract's declared semantic scope.,{},"[""artifacts/registries/attack-contract-registry.json"",""docs/benchmarks/seasonal-five-target-load-velocity-performance-forecasting.md""]",[],[],results/audits/res-278/audit-results.json
RES-278,seasonal_five_target_load_velocity_performance_forecasting@1.0.0,sparse_missing_history_sensitivity@1.0.0,out_of_distribution_robustness,UNSUPPORTED_BY_EVIDENCE,,psr:audit-result:seasonal_five_target_load_velocity_performance_forecasting-sparse_missing_history_sensitivity@1.0.0~40fb077814b4,sha256:40fb077814b4e9bf5562de09792cd5b96d355016d21995274738fdbc9ef710fa,,"The question applies, but this historical version has no rights-cleared row-level realization and matching executable model/evaluation evidence.",{},"[""docs/benchmarks/seasonal-five-target-load-velocity-performance-forecasting.md"",""artifacts/registries/benchmark-registry.json"",""src/powerlifting_state_research/provenance/historical_sources.py"",""artifacts/registries/attack-contract-registry.json""]","[""Rights-cleared historical participant rows and split identities."",""Version-specific runnable adapter and fitted model/evaluation artifacts.""]",[],results/audits/res-278/audit-results.json
RES-278,seasonal_five_target_load_velocity_performance_forecasting@1.0.0,target_identity_contamination@1.0.0,leakage_shortcut_susceptibility,UNSUPPORTED_BY_EVIDENCE,,psr:audit-result:seasonal_five_target_load_velocity_performance_forecasting-target_identity_contamination@1.0.0~75a054603ced,sha256:75a054603ced3867d71e33009d898ad8fd0051c4a8cd3dbd07c0b80e760c6d4c,,"The question applies, but this historical version has no rights-cleared row-level realization and matching executable model/evaluation evidence.",{},"[""docs/benchmarks/seasonal-five-target-load-velocity-performance-forecasting.md"",""artifacts/registries/benchmark-registry.json"",""src/powerlifting_state_research/provenance/historical_sources.py"",""artifacts/registries/attack-contract-registry.json""]","[""Rights-cleared historical participant rows and split identities."",""Version-specific runnable adapter and fitted model/evaluation artifacts.""]",[],results/audits/res-278/audit-results.json
RES-278,seasonal_five_target_load_velocity_performance_forecasting@1.0.0,temporal_history_disruption@1.0.0,leakage_shortcut_susceptibility,UNSUPPORTED_BY_EVIDENCE,,psr:audit-result:seasonal_five_target_load_velocity_performance_forecasting-temporal_history_disruption@1.0.0~50f3af1cc82a,sha256:50f3af1cc82a1695d203c106830a85719694a3bd94466a931dc64ed8907cec4c,,"The question applies, but this historical version has no rights-cleared row-level realization and matching executable model/evaluation evidence.",{},"[""docs/benchmarks/seasonal-five-target-load-velocity-performance-forecasting.md"",""artifacts/registries/benchmark-registry.json"",""src/powerlifting_state_research/provenance/historical_sources.py"",""artifacts/registries/attack-contract-registry.json""]","[""Rights-cleared historical participant rows and split identities."",""Version-specific runnable adapter and fitted model/evaluation artifacts.""]",[],results/audits/res-278/audit-results.json
RES-278,seasonal_five_target_load_velocity_performance_forecasting@1.0.0,training_plan_counterfactual_sensitivity@1.0.0,out_of_distribution_robustness,NOT_APPLICABLE,,psr:audit-result:seasonal_five_target_load_velocity_performance_forecasting-training_plan_counterfactual_sensitivity@1.0.0~84dcbe7d62ec,sha256:84dcbe7d62ec3abf42262c8eeb8797bbef93c74eb6021b7bd0e0cf411b196d03,,This benchmark version is outside the attack contract's declared semantic scope.,{},"[""artifacts/registries/attack-contract-registry.json"",""docs/benchmarks/seasonal-five-target-load-velocity-performance-forecasting.md""]",[],[],results/audits/res-278/audit-results.json
RES-281,class_normalized_cross_lift_five_target_performance_forecasting@1.0.0,audit_coverage_accounting@1.0.0,audit_coverage,PASS,res281-audit_coverage_accounting-5651e24fe4a2,psr:audit-result:class_normalized_cross_lift_five_target_performance_forecasting-audit_coverage_accounting@1.0.0~2763f9431f94,sha256:2763f9431f947713b7cab265b6857c0cec0f15a6f06a77749465c3b843aac777,d854443b467eb21e72ab08ce44d156f8a202db38,"Every registered attack has exactly one version-specific state, and the count reconciles to the typed contract and profile.","{""applicable_attack_count"":7,""executed_attack_count"":2,""inapplicable_attack_count"":7,""recorded_attack_count"":14,""registered_attack_count"":14,""state_count::FAIL"":0,""state_count::INCONCLUSIVE"":1,""state_count::NOT_APPLICABLE"":7,""state_count::NOT_RUN"":0,""state_count::PASS"":1,""state_count::UNSUPPORTED_BY_EVIDENCE"":5,""state_count_match"":1}","[""artifacts/registries/attack-contract-registry.json"",""artifacts/registries/validity-axis-registry.json"",""artifacts/registries/version-validity-profiles.json"",""artifacts/registries/benchmark-registry.json"",""docs/benchmarks/class-normalized-cross-lift-five-target-performance-forecasting.md"",""src/powerlifting_state_research/provenance/historical_sources.py""]",[],"[""Coverage is process metadata; it is not a benchmark validity score.""]",results/audits/res-281/audit-results.json
RES-281,class_normalized_cross_lift_five_target_performance_forecasting@1.0.0,baseline_domination@1.0.0,simple_model_frontier,NOT_APPLICABLE,,psr:audit-result:class_normalized_cross_lift_five_target_performance_forecasting-baseline_domination@1.0.0~e6caee615c74,sha256:e6caee615c74375ca66b6849134ed2bfd34b7b7dbf7525493f5768677f688b2e,,This benchmark version is outside the attack contract's declared semantic scope.,{},"[""artifacts/registries/attack-contract-registry.json"",""docs/benchmarks/class-normalized-cross-lift-five-target-performance-forecasting.md""]",[],[],results/audits/res-281/audit-results.json
RES-281,class_normalized_cross_lift_five_target_performance_forecasting@1.0.0,distributional_shift_sensitivity@1.0.0,out_of_distribution_robustness,NOT_APPLICABLE,,psr:audit-result:class_normalized_cross_lift_five_target_performance_forecasting-distributional_shift_sensitivity@1.0.0~3615b88b5c01,sha256:3615b88b5c01f9422f579095c39319811bf003308da0f37fbf792193084fb54d,,This benchmark version is outside the attack contract's declared semantic scope.,{},"[""artifacts/registries/attack-contract-registry.json"",""docs/benchmarks/class-normalized-cross-lift-five-target-performance-forecasting.md""]",[],[],results/audits/res-281/audit-results.json
RES-281,class_normalized_cross_lift_five_target_performance_forecasting@1.0.0,hidden_test_fairness@1.0.0,hidden_test_fairness,UNSUPPORTED_BY_EVIDENCE,,psr:audit-result:class_normalized_cross_lift_five_target_performance_forecasting-hidden_test_fairness@1.0.0~df8f90358270,sha256:df8f9035827062ef223f84c901873019126e0dc7c14f25c51ce9bb808a97d677,,"The question applies, but this historical version has no rights-cleared row-level realization and matching executable model/evaluation evidence.",{},"[""docs/benchmarks/class-normalized-cross-lift-five-target-performance-forecasting.md"",""artifacts/registries/benchmark-registry.json"",""src/powerlifting_state_research/provenance/historical_sources.py"",""artifacts/registries/attack-contract-registry.json""]","[""Rights-cleared historical participant rows and split identities."",""Version-specific runnable adapter and fitted model/evaluation artifacts.""]",[],results/audits/res-281/audit-results.json
RES-281,class_normalized_cross_lift_five_target_performance_forecasting@1.0.0,model_ranking_instability@1.0.0,seed_stability,NOT_APPLICABLE,,psr:audit-result:class_normalized_cross_lift_five_target_performance_forecasting-model_ranking_instability@1.0.0~5d8ab095bb84,sha256:5d8ab095bb8463e9148d519ae7235f0f87d73c64043ec110d40a24a233c2d835,,This benchmark version is outside the attack contract's declared semantic scope.,{},"[""artifacts/registries/attack-contract-registry.json"",""docs/benchmarks/class-normalized-cross-lift-five-target-performance-forecasting.md""]",[],[],results/audits/res-281/audit-results.json
RES-281,class_normalized_cross_lift_five_target_performance_forecasting@1.0.0,observation_noise_perturbation@1.0.0,out_of_distribution_robustness,NOT_APPLICABLE,,psr:audit-result:class_normalized_cross_lift_five_target_performance_forecasting-observation_noise_perturbation@1.0.0~d67a3c2277ca,sha256:d67a3c2277ca84074e4ea451366eb319bb7a800f4c77e0b4f4ecece1bd17bc27,,This benchmark version is outside the attack contract's declared semantic scope.,{},"[""artifacts/registries/attack-contract-registry.json"",""docs/benchmarks/class-normalized-cross-lift-five-target-performance-forecasting.md""]",[],[],results/audits/res-281/audit-results.json
RES-281,class_normalized_cross_lift_five_target_performance_forecasting@1.0.0,parameter_seed_sensitivity@1.0.0,seed_stability,NOT_APPLICABLE,,psr:audit-result:class_normalized_cross_lift_five_target_performance_forecasting-parameter_seed_sensitivity@1.0.0~5342e0edce51,sha256:5342e0edce51bbfa4712a60a9889bb931c2d137dd38638457f11f6c768dd18c0,,This benchmark version is outside the attack contract's declared semantic scope.,{},"[""artifacts/registries/attack-contract-registry.json"",""docs/benchmarks/class-normalized-cross-lift-five-target-performance-forecasting.md""]",[],[],results/audits/res-281/audit-results.json
RES-281,class_normalized_cross_lift_five_target_performance_forecasting@1.0.0,participant_input_leakage@1.0.0,leakage_shortcut_susceptibility,UNSUPPORTED_BY_EVIDENCE,,psr:audit-result:class_normalized_cross_lift_five_target_performance_forecasting-participant_input_leakage@1.0.0~f64e028beb3c,sha256:f64e028beb3c2e8ee87add8f37d108401d8f1fda6a17ba0b47d8b7832c2202d7,,"The question applies, but this historical version has no rights-cleared row-level realization and matching executable model/evaluation evidence.",{},"[""docs/benchmarks/class-normalized-cross-lift-five-target-performance-forecasting.md"",""artifacts/registries/benchmark-registry.json"",""src/powerlifting_state_research/provenance/historical_sources.py"",""artifacts/registries/attack-contract-registry.json""]","[""Rights-cleared historical participant rows and split identities."",""Version-specific runnable adapter and fitted model/evaluation artifacts.""]",[],results/audits/res-281/audit-results.json
RES-281,class_normalized_cross_lift_five_target_performance_forecasting@1.0.0,reconstruction_provenance_gaps@1.0.0,reconstructability,INCONCLUSIVE,res281-reconstruction_provenance_gaps-57f2958273e4,psr:audit-result:class_normalized_cross_lift_five_target_performance_forecasting-reconstruction_provenance_gaps@1.0.0~2e296e6bd001,sha256:2e296e6bd001c4568f898a46536152368b4f49b722a95042b94b29aab0892c7a,d854443b467eb21e72ab08ce44d156f8a202db38,Public historical provenance metadata was audited. Unresolved identity links and unavailable original realization/model/evaluation artifacts prevent a full reconstruction decision.,"{""benchmark_identity_mintable"":0,""historical_row_realization_available"":0,""historical_source_component_count"":13,""matching_model_evaluation_artifacts_available"":0,""public_metadata_artifact_count"":4,""unresolved_direct_identity_count"":2}","[""docs/benchmarks/class-normalized-cross-lift-five-target-performance-forecasting.md"",""artifacts/registries/benchmark-registry.json"",""artifacts/registries/attack-contract-registry.json"",""src/powerlifting_state_research/provenance/historical_sources.py""]",[],"[""This is a metadata-only historical audit; no participant rows, private data, or checkpoints were read or reconstructed."",""An inconclusive provenance result is not evidence that historical data or models were valid or reproducible.""]",results/audits/res-281/audit-results.json
RES-281,class_normalized_cross_lift_five_target_performance_forecasting@1.0.0,shortcut_feature_dependence@1.0.0,leakage_shortcut_susceptibility,NOT_APPLICABLE,,psr:audit-result:class_normalized_cross_lift_five_target_performance_forecasting-shortcut_feature_dependence@1.0.0~9471980e608a,sha256:9471980e608aad022ad8f670c60274d208154263c351c6315365116d6c5094e0,,This benchmark version is outside the attack contract's declared semantic scope.,{},"[""artifacts/registries/attack-contract-registry.json"",""docs/benchmarks/class-normalized-cross-lift-five-target-performance-forecasting.md""]",[],[],results/audits/res-281/audit-results.json
RES-281,class_normalized_cross_lift_five_target_performance_forecasting@1.0.0,sparse_missing_history_sensitivity@1.0.0,out_of_distribution_robustness,UNSUPPORTED_BY_EVIDENCE,,psr:audit-result:class_normalized_cross_lift_five_target_performance_forecasting-sparse_missing_history_sensitivity@1.0.0~645682f964d2,sha256:645682f964d254145d493e6b86c02f7940679b5d2b0cc4b71337d03da652b408,,"The question applies, but this historical version has no rights-cleared row-level realization and matching executable model/evaluation evidence.",{},"[""docs/benchmarks/class-normalized-cross-lift-five-target-performance-forecasting.md"",""artifacts/registries/benchmark-registry.json"",""src/powerlifting_state_research/provenance/historical_sources.py"",""artifacts/registries/attack-contract-registry.json""]","[""Rights-cleared historical participant rows and split identities."",""Version-specific runnable adapter and fitted model/evaluation artifacts.""]",[],results/audits/res-281/audit-results.json
RES-281,class_normalized_cross_lift_five_target_performance_forecasting@1.0.0,target_identity_contamination@1.0.0,leakage_shortcut_susceptibility,UNSUPPORTED_BY_EVIDENCE,,psr:audit-result:class_normalized_cross_lift_five_target_performance_forecasting-target_identity_contamination@1.0.0~f410a4c1bea1,sha256:f410a4c1bea1d33ab408a98dc249550e8a2f4028949594a1663d88f5eacd270a,,"The question applies, but this historical version has no rights-cleared row-level realization and matching executable model/evaluation evidence.",{},"[""docs/benchmarks/class-normalized-cross-lift-five-target-performance-forecasting.md"",""artifacts/registries/benchmark-registry.json"",""src/powerlifting_state_research/provenance/historical_sources.py"",""artifacts/registries/attack-contract-registry.json""]","[""Rights-cleared historical participant rows and split identities."",""Version-specific runnable adapter and fitted model/evaluation artifacts.""]",[],results/audits/res-281/audit-results.json
RES-281,class_normalized_cross_lift_five_target_performance_forecasting@1.0.0,temporal_history_disruption@1.0.0,leakage_shortcut_susceptibility,UNSUPPORTED_BY_EVIDENCE,,psr:audit-result:class_normalized_cross_lift_five_target_performance_forecasting-temporal_history_disruption@1.0.0~bc70e7581483,sha256:bc70e75814830e88300622ff8da5a85490fb0b42be13f622fc00f2e7ce7f75bd,,"The question applies, but this historical version has no rights-cleared row-level realization and matching executable model/evaluation evidence.",{},"[""docs/benchmarks/class-normalized-cross-lift-five-target-performance-forecasting.md"",""artifacts/registries/benchmark-registry.json"",""src/powerlifting_state_research/provenance/historical_sources.py"",""artifacts/registries/attack-contract-registry.json""]","[""Rights-cleared historical participant rows and split identities."",""Version-specific runnable adapter and fitted model/evaluation artifacts.""]",[],results/audits/res-281/audit-results.json
RES-281,class_normalized_cross_lift_five_target_performance_forecasting@1.0.0,training_plan_counterfactual_sensitivity@1.0.0,out_of_distribution_robustness,NOT_APPLICABLE,,psr:audit-result:class_normalized_cross_lift_five_target_performance_forecasting-training_plan_counterfactual_sensitivity@1.0.0~7b75838b35a4,sha256:7b75838b35a4fe309748528a1c9cad72e4914cf99eb4b17b5fb605ef72979e11,,This benchmark version is outside the attack contract's declared semantic scope.,{},"[""artifacts/registries/attack-contract-registry.json"",""docs/benchmarks/class-normalized-cross-lift-five-target-performance-forecasting.md""]",[],[],results/audits/res-281/audit-results.json
RES-281,four_target_load_velocity_and_competition_performance_forecasting@1.0.0,audit_coverage_accounting@1.0.0,audit_coverage,PASS,res281-audit_coverage_accounting-f3dd2e938511,psr:audit-result:four_target_load_velocity_and_competition_performance_forecasting-audit_coverage_accounting@1.0.0~bbebc945e116,sha256:bbebc945e116aef936b152b6e752c86816bc7d87bbfecfcad9589ccdcb76c8ae,d854443b467eb21e72ab08ce44d156f8a202db38,"Every registered attack has exactly one version-specific state, and the count reconciles to the typed contract and profile.","{""applicable_attack_count"":7,""executed_attack_count"":2,""inapplicable_attack_count"":7,""recorded_attack_count"":14,""registered_attack_count"":14,""state_count::FAIL"":0,""state_count::INCONCLUSIVE"":1,""state_count::NOT_APPLICABLE"":7,""state_count::NOT_RUN"":0,""state_count::PASS"":1,""state_count::UNSUPPORTED_BY_EVIDENCE"":5,""state_count_match"":1}","[""artifacts/registries/attack-contract-registry.json"",""artifacts/registries/validity-axis-registry.json"",""artifacts/registries/version-validity-profiles.json"",""artifacts/registries/benchmark-registry.json"",""docs/benchmarks/four-target-load-velocity-and-competition-performance-forecasting.md"",""src/powerlifting_state_research/provenance/historical_sources.py""]",[],"[""Coverage is process metadata; it is not a benchmark validity score.""]",results/audits/res-281/audit-results.json
RES-281,four_target_load_velocity_and_competition_performance_forecasting@1.0.0,baseline_domination@1.0.0,simple_model_frontier,NOT_APPLICABLE,,psr:audit-result:four_target_load_velocity_and_competition_performance_forecasting-baseline_domination@1.0.0~ed7a51b56807,sha256:ed7a51b5680795f607c14097ba02a375312d79b7daf72544bdcda5688a897b31,,This benchmark version is outside the attack contract's declared semantic scope.,{},"[""artifacts/registries/attack-contract-registry.json"",""docs/benchmarks/four-target-load-velocity-and-competition-performance-forecasting.md""]",[],[],results/audits/res-281/audit-results.json
RES-281,four_target_load_velocity_and_competition_performance_forecasting@1.0.0,distributional_shift_sensitivity@1.0.0,out_of_distribution_robustness,NOT_APPLICABLE,,psr:audit-result:four_target_load_velocity_and_competition_performance_forecasting-distributional_shift_sensitivity@1.0.0~e1c884f5a10d,sha256:e1c884f5a10db897515671d0daed826406c0486b51ee2f7d79e089edb559952f,,This benchmark version is outside the attack contract's declared semantic scope.,{},"[""artifacts/registries/attack-contract-registry.json"",""docs/benchmarks/four-target-load-velocity-and-competition-performance-forecasting.md""]",[],[],results/audits/res-281/audit-results.json
RES-281,four_target_load_velocity_and_competition_performance_forecasting@1.0.0,hidden_test_fairness@1.0.0,hidden_test_fairness,UNSUPPORTED_BY_EVIDENCE,,psr:audit-result:four_target_load_velocity_and_competition_performance_forecasting-hidden_test_fairness@1.0.0~0a8bc3f73802,sha256:0a8bc3f73802273df38d52dbe21cf368e4352b8eb3db8a217dce3646dd21649b,,"The question applies, but this historical version has no rights-cleared row-level realization and matching executable model/evaluation evidence.",{},"[""docs/benchmarks/four-target-load-velocity-and-competition-performance-forecasting.md"",""artifacts/registries/benchmark-registry.json"",""src/powerlifting_state_research/provenance/historical_sources.py"",""artifacts/registries/attack-contract-registry.json""]","[""Rights-cleared historical participant rows and split identities."",""Version-specific runnable adapter and fitted model/evaluation artifacts.""]",[],results/audits/res-281/audit-results.json
RES-281,four_target_load_velocity_and_competition_performance_forecasting@1.0.0,model_ranking_instability@1.0.0,seed_stability,NOT_APPLICABLE,,psr:audit-result:four_target_load_velocity_and_competition_performance_forecasting-model_ranking_instability@1.0.0~b76edaa314ce,sha256:b76edaa314cec2693c01e2bafeb8091845a17677e68a79f6f4439b4031afbb02,,This benchmark version is outside the attack contract's declared semantic scope.,{},"[""artifacts/registries/attack-contract-registry.json"",""docs/benchmarks/four-target-load-velocity-and-competition-performance-forecasting.md""]",[],[],results/audits/res-281/audit-results.json
RES-281,four_target_load_velocity_and_competition_performance_forecasting@1.0.0,observation_noise_perturbation@1.0.0,out_of_distribution_robustness,NOT_APPLICABLE,,psr:audit-result:four_target_load_velocity_and_competition_performance_forecasting-observation_noise_perturbation@1.0.0~ae05e56fa346,sha256:ae05e56fa3467f8622a4e03547829c90ddb056f293caf7831fb2a3c0bc00739b,,This benchmark version is outside the attack contract's declared semantic scope.,{},"[""artifacts/registries/attack-contract-registry.json"",""docs/benchmarks/four-target-load-velocity-and-competition-performance-forecasting.md""]",[],[],results/audits/res-281/audit-results.json
RES-281,four_target_load_velocity_and_competition_performance_forecasting@1.0.0,parameter_seed_sensitivity@1.0.0,seed_stability,NOT_APPLICABLE,,psr:audit-result:four_target_load_velocity_and_competition_performance_forecasting-parameter_seed_sensitivity@1.0.0~a7cab358755a,sha256:a7cab358755a74b538e24fd00ad490752ebd57490c914166e8849d0c99267057,,This benchmark version is outside the attack contract's declared semantic scope.,{},"[""artifacts/registries/attack-contract-registry.json"",""docs/benchmarks/four-target-load-velocity-and-competition-performance-forecasting.md""]",[],[],results/audits/res-281/audit-results.json
RES-281,four_target_load_velocity_and_competition_performance_forecasting@1.0.0,participant_input_leakage@1.0.0,leakage_shortcut_susceptibility,UNSUPPORTED_BY_EVIDENCE,,psr:audit-result:four_target_load_velocity_and_competition_performance_forecasting-participant_input_leakage@1.0.0~84be107e7183,sha256:84be107e7183dcea23ca73e60e79b30b3fe8b78f912574e8748ac8c20dcaba16,,"The question applies, but this historical version has no rights-cleared row-level realization and matching executable model/evaluation evidence.",{},"[""docs/benchmarks/four-target-load-velocity-and-competition-performance-forecasting.md"",""artifacts/registries/benchmark-registry.json"",""src/powerlifting_state_research/provenance/historical_sources.py"",""artifacts/registries/attack-contract-registry.json""]","[""Rights-cleared historical participant rows and split identities."",""Version-specific runnable adapter and fitted model/evaluation artifacts.""]",[],results/audits/res-281/audit-results.json
RES-281,four_target_load_velocity_and_competition_performance_forecasting@1.0.0,reconstruction_provenance_gaps@1.0.0,reconstructability,INCONCLUSIVE,res281-reconstruction_provenance_gaps-00978ee82d77,psr:audit-result:four_target_load_velocity_and_competition_performance_forecasting-reconstruction_provenance_gaps@1.0.0~e7f0ae014863,sha256:e7f0ae014863a4104bea4ff9e1da7ce345323da187816bd02ec53255b2b7a775,d854443b467eb21e72ab08ce44d156f8a202db38,Public historical provenance metadata was audited. Unresolved identity links and unavailable original realization/model/evaluation artifacts prevent a full reconstruction decision.,"{""benchmark_identity_mintable"":0,""historical_row_realization_available"":0,""historical_source_component_count"":13,""matching_model_evaluation_artifacts_available"":0,""public_metadata_artifact_count"":4,""unresolved_direct_identity_count"":2}","[""docs/benchmarks/four-target-load-velocity-and-competition-performance-forecasting.md"",""artifacts/registries/benchmark-registry.json"",""artifacts/registries/attack-contract-registry.json"",""src/powerlifting_state_research/provenance/historical_sources.py""]",[],"[""This is a metadata-only historical audit; no participant rows, private data, or checkpoints were read or reconstructed."",""An inconclusive provenance result is not evidence that historical data or models were valid or reproducible.""]",results/audits/res-281/audit-results.json
RES-281,four_target_load_velocity_and_competition_performance_forecasting@1.0.0,shortcut_feature_dependence@1.0.0,leakage_shortcut_susceptibility,NOT_APPLICABLE,,psr:audit-result:four_target_load_velocity_and_competition_performance_forecasting-shortcut_feature_dependence@1.0.0~062a526ecac4,sha256:062a526ecac4b4e12fffaf2bd6fa745ad19db5d16f42a65403b6f61408913f0c,,This benchmark version is outside the attack contract's declared semantic scope.,{},"[""artifacts/registries/attack-contract-registry.json"",""docs/benchmarks/four-target-load-velocity-and-competition-performance-forecasting.md""]",[],[],results/audits/res-281/audit-results.json
RES-281,four_target_load_velocity_and_competition_performance_forecasting@1.0.0,sparse_missing_history_sensitivity@1.0.0,out_of_distribution_robustness,UNSUPPORTED_BY_EVIDENCE,,psr:audit-result:four_target_load_velocity_and_competition_performance_forecasting-sparse_missing_history_sensitivity@1.0.0~82366d1f6c7a,sha256:82366d1f6c7a834d39b499faf6ff84b1573d737cc5ab0b760acf166115c3001f,,"The question applies, but this historical version has no rights-cleared row-level realization and matching executable model/evaluation evidence.",{},"[""docs/benchmarks/four-target-load-velocity-and-competition-performance-forecasting.md"",""artifacts/registries/benchmark-registry.json"",""src/powerlifting_state_research/provenance/historical_sources.py"",""artifacts/registries/attack-contract-registry.json""]","[""Rights-cleared historical participant rows and split identities."",""Version-specific runnable adapter and fitted model/evaluation artifacts.""]",[],results/audits/res-281/audit-results.json
RES-281,four_target_load_velocity_and_competition_performance_forecasting@1.0.0,target_identity_contamination@1.0.0,leakage_shortcut_susceptibility,UNSUPPORTED_BY_EVIDENCE,,psr:audit-result:four_target_load_velocity_and_competition_performance_forecasting-target_identity_contamination@1.0.0~2c7dd25c1278,sha256:2c7dd25c12786a1fd9b551408ab4e7b4527c05162c64c6915f5b63839b837a80,,"The question applies, but this historical version has no rights-cleared row-level realization and matching executable model/evaluation evidence.",{},"[""docs/benchmarks/four-target-load-velocity-and-competition-performance-forecasting.md"",""artifacts/registries/benchmark-registry.json"",""src/powerlifting_state_research/provenance/historical_sources.py"",""artifacts/registries/attack-contract-registry.json""]","[""Rights-cleared historical participant rows and split identities."",""Version-specific runnable adapter and fitted model/evaluation artifacts.""]",[],results/audits/res-281/audit-results.json
RES-281,four_target_load_velocity_and_competition_performance_forecasting@1.0.0,temporal_history_disruption@1.0.0,leakage_shortcut_susceptibility,UNSUPPORTED_BY_EVIDENCE,,psr:audit-result:four_target_load_velocity_and_competition_performance_forecasting-temporal_history_disruption@1.0.0~b3f7bf7a0159,sha256:b3f7bf7a015933a7f2c3a99aff9e3c44c708d81e84bce233051b0de048388009,,"The question applies, but this historical version has no rights-cleared row-level realization and matching executable model/evaluation evidence.",{},"[""docs/benchmarks/four-target-load-velocity-and-competition-performance-forecasting.md"",""artifacts/registries/benchmark-registry.json"",""src/powerlifting_state_research/provenance/historical_sources.py"",""artifacts/registries/attack-contract-registry.json""]","[""Rights-cleared historical participant rows and split identities."",""Version-specific runnable adapter and fitted model/evaluation artifacts.""]",[],results/audits/res-281/audit-results.json
RES-281,four_target_load_velocity_and_competition_performance_forecasting@1.0.0,training_plan_counterfactual_sensitivity@1.0.0,out_of_distribution_robustness,NOT_APPLICABLE,,psr:audit-result:four_target_load_velocity_and_competition_performance_forecasting-training_plan_counterfactual_sensitivity@1.0.0~1c58472dbe91,sha256:1c58472dbe91eb2845302a818d9f35ed979c7d837942737a30682b33d5c0518b,,This benchmark version is outside the attack contract's declared semantic scope.,{},"[""artifacts/registries/attack-contract-registry.json"",""docs/benchmarks/four-target-load-velocity-and-competition-performance-forecasting.md""]",[],[],results/audits/res-281/audit-results.json
RES-281,held_out_final_origin_five_target_performance_evaluation@1.0.0,audit_coverage_accounting@1.0.0,audit_coverage,PASS,res281-audit_coverage_accounting-701c6d3d9f7a,psr:audit-result:held_out_final_origin_five_target_performance_evaluation-audit_coverage_accounting@1.0.0~c9172e4017c1,sha256:c9172e4017c1f6aa2161fb00290aa2622ff1d6904e13bab3ed74f9eff023bdf7,d854443b467eb21e72ab08ce44d156f8a202db38,"Every registered attack has exactly one version-specific state, and the count reconciles to the typed contract and profile.","{""applicable_attack_count"":7,""executed_attack_count"":2,""inapplicable_attack_count"":7,""recorded_attack_count"":14,""registered_attack_count"":14,""state_count::FAIL"":0,""state_count::INCONCLUSIVE"":1,""state_count::NOT_APPLICABLE"":7,""state_count::NOT_RUN"":0,""state_count::PASS"":1,""state_count::UNSUPPORTED_BY_EVIDENCE"":5,""state_count_match"":1}","[""artifacts/registries/attack-contract-registry.json"",""artifacts/registries/validity-axis-registry.json"",""artifacts/registries/version-validity-profiles.json"",""artifacts/registries/benchmark-registry.json"",""docs/benchmarks/held-out-final-origin-five-target-performance-evaluation.md"",""src/powerlifting_state_research/provenance/historical_sources.py""]",[],"[""Coverage is process metadata; it is not a benchmark validity score.""]",results/audits/res-281/audit-results.json
RES-281,held_out_final_origin_five_target_performance_evaluation@1.0.0,baseline_domination@1.0.0,simple_model_frontier,NOT_APPLICABLE,,psr:audit-result:held_out_final_origin_five_target_performance_evaluation-baseline_domination@1.0.0~bb1d4b865e25,sha256:bb1d4b865e25e736535a3b62b8e590c58255e55584995214b9a133aacbf12a27,,This benchmark version is outside the attack contract's declared semantic scope.,{},"[""artifacts/registries/attack-contract-registry.json"",""docs/benchmarks/held-out-final-origin-five-target-performance-evaluation.md""]",[],[],results/audits/res-281/audit-results.json
RES-281,held_out_final_origin_five_target_performance_evaluation@1.0.0,distributional_shift_sensitivity@1.0.0,out_of_distribution_robustness,NOT_APPLICABLE,,psr:audit-result:held_out_final_origin_five_target_performance_evaluation-distributional_shift_sensitivity@1.0.0~ab6d459308de,sha256:ab6d459308dedf9b9cadc0572f664697b4160d71157169c4301ab81bc9a285fe,,This benchmark version is outside the attack contract's declared semantic scope.,{},"[""artifacts/registries/attack-contract-registry.json"",""docs/benchmarks/held-out-final-origin-five-target-performance-evaluation.md""]",[],[],results/audits/res-281/audit-results.json
RES-281,held_out_final_origin_five_target_performance_evaluation@1.0.0,hidden_test_fairness@1.0.0,hidden_test_fairness,UNSUPPORTED_BY_EVIDENCE,,psr:audit-result:held_out_final_origin_five_target_performance_evaluation-hidden_test_fairness@1.0.0~f184fb4f99b1,sha256:f184fb4f99b1d40dddac1bfe9d717e0891f93c5be0b3a3a3f188dfcdc65fdec7,,"The question applies, but this historical version has no rights-cleared row-level realization and matching executable model/evaluation evidence.",{},"[""docs/benchmarks/held-out-final-origin-five-target-performance-evaluation.md"",""artifacts/registries/benchmark-registry.json"",""src/powerlifting_state_research/provenance/historical_sources.py"",""artifacts/registries/attack-contract-registry.json""]","[""Rights-cleared historical participant rows and split identities."",""Version-specific runnable adapter and fitted model/evaluation artifacts.""]",[],results/audits/res-281/audit-results.json
RES-281,held_out_final_origin_five_target_performance_evaluation@1.0.0,model_ranking_instability@1.0.0,seed_stability,NOT_APPLICABLE,,psr:audit-result:held_out_final_origin_five_target_performance_evaluation-model_ranking_instability@1.0.0~026172cc177e,sha256:026172cc177ec06caf8265e4521b2362eeba9befa495b3b3bc9dfaae2e929d33,,This benchmark version is outside the attack contract's declared semantic scope.,{},"[""artifacts/registries/attack-contract-registry.json"",""docs/benchmarks/held-out-final-origin-five-target-performance-evaluation.md""]",[],[],results/audits/res-281/audit-results.json
RES-281,held_out_final_origin_five_target_performance_evaluation@1.0.0,observation_noise_perturbation@1.0.0,out_of_distribution_robustness,NOT_APPLICABLE,,psr:audit-result:held_out_final_origin_five_target_performance_evaluation-observation_noise_perturbation@1.0.0~2ecf429cfdb4,sha256:2ecf429cfdb4a1be55c4ca3379bc4080d39dbe16ea2958189283ebcdece45c98,,This benchmark version is outside the attack contract's declared semantic scope.,{},"[""artifacts/registries/attack-contract-registry.json"",""docs/benchmarks/held-out-final-origin-five-target-performance-evaluation.md""]",[],[],results/audits/res-281/audit-results.json
RES-281,held_out_final_origin_five_target_performance_evaluation@1.0.0,parameter_seed_sensitivity@1.0.0,seed_stability,NOT_APPLICABLE,,psr:audit-result:held_out_final_origin_five_target_performance_evaluation-parameter_seed_sensitivity@1.0.0~d5948c4bb7b0,sha256:d5948c4bb7b00fb6f1c92ff8fd81a086183aa5202e5cf5a300e54d14918b2104,,This benchmark version is outside the attack contract's declared semantic scope.,{},"[""artifacts/registries/attack-contract-registry.json"",""docs/benchmarks/held-out-final-origin-five-target-performance-evaluation.md""]",[],[],results/audits/res-281/audit-results.json
RES-281,held_out_final_origin_five_target_performance_evaluation@1.0.0,participant_input_leakage@1.0.0,leakage_shortcut_susceptibility,UNSUPPORTED_BY_EVIDENCE,,psr:audit-result:held_out_final_origin_five_target_performance_evaluation-participant_input_leakage@1.0.0~93b308977508,sha256:93b308977508b6131ca6b1ed4799e7d8ba838c059c16618f5e916cd12510c480,,"The question applies, but this historical version has no rights-cleared row-level realization and matching executable model/evaluation evidence.",{},"[""docs/benchmarks/held-out-final-origin-five-target-performance-evaluation.md"",""artifacts/registries/benchmark-registry.json"",""src/powerlifting_state_research/provenance/historical_sources.py"",""artifacts/registries/attack-contract-registry.json""]","[""Rights-cleared historical participant rows and split identities."",""Version-specific runnable adapter and fitted model/evaluation artifacts.""]",[],results/audits/res-281/audit-results.json
RES-281,held_out_final_origin_five_target_performance_evaluation@1.0.0,reconstruction_provenance_gaps@1.0.0,reconstructability,INCONCLUSIVE,res281-reconstruction_provenance_gaps-c3cf60ef09a1,psr:audit-result:held_out_final_origin_five_target_performance_evaluation-reconstruction_provenance_gaps@1.0.0~bbcd68fbff9d,sha256:bbcd68fbff9dda9d56022711dba1a4d014728b4a0549b8977ab13087a5d291aa,d854443b467eb21e72ab08ce44d156f8a202db38,Public historical provenance metadata was audited. Unresolved identity links and unavailable original realization/model/evaluation artifacts prevent a full reconstruction decision.,"{""benchmark_identity_mintable"":0,""historical_row_realization_available"":0,""historical_source_component_count"":13,""matching_model_evaluation_artifacts_available"":0,""public_metadata_artifact_count"":4,""unresolved_direct_identity_count"":2}","[""docs/benchmarks/held-out-final-origin-five-target-performance-evaluation.md"",""artifacts/registries/benchmark-registry.json"",""artifacts/registries/attack-contract-registry.json"",""src/powerlifting_state_research/provenance/historical_sources.py""]",[],"[""This is a metadata-only historical audit; no participant rows, private data, or checkpoints were read or reconstructed."",""An inconclusive provenance result is not evidence that historical data or models were valid or reproducible.""]",results/audits/res-281/audit-results.json
RES-281,held_out_final_origin_five_target_performance_evaluation@1.0.0,shortcut_feature_dependence@1.0.0,leakage_shortcut_susceptibility,NOT_APPLICABLE,,psr:audit-result:held_out_final_origin_five_target_performance_evaluation-shortcut_feature_dependence@1.0.0~cf6a46320852,sha256:cf6a4632085294bde1a09e6d0a6d64569e483e955ebb13381acaf29a669a9773,,This benchmark version is outside the attack contract's declared semantic scope.,{},"[""artifacts/registries/attack-contract-registry.json"",""docs/benchmarks/held-out-final-origin-five-target-performance-evaluation.md""]",[],[],results/audits/res-281/audit-results.json
RES-281,held_out_final_origin_five_target_performance_evaluation@1.0.0,sparse_missing_history_sensitivity@1.0.0,out_of_distribution_robustness,UNSUPPORTED_BY_EVIDENCE,,psr:audit-result:held_out_final_origin_five_target_performance_evaluation-sparse_missing_history_sensitivity@1.0.0~bab6f26f94ee,sha256:bab6f26f94ee82290b481c5dad1b7b5c6a4aaa6cf1f42176666b16918b95e0b1,,"The question applies, but this historical version has no rights-cleared row-level realization and matching executable model/evaluation evidence.",{},"[""docs/benchmarks/held-out-final-origin-five-target-performance-evaluation.md"",""artifacts/registries/benchmark-registry.json"",""src/powerlifting_state_research/provenance/historical_sources.py"",""artifacts/registries/attack-contract-registry.json""]","[""Rights-cleared historical participant rows and split identities."",""Version-specific runnable adapter and fitted model/evaluation artifacts.""]",[],results/audits/res-281/audit-results.json
RES-281,held_out_final_origin_five_target_performance_evaluation@1.0.0,target_identity_contamination@1.0.0,leakage_shortcut_susceptibility,UNSUPPORTED_BY_EVIDENCE,,psr:audit-result:held_out_final_origin_five_target_performance_evaluation-target_identity_contamination@1.0.0~19f06b0b6723,sha256:19f06b0b672371e1484f2240fe8b8e3d0178fe8adea956a7a16c700273f94a92,,"The question applies, but this historical version has no rights-cleared row-level realization and matching executable model/evaluation evidence.",{},"[""docs/benchmarks/held-out-final-origin-five-target-performance-evaluation.md"",""artifacts/registries/benchmark-registry.json"",""src/powerlifting_state_research/provenance/historical_sources.py"",""artifacts/registries/attack-contract-registry.json""]","[""Rights-cleared historical participant rows and split identities."",""Version-specific runnable adapter and fitted model/evaluation artifacts.""]",[],results/audits/res-281/audit-results.json
RES-281,held_out_final_origin_five_target_performance_evaluation@1.0.0,temporal_history_disruption@1.0.0,leakage_shortcut_susceptibility,UNSUPPORTED_BY_EVIDENCE,,psr:audit-result:held_out_final_origin_five_target_performance_evaluation-temporal_history_disruption@1.0.0~8fed8edfab4a,sha256:8fed8edfab4a32e361eeaa5ba39d640be082ebdf9487e5347ce995e072c0425d,,"The question applies, but this historical version has no rights-cleared row-level realization and matching executable model/evaluation evidence.",{},"[""docs/benchmarks/held-out-final-origin-five-target-performance-evaluation.md"",""artifacts/registries/benchmark-registry.json"",""src/powerlifting_state_research/provenance/historical_sources.py"",""artifacts/registries/attack-contract-registry.json""]","[""Rights-cleared historical participant rows and split identities."",""Version-specific runnable adapter and fitted model/evaluation artifacts.""]",[],results/audits/res-281/audit-results.json
RES-281,held_out_final_origin_five_target_performance_evaluation@1.0.0,training_plan_counterfactual_sensitivity@1.0.0,out_of_distribution_robustness,NOT_APPLICABLE,,psr:audit-result:held_out_final_origin_five_target_performance_evaluation-training_plan_counterfactual_sensitivity@1.0.0~1127abb6bb7a,sha256:1127abb6bb7a3b819fa4ef2c1412431997472fbe7a0d4a812f19e7fc0d575cad,,This benchmark version is outside the attack contract's declared semantic scope.,{},"[""artifacts/registries/attack-contract-registry.json"",""docs/benchmarks/held-out-final-origin-five-target-performance-evaluation.md""]",[],[],results/audits/res-281/audit-results.json
RES-281,iid_latent_capacity_change_with_transient_expression_forecasting@1.0.0,audit_coverage_accounting@1.0.0,audit_coverage,PASS,res281-audit_coverage_accounting-9afd2fce392f,psr:audit-result:iid_latent_capacity_change_with_transient_expression_forecasting-audit_coverage_accounting@1.0.0~86f029da8f9c,sha256:86f029da8f9c109ac516650286be5611da989bda48b0ccbfb7f3be2941c4f2c9,d854443b467eb21e72ab08ce44d156f8a202db38,"Every registered attack has exactly one version-specific state, and the count reconciles to the typed contract and profile.","{""applicable_attack_count"":13,""executed_attack_count"":10,""inapplicable_attack_count"":1,""recorded_attack_count"":14,""registered_attack_count"":14,""state_count::FAIL"":0,""state_count::INCONCLUSIVE"":6,""state_count::NOT_APPLICABLE"":1,""state_count::NOT_RUN"":1,""state_count::PASS"":4,""state_count::UNSUPPORTED_BY_EVIDENCE"":2,""state_count_match"":1}","[""artifacts/registries/attack-contract-registry.json"",""artifacts/registries/validity-axis-registry.json"",""artifacts/registries/version-validity-profiles.json"",""artifacts/model-cards/public-native-comparator-suite.md"",""artifacts/registries/public-native-comparator-registry.json"",""artifacts/schemas/prediction-contract.schema.json"",""data/manifests/realizations/latent_capacity_change_with_transient_expression_forecasting/iid-production.json"",""docs/benchmarks/claim-boundaries.md"",""docs/benchmarks/iid-latent-capacity-change-public-native-evaluation.md"",""docs/benchmarks/iid-latent-capacity-change-with-transient-expression-forecasting.md"",""docs/science/system-model.md"",""results/manifests/public-native-comparator-suite-checksums.json"",""results/manifests/public-native-comparator-suite.json"",""results/tables/public-native-comparator-frontier.csv"",""scripts/verify_public_iid_production.py"",""src/powerlifting_state_research/benchmarks/latent_capacity_change_with_transient_expression_forecasting/research.py""]",[],"[""Coverage is process metadata; it is not a benchmark validity score.""]",results/audits/res-281/audit-results.json
RES-281,iid_latent_capacity_change_with_transient_expression_forecasting@1.0.0,baseline_domination@1.0.0,simple_model_frontier,INCONCLUSIVE,res281-baseline_domination-5a9305b88dd1,psr:audit-result:iid_latent_capacity_change_with_transient_expression_forecasting-baseline_domination@1.0.0~b98e2eb0b9d3,sha256:b98e2eb0b9d319ab5ff104e1c6171d9589e57624b2a5fbdd3271a292ba7401eb,d854443b467eb21e72ab08ce44d156f8a202db38,"The existing M4 comparator and immutable expert results support a target-wise descriptive Pareto frontier, but no practical margin or paired uncertainty method resolves domination.","{""mean::bench_press_delta_capacity_kg::public-native-compact_neural::MAE"":1.5476685567606134,""mean::bench_press_delta_capacity_kg::public-native-compact_neural::RMSE"":2.319098817185606,""mean::bench_press_delta_capacity_kg::public-native-compact_neural::R²"":0.7955842571365389,""mean::bench_press_delta_capacity_kg::public-native-compact_neural::SRE(ddof=0)"":0.45212345843466745,""mean::bench_press_delta_capacity_kg::public-native-context_mean::MAE"":1.9019110985826337,""mean::bench_press_delta_capacity_kg::public-native-context_mean::RMSE"":2.927670649113868,""mean::bench_press_delta_capacity_kg::public-native-context_mean::R²"":0.6742233067090107,""mean::bench_press_delta_capacity_kg::public-native-context_mean::SRE(ddof=0)"":0.5707685111242466,""mean::bench_press_delta_capacity_kg::public-native-histogram_boosted_stumps::MAE"":1.9940485776849537,""mean::bench_press_delta_capacity_kg::public-native-histogram_boosted_stumps::RMSE"":3.30762484208253,""mean::bench_press_delta_capacity_kg::public-native-histogram_boosted_stumps::R²"":0.5841774251389722,""mean::bench_press_delta_capacity_kg::public-native-histogram_boosted_stumps::SRE(ddof=0)"":0.6448430621950024,""mean::bench_press_delta_capacity_kg::public-native-mechanistic_midpoint::MAE"":1.6303077906626868,""mean::bench_press_delta_capacity_kg::public-native-mechanistic_midpoint::RMSE"":2.5371769577475454,""mean::bench_press_delta_capacity_kg::public-native-mechanistic_midpoint::R²"":0.7553320459785448,""mean::bench_press_delta_capacity_kg::public-native-mechanistic_midpoint::SRE(ddof=0)"":0.4946392160165379,""mean::bench_press_delta_capacity_kg::public-native-mechanistic_ridge_residual::MAE"":1.6571177383079567,""mean::bench_press_delta_capacity_kg::public-native-mechanistic_ridge_residual::RMSE"":2.510873435789603,""mean::bench_press_delta_capacity_kg::public-native-mechanistic_ridge_residual::R²"":0.7603788118553907,""mean::bench_press_delta_capacity_kg::public-native-mechanistic_ridge_residual::SRE(ddof=0)"":0.4895111726453332,""mean::bench_press_delta_capacity_kg::public-native-ridge::MAE"":2.121075803407092,""mean::bench_press_delta_capacity_kg::public-native-ridge::RMSE"":3.1854126482028042,""mean::bench_press_delta_capacity_kg::public-native-ridge::R²"":0.6143378895162976,""mean::bench_press_delta_capacity_kg::public-native-ridge::SRE(ddof=0)"":0.6210169969362371,""mean::bench_press_delta_capacity_kg::public-native-temporal-expert-ensemble::MAE"":1.187341252597957,""mean::bench_press_delta_capacity_kg::public-native-temporal-expert-ensemble::RMSE"":1.8702871931828533,""mean::bench_press_delta_capacity_kg::public-native-temporal-expert-ensemble::R²"":0.8670488270300638,""mean::bench_press_delta_capacity_kg::public-native-temporal-expert-ensemble::SRE(ddof=0)"":0.3646247015356147,""mean::bench_press_delta_capacity_kg::public-native-temporal-expert-seed-mean::MAE"":1.2161804969969843,""mean::bench_press_delta_capacity_kg::public-native-temporal-expert-seed-mean::RMSE"":1.915522020583447,""mean::bench_press_delta_capacity_kg::public-native-temporal-expert-seed-mean::R²"":0.8605326918933321,""mean::bench_press_delta_capacity_kg::public-native-temporal-expert-seed-mean::SRE(ddof=0)"":0.3734435265268116,""mean::deadlift_delta_capacity_kg::public-native-compact_neural::MAE"":2.686785482757159,""mean::deadlift_delta_capacity_kg::public-native-compact_neural::RMSE"":4.08429295580389,""mean::deadlift_delta_capacity_kg::public-native-compact_neural::R²"":0.7876812542870076,""mean::deadlift_delta_capacity_kg::public-native-compact_neural::SRE(ddof=0)"":0.46078042627877097,""mean::deadlift_delta_capacity_kg::public-native-context_mean::MAE"":3.275177735457406,""mean::deadlift_delta_capacity_kg::public-native-context_mean::RMSE"":5.106666811923306,""mean::deadlift_delta_capacity_kg::public-native-context_mean::R²"":0.6680831352520658,""mean::deadlift_delta_capacity_kg::public-native-context_mean::SRE(ddof=0)"":0.5761222654506022,""mean::deadlift_delta_capacity_kg::public-native-histogram_boosted_stumps::MAE"":3.405303814977161,""mean::deadlift_delta_capacity_kg::public-native-histogram_boosted_stumps::RMSE"":5.776725661240854,""mean::deadlift_delta_capacity_kg::public-native-histogram_boosted_stumps::R²"":0.5752652836805274,""mean::deadlift_delta_capacity_kg::public-native-histogram_boosted_stumps::SRE(ddof=0)"":0.6517167454649853,""mean::deadlift_delta_capacity_kg::public-native-mechanistic_midpoint::MAE"":2.760073636969072,""mean::deadlift_delta_capacity_kg::public-native-mechanistic_midpoint::RMSE"":4.324416014114713,""mean::deadlift_delta_capacity_kg::public-native-mechanistic_midpoint::R²"":0.7619823255632193,""mean::deadlift_delta_capacity_kg::public-native-mechanistic_midpoint::SRE(ddof=0)"":0.48787055090134374,""mean::deadlift_delta_capacity_kg::public-native-mechanistic_ridge_residual::MAE"":2.768964549242876,""mean::deadlift_delta_capacity_kg::public-native-mechanistic_ridge_residual::RMSE"":4.277962113710714,""mean::deadlift_delta_capacity_kg::public-native-mechanistic_ridge_residual::R²"":0.7670685437533269,""mean::deadlift_delta_capacity_kg::public-native-mechanistic_ridge_residual::SRE(ddof=0)"":0.48262972996560527,""mean::deadlift_delta_capacity_kg::public-native-ridge::MAE"":3.6582552540266025,""mean::deadlift_delta_capacity_kg::public-native-ridge::RMSE"":5.527782364315873,""mean::deadlift_delta_capacity_kg::public-native-ridge::R²"":0.6110836997622298,""mean::deadlift_delta_capacity_kg::public-native-ridge::SRE(ddof=0)"":0.6236315420484839,""mean::deadlift_delta_capacity_kg::public-native-temporal-expert-ensemble::MAE"":2.31680470523922,""mean::deadlift_delta_capacity_kg::public-native-temporal-expert-ensemble::RMSE"":3.6681919557104026,""mean::deadlift_delta_capacity_kg::public-native-temporal-expert-ensemble::R²"":0.8287390369162662,""mean::deadlift_delta_capacity_kg::public-native-temporal-expert-ensemble::SRE(ddof=0)"":0.41383687980137035,""mean::deadlift_delta_capacity_kg::public-native-temporal-expert-seed-mean::MAE"":2.3581068130842624,""mean::deadlift_delta_capacity_kg::public-native-temporal-expert-seed-mean::RMSE"":3.737978949692057,""mean::deadlift_delta_capacity_kg::public-native-temporal-expert-seed-mean::R²"":0.8221552012907573,""mean::deadlift_delta_capacity_kg::public-native-temporal-expert-seed-mean::SRE(ddof=0)"":0.421710086053602,""mean::squat_delta_capacity_kg::public-native-compact_neural::MAE"":2.2199136793615097,""mean::squat_delta_capacity_kg::public-native-compact_neural::RMSE"":3.316624986067305,""mean::squat_delta_capacity_kg::public-native-compact_neural::R²"":0.7920026482128367,""mean::squat_delta_capacity_kg::public-native-compact_neural::SRE(ddof=0)"":0.4560630068052252,""mean::squat_delta_capacity_kg::public-native-context_mean::MAE"":2.63220668839074,""mean::squat_delta_capacity_kg::public-native-context_mean::RMSE"":4.095616352278172,""mean::squat_delta_capacity_kg::public-native-context_mean::R²"":0.6828275239221945,""mean::squat_delta_capacity_kg::public-native-context_mean::SRE(ddof=0)"":0.5631806780046753,""mean::squat_delta_capacity_kg::public-native-histogram_boosted_stumps::MAE"":2.791983301050701,""mean::squat_delta_capacity_kg::public-native-histogram_boosted_stumps::RMSE"":4.661338798396084,""mean::squat_delta_capacity_kg::public-native-histogram_boosted_stumps::R²"":0.5891547260881418,""mean::squat_delta_capacity_kg::public-native-histogram_boosted_stumps::SRE(ddof=0)"":0.6409721319307558,""mean::squat_delta_capacity_kg::public-native-mechanistic_midpoint::MAE"":2.319976689500767,""mean::squat_delta_capacity_kg::public-native-mechanistic_midpoint::RMSE"":3.6234291586969145,""mean::squat_delta_capacity_kg::public-native-mechanistic_midpoint::R²"":0.7517458565322119,""mean::squat_delta_capacity_kg::public-native-mechanistic_midpoint::SRE(ddof=0)"":0.4982510847632828,""mean::squat_delta_capacity_kg::public-native-mechanistic_ridge_residual::MAE"":2.339115442381639,""mean::squat_delta_capacity_kg::public-native-mechanistic_ridge_residual::RMSE"":3.587939886451021,""mean::squat_delta_capacity_kg::public-native-mechanistic_ridge_residual::R²"":0.7565850364701251,""mean::squat_delta_capacity_kg::public-native-mechanistic_ridge_residual::SRE(ddof=0)"":0.4933710201561041,""mean::squat_delta_capacity_kg::public-native-ridge::MAE"":2.941466408735241,""mean::squat_delta_capacity_kg::public-native-ridge::RMSE"":4.43799289350538,""mean::squat_delta_capacity_kg::public-native-ridge::R²"":0.6275824309357382,""mean::squat_delta_capacity_kg::public-native-ridge::SRE(ddof=0)"":0.6102602469965267,""mean::squat_delta_capacity_kg::public-native-temporal-expert-ensemble::MAE"":1.8344337258276735,""mean::squat_delta_capacity_kg::public-native-temporal-expert-ensemble::RMSE"":2.9009557745782533,""mean::squat_delta_capacity_kg::public-native-temporal-expert-ensemble::R²"":0.8408747232546605,""mean::squat_delta_capacity_kg::public-native-temporal-expert-ensemble::SRE(ddof=0)"":0.3989050974170919,""mean::squat_delta_capacity_kg::public-native-temporal-expert-seed-mean::MAE"":1.8776964011819877,""mean::squat_delta_capacity_kg::public-native-temporal-expert-seed-mean::RMSE"":2.9695158643578257,""mean::squat_delta_capacity_kg::public-native-temporal-expert-seed-mean::R²"":0.8332417477007693,""mean::squat_delta_capacity_kg::public-native-temporal-expert-seed-mean::SRE(ddof=0)"":0.4083326693684157,""pareto_dominated_count::bench_press_delta_capacity_kg"":7,""pareto_dominated_count::deadlift_delta_capacity_kg"":7,""pareto_dominated_count::squat_delta_capacity_kg"":7,""pareto_frontier::bench_press_delta_capacity_kg"":""public-native-temporal-expert-ensemble"",""pareto_frontier::deadlift_delta_capacity_kg"":""public-native-temporal-expert-ensemble"",""pareto_frontier::squat_delta_capacity_kg"":""public-native-temporal-expert-ensemble"",""pareto_nondominated_count::bench_press_delta_capacity_kg"":1,""pareto_nondominated_count::deadlift_delta_capacity_kg"":1,""pareto_nondominated_count::squat_delta_capacity_kg"":1}","[""artifacts/registries/public-native-comparator-registry.json"",""artifacts/training-protocols/public-native-comparator-suite.json"",""data/manifests/realizations/latent_capacity_change_with_transient_expression_forecasting/iid-production.json"",""models/checkpoint-manifests/public-native-temporal-expert/checkpoint-publication.json"",""models/checkpoint-manifests/public-native-temporal-expert/ensemble-manifest.json"",""models/checkpoint-manifests/public-native-temporal-expert/seed-383001.checkpoint-manifest.json"",""models/checkpoint-manifests/public-native-temporal-expert/seed-383001.fitted-instance.json"",""models/checkpoint-manifests/public-native-temporal-expert/seed-383002.checkpoint-manifest.json"",""models/checkpoint-manifests/public-native-temporal-expert/seed-383002.fitted-instance.json"",""models/checkpoint-manifests/public-native-temporal-expert/seed-383003.checkpoint-manifest.json"",""models/checkpoint-manifests/public-native-temporal-expert/seed-383003.fitted-instance.json"",""models/fitted-instances/public-native-comparator-suite/public-native-compact-neural/seed-383001.fitted-instance.json"",""models/fitted-instances/public-native-comparator-suite/public-native-compact-neural/seed-383002.fitted-instance.json"",""models/fitted-instances/public-native-comparator-suite/public-native-compact-neural/seed-383003.fitted-instance.json"",""models/fitted-instances/public-native-comparator-suite/public-native-context-mean/seed-383001.fitted-instance.json"",""models/fitted-instances/public-native-comparator-suite/public-native-context-mean/seed-383002.fitted-instance.json"",""models/fitted-instances/public-native-comparator-suite/public-native-context-mean/seed-383003.fitted-instance.json"",""models/fitted-instances/public-native-comparator-suite/public-native-histogram-boosted-stumps/seed-383001.fitted-instance.json"",""models/fitted-instances/public-native-comparator-suite/public-native-histogram-boosted-stumps/seed-383002.fitted-instance.json"",""models/fitted-instances/public-native-comparator-suite/public-native-histogram-boosted-stumps/seed-383003.fitted-instance.json"",""models/fitted-instances/public-native-comparator-suite/public-native-mechanistic-midpoint/seed-383001.fitted-instance.json"",""models/fitted-instances/public-native-comparator-suite/public-native-mechanistic-midpoint/seed-383002.fitted-instance.json"",""models/fitted-instances/public-native-comparator-suite/public-native-mechanistic-midpoint/seed-383003.fitted-instance.json"",""models/fitted-instances/public-native-comparator-suite/public-native-mechanistic-ridge-residual/seed-383001.fitted-instance.json"",""models/fitted-instances/public-native-comparator-suite/public-native-mechanistic-ridge-residual/seed-383002.fitted-instance.json"",""models/fitted-instances/public-native-comparator-suite/public-native-mechanistic-ridge-residual/seed-383003.fitted-instance.json"",""models/fitted-instances/public-native-comparator-suite/public-native-ridge/seed-383001.fitted-instance.json"",""models/fitted-instances/public-native-comparator-suite/public-native-ridge/seed-383002.fitted-instance.json"",""models/fitted-instances/public-native-comparator-suite/public-native-ridge/seed-383003.fitted-instance.json"",""results/benchmarks/iid_latent_capacity_change_with_transient_expression_forecasting/public-native-comparator-suite/internal-selection-split.json"",""results/benchmarks/iid_latent_capacity_change_with_transient_expression_forecasting/public-native-comparator-suite/public-native-compact-neural/seed-383001.evaluation-result.json"",""results/benchmarks/iid_latent_capacity_change_with_transient_expression_forecasting/public-native-comparator-suite/public-native-compact-neural/seed-383001.predictions.jsonl"",""results/benchmarks/iid_latent_capacity_change_with_transient_expression_forecasting/public-native-comparator-suite/public-native-compact-neural/seed-383002.evaluation-result.json"",""results/benchmarks/iid_latent_capacity_change_with_transient_expression_forecasting/public-native-comparator-suite/public-native-compact-neural/seed-383002.predictions.jsonl"",""results/benchmarks/iid_latent_capacity_change_with_transient_expression_forecasting/public-native-comparator-suite/public-native-compact-neural/seed-383003.evaluation-result.json"",""results/benchmarks/iid_latent_capacity_change_with_transient_expression_forecasting/public-native-comparator-suite/public-native-compact-neural/seed-383003.predictions.jsonl"",""results/benchmarks/iid_latent_capacity_change_with_transient_expression_forecasting/public-native-comparator-suite/public-native-context-mean/seed-383001.evaluation-result.json"",""results/benchmarks/iid_latent_capacity_change_with_transient_expression_forecasting/public-native-comparator-suite/public-native-context-mean/seed-383001.predictions.jsonl"",""results/benchmarks/iid_latent_capacity_change_with_transient_expression_forecasting/public-native-comparator-suite/public-native-context-mean/seed-383002.evaluation-result.json"",""results/benchmarks/iid_latent_capacity_change_with_transient_expression_forecasting/public-native-comparator-suite/public-native-context-mean/seed-383002.predictions.jsonl"",""results/benchmarks/iid_latent_capacity_change_with_transient_expression_forecasting/public-native-comparator-suite/public-native-context-mean/seed-383003.evaluation-result.json"",""results/benchmarks/iid_latent_capacity_change_with_transient_expression_forecasting/public-native-comparator-suite/public-native-context-mean/seed-383003.predictions.jsonl"",""results/benchmarks/iid_latent_capacity_change_with_transient_expression_forecasting/public-native-comparator-suite/public-native-histogram-boosted-stumps/seed-383001.evaluation-result.json"",""results/benchmarks/iid_latent_capacity_change_with_transient_expression_forecasting/public-native-comparator-suite/public-native-histogram-boosted-stumps/seed-383001.predictions.jsonl"",""results/benchmarks/iid_latent_capacity_change_with_transient_expression_forecasting/public-native-comparator-suite/public-native-histogram-boosted-stumps/seed-383002.evaluation-result.json"",""results/benchmarks/iid_latent_capacity_change_with_transient_expression_forecasting/public-native-comparator-suite/public-native-histogram-boosted-stumps/seed-383002.predictions.jsonl"",""results/benchmarks/iid_latent_capacity_change_with_transient_expression_forecasting/public-native-comparator-suite/public-native-histogram-boosted-stumps/seed-383003.evaluation-result.json"",""results/benchmarks/iid_latent_capacity_change_with_transient_expression_forecasting/public-native-comparator-suite/public-native-histogram-boosted-stumps/seed-383003.predictions.jsonl"",""results/benchmarks/iid_latent_capacity_change_with_transient_expression_forecasting/public-native-comparator-suite/public-native-mechanistic-midpoint/seed-383001.evaluation-result.json"",""results/benchmarks/iid_latent_capacity_change_with_transient_expression_forecasting/public-native-comparator-suite/public-native-mechanistic-midpoint/seed-383001.predictions.jsonl"",""results/benchmarks/iid_latent_capacity_change_with_transient_expression_forecasting/public-native-comparator-suite/public-native-mechanistic-midpoint/seed-383002.evaluation-result.json"",""results/benchmarks/iid_latent_capacity_change_with_transient_expression_forecasting/public-native-comparator-suite/public-native-mechanistic-midpoint/seed-383002.predictions.jsonl"",""results/benchmarks/iid_latent_capacity_change_with_transient_expression_forecasting/public-native-comparator-suite/public-native-mechanistic-midpoint/seed-383003.evaluation-result.json"",""results/benchmarks/iid_latent_capacity_change_with_transient_expression_forecasting/public-native-comparator-suite/public-native-mechanistic-midpoint/seed-383003.predictions.jsonl"",""results/benchmarks/iid_latent_capacity_change_with_transient_expression_forecasting/public-native-comparator-suite/public-native-mechanistic-ridge-residual/seed-383001.evaluation-result.json"",""results/benchmarks/iid_latent_capacity_change_with_transient_expression_forecasting/public-native-comparator-suite/public-native-mechanistic-ridge-residual/seed-383001.predictions.jsonl"",""results/benchmarks/iid_latent_capacity_change_with_transient_expression_forecasting/public-native-comparator-suite/public-native-mechanistic-ridge-residual/seed-383002.evaluation-result.json"",""results/benchmarks/iid_latent_capacity_change_with_transient_expression_forecasting/public-native-comparator-suite/public-native-mechanistic-ridge-residual/seed-383002.predictions.jsonl"",""results/benchmarks/iid_latent_capacity_change_with_transient_expression_forecasting/public-native-comparator-suite/public-native-mechanistic-ridge-residual/seed-383003.evaluation-result.json"",""results/benchmarks/iid_latent_capacity_change_with_transient_expression_forecasting/public-native-comparator-suite/public-native-mechanistic-ridge-residual/seed-383003.predictions.jsonl"",""results/benchmarks/iid_latent_capacity_change_with_transient_expression_forecasting/public-native-comparator-suite/public-native-ridge/seed-383001.evaluation-result.json"",""results/benchmarks/iid_latent_capacity_change_with_transient_expression_forecasting/public-native-comparator-suite/public-native-ridge/seed-383001.predictions.jsonl"",""results/benchmarks/iid_latent_capacity_change_with_transient_expression_forecasting/public-native-comparator-suite/public-native-ridge/seed-383002.evaluation-result.json"",""results/benchmarks/iid_latent_capacity_change_with_transient_expression_forecasting/public-native-comparator-suite/public-native-ridge/seed-383002.predictions.jsonl"",""results/benchmarks/iid_latent_capacity_change_with_transient_expression_forecasting/public-native-comparator-suite/public-native-ridge/seed-383003.evaluation-result.json"",""results/benchmarks/iid_latent_capacity_change_with_transient_expression_forecasting/public-native-comparator-suite/public-native-ridge/seed-383003.predictions.jsonl"",""results/benchmarks/iid_latent_capacity_change_with_transient_expression_forecasting/public-native-comparator-suite/training-seal.json"",""results/benchmarks/iid_latent_capacity_change_with_transient_expression_forecasting/public-native-temporal-expert/ensemble.evaluation-result.json"",""results/benchmarks/iid_latent_capacity_change_with_transient_expression_forecasting/public-native-temporal-expert/ensemble.predictions.jsonl"",""results/benchmarks/iid_latent_capacity_change_with_transient_expression_forecasting/public-native-temporal-expert/seed-383001.evaluation-result.json"",""results/benchmarks/iid_latent_capacity_change_with_transient_expression_forecasting/public-native-temporal-expert/seed-383001.predictions.jsonl"",""results/benchmarks/iid_latent_capacity_change_with_transient_expression_forecasting/public-native-temporal-expert/seed-383002.evaluation-result.json"",""results/benchmarks/iid_latent_capacity_change_with_transient_expression_forecasting/public-native-temporal-expert/seed-383002.predictions.jsonl"",""results/benchmarks/iid_latent_capacity_change_with_transient_expression_forecasting/public-native-temporal-expert/seed-383003.evaluation-result.json"",""results/benchmarks/iid_latent_capacity_change_with_transient_expression_forecasting/public-native-temporal-expert/seed-383003.predictions.jsonl"",""results/manifests/public-native-comparator-suite-checksums.json"",""results/manifests/public-native-comparator-suite.json"",""results/manifests/public-native-temporal-expert-source-inventory.json"",""results/manifests/public-native-temporal-expert-verification-receipt.json"",""results/manifests/public-native-temporal-expert.json"",""results/tables/public-native-comparator-frontier.csv""]",[],"[""Finite comparator frontier only; no cross-version score comparison or universal optimum is claimed.""]",results/audits/res-281/audit-results.json
RES-281,iid_latent_capacity_change_with_transient_expression_forecasting@1.0.0,distributional_shift_sensitivity@1.0.0,out_of_distribution_robustness,UNSUPPORTED_BY_EVIDENCE,,psr:audit-result:iid_latent_capacity_change_with_transient_expression_forecasting-distributional_shift_sensitivity@1.0.0~19e7f1b0bd31,sha256:19e7f1b0bd317f48a846eb60626d4f4dd626f70c1d51bc0ef1c9c50fdc4bbfcc,,"The attack applies, but this native version declares no supported shift relation to execute.",{},"[""artifacts/registries/benchmark-registry.json"",""artifacts/registries/attack-contract-registry.json""]","[""A predeclared native shift manifest with a supported generator transform.""]",[],results/audits/res-281/audit-results.json
RES-281,iid_latent_capacity_change_with_transient_expression_forecasting@1.0.0,hidden_test_fairness@1.0.0,hidden_test_fairness,NOT_APPLICABLE,,psr:audit-result:iid_latent_capacity_change_with_transient_expression_forecasting-hidden_test_fairness@1.0.0~b074ff05c392,sha256:b074ff05c392a4b9d8e5cc4c3084d875a93bc7705e16a3583ffb6862874d25c5,,The public-native evaluation is openly identified and makes no hidden-test claim.,{},"[""docs/benchmarks/iid-latent-capacity-change-public-native-evaluation.md"",""data/manifests/realizations/latent_capacity_change_with_transient_expression_forecasting/iid-production.json""]",[],[],results/audits/res-281/audit-results.json
RES-281,iid_latent_capacity_change_with_transient_expression_forecasting@1.0.0,model_ranking_instability@1.0.0,seed_stability,INCONCLUSIVE,res281-model_ranking_instability-d4d1ef105a6c,psr:audit-result:iid_latent_capacity_change_with_transient_expression_forecasting-model_ranking_instability@1.0.0~1fc848142265,sha256:1fc848142265ba2690675c615a1a04b2a89515da47e2490e12a7c2b12c44adbf,d854443b467eb21e72ab08ce44d156f8a202db38,"Existing per-seed EvaluationResults yield target-wise RMSE ranks, but three seeds and no predeclared rank-stability margin do not resolve stability.","{""fit_seed_count"":3,""model_family_count"":7,""pairwise_rank_reversal_count::bench_press_delta_capacity_kg"":0,""pairwise_rank_reversal_count::deadlift_delta_capacity_kg"":0,""pairwise_rank_reversal_count::squat_delta_capacity_kg"":0,""rank_sd::bench_press_delta_capacity_kg::public-native-compact_neural"":0.0,""rank_sd::bench_press_delta_capacity_kg::public-native-context_mean"":0.0,""rank_sd::bench_press_delta_capacity_kg::public-native-histogram_boosted_stumps"":0.0,""rank_sd::bench_press_delta_capacity_kg::public-native-mechanistic_midpoint"":0.0,""rank_sd::bench_press_delta_capacity_kg::public-native-mechanistic_ridge_residual"":0.0,""rank_sd::bench_press_delta_capacity_kg::public-native-ridge"":0.0,""rank_sd::bench_press_delta_capacity_kg::public-native-temporal-expert"":0.0,""rank_sd::deadlift_delta_capacity_kg::public-native-compact_neural"":0.0,""rank_sd::deadlift_delta_capacity_kg::public-native-context_mean"":0.0,""rank_sd::deadlift_delta_capacity_kg::public-native-histogram_boosted_stumps"":0.0,""rank_sd::deadlift_delta_capacity_kg::public-native-mechanistic_midpoint"":0.0,""rank_sd::deadlift_delta_capacity_kg::public-native-mechanistic_ridge_residual"":0.0,""rank_sd::deadlift_delta_capacity_kg::public-native-ridge"":0.0,""rank_sd::deadlift_delta_capacity_kg::public-native-temporal-expert"":0.0,""rank_sd::squat_delta_capacity_kg::public-native-compact_neural"":0.0,""rank_sd::squat_delta_capacity_kg::public-native-context_mean"":0.0,""rank_sd::squat_delta_capacity_kg::public-native-histogram_boosted_stumps"":0.0,""rank_sd::squat_delta_capacity_kg::public-native-mechanistic_midpoint"":0.0,""rank_sd::squat_delta_capacity_kg::public-native-mechanistic_ridge_residual"":0.0,""rank_sd::squat_delta_capacity_kg::public-native-ridge"":0.0,""rank_sd::squat_delta_capacity_kg::public-native-temporal-expert"":0.0}","[""artifacts/registries/public-native-comparator-registry.json"",""artifacts/training-protocols/public-native-comparator-suite.json"",""data/manifests/realizations/latent_capacity_change_with_transient_expression_forecasting/iid-production.json"",""models/checkpoint-manifests/public-native-temporal-expert/checkpoint-publication.json"",""models/checkpoint-manifests/public-native-temporal-expert/ensemble-manifest.json"",""models/checkpoint-manifests/public-native-temporal-expert/seed-383001.checkpoint-manifest.json"",""models/checkpoint-manifests/public-native-temporal-expert/seed-383001.fitted-instance.json"",""models/checkpoint-manifests/public-native-temporal-expert/seed-383002.checkpoint-manifest.json"",""models/checkpoint-manifests/public-native-temporal-expert/seed-383002.fitted-instance.json"",""models/checkpoint-manifests/public-native-temporal-expert/seed-383003.checkpoint-manifest.json"",""models/checkpoint-manifests/public-native-temporal-expert/seed-383003.fitted-instance.json"",""models/fitted-instances/public-native-comparator-suite/public-native-compact-neural/seed-383001.fitted-instance.json"",""models/fitted-instances/public-native-comparator-suite/public-native-compact-neural/seed-383002.fitted-instance.json"",""models/fitted-instances/public-native-comparator-suite/public-native-compact-neural/seed-383003.fitted-instance.json"",""models/fitted-instances/public-native-comparator-suite/public-native-context-mean/seed-383001.fitted-instance.json"",""models/fitted-instances/public-native-comparator-suite/public-native-context-mean/seed-383002.fitted-instance.json"",""models/fitted-instances/public-native-comparator-suite/public-native-context-mean/seed-383003.fitted-instance.json"",""models/fitted-instances/public-native-comparator-suite/public-native-histogram-boosted-stumps/seed-383001.fitted-instance.json"",""models/fitted-instances/public-native-comparator-suite/public-native-histogram-boosted-stumps/seed-383002.fitted-instance.json"",""models/fitted-instances/public-native-comparator-suite/public-native-histogram-boosted-stumps/seed-383003.fitted-instance.json"",""models/fitted-instances/public-native-comparator-suite/public-native-mechanistic-midpoint/seed-383001.fitted-instance.json"",""models/fitted-instances/public-native-comparator-suite/public-native-mechanistic-midpoint/seed-383002.fitted-instance.json"",""models/fitted-instances/public-native-comparator-suite/public-native-mechanistic-midpoint/seed-383003.fitted-instance.json"",""models/fitted-instances/public-native-comparator-suite/public-native-mechanistic-ridge-residual/seed-383001.fitted-instance.json"",""models/fitted-instances/public-native-comparator-suite/public-native-mechanistic-ridge-residual/seed-383002.fitted-instance.json"",""models/fitted-instances/public-native-comparator-suite/public-native-mechanistic-ridge-residual/seed-383003.fitted-instance.json"",""models/fitted-instances/public-native-comparator-suite/public-native-ridge/seed-383001.fitted-instance.json"",""models/fitted-instances/public-native-comparator-suite/public-native-ridge/seed-383002.fitted-instance.json"",""models/fitted-instances/public-native-comparator-suite/public-native-ridge/seed-383003.fitted-instance.json"",""results/benchmarks/iid_latent_capacity_change_with_transient_expression_forecasting/public-native-comparator-suite/internal-selection-split.json"",""results/benchmarks/iid_latent_capacity_change_with_transient_expression_forecasting/public-native-comparator-suite/public-native-compact-neural/seed-383001.evaluation-result.json"",""results/benchmarks/iid_latent_capacity_change_with_transient_expression_forecasting/public-native-comparator-suite/public-native-compact-neural/seed-383001.predictions.jsonl"",""results/benchmarks/iid_latent_capacity_change_with_transient_expression_forecasting/public-native-comparator-suite/public-native-compact-neural/seed-383002.evaluation-result.json"",""results/benchmarks/iid_latent_capacity_change_with_transient_expression_forecasting/public-native-comparator-suite/public-native-compact-neural/seed-383002.predictions.jsonl"",""results/benchmarks/iid_latent_capacity_change_with_transient_expression_forecasting/public-native-comparator-suite/public-native-compact-neural/seed-383003.evaluation-result.json"",""results/benchmarks/iid_latent_capacity_change_with_transient_expression_forecasting/public-native-comparator-suite/public-native-compact-neural/seed-383003.predictions.jsonl"",""results/benchmarks/iid_latent_capacity_change_with_transient_expression_forecasting/public-native-comparator-suite/public-native-context-mean/seed-383001.evaluation-result.json"",""results/benchmarks/iid_latent_capacity_change_with_transient_expression_forecasting/public-native-comparator-suite/public-native-context-mean/seed-383001.predictions.jsonl"",""results/benchmarks/iid_latent_capacity_change_with_transient_expression_forecasting/public-native-comparator-suite/public-native-context-mean/seed-383002.evaluation-result.json"",""results/benchmarks/iid_latent_capacity_change_with_transient_expression_forecasting/public-native-comparator-suite/public-native-context-mean/seed-383002.predictions.jsonl"",""results/benchmarks/iid_latent_capacity_change_with_transient_expression_forecasting/public-native-comparator-suite/public-native-context-mean/seed-383003.evaluation-result.json"",""results/benchmarks/iid_latent_capacity_change_with_transient_expression_forecasting/public-native-comparator-suite/public-native-context-mean/seed-383003.predictions.jsonl"",""results/benchmarks/iid_latent_capacity_change_with_transient_expression_forecasting/public-native-comparator-suite/public-native-histogram-boosted-stumps/seed-383001.evaluation-result.json"",""results/benchmarks/iid_latent_capacity_change_with_transient_expression_forecasting/public-native-comparator-suite/public-native-histogram-boosted-stumps/seed-383001.predictions.jsonl"",""results/benchmarks/iid_latent_capacity_change_with_transient_expression_forecasting/public-native-comparator-suite/public-native-histogram-boosted-stumps/seed-383002.evaluation-result.json"",""results/benchmarks/iid_latent_capacity_change_with_transient_expression_forecasting/public-native-comparator-suite/public-native-histogram-boosted-stumps/seed-383002.predictions.jsonl"",""results/benchmarks/iid_latent_capacity_change_with_transient_expression_forecasting/public-native-comparator-suite/public-native-histogram-boosted-stumps/seed-383003.evaluation-result.json"",""results/benchmarks/iid_latent_capacity_change_with_transient_expression_forecasting/public-native-comparator-suite/public-native-histogram-boosted-stumps/seed-383003.predictions.jsonl"",""results/benchmarks/iid_latent_capacity_change_with_transient_expression_forecasting/public-native-comparator-suite/public-native-mechanistic-midpoint/seed-383001.evaluation-result.json"",""results/benchmarks/iid_latent_capacity_change_with_transient_expression_forecasting/public-native-comparator-suite/public-native-mechanistic-midpoint/seed-383001.predictions.jsonl"",""results/benchmarks/iid_latent_capacity_change_with_transient_expression_forecasting/public-native-comparator-suite/public-native-mechanistic-midpoint/seed-383002.evaluation-result.json"",""results/benchmarks/iid_latent_capacity_change_with_transient_expression_forecasting/public-native-comparator-suite/public-native-mechanistic-midpoint/seed-383002.predictions.jsonl"",""results/benchmarks/iid_latent_capacity_change_with_transient_expression_forecasting/public-native-comparator-suite/public-native-mechanistic-midpoint/seed-383003.evaluation-result.json"",""results/benchmarks/iid_latent_capacity_change_with_transient_expression_forecasting/public-native-comparator-suite/public-native-mechanistic-midpoint/seed-383003.predictions.jsonl"",""results/benchmarks/iid_latent_capacity_change_with_transient_expression_forecasting/public-native-comparator-suite/public-native-mechanistic-ridge-residual/seed-383001.evaluation-result.json"",""results/benchmarks/iid_latent_capacity_change_with_transient_expression_forecasting/public-native-comparator-suite/public-native-mechanistic-ridge-residual/seed-383001.predictions.jsonl"",""results/benchmarks/iid_latent_capacity_change_with_transient_expression_forecasting/public-native-comparator-suite/public-native-mechanistic-ridge-residual/seed-383002.evaluation-result.json"",""results/benchmarks/iid_latent_capacity_change_with_transient_expression_forecasting/public-native-comparator-suite/public-native-mechanistic-ridge-residual/seed-383002.predictions.jsonl"",""results/benchmarks/iid_latent_capacity_change_with_transient_expression_forecasting/public-native-comparator-suite/public-native-mechanistic-ridge-residual/seed-383003.evaluation-result.json"",""results/benchmarks/iid_latent_capacity_change_with_transient_expression_forecasting/public-native-comparator-suite/public-native-mechanistic-ridge-residual/seed-383003.predictions.jsonl"",""results/benchmarks/iid_latent_capacity_change_with_transient_expression_forecasting/public-native-comparator-suite/public-native-ridge/seed-383001.evaluation-result.json"",""results/benchmarks/iid_latent_capacity_change_with_transient_expression_forecasting/public-native-comparator-suite/public-native-ridge/seed-383001.predictions.jsonl"",""results/benchmarks/iid_latent_capacity_change_with_transient_expression_forecasting/public-native-comparator-suite/public-native-ridge/seed-383002.evaluation-result.json"",""results/benchmarks/iid_latent_capacity_change_with_transient_expression_forecasting/public-native-comparator-suite/public-native-ridge/seed-383002.predictions.jsonl"",""results/benchmarks/iid_latent_capacity_change_with_transient_expression_forecasting/public-native-comparator-suite/public-native-ridge/seed-383003.evaluation-result.json"",""results/benchmarks/iid_latent_capacity_change_with_transient_expression_forecasting/public-native-comparator-suite/public-native-ridge/seed-383003.predictions.jsonl"",""results/benchmarks/iid_latent_capacity_change_with_transient_expression_forecasting/public-native-comparator-suite/training-seal.json"",""results/benchmarks/iid_latent_capacity_change_with_transient_expression_forecasting/public-native-temporal-expert/ensemble.evaluation-result.json"",""results/benchmarks/iid_latent_capacity_change_with_transient_expression_forecasting/public-native-temporal-expert/ensemble.predictions.jsonl"",""results/benchmarks/iid_latent_capacity_change_with_transient_expression_forecasting/public-native-temporal-expert/seed-383001.evaluation-result.json"",""results/benchmarks/iid_latent_capacity_change_with_transient_expression_forecasting/public-native-temporal-expert/seed-383001.predictions.jsonl"",""results/benchmarks/iid_latent_capacity_change_with_transient_expression_forecasting/public-native-temporal-expert/seed-383002.evaluation-result.json"",""results/benchmarks/iid_latent_capacity_change_with_transient_expression_forecasting/public-native-temporal-expert/seed-383002.predictions.jsonl"",""results/benchmarks/iid_latent_capacity_change_with_transient_expression_forecasting/public-native-temporal-expert/seed-383003.evaluation-result.json"",""results/benchmarks/iid_latent_capacity_change_with_transient_expression_forecasting/public-native-temporal-expert/seed-383003.predictions.jsonl"",""results/manifests/public-native-comparator-suite-checksums.json"",""results/manifests/public-native-comparator-suite.json"",""results/manifests/public-native-temporal-expert-source-inventory.json"",""results/manifests/public-native-temporal-expert-verification-receipt.json"",""results/manifests/public-native-temporal-expert.json"",""results/tables/public-native-comparator-frontier.csv""]",[],"[""Three fit seeds are a descriptive sample and do not establish ranking stability outside the declared run.""]",results/audits/res-281/audit-results.json
RES-281,iid_latent_capacity_change_with_transient_expression_forecasting@1.0.0,observation_noise_perturbation@1.0.0,out_of_distribution_robustness,INCONCLUSIVE,res281-observation_noise_perturbation-d4264790cdb1,psr:audit-result:iid_latent_capacity_change_with_transient_expression_forecasting-observation_noise_perturbation@1.0.0~6e7b24969811,sha256:6e7b24969811745ac6478b81c8fd36acf3ced1832212bb35922bba63ede7f0f9,d854443b467eb21e72ab08ce44d156f8a202db38,Three independent draws were generated under the native observation law for each fixed latent trajectory.,"{""audit_row_count"":96,""fitted_comparator_instance_count"":18,""mean_abs_prediction_delta::compact_neural::383001::bench_press_delta_capacity_kg"":1.211972387134483,""mean_abs_prediction_delta::compact_neural::383001::deadlift_delta_capacity_kg"":1.7229090848578557,""mean_abs_prediction_delta::compact_neural::383001::squat_delta_capacity_kg"":1.592328915645022,""mean_abs_prediction_delta::compact_neural::383002::bench_press_delta_capacity_kg"":1.2699033806732638,""mean_abs_prediction_delta::compact_neural::383002::deadlift_delta_capacity_kg"":1.7173497581228179,""mean_abs_prediction_delta::compact_neural::383002::squat_delta_capacity_kg"":1.56079581555466,""mean_abs_prediction_delta::compact_neural::383003::bench_press_delta_capacity_kg"":1.3430185417624827,""mean_abs_prediction_delta::compact_neural::383003::deadlift_delta_capacity_kg"":1.8543638587005076,""mean_abs_prediction_delta::compact_neural::383003::squat_delta_capacity_kg"":1.6813134598482646,""mean_abs_prediction_delta::context_mean::383001::bench_press_delta_capacity_kg"":0.0,""mean_abs_prediction_delta::context_mean::383001::deadlift_delta_capacity_kg"":0.0,""mean_abs_prediction_delta::context_mean::383001::squat_delta_capacity_kg"":0.0,""mean_abs_prediction_delta::context_mean::383002::bench_press_delta_capacity_kg"":0.0,""mean_abs_prediction_delta::context_mean::383002::deadlift_delta_capacity_kg"":0.0,""mean_abs_prediction_delta::context_mean::383002::squat_delta_capacity_kg"":0.0,""mean_abs_prediction_delta::context_mean::383003::bench_press_delta_capacity_kg"":0.0,""mean_abs_prediction_delta::context_mean::383003::deadlift_delta_capacity_kg"":0.0,""mean_abs_prediction_delta::context_mean::383003::squat_delta_capacity_kg"":0.0,""mean_abs_prediction_delta::histogram_boosted_stumps::383001::bench_press_delta_capacity_kg"":0.0,""mean_abs_prediction_delta::histogram_boosted_stumps::383001::deadlift_delta_capacity_kg"":0.0,""mean_abs_prediction_delta::histogram_boosted_stumps::383001::squat_delta_capacity_kg"":0.0,""mean_abs_prediction_delta::histogram_boosted_stumps::383002::bench_press_delta_capacity_kg"":0.0,""mean_abs_prediction_delta::histogram_boosted_stumps::383002::deadlift_delta_capacity_kg"":0.0,""mean_abs_prediction_delta::histogram_boosted_stumps::383002::squat_delta_capacity_kg"":0.0,""mean_abs_prediction_delta::histogram_boosted_stumps::383003::bench_press_delta_capacity_kg"":0.0,""mean_abs_prediction_delta::histogram_boosted_stumps::383003::deadlift_delta_capacity_kg"":0.0,""mean_abs_prediction_delta::histogram_boosted_stumps::383003::squat_delta_capacity_kg"":0.0,""mean_abs_prediction_delta::mechanistic_midpoint::383001::bench_press_delta_capacity_kg"":0.18740775364679674,""mean_abs_prediction_delta::mechanistic_midpoint::383001::deadlift_delta_capacity_kg"":0.37729339657331795,""mean_abs_prediction_delta::mechanistic_midpoint::383001::squat_delta_capacity_kg"":0.29925040303919054,""mean_abs_prediction_delta::mechanistic_midpoint::383002::bench_press_delta_capacity_kg"":0.18740775364679674,""mean_abs_prediction_delta::mechanistic_midpoint::383002::deadlift_delta_capacity_kg"":0.37729339657331795,""mean_abs_prediction_delta::mechanistic_midpoint::383002::squat_delta_capacity_kg"":0.29925040303919054,""mean_abs_prediction_delta::mechanistic_midpoint::383003::bench_press_delta_capacity_kg"":0.18740775364679674,""mean_abs_prediction_delta::mechanistic_midpoint::383003::deadlift_delta_capacity_kg"":0.37729339657331795,""mean_abs_prediction_delta::mechanistic_midpoint::383003::squat_delta_capacity_kg"":0.29925040303919054,""mean_abs_prediction_delta::mechanistic_ridge_residual::383001::bench_press_delta_capacity_kg"":0.3708032646087609,""mean_abs_prediction_delta::mechanistic_ridge_residual::383001::deadlift_delta_capacity_kg"":0.6894810922431731,""mean_abs_prediction_delta::mechanistic_ridge_residual::383001::squat_delta_capacity_kg"":0.50027522495066,""mean_abs_prediction_delta::mechanistic_ridge_residual::383002::bench_press_delta_capacity_kg"":0.3708032646087609,""mean_abs_prediction_delta::mechanistic_ridge_residual::383002::deadlift_delta_capacity_kg"":0.6894810922431731,""mean_abs_prediction_delta::mechanistic_ridge_residual::383002::squat_delta_capacity_kg"":0.50027522495066,""mean_abs_prediction_delta::mechanistic_ridge_residual::383003::bench_press_delta_capacity_kg"":0.3708032646087609,""mean_abs_prediction_delta::mechanistic_ridge_residual::383003::deadlift_delta_capacity_kg"":0.6894810922431731,""mean_abs_prediction_delta::mechanistic_ridge_residual::383003::squat_delta_capacity_kg"":0.50027522495066,""mean_abs_prediction_delta::ridge::383001::bench_press_delta_capacity_kg"":0.35932560206762204,""mean_abs_prediction_delta::ridge::383001::deadlift_delta_capacity_kg"":0.6273674665734021,""mean_abs_prediction_delta::ridge::383001::squat_delta_capacity_kg"":0.42912982306430053,""mean_abs_prediction_delta::ridge::383002::bench_press_delta_capacity_kg"":0.35932560206762204,""mean_abs_prediction_delta::ridge::383002::deadlift_delta_capacity_kg"":0.6273674665734021,""mean_abs_prediction_delta::ridge::383002::squat_delta_capacity_kg"":0.42912982306430053,""mean_abs_prediction_delta::ridge::383003::bench_press_delta_capacity_kg"":0.35932560206762204,""mean_abs_prediction_delta::ridge::383003::deadlift_delta_capacity_kg"":0.6273674665734021,""mean_abs_prediction_delta::ridge::383003::squat_delta_capacity_kg"":0.42912982306430053,""mean_prediction_variance::compact_neural::383001::bench_press_delta_capacity_kg"":0.7961621650457972,""mean_prediction_variance::compact_neural::383001::deadlift_delta_capacity_kg"":1.7029845079248387,""mean_prediction_variance::compact_neural::383001::squat_delta_capacity_kg"":1.395698967753211,""mean_prediction_variance::compact_neural::383002::bench_press_delta_capacity_kg"":0.9299313839710995,""mean_prediction_variance::compact_neural::383002::deadlift_delta_capacity_kg"":1.7195767499684347,""mean_prediction_variance::compact_neural::383002::squat_delta_capacity_kg"":1.6565569571731285,""mean_prediction_variance::compact_neural::383003::bench_press_delta_capacity_kg"":0.9489739529902086,""mean_prediction_variance::compact_neural::383003::deadlift_delta_capacity_kg"":1.9529617384991005,""mean_prediction_variance::compact_neural::383003::squat_delta_capacity_kg"":1.859407324505728,""mean_prediction_variance::context_mean::383001::bench_press_delta_capacity_kg"":4.108650548026103e-33,""mean_prediction_variance::context_mean::383001::deadlift_delta_capacity_kg"":4.108650548026103e-33,""mean_prediction_variance::context_mean::383001::squat_delta_capacity_kg"":3.697785493223493e-32,""mean_prediction_variance::context_mean::383002::bench_press_delta_capacity_kg"":4.108650548026103e-33,""mean_prediction_variance::context_mean::383002::deadlift_delta_capacity_kg"":4.108650548026103e-33,""mean_prediction_variance::context_mean::383002::squat_delta_capacity_kg"":3.697785493223493e-32,""mean_prediction_variance::context_mean::383003::bench_press_delta_capacity_kg"":4.108650548026103e-33,""mean_prediction_variance::context_mean::383003::deadlift_delta_capacity_kg"":4.108650548026103e-33,""mean_prediction_variance::context_mean::383003::squat_delta_capacity_kg"":3.697785493223493e-32,""mean_prediction_variance::histogram_boosted_stumps::383001::bench_press_delta_capacity_kg"":2.0029671421627253e-31,""mean_prediction_variance::histogram_boosted_stumps::383001::deadlift_delta_capacity_kg"":0.0,""mean_prediction_variance::histogram_boosted_stumps::383001::squat_delta_capacity_kg"":0.0,""mean_prediction_variance::histogram_boosted_stumps::383002::bench_press_delta_capacity_kg"":2.0029671421627253e-31,""mean_prediction_variance::histogram_boosted_stumps::383002::deadlift_delta_capacity_kg"":0.0,""mean_prediction_variance::histogram_boosted_stumps::383002::squat_delta_capacity_kg"":0.0,""mean_prediction_variance::histogram_boosted_stumps::383003::bench_press_delta_capacity_kg"":2.0029671421627253e-31,""mean_prediction_variance::histogram_boosted_stumps::383003::deadlift_delta_capacity_kg"":0.0,""mean_prediction_variance::histogram_boosted_stumps::383003::squat_delta_capacity_kg"":0.0,""mean_prediction_variance::mechanistic_midpoint::383001::bench_press_delta_capacity_kg"":0.034629631462949145,""mean_prediction_variance::mechanistic_midpoint::383001::deadlift_delta_capacity_kg"":0.14247575229670426,""mean_prediction_variance::mechanistic_midpoint::383001::squat_delta_capacity_kg"":0.08376710468664238,""mean_prediction_variance::mechanistic_midpoint::383002::bench_press_delta_capacity_kg"":0.034629631462949145,""mean_prediction_variance::mechanistic_midpoint::383002::deadlift_delta_capacity_kg"":0.14247575229670426,""mean_prediction_variance::mechanistic_midpoint::383002::squat_delta_capacity_kg"":0.08376710468664238,""mean_prediction_variance::mechanistic_midpoint::383003::bench_press_delta_capacity_kg"":0.034629631462949145,""mean_prediction_variance::mechanistic_midpoint::383003::deadlift_delta_capacity_kg"":0.14247575229670426,""mean_prediction_variance::mechanistic_midpoint::383003::squat_delta_capacity_kg"":0.08376710468664238,""mean_prediction_variance::mechanistic_ridge_residual::383001::bench_press_delta_capacity_kg"":0.09882824178294491,""mean_prediction_variance::mechanistic_ridge_residual::383001::deadlift_delta_capacity_kg"":0.3213847589042842,""mean_prediction_variance::mechanistic_ridge_residual::383001::squat_delta_capacity_kg"":0.14537331767768355,""mean_prediction_variance::mechanistic_ridge_residual::383002::bench_press_delta_capacity_kg"":0.09882824178294491,""mean_prediction_variance::mechanistic_ridge_residual::383002::deadlift_delta_capacity_kg"":0.3213847589042842,""mean_prediction_variance::mechanistic_ridge_residual::383002::squat_delta_capacity_kg"":0.14537331767768355,""mean_prediction_variance::mechanistic_ridge_residual::383003::bench_press_delta_capacity_kg"":0.09882824178294491,""mean_prediction_variance::mechanistic_ridge_residual::383003::deadlift_delta_capacity_kg"":0.3213847589042842,""mean_prediction_variance::mechanistic_ridge_residual::383003::squat_delta_capacity_kg"":0.14537331767768355,""mean_prediction_variance::ridge::383001::bench_press_delta_capacity_kg"":0.06679547488118447,""mean_prediction_variance::ridge::383001::deadlift_delta_capacity_kg"":0.22949017777518674,""mean_prediction_variance::ridge::383001::squat_delta_capacity_kg"":0.08975807471130288,""mean_prediction_variance::ridge::383002::bench_press_delta_capacity_kg"":0.06679547488118447,""mean_prediction_variance::ridge::383002::deadlift_delta_capacity_kg"":0.22949017777518674,""mean_prediction_variance::ridge::383002::squat_delta_capacity_kg"":0.08975807471130288,""mean_prediction_variance::ridge::383003::bench_press_delta_capacity_kg"":0.06679547488118447,""mean_prediction_variance::ridge::383003::deadlift_delta_capacity_kg"":0.22949017777518674,""mean_prediction_variance::ridge::383003::squat_delta_capacity_kg"":0.08975807471130288}","[""artifacts/registries/public-native-comparator-registry.json"",""artifacts/training-protocols/public-native-comparator-suite.json"",""data/manifests/realizations/latent_capacity_change_with_transient_expression_forecasting/iid-production.json"",""models/checkpoint-manifests/public-native-temporal-expert/checkpoint-publication.json"",""models/checkpoint-manifests/public-native-temporal-expert/ensemble-manifest.json"",""models/checkpoint-manifests/public-native-temporal-expert/seed-383001.checkpoint-manifest.json"",""models/checkpoint-manifests/public-native-temporal-expert/seed-383001.fitted-instance.json"",""models/checkpoint-manifests/public-native-temporal-expert/seed-383002.checkpoint-manifest.json"",""models/checkpoint-manifests/public-native-temporal-expert/seed-383002.fitted-instance.json"",""models/checkpoint-manifests/public-native-temporal-expert/seed-383003.checkpoint-manifest.json"",""models/checkpoint-manifests/public-native-temporal-expert/seed-383003.fitted-instance.json"",""models/fitted-instances/public-native-comparator-suite/public-native-compact-neural/seed-383001.fitted-instance.json"",""models/fitted-instances/public-native-comparator-suite/public-native-compact-neural/seed-383002.fitted-instance.json"",""models/fitted-instances/public-native-comparator-suite/public-native-compact-neural/seed-383003.fitted-instance.json"",""models/fitted-instances/public-native-comparator-suite/public-native-context-mean/seed-383001.fitted-instance.json"",""models/fitted-instances/public-native-comparator-suite/public-native-context-mean/seed-383002.fitted-instance.json"",""models/fitted-instances/public-native-comparator-suite/public-native-context-mean/seed-383003.fitted-instance.json"",""models/fitted-instances/public-native-comparator-suite/public-native-histogram-boosted-stumps/seed-383001.fitted-instance.json"",""models/fitted-instances/public-native-comparator-suite/public-native-histogram-boosted-stumps/seed-383002.fitted-instance.json"",""models/fitted-instances/public-native-comparator-suite/public-native-histogram-boosted-stumps/seed-383003.fitted-instance.json"",""models/fitted-instances/public-native-comparator-suite/public-native-mechanistic-midpoint/seed-383001.fitted-instance.json"",""models/fitted-instances/public-native-comparator-suite/public-native-mechanistic-midpoint/seed-383002.fitted-instance.json"",""models/fitted-instances/public-native-comparator-suite/public-native-mechanistic-midpoint/seed-383003.fitted-instance.json"",""models/fitted-instances/public-native-comparator-suite/public-native-mechanistic-ridge-residual/seed-383001.fitted-instance.json"",""models/fitted-instances/public-native-comparator-suite/public-native-mechanistic-ridge-residual/seed-383002.fitted-instance.json"",""models/fitted-instances/public-native-comparator-suite/public-native-mechanistic-ridge-residual/seed-383003.fitted-instance.json"",""models/fitted-instances/public-native-comparator-suite/public-native-ridge/seed-383001.fitted-instance.json"",""models/fitted-instances/public-native-comparator-suite/public-native-ridge/seed-383002.fitted-instance.json"",""models/fitted-instances/public-native-comparator-suite/public-native-ridge/seed-383003.fitted-instance.json"",""results/benchmarks/iid_latent_capacity_change_with_transient_expression_forecasting/public-native-comparator-suite/internal-selection-split.json"",""results/benchmarks/iid_latent_capacity_change_with_transient_expression_forecasting/public-native-comparator-suite/public-native-compact-neural/seed-383001.evaluation-result.json"",""results/benchmarks/iid_latent_capacity_change_with_transient_expression_forecasting/public-native-comparator-suite/public-native-compact-neural/seed-383001.predictions.jsonl"",""results/benchmarks/iid_latent_capacity_change_with_transient_expression_forecasting/public-native-comparator-suite/public-native-compact-neural/seed-383002.evaluation-result.json"",""results/benchmarks/iid_latent_capacity_change_with_transient_expression_forecasting/public-native-comparator-suite/public-native-compact-neural/seed-383002.predictions.jsonl"",""results/benchmarks/iid_latent_capacity_change_with_transient_expression_forecasting/public-native-comparator-suite/public-native-compact-neural/seed-383003.evaluation-result.json"",""results/benchmarks/iid_latent_capacity_change_with_transient_expression_forecasting/public-native-comparator-suite/public-native-compact-neural/seed-383003.predictions.jsonl"",""results/benchmarks/iid_latent_capacity_change_with_transient_expression_forecasting/public-native-comparator-suite/public-native-context-mean/seed-383001.evaluation-result.json"",""results/benchmarks/iid_latent_capacity_change_with_transient_expression_forecasting/public-native-comparator-suite/public-native-context-mean/seed-383001.predictions.jsonl"",""results/benchmarks/iid_latent_capacity_change_with_transient_expression_forecasting/public-native-comparator-suite/public-native-context-mean/seed-383002.evaluation-result.json"",""results/benchmarks/iid_latent_capacity_change_with_transient_expression_forecasting/public-native-comparator-suite/public-native-context-mean/seed-383002.predictions.jsonl"",""results/benchmarks/iid_latent_capacity_change_with_transient_expression_forecasting/public-native-comparator-suite/public-native-context-mean/seed-383003.evaluation-result.json"",""results/benchmarks/iid_latent_capacity_change_with_transient_expression_forecasting/public-native-comparator-suite/public-native-context-mean/seed-383003.predictions.jsonl"",""results/benchmarks/iid_latent_capacity_change_with_transient_expression_forecasting/public-native-comparator-suite/public-native-histogram-boosted-stumps/seed-383001.evaluation-result.json"",""results/benchmarks/iid_latent_capacity_change_with_transient_expression_forecasting/public-native-comparator-suite/public-native-histogram-boosted-stumps/seed-383001.predictions.jsonl"",""results/benchmarks/iid_latent_capacity_change_with_transient_expression_forecasting/public-native-comparator-suite/public-native-histogram-boosted-stumps/seed-383002.evaluation-result.json"",""results/benchmarks/iid_latent_capacity_change_with_transient_expression_forecasting/public-native-comparator-suite/public-native-histogram-boosted-stumps/seed-383002.predictions.jsonl"",""results/benchmarks/iid_latent_capacity_change_with_transient_expression_forecasting/public-native-comparator-suite/public-native-histogram-boosted-stumps/seed-383003.evaluation-result.json"",""results/benchmarks/iid_latent_capacity_change_with_transient_expression_forecasting/public-native-comparator-suite/public-native-histogram-boosted-stumps/seed-383003.predictions.jsonl"",""results/benchmarks/iid_latent_capacity_change_with_transient_expression_forecasting/public-native-comparator-suite/public-native-mechanistic-midpoint/seed-383001.evaluation-result.json"",""results/benchmarks/iid_latent_capacity_change_with_transient_expression_forecasting/public-native-comparator-suite/public-native-mechanistic-midpoint/seed-383001.predictions.jsonl"",""results/benchmarks/iid_latent_capacity_change_with_transient_expression_forecasting/public-native-comparator-suite/public-native-mechanistic-midpoint/seed-383002.evaluation-result.json"",""results/benchmarks/iid_latent_capacity_change_with_transient_expression_forecasting/public-native-comparator-suite/public-native-mechanistic-midpoint/seed-383002.predictions.jsonl"",""results/benchmarks/iid_latent_capacity_change_with_transient_expression_forecasting/public-native-comparator-suite/public-native-mechanistic-midpoint/seed-383003.evaluation-result.json"",""results/benchmarks/iid_latent_capacity_change_with_transient_expression_forecasting/public-native-comparator-suite/public-native-mechanistic-midpoint/seed-383003.predictions.jsonl"",""results/benchmarks/iid_latent_capacity_change_with_transient_expression_forecasting/public-native-comparator-suite/public-native-mechanistic-ridge-residual/seed-383001.evaluation-result.json"",""results/benchmarks/iid_latent_capacity_change_with_transient_expression_forecasting/public-native-comparator-suite/public-native-mechanistic-ridge-residual/seed-383001.predictions.jsonl"",""results/benchmarks/iid_latent_capacity_change_with_transient_expression_forecasting/public-native-comparator-suite/public-native-mechanistic-ridge-residual/seed-383002.evaluation-result.json"",""results/benchmarks/iid_latent_capacity_change_with_transient_expression_forecasting/public-native-comparator-suite/public-native-mechanistic-ridge-residual/seed-383002.predictions.jsonl"",""results/benchmarks/iid_latent_capacity_change_with_transient_expression_forecasting/public-native-comparator-suite/public-native-mechanistic-ridge-residual/seed-383003.evaluation-result.json"",""results/benchmarks/iid_latent_capacity_change_with_transient_expression_forecasting/public-native-comparator-suite/public-native-mechanistic-ridge-residual/seed-383003.predictions.jsonl"",""results/benchmarks/iid_latent_capacity_change_with_transient_expression_forecasting/public-native-comparator-suite/public-native-ridge/seed-383001.evaluation-result.json"",""results/benchmarks/iid_latent_capacity_change_with_transient_expression_forecasting/public-native-comparator-suite/public-native-ridge/seed-383001.predictions.jsonl"",""results/benchmarks/iid_latent_capacity_change_with_transient_expression_forecasting/public-native-comparator-suite/public-native-ridge/seed-383002.evaluation-result.json"",""results/benchmarks/iid_latent_capacity_change_with_transient_expression_forecasting/public-native-comparator-suite/public-native-ridge/seed-383002.predictions.jsonl"",""results/benchmarks/iid_latent_capacity_change_with_transient_expression_forecasting/public-native-comparator-suite/public-native-ridge/seed-383003.evaluation-result.json"",""results/benchmarks/iid_latent_capacity_change_with_transient_expression_forecasting/public-native-comparator-suite/public-native-ridge/seed-383003.predictions.jsonl"",""results/benchmarks/iid_latent_capacity_change_with_transient_expression_forecasting/public-native-comparator-suite/training-seal.json"",""results/benchmarks/iid_latent_capacity_change_with_transient_expression_forecasting/public-native-temporal-expert/ensemble.evaluation-result.json"",""results/benchmarks/iid_latent_capacity_change_with_transient_expression_forecasting/public-native-temporal-expert/ensemble.predictions.jsonl"",""results/benchmarks/iid_latent_capacity_change_with_transient_expression_forecasting/public-native-temporal-expert/seed-383001.evaluation-result.json"",""results/benchmarks/iid_latent_capacity_change_with_transient_expression_forecasting/public-native-temporal-expert/seed-383001.predictions.jsonl"",""results/benchmarks/iid_latent_capacity_change_with_transient_expression_forecasting/public-native-temporal-expert/seed-383002.evaluation-result.json"",""results/benchmarks/iid_latent_capacity_change_with_transient_expression_forecasting/public-native-temporal-expert/seed-383002.predictions.jsonl"",""results/benchmarks/iid_latent_capacity_change_with_transient_expression_forecasting/public-native-temporal-expert/seed-383003.evaluation-result.json"",""results/benchmarks/iid_latent_capacity_change_with_transient_expression_forecasting/public-native-temporal-expert/seed-383003.predictions.jsonl"",""results/manifests/public-native-comparator-suite-checksums.json"",""results/manifests/public-native-comparator-suite.json"",""results/manifests/public-native-temporal-expert-source-inventory.json"",""results/manifests/public-native-temporal-expert-verification-receipt.json"",""results/manifests/public-native-temporal-expert.json"",""results/tables/public-native-comparator-frontier.csv"",""results/audits/res281/realizations/res281-observation-noise-perturbation-seed-281105/baseline.jsonl"",""results/audits/res281/realizations/res281-observation-noise-perturbation-seed-281105/noise-replicate-1.jsonl"",""results/audits/res281/realizations/res281-observation-noise-perturbation-seed-281105/noise-replicate-2.jsonl"",""results/audits/res281/realizations/res281-observation-noise-perturbation-seed-281105/noise-replicate-3.jsonl"",""results/audits/res281/realizations/res281-observation-noise-perturbation-seed-281105/manifest.json""]",[],"[""The three noise replicates are descriptive and do not establish broad observation robustness.""]",results/audits/res-281/audit-results.json
RES-281,iid_latent_capacity_change_with_transient_expression_forecasting@1.0.0,parameter_seed_sensitivity@1.0.0,seed_stability,INCONCLUSIVE,res281-parameter_seed_sensitivity-522e3eb423e7,psr:audit-result:iid_latent_capacity_change_with_transient_expression_forecasting-parameter_seed_sensitivity@1.0.0~b78a8d629ea3,sha256:b78a8d629ea318b3ab3784389d9e7a32185ee34a06504b2eeb1e35bc060da728,d854443b467eb21e72ab08ce44d156f8a202db38,Three predeclared M4 fit seeds were compared on the frozen evaluation artifacts; no practical stability margin was specified.,"{""fit_seed_count"":3,""population_sd::compact_neural::bench_press_delta_capacity_kg::MAE"":0.005716868235778643,""population_sd::compact_neural::bench_press_delta_capacity_kg::RMSE"":0.0017856951463512424,""population_sd::compact_neural::bench_press_delta_capacity_kg::R²"":0.00031485776793131027,""population_sd::compact_neural::bench_press_delta_capacity_kg::SRE(ddof=0)"":0.00034813292960846407,""population_sd::compact_neural::deadlift_delta_capacity_kg::MAE"":0.015368054058858889,""population_sd::compact_neural::deadlift_delta_capacity_kg::RMSE"":0.0033690986152910647,""population_sd::compact_neural::deadlift_delta_capacity_kg::R²"":0.00035032896988070115,""population_sd::compact_neural::deadlift_delta_capacity_kg::SRE(ddof=0)"":0.00038009386518736356,""population_sd::compact_neural::squat_delta_capacity_kg::MAE"":0.028554925600934967,""population_sd::compact_neural::squat_delta_capacity_kg::RMSE"":0.01433511491132086,""population_sd::compact_neural::squat_delta_capacity_kg::R²"":0.0017984795168270629,""population_sd::compact_neural::squat_delta_capacity_kg::SRE(ddof=0)"":0.001971195307524806,""population_sd::context_mean::bench_press_delta_capacity_kg::MAE"":0.0,""population_sd::context_mean::bench_press_delta_capacity_kg::RMSE"":0.0,""population_sd::context_mean::bench_press_delta_capacity_kg::R²"":0.0,""population_sd::context_mean::bench_press_delta_capacity_kg::SRE(ddof=0)"":0.0,""population_sd::context_mean::deadlift_delta_capacity_kg::MAE"":0.0,""population_sd::context_mean::deadlift_delta_capacity_kg::RMSE"":0.0,""population_sd::context_mean::deadlift_delta_capacity_kg::R²"":0.0,""population_sd::context_mean::deadlift_delta_capacity_kg::SRE(ddof=0)"":0.0,""population_sd::context_mean::squat_delta_capacity_kg::MAE"":0.0,""population_sd::context_mean::squat_delta_capacity_kg::RMSE"":0.0,""population_sd::context_mean::squat_delta_capacity_kg::R²"":1.1102230246251565e-16,""population_sd::context_mean::squat_delta_capacity_kg::SRE(ddof=0)"":0.0,""population_sd::histogram_boosted_stumps::bench_press_delta_capacity_kg::MAE"":0.0,""population_sd::histogram_boosted_stumps::bench_press_delta_capacity_kg::RMSE"":0.0,""population_sd::histogram_boosted_stumps::bench_press_delta_capacity_kg::R²"":0.0,""population_sd::histogram_boosted_stumps::bench_press_delta_capacity_kg::SRE(ddof=0)"":0.0,""population_sd::histogram_boosted_stumps::deadlift_delta_capacity_kg::MAE"":0.0,""population_sd::histogram_boosted_stumps::deadlift_delta_capacity_kg::RMSE"":0.0,""population_sd::histogram_boosted_stumps::deadlift_delta_capacity_kg::R²"":0.0,""population_sd::histogram_boosted_stumps::deadlift_delta_capacity_kg::SRE(ddof=0)"":0.0,""population_sd::histogram_boosted_stumps::squat_delta_capacity_kg::MAE"":0.0,""population_sd::histogram_boosted_stumps::squat_delta_capacity_kg::RMSE"":0.0,""population_sd::histogram_boosted_stumps::squat_delta_capacity_kg::R²"":0.0,""population_sd::histogram_boosted_stumps::squat_delta_capacity_kg::SRE(ddof=0)"":0.0,""population_sd::mechanistic_midpoint::bench_press_delta_capacity_kg::MAE"":0.0,""population_sd::mechanistic_midpoint::bench_press_delta_capacity_kg::RMSE"":0.0,""population_sd::mechanistic_midpoint::bench_press_delta_capacity_kg::R²"":0.0,""population_sd::mechanistic_midpoint::bench_press_delta_capacity_kg::SRE(ddof=0)"":0.0,""population_sd::mechanistic_midpoint::deadlift_delta_capacity_kg::MAE"":0.0,""population_sd::mechanistic_midpoint::deadlift_delta_capacity_kg::RMSE"":0.0,""population_sd::mechanistic_midpoint::deadlift_delta_capacity_kg::R²"":0.0,""population_sd::mechanistic_midpoint::deadlift_delta_capacity_kg::SRE(ddof=0)"":0.0,""population_sd::mechanistic_midpoint::squat_delta_capacity_kg::MAE"":0.0,""population_sd::mechanistic_midpoint::squat_delta_capacity_kg::RMSE"":0.0,""population_sd::mechanistic_midpoint::squat_delta_capacity_kg::R²"":0.0,""population_sd::mechanistic_midpoint::squat_delta_capacity_kg::SRE(ddof=0)"":0.0,""population_sd::mechanistic_ridge_residual::bench_press_delta_capacity_kg::MAE"":0.0,""population_sd::mechanistic_ridge_residual::bench_press_delta_capacity_kg::RMSE"":0.0,""population_sd::mechanistic_ridge_residual::bench_press_delta_capacity_kg::R²"":0.0,""population_sd::mechanistic_ridge_residual::bench_press_delta_capacity_kg::SRE(ddof=0)"":5.551115123125783e-17,""population_sd::mechanistic_ridge_residual::deadlift_delta_capacity_kg::MAE"":0.0,""population_sd::mechanistic_ridge_residual::deadlift_delta_capacity_kg::RMSE"":0.0,""population_sd::mechanistic_ridge_residual::deadlift_delta_capacity_kg::R²"":0.0,""population_sd::mechanistic_ridge_residual::deadlift_delta_capacity_kg::SRE(ddof=0)"":0.0,""population_sd::mechanistic_ridge_residual::squat_delta_capacity_kg::MAE"":0.0,""population_sd::mechanistic_ridge_residual::squat_delta_capacity_kg::RMSE"":0.0,""population_sd::mechanistic_ridge_residual::squat_delta_capacity_kg::R²"":0.0,""population_sd::mechanistic_ridge_residual::squat_delta_capacity_kg::SRE(ddof=0)"":0.0,""population_sd::ridge::bench_press_delta_capacity_kg::MAE"":0.0,""population_sd::ridge::bench_press_delta_capacity_kg::RMSE"":0.0,""population_sd::ridge::bench_press_delta_capacity_kg::R²"":0.0,""population_sd::ridge::bench_press_delta_capacity_kg::SRE(ddof=0)"":0.0,""population_sd::ridge::deadlift_delta_capacity_kg::MAE"":0.0,""population_sd::ridge::deadlift_delta_capacity_kg::RMSE"":0.0,""population_sd::ridge::deadlift_delta_capacity_kg::R²"":0.0,""population_sd::ridge::deadlift_delta_capacity_kg::SRE(ddof=0)"":0.0,""population_sd::ridge::squat_delta_capacity_kg::MAE"":0.0,""population_sd::ridge::squat_delta_capacity_kg::RMSE"":0.0,""population_sd::ridge::squat_delta_capacity_kg::R²"":0.0,""population_sd::ridge::squat_delta_capacity_kg::SRE(ddof=0)"":0.0,""range::compact_neural::bench_press_delta_capacity_kg::MAE"":0.01356479744365613,""range::compact_neural::bench_press_delta_capacity_kg::RMSE"":0.004230901579989954,""range::compact_neural::bench_press_delta_capacity_kg::R²"":0.0007459637764858362,""range::compact_neural::bench_press_delta_capacity_kg::SRE(ddof=0)"":0.0008248418913702205,""range::compact_neural::deadlift_delta_capacity_kg::MAE"":0.03694080927677357,""range::compact_neural::deadlift_delta_capacity_kg::RMSE"":0.008136399846555342,""range::compact_neural::deadlift_delta_capacity_kg::R²"":0.000846010572828404,""range::compact_neural::deadlift_delta_capacity_kg::SRE(ddof=0)"":0.0009179296956019489,""range::compact_neural::squat_delta_capacity_kg::MAE"":0.06275550704815025,""range::compact_neural::squat_delta_capacity_kg::RMSE"":0.03504867961034552,""range::compact_neural::squat_delta_capacity_kg::R²"":0.0043967899832053625,""range::compact_neural::squat_delta_capacity_kg::SRE(ddof=0)"":0.004819479523550441,""range::context_mean::bench_press_delta_capacity_kg::MAE"":0.0,""range::context_mean::bench_press_delta_capacity_kg::RMSE"":0.0,""range::context_mean::bench_press_delta_capacity_kg::R²"":0.0,""range::context_mean::bench_press_delta_capacity_kg::SRE(ddof=0)"":0.0,""range::context_mean::deadlift_delta_capacity_kg::MAE"":0.0,""range::context_mean::deadlift_delta_capacity_kg::RMSE"":0.0,""range::context_mean::deadlift_delta_capacity_kg::R²"":0.0,""range::context_mean::deadlift_delta_capacity_kg::SRE(ddof=0)"":0.0,""range::context_mean::squat_delta_capacity_kg::MAE"":0.0,""range::context_mean::squat_delta_capacity_kg::RMSE"":0.0,""range::context_mean::squat_delta_capacity_kg::R²"":0.0,""range::context_mean::squat_delta_capacity_kg::SRE(ddof=0)"":0.0,""range::histogram_boosted_stumps::bench_press_delta_capacity_kg::MAE"":0.0,""range::histogram_boosted_stumps::bench_press_delta_capacity_kg::RMSE"":0.0,""range::histogram_boosted_stumps::bench_press_delta_capacity_kg::R²"":0.0,""range::histogram_boosted_stumps::bench_press_delta_capacity_kg::SRE(ddof=0)"":0.0,""range::histogram_boosted_stumps::deadlift_delta_capacity_kg::MAE"":0.0,""range::histogram_boosted_stumps::deadlift_delta_capacity_kg::RMSE"":0.0,""range::histogram_boosted_stumps::deadlift_delta_capacity_kg::R²"":0.0,""range::histogram_boosted_stumps::deadlift_delta_capacity_kg::SRE(ddof=0)"":0.0,""range::histogram_boosted_stumps::squat_delta_capacity_kg::MAE"":0.0,""range::histogram_boosted_stumps::squat_delta_capacity_kg::RMSE"":0.0,""range::histogram_boosted_stumps::squat_delta_capacity_kg::R²"":0.0,""range::histogram_boosted_stumps::squat_delta_capacity_kg::SRE(ddof=0)"":0.0,""range::mechanistic_midpoint::bench_press_delta_capacity_kg::MAE"":0.0,""range::mechanistic_midpoint::bench_press_delta_capacity_kg::RMSE"":0.0,""range::mechanistic_midpoint::bench_press_delta_capacity_kg::R²"":0.0,""range::mechanistic_midpoint::bench_press_delta_capacity_kg::SRE(ddof=0)"":0.0,""range::mechanistic_midpoint::deadlift_delta_capacity_kg::MAE"":0.0,""range::mechanistic_midpoint::deadlift_delta_capacity_kg::RMSE"":0.0,""range::mechanistic_midpoint::deadlift_delta_capacity_kg::R²"":0.0,""range::mechanistic_midpoint::deadlift_delta_capacity_kg::SRE(ddof=0)"":0.0,""range::mechanistic_midpoint::squat_delta_capacity_kg::MAE"":0.0,""range::mechanistic_midpoint::squat_delta_capacity_kg::RMSE"":0.0,""range::mechanistic_midpoint::squat_delta_capacity_kg::R²"":0.0,""range::mechanistic_midpoint::squat_delta_capacity_kg::SRE(ddof=0)"":0.0,""range::mechanistic_ridge_residual::bench_press_delta_capacity_kg::MAE"":0.0,""range::mechanistic_ridge_residual::bench_press_delta_capacity_kg::RMSE"":0.0,""range::mechanistic_ridge_residual::bench_press_delta_capacity_kg::R²"":0.0,""range::mechanistic_ridge_residual::bench_press_delta_capacity_kg::SRE(ddof=0)"":0.0,""range::mechanistic_ridge_residual::deadlift_delta_capacity_kg::MAE"":0.0,""range::mechanistic_ridge_residual::deadlift_delta_capacity_kg::RMSE"":0.0,""range::mechanistic_ridge_residual::deadlift_delta_capacity_kg::R²"":0.0,""range::mechanistic_ridge_residual::deadlift_delta_capacity_kg::SRE(ddof=0)"":0.0,""range::mechanistic_ridge_residual::squat_delta_capacity_kg::MAE"":0.0,""range::mechanistic_ridge_residual::squat_delta_capacity_kg::RMSE"":0.0,""range::mechanistic_ridge_residual::squat_delta_capacity_kg::R²"":0.0,""range::mechanistic_ridge_residual::squat_delta_capacity_kg::SRE(ddof=0)"":0.0,""range::ridge::bench_press_delta_capacity_kg::MAE"":0.0,""range::ridge::bench_press_delta_capacity_kg::RMSE"":0.0,""range::ridge::bench_press_delta_capacity_kg::R²"":0.0,""range::ridge::bench_press_delta_capacity_kg::SRE(ddof=0)"":0.0,""range::ridge::deadlift_delta_capacity_kg::MAE"":0.0,""range::ridge::deadlift_delta_capacity_kg::RMSE"":0.0,""range::ridge::deadlift_delta_capacity_kg::R²"":0.0,""range::ridge::deadlift_delta_capacity_kg::SRE(ddof=0)"":0.0,""range::ridge::squat_delta_capacity_kg::MAE"":0.0,""range::ridge::squat_delta_capacity_kg::RMSE"":0.0,""range::ridge::squat_delta_capacity_kg::R²"":0.0,""range::ridge::squat_delta_capacity_kg::SRE(ddof=0)"":0.0}","[""artifacts/registries/public-native-comparator-registry.json"",""artifacts/training-protocols/public-native-comparator-suite.json"",""data/manifests/realizations/latent_capacity_change_with_transient_expression_forecasting/iid-production.json"",""models/checkpoint-manifests/public-native-temporal-expert/checkpoint-publication.json"",""models/checkpoint-manifests/public-native-temporal-expert/ensemble-manifest.json"",""models/checkpoint-manifests/public-native-temporal-expert/seed-383001.checkpoint-manifest.json"",""models/checkpoint-manifests/public-native-temporal-expert/seed-383001.fitted-instance.json"",""models/checkpoint-manifests/public-native-temporal-expert/seed-383002.checkpoint-manifest.json"",""models/checkpoint-manifests/public-native-temporal-expert/seed-383002.fitted-instance.json"",""models/checkpoint-manifests/public-native-temporal-expert/seed-383003.checkpoint-manifest.json"",""models/checkpoint-manifests/public-native-temporal-expert/seed-383003.fitted-instance.json"",""models/fitted-instances/public-native-comparator-suite/public-native-compact-neural/seed-383001.fitted-instance.json"",""models/fitted-instances/public-native-comparator-suite/public-native-compact-neural/seed-383002.fitted-instance.json"",""models/fitted-instances/public-native-comparator-suite/public-native-compact-neural/seed-383003.fitted-instance.json"",""models/fitted-instances/public-native-comparator-suite/public-native-context-mean/seed-383001.fitted-instance.json"",""models/fitted-instances/public-native-comparator-suite/public-native-context-mean/seed-383002.fitted-instance.json"",""models/fitted-instances/public-native-comparator-suite/public-native-context-mean/seed-383003.fitted-instance.json"",""models/fitted-instances/public-native-comparator-suite/public-native-histogram-boosted-stumps/seed-383001.fitted-instance.json"",""models/fitted-instances/public-native-comparator-suite/public-native-histogram-boosted-stumps/seed-383002.fitted-instance.json"",""models/fitted-instances/public-native-comparator-suite/public-native-histogram-boosted-stumps/seed-383003.fitted-instance.json"",""models/fitted-instances/public-native-comparator-suite/public-native-mechanistic-midpoint/seed-383001.fitted-instance.json"",""models/fitted-instances/public-native-comparator-suite/public-native-mechanistic-midpoint/seed-383002.fitted-instance.json"",""models/fitted-instances/public-native-comparator-suite/public-native-mechanistic-midpoint/seed-383003.fitted-instance.json"",""models/fitted-instances/public-native-comparator-suite/public-native-mechanistic-ridge-residual/seed-383001.fitted-instance.json"",""models/fitted-instances/public-native-comparator-suite/public-native-mechanistic-ridge-residual/seed-383002.fitted-instance.json"",""models/fitted-instances/public-native-comparator-suite/public-native-mechanistic-ridge-residual/seed-383003.fitted-instance.json"",""models/fitted-instances/public-native-comparator-suite/public-native-ridge/seed-383001.fitted-instance.json"",""models/fitted-instances/public-native-comparator-suite/public-native-ridge/seed-383002.fitted-instance.json"",""models/fitted-instances/public-native-comparator-suite/public-native-ridge/seed-383003.fitted-instance.json"",""results/benchmarks/iid_latent_capacity_change_with_transient_expression_forecasting/public-native-comparator-suite/internal-selection-split.json"",""results/benchmarks/iid_latent_capacity_change_with_transient_expression_forecasting/public-native-comparator-suite/public-native-compact-neural/seed-383001.evaluation-result.json"",""results/benchmarks/iid_latent_capacity_change_with_transient_expression_forecasting/public-native-comparator-suite/public-native-compact-neural/seed-383001.predictions.jsonl"",""results/benchmarks/iid_latent_capacity_change_with_transient_expression_forecasting/public-native-comparator-suite/public-native-compact-neural/seed-383002.evaluation-result.json"",""results/benchmarks/iid_latent_capacity_change_with_transient_expression_forecasting/public-native-comparator-suite/public-native-compact-neural/seed-383002.predictions.jsonl"",""results/benchmarks/iid_latent_capacity_change_with_transient_expression_forecasting/public-native-comparator-suite/public-native-compact-neural/seed-383003.evaluation-result.json"",""results/benchmarks/iid_latent_capacity_change_with_transient_expression_forecasting/public-native-comparator-suite/public-native-compact-neural/seed-383003.predictions.jsonl"",""results/benchmarks/iid_latent_capacity_change_with_transient_expression_forecasting/public-native-comparator-suite/public-native-context-mean/seed-383001.evaluation-result.json"",""results/benchmarks/iid_latent_capacity_change_with_transient_expression_forecasting/public-native-comparator-suite/public-native-context-mean/seed-383001.predictions.jsonl"",""results/benchmarks/iid_latent_capacity_change_with_transient_expression_forecasting/public-native-comparator-suite/public-native-context-mean/seed-383002.evaluation-result.json"",""results/benchmarks/iid_latent_capacity_change_with_transient_expression_forecasting/public-native-comparator-suite/public-native-context-mean/seed-383002.predictions.jsonl"",""results/benchmarks/iid_latent_capacity_change_with_transient_expression_forecasting/public-native-comparator-suite/public-native-context-mean/seed-383003.evaluation-result.json"",""results/benchmarks/iid_latent_capacity_change_with_transient_expression_forecasting/public-native-comparator-suite/public-native-context-mean/seed-383003.predictions.jsonl"",""results/benchmarks/iid_latent_capacity_change_with_transient_expression_forecasting/public-native-comparator-suite/public-native-histogram-boosted-stumps/seed-383001.evaluation-result.json"",""results/benchmarks/iid_latent_capacity_change_with_transient_expression_forecasting/public-native-comparator-suite/public-native-histogram-boosted-stumps/seed-383001.predictions.jsonl"",""results/benchmarks/iid_latent_capacity_change_with_transient_expression_forecasting/public-native-comparator-suite/public-native-histogram-boosted-stumps/seed-383002.evaluation-result.json"",""results/benchmarks/iid_latent_capacity_change_with_transient_expression_forecasting/public-native-comparator-suite/public-native-histogram-boosted-stumps/seed-383002.predictions.jsonl"",""results/benchmarks/iid_latent_capacity_change_with_transient_expression_forecasting/public-native-comparator-suite/public-native-histogram-boosted-stumps/seed-383003.evaluation-result.json"",""results/benchmarks/iid_latent_capacity_change_with_transient_expression_forecasting/public-native-comparator-suite/public-native-histogram-boosted-stumps/seed-383003.predictions.jsonl"",""results/benchmarks/iid_latent_capacity_change_with_transient_expression_forecasting/public-native-comparator-suite/public-native-mechanistic-midpoint/seed-383001.evaluation-result.json"",""results/benchmarks/iid_latent_capacity_change_with_transient_expression_forecasting/public-native-comparator-suite/public-native-mechanistic-midpoint/seed-383001.predictions.jsonl"",""results/benchmarks/iid_latent_capacity_change_with_transient_expression_forecasting/public-native-comparator-suite/public-native-mechanistic-midpoint/seed-383002.evaluation-result.json"",""results/benchmarks/iid_latent_capacity_change_with_transient_expression_forecasting/public-native-comparator-suite/public-native-mechanistic-midpoint/seed-383002.predictions.jsonl"",""results/benchmarks/iid_latent_capacity_change_with_transient_expression_forecasting/public-native-comparator-suite/public-native-mechanistic-midpoint/seed-383003.evaluation-result.json"",""results/benchmarks/iid_latent_capacity_change_with_transient_expression_forecasting/public-native-comparator-suite/public-native-mechanistic-midpoint/seed-383003.predictions.jsonl"",""results/benchmarks/iid_latent_capacity_change_with_transient_expression_forecasting/public-native-comparator-suite/public-native-mechanistic-ridge-residual/seed-383001.evaluation-result.json"",""results/benchmarks/iid_latent_capacity_change_with_transient_expression_forecasting/public-native-comparator-suite/public-native-mechanistic-ridge-residual/seed-383001.predictions.jsonl"",""results/benchmarks/iid_latent_capacity_change_with_transient_expression_forecasting/public-native-comparator-suite/public-native-mechanistic-ridge-residual/seed-383002.evaluation-result.json"",""results/benchmarks/iid_latent_capacity_change_with_transient_expression_forecasting/public-native-comparator-suite/public-native-mechanistic-ridge-residual/seed-383002.predictions.jsonl"",""results/benchmarks/iid_latent_capacity_change_with_transient_expression_forecasting/public-native-comparator-suite/public-native-mechanistic-ridge-residual/seed-383003.evaluation-result.json"",""results/benchmarks/iid_latent_capacity_change_with_transient_expression_forecasting/public-native-comparator-suite/public-native-mechanistic-ridge-residual/seed-383003.predictions.jsonl"",""results/benchmarks/iid_latent_capacity_change_with_transient_expression_forecasting/public-native-comparator-suite/public-native-ridge/seed-383001.evaluation-result.json"",""results/benchmarks/iid_latent_capacity_change_with_transient_expression_forecasting/public-native-comparator-suite/public-native-ridge/seed-383001.predictions.jsonl"",""results/benchmarks/iid_latent_capacity_change_with_transient_expression_forecasting/public-native-comparator-suite/public-native-ridge/seed-383002.evaluation-result.json"",""results/benchmarks/iid_latent_capacity_change_with_transient_expression_forecasting/public-native-comparator-suite/public-native-ridge/seed-383002.predictions.jsonl"",""results/benchmarks/iid_latent_capacity_change_with_transient_expression_forecasting/public-native-comparator-suite/public-native-ridge/seed-383003.evaluation-result.json"",""results/benchmarks/iid_latent_capacity_change_with_transient_expression_forecasting/public-native-comparator-suite/public-native-ridge/seed-383003.predictions.jsonl"",""results/benchmarks/iid_latent_capacity_change_with_transient_expression_forecasting/public-native-comparator-suite/training-seal.json"",""results/benchmarks/iid_latent_capacity_change_with_transient_expression_forecasting/public-native-temporal-expert/ensemble.evaluation-result.json"",""results/benchmarks/iid_latent_capacity_change_with_transient_expression_forecasting/public-native-temporal-expert/ensemble.predictions.jsonl"",""results/benchmarks/iid_latent_capacity_change_with_transient_expression_forecasting/public-native-temporal-expert/seed-383001.evaluation-result.json"",""results/benchmarks/iid_latent_capacity_change_with_transient_expression_forecasting/public-native-temporal-expert/seed-383001.predictions.jsonl"",""results/benchmarks/iid_latent_capacity_change_with_transient_expression_forecasting/public-native-temporal-expert/seed-383002.evaluation-result.json"",""results/benchmarks/iid_latent_capacity_change_with_transient_expression_forecasting/public-native-temporal-expert/seed-383002.predictions.jsonl"",""results/benchmarks/iid_latent_capacity_change_with_transient_expression_forecasting/public-native-temporal-expert/seed-383003.evaluation-result.json"",""results/benchmarks/iid_latent_capacity_change_with_transient_expression_forecasting/public-native-temporal-expert/seed-383003.predictions.jsonl"",""results/manifests/public-native-comparator-suite-checksums.json"",""results/manifests/public-native-comparator-suite.json"",""results/manifests/public-native-temporal-expert-source-inventory.json"",""results/manifests/public-native-temporal-expert-verification-receipt.json"",""results/manifests/public-native-temporal-expert.json"",""results/tables/public-native-comparator-frontier.csv""]",[],"[""No retraining, tuning, or validation-driven selection was performed; three seeds do not establish stability beyond this protocol.""]",results/audits/res-281/audit-results.json
RES-281,iid_latent_capacity_change_with_transient_expression_forecasting@1.0.0,participant_input_leakage@1.0.0,leakage_shortcut_susceptibility,PASS,res281-participant_input_leakage-981aed163292,psr:audit-result:iid_latent_capacity_change_with_transient_expression_forecasting-participant_input_leakage@1.0.0~c1f74b3e2d17,sha256:c1f74b3e2d17018117cb464f5ff9b1dd375e370c8b4a55847584852b9fad55ce,d854443b467eb21e72ab08ce44d156f8a202db38,Copied participant keys were permuted and all 18 sealed comparator instances were re-run on the same visible inputs.,"{""audit_row_count"":96,""fitted_comparator_instance_count"":18,""key_relabel_prediction_mismatch_count"":0,""maximum_absolute_prediction_delta"":0.0}","[""artifacts/registries/public-native-comparator-registry.json"",""artifacts/training-protocols/public-native-comparator-suite.json"",""data/manifests/realizations/latent_capacity_change_with_transient_expression_forecasting/iid-production.json"",""models/checkpoint-manifests/public-native-temporal-expert/checkpoint-publication.json"",""models/checkpoint-manifests/public-native-temporal-expert/ensemble-manifest.json"",""models/checkpoint-manifests/public-native-temporal-expert/seed-383001.checkpoint-manifest.json"",""models/checkpoint-manifests/public-native-temporal-expert/seed-383001.fitted-instance.json"",""models/checkpoint-manifests/public-native-temporal-expert/seed-383002.checkpoint-manifest.json"",""models/checkpoint-manifests/public-native-temporal-expert/seed-383002.fitted-instance.json"",""models/checkpoint-manifests/public-native-temporal-expert/seed-383003.checkpoint-manifest.json"",""models/checkpoint-manifests/public-native-temporal-expert/seed-383003.fitted-instance.json"",""models/fitted-instances/public-native-comparator-suite/public-native-compact-neural/seed-383001.fitted-instance.json"",""models/fitted-instances/public-native-comparator-suite/public-native-compact-neural/seed-383002.fitted-instance.json"",""models/fitted-instances/public-native-comparator-suite/public-native-compact-neural/seed-383003.fitted-instance.json"",""models/fitted-instances/public-native-comparator-suite/public-native-context-mean/seed-383001.fitted-instance.json"",""models/fitted-instances/public-native-comparator-suite/public-native-context-mean/seed-383002.fitted-instance.json"",""models/fitted-instances/public-native-comparator-suite/public-native-context-mean/seed-383003.fitted-instance.json"",""models/fitted-instances/public-native-comparator-suite/public-native-histogram-boosted-stumps/seed-383001.fitted-instance.json"",""models/fitted-instances/public-native-comparator-suite/public-native-histogram-boosted-stumps/seed-383002.fitted-instance.json"",""models/fitted-instances/public-native-comparator-suite/public-native-histogram-boosted-stumps/seed-383003.fitted-instance.json"",""models/fitted-instances/public-native-comparator-suite/public-native-mechanistic-midpoint/seed-383001.fitted-instance.json"",""models/fitted-instances/public-native-comparator-suite/public-native-mechanistic-midpoint/seed-383002.fitted-instance.json"",""models/fitted-instances/public-native-comparator-suite/public-native-mechanistic-midpoint/seed-383003.fitted-instance.json"",""models/fitted-instances/public-native-comparator-suite/public-native-mechanistic-ridge-residual/seed-383001.fitted-instance.json"",""models/fitted-instances/public-native-comparator-suite/public-native-mechanistic-ridge-residual/seed-383002.fitted-instance.json"",""models/fitted-instances/public-native-comparator-suite/public-native-mechanistic-ridge-residual/seed-383003.fitted-instance.json"",""models/fitted-instances/public-native-comparator-suite/public-native-ridge/seed-383001.fitted-instance.json"",""models/fitted-instances/public-native-comparator-suite/public-native-ridge/seed-383002.fitted-instance.json"",""models/fitted-instances/public-native-comparator-suite/public-native-ridge/seed-383003.fitted-instance.json"",""results/benchmarks/iid_latent_capacity_change_with_transient_expression_forecasting/public-native-comparator-suite/internal-selection-split.json"",""results/benchmarks/iid_latent_capacity_change_with_transient_expression_forecasting/public-native-comparator-suite/public-native-compact-neural/seed-383001.evaluation-result.json"",""results/benchmarks/iid_latent_capacity_change_with_transient_expression_forecasting/public-native-comparator-suite/public-native-compact-neural/seed-383001.predictions.jsonl"",""results/benchmarks/iid_latent_capacity_change_with_transient_expression_forecasting/public-native-comparator-suite/public-native-compact-neural/seed-383002.evaluation-result.json"",""results/benchmarks/iid_latent_capacity_change_with_transient_expression_forecasting/public-native-comparator-suite/public-native-compact-neural/seed-383002.predictions.jsonl"",""results/benchmarks/iid_latent_capacity_change_with_transient_expression_forecasting/public-native-comparator-suite/public-native-compact-neural/seed-383003.evaluation-result.json"",""results/benchmarks/iid_latent_capacity_change_with_transient_expression_forecasting/public-native-comparator-suite/public-native-compact-neural/seed-383003.predictions.jsonl"",""results/benchmarks/iid_latent_capacity_change_with_transient_expression_forecasting/public-native-comparator-suite/public-native-context-mean/seed-383001.evaluation-result.json"",""results/benchmarks/iid_latent_capacity_change_with_transient_expression_forecasting/public-native-comparator-suite/public-native-context-mean/seed-383001.predictions.jsonl"",""results/benchmarks/iid_latent_capacity_change_with_transient_expression_forecasting/public-native-comparator-suite/public-native-context-mean/seed-383002.evaluation-result.json"",""results/benchmarks/iid_latent_capacity_change_with_transient_expression_forecasting/public-native-comparator-suite/public-native-context-mean/seed-383002.predictions.jsonl"",""results/benchmarks/iid_latent_capacity_change_with_transient_expression_forecasting/public-native-comparator-suite/public-native-context-mean/seed-383003.evaluation-result.json"",""results/benchmarks/iid_latent_capacity_change_with_transient_expression_forecasting/public-native-comparator-suite/public-native-context-mean/seed-383003.predictions.jsonl"",""results/benchmarks/iid_latent_capacity_change_with_transient_expression_forecasting/public-native-comparator-suite/public-native-histogram-boosted-stumps/seed-383001.evaluation-result.json"",""results/benchmarks/iid_latent_capacity_change_with_transient_expression_forecasting/public-native-comparator-suite/public-native-histogram-boosted-stumps/seed-383001.predictions.jsonl"",""results/benchmarks/iid_latent_capacity_change_with_transient_expression_forecasting/public-native-comparator-suite/public-native-histogram-boosted-stumps/seed-383002.evaluation-result.json"",""results/benchmarks/iid_latent_capacity_change_with_transient_expression_forecasting/public-native-comparator-suite/public-native-histogram-boosted-stumps/seed-383002.predictions.jsonl"",""results/benchmarks/iid_latent_capacity_change_with_transient_expression_forecasting/public-native-comparator-suite/public-native-histogram-boosted-stumps/seed-383003.evaluation-result.json"",""results/benchmarks/iid_latent_capacity_change_with_transient_expression_forecasting/public-native-comparator-suite/public-native-histogram-boosted-stumps/seed-383003.predictions.jsonl"",""results/benchmarks/iid_latent_capacity_change_with_transient_expression_forecasting/public-native-comparator-suite/public-native-mechanistic-midpoint/seed-383001.evaluation-result.json"",""results/benchmarks/iid_latent_capacity_change_with_transient_expression_forecasting/public-native-comparator-suite/public-native-mechanistic-midpoint/seed-383001.predictions.jsonl"",""results/benchmarks/iid_latent_capacity_change_with_transient_expression_forecasting/public-native-comparator-suite/public-native-mechanistic-midpoint/seed-383002.evaluation-result.json"",""results/benchmarks/iid_latent_capacity_change_with_transient_expression_forecasting/public-native-comparator-suite/public-native-mechanistic-midpoint/seed-383002.predictions.jsonl"",""results/benchmarks/iid_latent_capacity_change_with_transient_expression_forecasting/public-native-comparator-suite/public-native-mechanistic-midpoint/seed-383003.evaluation-result.json"",""results/benchmarks/iid_latent_capacity_change_with_transient_expression_forecasting/public-native-comparator-suite/public-native-mechanistic-midpoint/seed-383003.predictions.jsonl"",""results/benchmarks/iid_latent_capacity_change_with_transient_expression_forecasting/public-native-comparator-suite/public-native-mechanistic-ridge-residual/seed-383001.evaluation-result.json"",""results/benchmarks/iid_latent_capacity_change_with_transient_expression_forecasting/public-native-comparator-suite/public-native-mechanistic-ridge-residual/seed-383001.predictions.jsonl"",""results/benchmarks/iid_latent_capacity_change_with_transient_expression_forecasting/public-native-comparator-suite/public-native-mechanistic-ridge-residual/seed-383002.evaluation-result.json"",""results/benchmarks/iid_latent_capacity_change_with_transient_expression_forecasting/public-native-comparator-suite/public-native-mechanistic-ridge-residual/seed-383002.predictions.jsonl"",""results/benchmarks/iid_latent_capacity_change_with_transient_expression_forecasting/public-native-comparator-suite/public-native-mechanistic-ridge-residual/seed-383003.evaluation-result.json"",""results/benchmarks/iid_latent_capacity_change_with_transient_expression_forecasting/public-native-comparator-suite/public-native-mechanistic-ridge-residual/seed-383003.predictions.jsonl"",""results/benchmarks/iid_latent_capacity_change_with_transient_expression_forecasting/public-native-comparator-suite/public-native-ridge/seed-383001.evaluation-result.json"",""results/benchmarks/iid_latent_capacity_change_with_transient_expression_forecasting/public-native-comparator-suite/public-native-ridge/seed-383001.predictions.jsonl"",""results/benchmarks/iid_latent_capacity_change_with_transient_expression_forecasting/public-native-comparator-suite/public-native-ridge/seed-383002.evaluation-result.json"",""results/benchmarks/iid_latent_capacity_change_with_transient_expression_forecasting/public-native-comparator-suite/public-native-ridge/seed-383002.predictions.jsonl"",""results/benchmarks/iid_latent_capacity_change_with_transient_expression_forecasting/public-native-comparator-suite/public-native-ridge/seed-383003.evaluation-result.json"",""results/benchmarks/iid_latent_capacity_change_with_transient_expression_forecasting/public-native-comparator-suite/public-native-ridge/seed-383003.predictions.jsonl"",""results/benchmarks/iid_latent_capacity_change_with_transient_expression_forecasting/public-native-comparator-suite/training-seal.json"",""results/benchmarks/iid_latent_capacity_change_with_transient_expression_forecasting/public-native-temporal-expert/ensemble.evaluation-result.json"",""results/benchmarks/iid_latent_capacity_change_with_transient_expression_forecasting/public-native-temporal-expert/ensemble.predictions.jsonl"",""results/benchmarks/iid_latent_capacity_change_with_transient_expression_forecasting/public-native-temporal-expert/seed-383001.evaluation-result.json"",""results/benchmarks/iid_latent_capacity_change_with_transient_expression_forecasting/public-native-temporal-expert/seed-383001.predictions.jsonl"",""results/benchmarks/iid_latent_capacity_change_with_transient_expression_forecasting/public-native-temporal-expert/seed-383002.evaluation-result.json"",""results/benchmarks/iid_latent_capacity_change_with_transient_expression_forecasting/public-native-temporal-expert/seed-383002.predictions.jsonl"",""results/benchmarks/iid_latent_capacity_change_with_transient_expression_forecasting/public-native-temporal-expert/seed-383003.evaluation-result.json"",""results/benchmarks/iid_latent_capacity_change_with_transient_expression_forecasting/public-native-temporal-expert/seed-383003.predictions.jsonl"",""results/manifests/public-native-comparator-suite-checksums.json"",""results/manifests/public-native-comparator-suite.json"",""results/manifests/public-native-temporal-expert-source-inventory.json"",""results/manifests/public-native-temporal-expert-verification-receipt.json"",""results/manifests/public-native-temporal-expert.json"",""results/tables/public-native-comparator-frontier.csv"",""results/audits/res281/realizations/res281-participant-input-leakage-seed-281101/baseline.jsonl"",""results/audits/res281/realizations/res281-participant-input-leakage-seed-281101/key-relabelled.jsonl"",""results/audits/res281/realizations/res281-participant-input-leakage-seed-281101/manifest.json""]",[],"[""This checks the six registered RES-275 comparator families and their 18 fitted states, not unregistered participant models.""]",results/audits/res-281/audit-results.json
RES-281,iid_latent_capacity_change_with_transient_expression_forecasting@1.0.0,reconstruction_provenance_gaps@1.0.0,reconstructability,PASS,res281-reconstruction_provenance_gaps-22370d97461e,psr:audit-result:iid_latent_capacity_change_with_transient_expression_forecasting-reconstruction_provenance_gaps@1.0.0~f58197f6f86d,sha256:f58197f6f86d4209399233906266e21429ae690b3e4fe07b78a4db3b78cb870d,d854443b467eb21e72ab08ce44d156f8a202db38,"Public-native source data, generator identity, comparator registry, fit seal, fitted states, predictions, and EvaluationResults match their declared hashes and scientific identities.","{""generation_configuration_digest_match"":1,""generator_source_digest_match"":1,""m4_checksum_entry_count"":81,""m4_identity_mismatch_count"":0,""source_dataset_artifact_count"":2,""source_dataset_hash_mismatch_count"":0}","[""artifacts/registries/public-native-comparator-registry.json"",""artifacts/training-protocols/public-native-comparator-suite.json"",""data/manifests/realizations/latent_capacity_change_with_transient_expression_forecasting/iid-production.json"",""models/checkpoint-manifests/public-native-temporal-expert/checkpoint-publication.json"",""models/checkpoint-manifests/public-native-temporal-expert/ensemble-manifest.json"",""models/checkpoint-manifests/public-native-temporal-expert/seed-383001.checkpoint-manifest.json"",""models/checkpoint-manifests/public-native-temporal-expert/seed-383001.fitted-instance.json"",""models/checkpoint-manifests/public-native-temporal-expert/seed-383002.checkpoint-manifest.json"",""models/checkpoint-manifests/public-native-temporal-expert/seed-383002.fitted-instance.json"",""models/checkpoint-manifests/public-native-temporal-expert/seed-383003.checkpoint-manifest.json"",""models/checkpoint-manifests/public-native-temporal-expert/seed-383003.fitted-instance.json"",""models/fitted-instances/public-native-comparator-suite/public-native-compact-neural/seed-383001.fitted-instance.json"",""models/fitted-instances/public-native-comparator-suite/public-native-compact-neural/seed-383002.fitted-instance.json"",""models/fitted-instances/public-native-comparator-suite/public-native-compact-neural/seed-383003.fitted-instance.json"",""models/fitted-instances/public-native-comparator-suite/public-native-context-mean/seed-383001.fitted-instance.json"",""models/fitted-instances/public-native-comparator-suite/public-native-context-mean/seed-383002.fitted-instance.json"",""models/fitted-instances/public-native-comparator-suite/public-native-context-mean/seed-383003.fitted-instance.json"",""models/fitted-instances/public-native-comparator-suite/public-native-histogram-boosted-stumps/seed-383001.fitted-instance.json"",""models/fitted-instances/public-native-comparator-suite/public-native-histogram-boosted-stumps/seed-383002.fitted-instance.json"",""models/fitted-instances/public-native-comparator-suite/public-native-histogram-boosted-stumps/seed-383003.fitted-instance.json"",""models/fitted-instances/public-native-comparator-suite/public-native-mechanistic-midpoint/seed-383001.fitted-instance.json"",""models/fitted-instances/public-native-comparator-suite/public-native-mechanistic-midpoint/seed-383002.fitted-instance.json"",""models/fitted-instances/public-native-comparator-suite/public-native-mechanistic-midpoint/seed-383003.fitted-instance.json"",""models/fitted-instances/public-native-comparator-suite/public-native-mechanistic-ridge-residual/seed-383001.fitted-instance.json"",""models/fitted-instances/public-native-comparator-suite/public-native-mechanistic-ridge-residual/seed-383002.fitted-instance.json"",""models/fitted-instances/public-native-comparator-suite/public-native-mechanistic-ridge-residual/seed-383003.fitted-instance.json"",""models/fitted-instances/public-native-comparator-suite/public-native-ridge/seed-383001.fitted-instance.json"",""models/fitted-instances/public-native-comparator-suite/public-native-ridge/seed-383002.fitted-instance.json"",""models/fitted-instances/public-native-comparator-suite/public-native-ridge/seed-383003.fitted-instance.json"",""results/benchmarks/iid_latent_capacity_change_with_transient_expression_forecasting/public-native-comparator-suite/internal-selection-split.json"",""results/benchmarks/iid_latent_capacity_change_with_transient_expression_forecasting/public-native-comparator-suite/public-native-compact-neural/seed-383001.evaluation-result.json"",""results/benchmarks/iid_latent_capacity_change_with_transient_expression_forecasting/public-native-comparator-suite/public-native-compact-neural/seed-383001.predictions.jsonl"",""results/benchmarks/iid_latent_capacity_change_with_transient_expression_forecasting/public-native-comparator-suite/public-native-compact-neural/seed-383002.evaluation-result.json"",""results/benchmarks/iid_latent_capacity_change_with_transient_expression_forecasting/public-native-comparator-suite/public-native-compact-neural/seed-383002.predictions.jsonl"",""results/benchmarks/iid_latent_capacity_change_with_transient_expression_forecasting/public-native-comparator-suite/public-native-compact-neural/seed-383003.evaluation-result.json"",""results/benchmarks/iid_latent_capacity_change_with_transient_expression_forecasting/public-native-comparator-suite/public-native-compact-neural/seed-383003.predictions.jsonl"",""results/benchmarks/iid_latent_capacity_change_with_transient_expression_forecasting/public-native-comparator-suite/public-native-context-mean/seed-383001.evaluation-result.json"",""results/benchmarks/iid_latent_capacity_change_with_transient_expression_forecasting/public-native-comparator-suite/public-native-context-mean/seed-383001.predictions.jsonl"",""results/benchmarks/iid_latent_capacity_change_with_transient_expression_forecasting/public-native-comparator-suite/public-native-context-mean/seed-383002.evaluation-result.json"",""results/benchmarks/iid_latent_capacity_change_with_transient_expression_forecasting/public-native-comparator-suite/public-native-context-mean/seed-383002.predictions.jsonl"",""results/benchmarks/iid_latent_capacity_change_with_transient_expression_forecasting/public-native-comparator-suite/public-native-context-mean/seed-383003.evaluation-result.json"",""results/benchmarks/iid_latent_capacity_change_with_transient_expression_forecasting/public-native-comparator-suite/public-native-context-mean/seed-383003.predictions.jsonl"",""results/benchmarks/iid_latent_capacity_change_with_transient_expression_forecasting/public-native-comparator-suite/public-native-histogram-boosted-stumps/seed-383001.evaluation-result.json"",""results/benchmarks/iid_latent_capacity_change_with_transient_expression_forecasting/public-native-comparator-suite/public-native-histogram-boosted-stumps/seed-383001.predictions.jsonl"",""results/benchmarks/iid_latent_capacity_change_with_transient_expression_forecasting/public-native-comparator-suite/public-native-histogram-boosted-stumps/seed-383002.evaluation-result.json"",""results/benchmarks/iid_latent_capacity_change_with_transient_expression_forecasting/public-native-comparator-suite/public-native-histogram-boosted-stumps/seed-383002.predictions.jsonl"",""results/benchmarks/iid_latent_capacity_change_with_transient_expression_forecasting/public-native-comparator-suite/public-native-histogram-boosted-stumps/seed-383003.evaluation-result.json"",""results/benchmarks/iid_latent_capacity_change_with_transient_expression_forecasting/public-native-comparator-suite/public-native-histogram-boosted-stumps/seed-383003.predictions.jsonl"",""results/benchmarks/iid_latent_capacity_change_with_transient_expression_forecasting/public-native-comparator-suite/public-native-mechanistic-midpoint/seed-383001.evaluation-result.json"",""results/benchmarks/iid_latent_capacity_change_with_transient_expression_forecasting/public-native-comparator-suite/public-native-mechanistic-midpoint/seed-383001.predictions.jsonl"",""results/benchmarks/iid_latent_capacity_change_with_transient_expression_forecasting/public-native-comparator-suite/public-native-mechanistic-midpoint/seed-383002.evaluation-result.json"",""results/benchmarks/iid_latent_capacity_change_with_transient_expression_forecasting/public-native-comparator-suite/public-native-mechanistic-midpoint/seed-383002.predictions.jsonl"",""results/benchmarks/iid_latent_capacity_change_with_transient_expression_forecasting/public-native-comparator-suite/public-native-mechanistic-midpoint/seed-383003.evaluation-result.json"",""results/benchmarks/iid_latent_capacity_change_with_transient_expression_forecasting/public-native-comparator-suite/public-native-mechanistic-midpoint/seed-383003.predictions.jsonl"",""results/benchmarks/iid_latent_capacity_change_with_transient_expression_forecasting/public-native-comparator-suite/public-native-mechanistic-ridge-residual/seed-383001.evaluation-result.json"",""results/benchmarks/iid_latent_capacity_change_with_transient_expression_forecasting/public-native-comparator-suite/public-native-mechanistic-ridge-residual/seed-383001.predictions.jsonl"",""results/benchmarks/iid_latent_capacity_change_with_transient_expression_forecasting/public-native-comparator-suite/public-native-mechanistic-ridge-residual/seed-383002.evaluation-result.json"",""results/benchmarks/iid_latent_capacity_change_with_transient_expression_forecasting/public-native-comparator-suite/public-native-mechanistic-ridge-residual/seed-383002.predictions.jsonl"",""results/benchmarks/iid_latent_capacity_change_with_transient_expression_forecasting/public-native-comparator-suite/public-native-mechanistic-ridge-residual/seed-383003.evaluation-result.json"",""results/benchmarks/iid_latent_capacity_change_with_transient_expression_forecasting/public-native-comparator-suite/public-native-mechanistic-ridge-residual/seed-383003.predictions.jsonl"",""results/benchmarks/iid_latent_capacity_change_with_transient_expression_forecasting/public-native-comparator-suite/public-native-ridge/seed-383001.evaluation-result.json"",""results/benchmarks/iid_latent_capacity_change_with_transient_expression_forecasting/public-native-comparator-suite/public-native-ridge/seed-383001.predictions.jsonl"",""results/benchmarks/iid_latent_capacity_change_with_transient_expression_forecasting/public-native-comparator-suite/public-native-ridge/seed-383002.evaluation-result.json"",""results/benchmarks/iid_latent_capacity_change_with_transient_expression_forecasting/public-native-comparator-suite/public-native-ridge/seed-383002.predictions.jsonl"",""results/benchmarks/iid_latent_capacity_change_with_transient_expression_forecasting/public-native-comparator-suite/public-native-ridge/seed-383003.evaluation-result.json"",""results/benchmarks/iid_latent_capacity_change_with_transient_expression_forecasting/public-native-comparator-suite/public-native-ridge/seed-383003.predictions.jsonl"",""results/benchmarks/iid_latent_capacity_change_with_transient_expression_forecasting/public-native-comparator-suite/training-seal.json"",""results/benchmarks/iid_latent_capacity_change_with_transient_expression_forecasting/public-native-temporal-expert/ensemble.evaluation-result.json"",""results/benchmarks/iid_latent_capacity_change_with_transient_expression_forecasting/public-native-temporal-expert/ensemble.predictions.jsonl"",""results/benchmarks/iid_latent_capacity_change_with_transient_expression_forecasting/public-native-temporal-expert/seed-383001.evaluation-result.json"",""results/benchmarks/iid_latent_capacity_change_with_transient_expression_forecasting/public-native-temporal-expert/seed-383001.predictions.jsonl"",""results/benchmarks/iid_latent_capacity_change_with_transient_expression_forecasting/public-native-temporal-expert/seed-383002.evaluation-result.json"",""results/benchmarks/iid_latent_capacity_change_with_transient_expression_forecasting/public-native-temporal-expert/seed-383002.predictions.jsonl"",""results/benchmarks/iid_latent_capacity_change_with_transient_expression_forecasting/public-native-temporal-expert/seed-383003.evaluation-result.json"",""results/benchmarks/iid_latent_capacity_change_with_transient_expression_forecasting/public-native-temporal-expert/seed-383003.predictions.jsonl"",""results/manifests/public-native-comparator-suite-checksums.json"",""results/manifests/public-native-comparator-suite.json"",""results/manifests/public-native-temporal-expert-source-inventory.json"",""results/manifests/public-native-temporal-expert-verification-receipt.json"",""results/manifests/public-native-temporal-expert.json"",""results/tables/public-native-comparator-frontier.csv"",""data/synthetic/latent_capacity_change_with_transient_expression_forecasting/iid-production/train.jsonl"",""data/synthetic/latent_capacity_change_with_transient_expression_forecasting/iid-production/validation.jsonl"",""src/powerlifting_state_research/benchmarks/latent_capacity_change_with_transient_expression_forecasting/dynamics.py"",""src/powerlifting_state_research/benchmarks/latent_capacity_change_with_transient_expression_forecasting/population.py"",""src/powerlifting_state_research/benchmarks/latent_capacity_change_with_transient_expression_forecasting/interventions.py"",""src/powerlifting_state_research/benchmarks/latent_capacity_change_with_transient_expression_forecasting/observations.py"",""src/powerlifting_state_research/benchmarks/latent_capacity_change_with_transient_expression_forecasting/dataset.py"",""src/powerlifting_state_research/contracts/serialization.py""]",[],"[""This is a public artifact-lineage and replay-identity check; it does not establish participant-only recovery of latent states or causal mechanisms."",""Historical private data, checkpoints, and proprietary implementations were not imported.""]",results/audits/res-281/audit-results.json
RES-281,iid_latent_capacity_change_with_transient_expression_forecasting@1.0.0,shortcut_feature_dependence@1.0.0,leakage_shortcut_susceptibility,NOT_RUN,,psr:audit-result:iid_latent_capacity_change_with_transient_expression_forecasting-shortcut_feature_dependence@1.0.0~c5790973b997,sha256:c5790973b997847b1bda138cd826f4ff40ec7a3a3cb0a5fe885aa74ee1dc00d1,,"No suspect feature was pre-identified before inspecting audit outcomes, as required by this contract.",{},"[""docs/benchmarks/iid-latent-capacity-change-public-native-evaluation.md"",""artifacts/schemas/prediction-contract.schema.json"",""results/manifests/public-native-comparator-suite.json"",""artifacts/model-cards/public-native-comparator-suite.md""]",[],[],results/audits/res-281/audit-results.json
RES-281,iid_latent_capacity_change_with_transient_expression_forecasting@1.0.0,sparse_missing_history_sensitivity@1.0.0,out_of_distribution_robustness,UNSUPPORTED_BY_EVIDENCE,,psr:audit-result:iid_latent_capacity_change_with_transient_expression_forecasting-sparse_missing_history_sensitivity@1.0.0~1cd24db68d8b,sha256:1cd24db68d8b45c39831ef2112e68fe80c89f911abdfa4476f3275719c720b5f,,The native schema requires 32 complete weekly observations and the existing comparator input adapter has no missing-history mask; no missingness law is declared.,{},"[""artifacts/schemas/public-forecast-row.schema.json"",""src/powerlifting_state_research/models/temporal_expert.py"",""artifacts/model-cards/public-native-comparator-suite.md"",""data/manifests/realizations/latent_capacity_change_with_transient_expression_forecasting/iid-production.json""]","[""A versioned missing-history representation and admissible mask/cadence protocol.""]",[],results/audits/res-281/audit-results.json
RES-281,iid_latent_capacity_change_with_transient_expression_forecasting@1.0.0,target_identity_contamination@1.0.0,leakage_shortcut_susceptibility,PASS,res281-target_identity_contamination-4ebb16e8c88d,psr:audit-result:iid_latent_capacity_change_with_transient_expression_forecasting-target_identity_contamination@1.0.0~5f6722b5a827,sha256:5f6722b5a827317d99bdff17f52ba99c347795fcefbd9379915442a902a4c9f6,d854443b467eb21e72ab08ce44d156f8a202db38,A target canary was injected into copied target values and all 18 sealed comparator instances were re-run.,"{""audit_row_count"":96,""fitted_comparator_instance_count"":18,""maximum_absolute_prediction_delta"":0.0,""target_canary_prediction_mismatch_count"":0}","[""artifacts/registries/public-native-comparator-registry.json"",""artifacts/training-protocols/public-native-comparator-suite.json"",""data/manifests/realizations/latent_capacity_change_with_transient_expression_forecasting/iid-production.json"",""models/checkpoint-manifests/public-native-temporal-expert/checkpoint-publication.json"",""models/checkpoint-manifests/public-native-temporal-expert/ensemble-manifest.json"",""models/checkpoint-manifests/public-native-temporal-expert/seed-383001.checkpoint-manifest.json"",""models/checkpoint-manifests/public-native-temporal-expert/seed-383001.fitted-instance.json"",""models/checkpoint-manifests/public-native-temporal-expert/seed-383002.checkpoint-manifest.json"",""models/checkpoint-manifests/public-native-temporal-expert/seed-383002.fitted-instance.json"",""models/checkpoint-manifests/public-native-temporal-expert/seed-383003.checkpoint-manifest.json"",""models/checkpoint-manifests/public-native-temporal-expert/seed-383003.fitted-instance.json"",""models/fitted-instances/public-native-comparator-suite/public-native-compact-neural/seed-383001.fitted-instance.json"",""models/fitted-instances/public-native-comparator-suite/public-native-compact-neural/seed-383002.fitted-instance.json"",""models/fitted-instances/public-native-comparator-suite/public-native-compact-neural/seed-383003.fitted-instance.json"",""models/fitted-instances/public-native-comparator-suite/public-native-context-mean/seed-383001.fitted-instance.json"",""models/fitted-instances/public-native-comparator-suite/public-native-context-mean/seed-383002.fitted-instance.json"",""models/fitted-instances/public-native-comparator-suite/public-native-context-mean/seed-383003.fitted-instance.json"",""models/fitted-instances/public-native-comparator-suite/public-native-histogram-boosted-stumps/seed-383001.fitted-instance.json"",""models/fitted-instances/public-native-comparator-suite/public-native-histogram-boosted-stumps/seed-383002.fitted-instance.json"",""models/fitted-instances/public-native-comparator-suite/public-native-histogram-boosted-stumps/seed-383003.fitted-instance.json"",""models/fitted-instances/public-native-comparator-suite/public-native-mechanistic-midpoint/seed-383001.fitted-instance.json"",""models/fitted-instances/public-native-comparator-suite/public-native-mechanistic-midpoint/seed-383002.fitted-instance.json"",""models/fitted-instances/public-native-comparator-suite/public-native-mechanistic-midpoint/seed-383003.fitted-instance.json"",""models/fitted-instances/public-native-comparator-suite/public-native-mechanistic-ridge-residual/seed-383001.fitted-instance.json"",""models/fitted-instances/public-native-comparator-suite/public-native-mechanistic-ridge-residual/seed-383002.fitted-instance.json"",""models/fitted-instances/public-native-comparator-suite/public-native-mechanistic-ridge-residual/seed-383003.fitted-instance.json"",""models/fitted-instances/public-native-comparator-suite/public-native-ridge/seed-383001.fitted-instance.json"",""models/fitted-instances/public-native-comparator-suite/public-native-ridge/seed-383002.fitted-instance.json"",""models/fitted-instances/public-native-comparator-suite/public-native-ridge/seed-383003.fitted-instance.json"",""results/benchmarks/iid_latent_capacity_change_with_transient_expression_forecasting/public-native-comparator-suite/internal-selection-split.json"",""results/benchmarks/iid_latent_capacity_change_with_transient_expression_forecasting/public-native-comparator-suite/public-native-compact-neural/seed-383001.evaluation-result.json"",""results/benchmarks/iid_latent_capacity_change_with_transient_expression_forecasting/public-native-comparator-suite/public-native-compact-neural/seed-383001.predictions.jsonl"",""results/benchmarks/iid_latent_capacity_change_with_transient_expression_forecasting/public-native-comparator-suite/public-native-compact-neural/seed-383002.evaluation-result.json"",""results/benchmarks/iid_latent_capacity_change_with_transient_expression_forecasting/public-native-comparator-suite/public-native-compact-neural/seed-383002.predictions.jsonl"",""results/benchmarks/iid_latent_capacity_change_with_transient_expression_forecasting/public-native-comparator-suite/public-native-compact-neural/seed-383003.evaluation-result.json"",""results/benchmarks/iid_latent_capacity_change_with_transient_expression_forecasting/public-native-comparator-suite/public-native-compact-neural/seed-383003.predictions.jsonl"",""results/benchmarks/iid_latent_capacity_change_with_transient_expression_forecasting/public-native-comparator-suite/public-native-context-mean/seed-383001.evaluation-result.json"",""results/benchmarks/iid_latent_capacity_change_with_transient_expression_forecasting/public-native-comparator-suite/public-native-context-mean/seed-383001.predictions.jsonl"",""results/benchmarks/iid_latent_capacity_change_with_transient_expression_forecasting/public-native-comparator-suite/public-native-context-mean/seed-383002.evaluation-result.json"",""results/benchmarks/iid_latent_capacity_change_with_transient_expression_forecasting/public-native-comparator-suite/public-native-context-mean/seed-383002.predictions.jsonl"",""results/benchmarks/iid_latent_capacity_change_with_transient_expression_forecasting/public-native-comparator-suite/public-native-context-mean/seed-383003.evaluation-result.json"",""results/benchmarks/iid_latent_capacity_change_with_transient_expression_forecasting/public-native-comparator-suite/public-native-context-mean/seed-383003.predictions.jsonl"",""results/benchmarks/iid_latent_capacity_change_with_transient_expression_forecasting/public-native-comparator-suite/public-native-histogram-boosted-stumps/seed-383001.evaluation-result.json"",""results/benchmarks/iid_latent_capacity_change_with_transient_expression_forecasting/public-native-comparator-suite/public-native-histogram-boosted-stumps/seed-383001.predictions.jsonl"",""results/benchmarks/iid_latent_capacity_change_with_transient_expression_forecasting/public-native-comparator-suite/public-native-histogram-boosted-stumps/seed-383002.evaluation-result.json"",""results/benchmarks/iid_latent_capacity_change_with_transient_expression_forecasting/public-native-comparator-suite/public-native-histogram-boosted-stumps/seed-383002.predictions.jsonl"",""results/benchmarks/iid_latent_capacity_change_with_transient_expression_forecasting/public-native-comparator-suite/public-native-histogram-boosted-stumps/seed-383003.evaluation-result.json"",""results/benchmarks/iid_latent_capacity_change_with_transient_expression_forecasting/public-native-comparator-suite/public-native-histogram-boosted-stumps/seed-383003.predictions.jsonl"",""results/benchmarks/iid_latent_capacity_change_with_transient_expression_forecasting/public-native-comparator-suite/public-native-mechanistic-midpoint/seed-383001.evaluation-result.json"",""results/benchmarks/iid_latent_capacity_change_with_transient_expression_forecasting/public-native-comparator-suite/public-native-mechanistic-midpoint/seed-383001.predictions.jsonl"",""results/benchmarks/iid_latent_capacity_change_with_transient_expression_forecasting/public-native-comparator-suite/public-native-mechanistic-midpoint/seed-383002.evaluation-result.json"",""results/benchmarks/iid_latent_capacity_change_with_transient_expression_forecasting/public-native-comparator-suite/public-native-mechanistic-midpoint/seed-383002.predictions.jsonl"",""results/benchmarks/iid_latent_capacity_change_with_transient_expression_forecasting/public-native-comparator-suite/public-native-mechanistic-midpoint/seed-383003.evaluation-result.json"",""results/benchmarks/iid_latent_capacity_change_with_transient_expression_forecasting/public-native-comparator-suite/public-native-mechanistic-midpoint/seed-383003.predictions.jsonl"",""results/benchmarks/iid_latent_capacity_change_with_transient_expression_forecasting/public-native-comparator-suite/public-native-mechanistic-ridge-residual/seed-383001.evaluation-result.json"",""results/benchmarks/iid_latent_capacity_change_with_transient_expression_forecasting/public-native-comparator-suite/public-native-mechanistic-ridge-residual/seed-383001.predictions.jsonl"",""results/benchmarks/iid_latent_capacity_change_with_transient_expression_forecasting/public-native-comparator-suite/public-native-mechanistic-ridge-residual/seed-383002.evaluation-result.json"",""results/benchmarks/iid_latent_capacity_change_with_transient_expression_forecasting/public-native-comparator-suite/public-native-mechanistic-ridge-residual/seed-383002.predictions.jsonl"",""results/benchmarks/iid_latent_capacity_change_with_transient_expression_forecasting/public-native-comparator-suite/public-native-mechanistic-ridge-residual/seed-383003.evaluation-result.json"",""results/benchmarks/iid_latent_capacity_change_with_transient_expression_forecasting/public-native-comparator-suite/public-native-mechanistic-ridge-residual/seed-383003.predictions.jsonl"",""results/benchmarks/iid_latent_capacity_change_with_transient_expression_forecasting/public-native-comparator-suite/public-native-ridge/seed-383001.evaluation-result.json"",""results/benchmarks/iid_latent_capacity_change_with_transient_expression_forecasting/public-native-comparator-suite/public-native-ridge/seed-383001.predictions.jsonl"",""results/benchmarks/iid_latent_capacity_change_with_transient_expression_forecasting/public-native-comparator-suite/public-native-ridge/seed-383002.evaluation-result.json"",""results/benchmarks/iid_latent_capacity_change_with_transient_expression_forecasting/public-native-comparator-suite/public-native-ridge/seed-383002.predictions.jsonl"",""results/benchmarks/iid_latent_capacity_change_with_transient_expression_forecasting/public-native-comparator-suite/public-native-ridge/seed-383003.evaluation-result.json"",""results/benchmarks/iid_latent_capacity_change_with_transient_expression_forecasting/public-native-comparator-suite/public-native-ridge/seed-383003.predictions.jsonl"",""results/benchmarks/iid_latent_capacity_change_with_transient_expression_forecasting/public-native-comparator-suite/training-seal.json"",""results/benchmarks/iid_latent_capacity_change_with_transient_expression_forecasting/public-native-temporal-expert/ensemble.evaluation-result.json"",""results/benchmarks/iid_latent_capacity_change_with_transient_expression_forecasting/public-native-temporal-expert/ensemble.predictions.jsonl"",""results/benchmarks/iid_latent_capacity_change_with_transient_expression_forecasting/public-native-temporal-expert/seed-383001.evaluation-result.json"",""results/benchmarks/iid_latent_capacity_change_with_transient_expression_forecasting/public-native-temporal-expert/seed-383001.predictions.jsonl"",""results/benchmarks/iid_latent_capacity_change_with_transient_expression_forecasting/public-native-temporal-expert/seed-383002.evaluation-result.json"",""results/benchmarks/iid_latent_capacity_change_with_transient_expression_forecasting/public-native-temporal-expert/seed-383002.predictions.jsonl"",""results/benchmarks/iid_latent_capacity_change_with_transient_expression_forecasting/public-native-temporal-expert/seed-383003.evaluation-result.json"",""results/benchmarks/iid_latent_capacity_change_with_transient_expression_forecasting/public-native-temporal-expert/seed-383003.predictions.jsonl"",""results/manifests/public-native-comparator-suite-checksums.json"",""results/manifests/public-native-comparator-suite.json"",""results/manifests/public-native-temporal-expert-source-inventory.json"",""results/manifests/public-native-temporal-expert-verification-receipt.json"",""results/manifests/public-native-temporal-expert.json"",""results/tables/public-native-comparator-frontier.csv"",""results/audits/res281/realizations/res281-target-identity-contamination-seed-281102/baseline.jsonl"",""results/audits/res281/realizations/res281-target-identity-contamination-seed-281102/target-canary.jsonl"",""results/audits/res281/realizations/res281-target-identity-contamination-seed-281102/manifest.json""]",[],"[""This verifies the repository inference adapter boundary; it does not establish leakage absence in external code.""]",results/audits/res-281/audit-results.json
RES-281,iid_latent_capacity_change_with_transient_expression_forecasting@1.0.0,temporal_history_disruption@1.0.0,leakage_shortcut_susceptibility,INCONCLUSIVE,res281-temporal_history_disruption-acc88aa7a638,psr:audit-result:iid_latent_capacity_change_with_transient_expression_forecasting-temporal_history_disruption@1.0.0~e6545806737f,sha256:e6545806737fdeb447c9b694785e197567c56e8aa6f543457584cb8b80b629c3,d854443b467eb21e72ab08ce44d156f8a202db38,Weekly history values were reversed across the fixed day slots and predictions were recomputed.,"{""audit_row_count"":96,""fitted_comparator_instance_count"":18,""max_abs_prediction_delta::reversed-history::compact_neural::383001"":7.846632027532726,""max_abs_prediction_delta::reversed-history::compact_neural::383002"":9.345413134132908,""max_abs_prediction_delta::reversed-history::compact_neural::383003"":7.285982636759702,""max_abs_prediction_delta::reversed-history::context_mean::383001"":0.0,""max_abs_prediction_delta::reversed-history::context_mean::383002"":0.0,""max_abs_prediction_delta::reversed-history::context_mean::383003"":0.0,""max_abs_prediction_delta::reversed-history::histogram_boosted_stumps::383001"":0.0,""max_abs_prediction_delta::reversed-history::histogram_boosted_stumps::383002"":0.0,""max_abs_prediction_delta::reversed-history::histogram_boosted_stumps::383003"":0.0,""max_abs_prediction_delta::reversed-history::mechanistic_midpoint::383001"":5.369140424708203,""max_abs_prediction_delta::reversed-history::mechanistic_midpoint::383002"":5.369140424708203,""max_abs_prediction_delta::reversed-history::mechanistic_midpoint::383003"":5.369140424708203,""max_abs_prediction_delta::reversed-history::mechanistic_ridge_residual::383001"":6.226799535797731,""max_abs_prediction_delta::reversed-history::mechanistic_ridge_residual::383002"":6.226799535797731,""max_abs_prediction_delta::reversed-history::mechanistic_ridge_residual::383003"":6.226799535797731,""max_abs_prediction_delta::reversed-history::ridge::383001"":2.382970941729238,""max_abs_prediction_delta::reversed-history::ridge::383002"":2.382970941729238,""max_abs_prediction_delta::reversed-history::ridge::383003"":2.382970941729238,""rmse_delta::reversed-history::compact_neural::383001::bench_press_delta_capacity_kg"":0.6219893351992738,""rmse_delta::reversed-history::compact_neural::383001::deadlift_delta_capacity_kg"":0.4790849831115054,""rmse_delta::reversed-history::compact_neural::383001::squat_delta_capacity_kg"":-0.08092626903991063,""rmse_delta::reversed-history::compact_neural::383002::bench_press_delta_capacity_kg"":0.7739403759830856,""rmse_delta::reversed-history::compact_neural::383002::deadlift_delta_capacity_kg"":0.5176379440393983,""rmse_delta::reversed-history::compact_neural::383002::squat_delta_capacity_kg"":0.0054530976474085335,""rmse_delta::reversed-history::compact_neural::383003::bench_press_delta_capacity_kg"":0.6284342429623719,""rmse_delta::reversed-history::compact_neural::383003::deadlift_delta_capacity_kg"":0.5373471435351522,""rmse_delta::reversed-history::compact_neural::383003::squat_delta_capacity_kg"":-0.05793919027289984,""rmse_delta::reversed-history::context_mean::383001::bench_press_delta_capacity_kg"":0.0,""rmse_delta::reversed-history::context_mean::383001::deadlift_delta_capacity_kg"":0.0,""rmse_delta::reversed-history::context_mean::383001::squat_delta_capacity_kg"":0.0,""rmse_delta::reversed-history::context_mean::383002::bench_press_delta_capacity_kg"":0.0,""rmse_delta::reversed-history::context_mean::383002::deadlift_delta_capacity_kg"":0.0,""rmse_delta::reversed-history::context_mean::383002::squat_delta_capacity_kg"":0.0,""rmse_delta::reversed-history::context_mean::383003::bench_press_delta_capacity_kg"":0.0,""rmse_delta::reversed-history::context_mean::383003::deadlift_delta_capacity_kg"":0.0,""rmse_delta::reversed-history::context_mean::383003::squat_delta_capacity_kg"":0.0,""rmse_delta::reversed-history::histogram_boosted_stumps::383001::bench_press_delta_capacity_kg"":0.0,""rmse_delta::reversed-history::histogram_boosted_stumps::383001::deadlift_delta_capacity_kg"":0.0,""rmse_delta::reversed-history::histogram_boosted_stumps::383001::squat_delta_capacity_kg"":0.0,""rmse_delta::reversed-history::histogram_boosted_stumps::383002::bench_press_delta_capacity_kg"":0.0,""rmse_delta::reversed-history::histogram_boosted_stumps::383002::deadlift_delta_capacity_kg"":0.0,""rmse_delta::reversed-history::histogram_boosted_stumps::383002::squat_delta_capacity_kg"":0.0,""rmse_delta::reversed-history::histogram_boosted_stumps::383003::bench_press_delta_capacity_kg"":0.0,""rmse_delta::reversed-history::histogram_boosted_stumps::383003::deadlift_delta_capacity_kg"":0.0,""rmse_delta::reversed-history::histogram_boosted_stumps::383003::squat_delta_capacity_kg"":0.0,""rmse_delta::reversed-history::mechanistic_midpoint::383001::bench_press_delta_capacity_kg"":0.19744336661979434,""rmse_delta::reversed-history::mechanistic_midpoint::383001::deadlift_delta_capacity_kg"":0.2372929808547859,""rmse_delta::reversed-history::mechanistic_midpoint::383001::squat_delta_capacity_kg"":-0.007939452454865048,""rmse_delta::reversed-history::mechanistic_midpoint::383002::bench_press_delta_capacity_kg"":0.19744336661979434,""rmse_delta::reversed-history::mechanistic_midpoint::383002::deadlift_delta_capacity_kg"":0.2372929808547859,""rmse_delta::reversed-history::mechanistic_midpoint::383002::squat_delta_capacity_kg"":-0.007939452454865048,""rmse_delta::reversed-history::mechanistic_midpoint::383003::bench_press_delta_capacity_kg"":0.19744336661979434,""rmse_delta::reversed-history::mechanistic_midpoint::383003::deadlift_delta_capacity_kg"":0.2372929808547859,""rmse_delta::reversed-history::mechanistic_midpoint::383003::squat_delta_capacity_kg"":-0.007939452454865048,""rmse_delta::reversed-history::mechanistic_ridge_residual::383001::bench_press_delta_capacity_kg"":0.34394682662258713,""rmse_delta::reversed-history::mechanistic_ridge_residual::383001::deadlift_delta_capacity_kg"":0.2621813398280164,""rmse_delta::reversed-history::mechanistic_ridge_residual::383001::squat_delta_capacity_kg"":0.0007489009333294661,""rmse_delta::reversed-history::mechanistic_ridge_residual::383002::bench_press_delta_capacity_kg"":0.34394682662258713,""rmse_delta::reversed-history::mechanistic_ridge_residual::383002::deadlift_delta_capacity_kg"":0.2621813398280164,""rmse_delta::reversed-history::mechanistic_ridge_residual::383002::squat_delta_capacity_kg"":0.0007489009333294661,""rmse_delta::reversed-history::mechanistic_ridge_residual::383003::bench_press_delta_capacity_kg"":0.34394682662258713,""rmse_delta::reversed-history::mechanistic_ridge_residual::383003::deadlift_delta_capacity_kg"":0.2621813398280164,""rmse_delta::reversed-history::mechanistic_ridge_residual::383003::squat_delta_capacity_kg"":0.0007489009333294661,""rmse_delta::reversed-history::ridge::383001::bench_press_delta_capacity_kg"":0.2542990942234349,""rmse_delta::reversed-history::ridge::383001::deadlift_delta_capacity_kg"":0.006068941339893108,""rmse_delta::reversed-history::ridge::383001::squat_delta_capacity_kg"":-0.0519400547744322,""rmse_delta::reversed-history::ridge::383002::bench_press_delta_capacity_kg"":0.2542990942234349,""rmse_delta::reversed-history::ridge::383002::deadlift_delta_capacity_kg"":0.006068941339893108,""rmse_delta::reversed-history::ridge::383002::squat_delta_capacity_kg"":-0.0519400547744322,""rmse_delta::reversed-history::ridge::383003::bench_press_delta_capacity_kg"":0.2542990942234349,""rmse_delta::reversed-history::ridge::383003::deadlift_delta_capacity_kg"":0.006068941339893108,""rmse_delta::reversed-history::ridge::383003::squat_delta_capacity_kg"":-0.0519400547744322}","[""artifacts/registries/public-native-comparator-registry.json"",""artifacts/training-protocols/public-native-comparator-suite.json"",""data/manifests/realizations/latent_capacity_change_with_transient_expression_forecasting/iid-production.json"",""models/checkpoint-manifests/public-native-temporal-expert/checkpoint-publication.json"",""models/checkpoint-manifests/public-native-temporal-expert/ensemble-manifest.json"",""models/checkpoint-manifests/public-native-temporal-expert/seed-383001.checkpoint-manifest.json"",""models/checkpoint-manifests/public-native-temporal-expert/seed-383001.fitted-instance.json"",""models/checkpoint-manifests/public-native-temporal-expert/seed-383002.checkpoint-manifest.json"",""models/checkpoint-manifests/public-native-temporal-expert/seed-383002.fitted-instance.json"",""models/checkpoint-manifests/public-native-temporal-expert/seed-383003.checkpoint-manifest.json"",""models/checkpoint-manifests/public-native-temporal-expert/seed-383003.fitted-instance.json"",""models/fitted-instances/public-native-comparator-suite/public-native-compact-neural/seed-383001.fitted-instance.json"",""models/fitted-instances/public-native-comparator-suite/public-native-compact-neural/seed-383002.fitted-instance.json"",""models/fitted-instances/public-native-comparator-suite/public-native-compact-neural/seed-383003.fitted-instance.json"",""models/fitted-instances/public-native-comparator-suite/public-native-context-mean/seed-383001.fitted-instance.json"",""models/fitted-instances/public-native-comparator-suite/public-native-context-mean/seed-383002.fitted-instance.json"",""models/fitted-instances/public-native-comparator-suite/public-native-context-mean/seed-383003.fitted-instance.json"",""models/fitted-instances/public-native-comparator-suite/public-native-histogram-boosted-stumps/seed-383001.fitted-instance.json"",""models/fitted-instances/public-native-comparator-suite/public-native-histogram-boosted-stumps/seed-383002.fitted-instance.json"",""models/fitted-instances/public-native-comparator-suite/public-native-histogram-boosted-stumps/seed-383003.fitted-instance.json"",""models/fitted-instances/public-native-comparator-suite/public-native-mechanistic-midpoint/seed-383001.fitted-instance.json"",""models/fitted-instances/public-native-comparator-suite/public-native-mechanistic-midpoint/seed-383002.fitted-instance.json"",""models/fitted-instances/public-native-comparator-suite/public-native-mechanistic-midpoint/seed-383003.fitted-instance.json"",""models/fitted-instances/public-native-comparator-suite/public-native-mechanistic-ridge-residual/seed-383001.fitted-instance.json"",""models/fitted-instances/public-native-comparator-suite/public-native-mechanistic-ridge-residual/seed-383002.fitted-instance.json"",""models/fitted-instances/public-native-comparator-suite/public-native-mechanistic-ridge-residual/seed-383003.fitted-instance.json"",""models/fitted-instances/public-native-comparator-suite/public-native-ridge/seed-383001.fitted-instance.json"",""models/fitted-instances/public-native-comparator-suite/public-native-ridge/seed-383002.fitted-instance.json"",""models/fitted-instances/public-native-comparator-suite/public-native-ridge/seed-383003.fitted-instance.json"",""results/benchmarks/iid_latent_capacity_change_with_transient_expression_forecasting/public-native-comparator-suite/internal-selection-split.json"",""results/benchmarks/iid_latent_capacity_change_with_transient_expression_forecasting/public-native-comparator-suite/public-native-compact-neural/seed-383001.evaluation-result.json"",""results/benchmarks/iid_latent_capacity_change_with_transient_expression_forecasting/public-native-comparator-suite/public-native-compact-neural/seed-383001.predictions.jsonl"",""results/benchmarks/iid_latent_capacity_change_with_transient_expression_forecasting/public-native-comparator-suite/public-native-compact-neural/seed-383002.evaluation-result.json"",""results/benchmarks/iid_latent_capacity_change_with_transient_expression_forecasting/public-native-comparator-suite/public-native-compact-neural/seed-383002.predictions.jsonl"",""results/benchmarks/iid_latent_capacity_change_with_transient_expression_forecasting/public-native-comparator-suite/public-native-compact-neural/seed-383003.evaluation-result.json"",""results/benchmarks/iid_latent_capacity_change_with_transient_expression_forecasting/public-native-comparator-suite/public-native-compact-neural/seed-383003.predictions.jsonl"",""results/benchmarks/iid_latent_capacity_change_with_transient_expression_forecasting/public-native-comparator-suite/public-native-context-mean/seed-383001.evaluation-result.json"",""results/benchmarks/iid_latent_capacity_change_with_transient_expression_forecasting/public-native-comparator-suite/public-native-context-mean/seed-383001.predictions.jsonl"",""results/benchmarks/iid_latent_capacity_change_with_transient_expression_forecasting/public-native-comparator-suite/public-native-context-mean/seed-383002.evaluation-result.json"",""results/benchmarks/iid_latent_capacity_change_with_transient_expression_forecasting/public-native-comparator-suite/public-native-context-mean/seed-383002.predictions.jsonl"",""results/benchmarks/iid_latent_capacity_change_with_transient_expression_forecasting/public-native-comparator-suite/public-native-context-mean/seed-383003.evaluation-result.json"",""results/benchmarks/iid_latent_capacity_change_with_transient_expression_forecasting/public-native-comparator-suite/public-native-context-mean/seed-383003.predictions.jsonl"",""results/benchmarks/iid_latent_capacity_change_with_transient_expression_forecasting/public-native-comparator-suite/public-native-histogram-boosted-stumps/seed-383001.evaluation-result.json"",""results/benchmarks/iid_latent_capacity_change_with_transient_expression_forecasting/public-native-comparator-suite/public-native-histogram-boosted-stumps/seed-383001.predictions.jsonl"",""results/benchmarks/iid_latent_capacity_change_with_transient_expression_forecasting/public-native-comparator-suite/public-native-histogram-boosted-stumps/seed-383002.evaluation-result.json"",""results/benchmarks/iid_latent_capacity_change_with_transient_expression_forecasting/public-native-comparator-suite/public-native-histogram-boosted-stumps/seed-383002.predictions.jsonl"",""results/benchmarks/iid_latent_capacity_change_with_transient_expression_forecasting/public-native-comparator-suite/public-native-histogram-boosted-stumps/seed-383003.evaluation-result.json"",""results/benchmarks/iid_latent_capacity_change_with_transient_expression_forecasting/public-native-comparator-suite/public-native-histogram-boosted-stumps/seed-383003.predictions.jsonl"",""results/benchmarks/iid_latent_capacity_change_with_transient_expression_forecasting/public-native-comparator-suite/public-native-mechanistic-midpoint/seed-383001.evaluation-result.json"",""results/benchmarks/iid_latent_capacity_change_with_transient_expression_forecasting/public-native-comparator-suite/public-native-mechanistic-midpoint/seed-383001.predictions.jsonl"",""results/benchmarks/iid_latent_capacity_change_with_transient_expression_forecasting/public-native-comparator-suite/public-native-mechanistic-midpoint/seed-383002.evaluation-result.json"",""results/benchmarks/iid_latent_capacity_change_with_transient_expression_forecasting/public-native-comparator-suite/public-native-mechanistic-midpoint/seed-383002.predictions.jsonl"",""results/benchmarks/iid_latent_capacity_change_with_transient_expression_forecasting/public-native-comparator-suite/public-native-mechanistic-midpoint/seed-383003.evaluation-result.json"",""results/benchmarks/iid_latent_capacity_change_with_transient_expression_forecasting/public-native-comparator-suite/public-native-mechanistic-midpoint/seed-383003.predictions.jsonl"",""results/benchmarks/iid_latent_capacity_change_with_transient_expression_forecasting/public-native-comparator-suite/public-native-mechanistic-ridge-residual/seed-383001.evaluation-result.json"",""results/benchmarks/iid_latent_capacity_change_with_transient_expression_forecasting/public-native-comparator-suite/public-native-mechanistic-ridge-residual/seed-383001.predictions.jsonl"",""results/benchmarks/iid_latent_capacity_change_with_transient_expression_forecasting/public-native-comparator-suite/public-native-mechanistic-ridge-residual/seed-383002.evaluation-result.json"",""results/benchmarks/iid_latent_capacity_change_with_transient_expression_forecasting/public-native-comparator-suite/public-native-mechanistic-ridge-residual/seed-383002.predictions.jsonl"",""results/benchmarks/iid_latent_capacity_change_with_transient_expression_forecasting/public-native-comparator-suite/public-native-mechanistic-ridge-residual/seed-383003.evaluation-result.json"",""results/benchmarks/iid_latent_capacity_change_with_transient_expression_forecasting/public-native-comparator-suite/public-native-mechanistic-ridge-residual/seed-383003.predictions.jsonl"",""results/benchmarks/iid_latent_capacity_change_with_transient_expression_forecasting/public-native-comparator-suite/public-native-ridge/seed-383001.evaluation-result.json"",""results/benchmarks/iid_latent_capacity_change_with_transient_expression_forecasting/public-native-comparator-suite/public-native-ridge/seed-383001.predictions.jsonl"",""results/benchmarks/iid_latent_capacity_change_with_transient_expression_forecasting/public-native-comparator-suite/public-native-ridge/seed-383002.evaluation-result.json"",""results/benchmarks/iid_latent_capacity_change_with_transient_expression_forecasting/public-native-comparator-suite/public-native-ridge/seed-383002.predictions.jsonl"",""results/benchmarks/iid_latent_capacity_change_with_transient_expression_forecasting/public-native-comparator-suite/public-native-ridge/seed-383003.evaluation-result.json"",""results/benchmarks/iid_latent_capacity_change_with_transient_expression_forecasting/public-native-comparator-suite/public-native-ridge/seed-383003.predictions.jsonl"",""results/benchmarks/iid_latent_capacity_change_with_transient_expression_forecasting/public-native-comparator-suite/training-seal.json"",""results/benchmarks/iid_latent_capacity_change_with_transient_expression_forecasting/public-native-temporal-expert/ensemble.evaluation-result.json"",""results/benchmarks/iid_latent_capacity_change_with_transient_expression_forecasting/public-native-temporal-expert/ensemble.predictions.jsonl"",""results/benchmarks/iid_latent_capacity_change_with_transient_expression_forecasting/public-native-temporal-expert/seed-383001.evaluation-result.json"",""results/benchmarks/iid_latent_capacity_change_with_transient_expression_forecasting/public-native-temporal-expert/seed-383001.predictions.jsonl"",""results/benchmarks/iid_latent_capacity_change_with_transient_expression_forecasting/public-native-temporal-expert/seed-383002.evaluation-result.json"",""results/benchmarks/iid_latent_capacity_change_with_transient_expression_forecasting/public-native-temporal-expert/seed-383002.predictions.jsonl"",""results/benchmarks/iid_latent_capacity_change_with_transient_expression_forecasting/public-native-temporal-expert/seed-383003.evaluation-result.json"",""results/benchmarks/iid_latent_capacity_change_with_transient_expression_forecasting/public-native-temporal-expert/seed-383003.predictions.jsonl"",""results/manifests/public-native-comparator-suite-checksums.json"",""results/manifests/public-native-comparator-suite.json"",""results/manifests/public-native-temporal-expert-source-inventory.json"",""results/manifests/public-native-temporal-expert-verification-receipt.json"",""results/manifests/public-native-temporal-expert.json"",""results/tables/public-native-comparator-frontier.csv"",""results/audits/res281/realizations/res281-temporal-history-disruption-seed-281103/baseline.jsonl"",""results/audits/res281/realizations/res281-temporal-history-disruption-seed-281103/reversed-history.jsonl"",""results/audits/res281/realizations/res281-temporal-history-disruption-seed-281103/manifest.json""]",[],"[""This is an out-of-support chronology stress diagnostic, not ordinary benchmark performance.""]",results/audits/res-281/audit-results.json
RES-281,iid_latent_capacity_change_with_transient_expression_forecasting@1.0.0,training_plan_counterfactual_sensitivity@1.0.0,out_of_distribution_robustness,INCONCLUSIVE,res281-training_plan_counterfactual_sensitivity-813878ab3f2a,psr:audit-result:iid_latent_capacity_change_with_transient_expression_forecasting-training_plan_counterfactual_sensitivity@1.0.0~8dbdda8d919c,sha256:8dbdda8d919cc16161fa82fa8f9a487881cb0bc96fc7f23148b9be436a73f874,d854443b467eb21e72ab08ce44d156f8a202db38,Each declared plan was swapped to its supported paired alternative and its target was re-simulated under the same athlete parameters and history.,"{""audit_row_count"":96,""fitted_comparator_instance_count"":18,""max_abs_prediction_delta::supported-plan-swap::compact_neural::383001"":36.95315359773762,""max_abs_prediction_delta::supported-plan-swap::compact_neural::383002"":37.740012983944716,""max_abs_prediction_delta::supported-plan-swap::compact_neural::383003"":37.960536652433554,""max_abs_prediction_delta::supported-plan-swap::context_mean::383001"":21.20550223853819,""max_abs_prediction_delta::supported-plan-swap::context_mean::383002"":21.20550223853819,""max_abs_prediction_delta::supported-plan-swap::context_mean::383003"":21.20550223853819,""max_abs_prediction_delta::supported-plan-swap::histogram_boosted_stumps::383001"":12.332192517320795,""max_abs_prediction_delta::supported-plan-swap::histogram_boosted_stumps::383002"":12.332192517320795,""max_abs_prediction_delta::supported-plan-swap::histogram_boosted_stumps::383003"":12.332192517320795,""max_abs_prediction_delta::supported-plan-swap::mechanistic_midpoint::383001"":39.869778357343165,""max_abs_prediction_delta::supported-plan-swap::mechanistic_midpoint::383002"":39.869778357343165,""max_abs_prediction_delta::supported-plan-swap::mechanistic_midpoint::383003"":39.869778357343165,""max_abs_prediction_delta::supported-plan-swap::mechanistic_ridge_residual::383001"":39.44650259465216,""max_abs_prediction_delta::supported-plan-swap::mechanistic_ridge_residual::383002"":39.44650259465216,""max_abs_prediction_delta::supported-plan-swap::mechanistic_ridge_residual::383003"":39.44650259465216,""max_abs_prediction_delta::supported-plan-swap::ridge::383001"":15.024921916538002,""max_abs_prediction_delta::supported-plan-swap::ridge::383002"":15.024921916538002,""max_abs_prediction_delta::supported-plan-swap::ridge::383003"":15.024921916538002,""mean_abs_regenerated_target_delta::bench_press_delta_capacity_kg"":6.758737881285209,""mean_abs_regenerated_target_delta::deadlift_delta_capacity_kg"":10.466115956615951,""mean_abs_regenerated_target_delta::squat_delta_capacity_kg"":9.699606476014024,""rmse_delta::supported-plan-swap::compact_neural::383001::bench_press_delta_capacity_kg"":-0.13575435814829984,""rmse_delta::supported-plan-swap::compact_neural::383001::deadlift_delta_capacity_kg"":0.12064427856398474,""rmse_delta::supported-plan-swap::compact_neural::383001::squat_delta_capacity_kg"":0.13224977965083218,""rmse_delta::supported-plan-swap::compact_neural::383002::bench_press_delta_capacity_kg"":-0.12724237069590716,""rmse_delta::supported-plan-swap::compact_neural::383002::deadlift_delta_capacity_kg"":0.3845396083734878,""rmse_delta::supported-plan-swap::compact_neural::383002::squat_delta_capacity_kg"":0.5455526900903211,""rmse_delta::supported-plan-swap::compact_neural::383003::bench_press_delta_capacity_kg"":-0.2206096489209326,""rmse_delta::supported-plan-swap::compact_neural::383003::deadlift_delta_capacity_kg"":0.19123706208381774,""rmse_delta::supported-plan-swap::compact_neural::383003::squat_delta_capacity_kg"":0.7242855985148977,""rmse_delta::supported-plan-swap::context_mean::383001::bench_press_delta_capacity_kg"":0.11463690150127492,""rmse_delta::supported-plan-swap::context_mean::383001::deadlift_delta_capacity_kg"":1.2910399851327115,""rmse_delta::supported-plan-swap::context_mean::383001::squat_delta_capacity_kg"":-0.01823250327611703,""rmse_delta::supported-plan-swap::context_mean::383002::bench_press_delta_capacity_kg"":0.11463690150127492,""rmse_delta::supported-plan-swap::context_mean::383002::deadlift_delta_capacity_kg"":1.2910399851327115,""rmse_delta::supported-plan-swap::context_mean::383002::squat_delta_capacity_kg"":-0.01823250327611703,""rmse_delta::supported-plan-swap::context_mean::383003::bench_press_delta_capacity_kg"":0.11463690150127492,""rmse_delta::supported-plan-swap::context_mean::383003::deadlift_delta_capacity_kg"":1.2910399851327115,""rmse_delta::supported-plan-swap::context_mean::383003::squat_delta_capacity_kg"":-0.01823250327611703,""rmse_delta::supported-plan-swap::histogram_boosted_stumps::383001::bench_press_delta_capacity_kg"":0.012053620889512118,""rmse_delta::supported-plan-swap::histogram_boosted_stumps::383001::deadlift_delta_capacity_kg"":1.841334591434963,""rmse_delta::supported-plan-swap::histogram_boosted_stumps::383001::squat_delta_capacity_kg"":-0.24506166685581832,""rmse_delta::supported-plan-swap::histogram_boosted_stumps::383002::bench_press_delta_capacity_kg"":0.012053620889512118,""rmse_delta::supported-plan-swap::histogram_boosted_stumps::383002::deadlift_delta_capacity_kg"":1.841334591434963,""rmse_delta::supported-plan-swap::histogram_boosted_stumps::383002::squat_delta_capacity_kg"":-0.24506166685581832,""rmse_delta::supported-plan-swap::histogram_boosted_stumps::383003::bench_press_delta_capacity_kg"":0.012053620889512118,""rmse_delta::supported-plan-swap::histogram_boosted_stumps::383003::deadlift_delta_capacity_kg"":1.841334591434963,""rmse_delta::supported-plan-swap::histogram_boosted_stumps::383003::squat_delta_capacity_kg"":-0.24506166685581832,""rmse_delta::supported-plan-swap::mechanistic_midpoint::383001::bench_press_delta_capacity_kg"":0.21573464167742662,""rmse_delta::supported-plan-swap::mechanistic_midpoint::383001::deadlift_delta_capacity_kg"":0.41287242095696675,""rmse_delta::supported-plan-swap::mechanistic_midpoint::383001::squat_delta_capacity_kg"":1.1632594374209488,""rmse_delta::supported-plan-swap::mechanistic_midpoint::383002::bench_press_delta_capacity_kg"":0.21573464167742662,""rmse_delta::supported-plan-swap::mechanistic_midpoint::383002::deadlift_delta_capacity_kg"":0.41287242095696675,""rmse_delta::supported-plan-swap::mechanistic_midpoint::383002::squat_delta_capacity_kg"":1.1632594374209488,""rmse_delta::supported-plan-swap::mechanistic_midpoint::383003::bench_press_delta_capacity_kg"":0.21573464167742662,""rmse_delta::supported-plan-swap::mechanistic_midpoint::383003::deadlift_delta_capacity_kg"":0.41287242095696675,""rmse_delta::supported-plan-swap::mechanistic_midpoint::383003::squat_delta_capacity_kg"":1.1632594374209488,""rmse_delta::supported-plan-swap::mechanistic_ridge_residual::383001::bench_press_delta_capacity_kg"":0.16588425980217503,""rmse_delta::supported-plan-swap::mechanistic_ridge_residual::383001::deadlift_delta_capacity_kg"":0.4853987087666298,""rmse_delta::supported-plan-swap::mechanistic_ridge_residual::383001::squat_delta_capacity_kg"":1.0103985322385598,""rmse_delta::supported-plan-swap::mechanistic_ridge_residual::383002::bench_press_delta_capacity_kg"":0.16588425980217503,""rmse_delta::supported-plan-swap::mechanistic_ridge_residual::383002::deadlift_delta_capacity_kg"":0.4853987087666298,""rmse_delta::supported-plan-swap::mechanistic_ridge_residual::383002::squat_delta_capacity_kg"":1.0103985322385598,""rmse_delta::supported-plan-swap::mechanistic_ridge_residual::383003::bench_press_delta_capacity_kg"":0.16588425980217503,""rmse_delta::supported-plan-swap::mechanistic_ridge_residual::383003::deadlift_delta_capacity_kg"":0.4853987087666298,""rmse_delta::supported-plan-swap::mechanistic_ridge_residual::383003::squat_delta_capacity_kg"":1.0103985322385598,""rmse_delta::supported-plan-swap::ridge::383001::bench_press_delta_capacity_kg"":0.007135589919891494,""rmse_delta::supported-plan-swap::ridge::383001::deadlift_delta_capacity_kg"":1.1668581418288904,""rmse_delta::supported-plan-swap::ridge::383001::squat_delta_capacity_kg"":-0.0298971256845304,""rmse_delta::supported-plan-swap::ridge::383002::bench_press_delta_capacity_kg"":0.007135589919891494,""rmse_delta::supported-plan-swap::ridge::383002::deadlift_delta_capacity_kg"":1.1668581418288904,""rmse_delta::supported-plan-swap::ridge::383002::squat_delta_capacity_kg"":-0.0298971256845304,""rmse_delta::supported-plan-swap::ridge::383003::bench_press_delta_capacity_kg"":0.007135589919891494,""rmse_delta::supported-plan-swap::ridge::383003::deadlift_delta_capacity_kg"":1.1668581418288904,""rmse_delta::supported-plan-swap::ridge::383003::squat_delta_capacity_kg"":-0.0298971256845304}","[""artifacts/registries/public-native-comparator-registry.json"",""artifacts/training-protocols/public-native-comparator-suite.json"",""data/manifests/realizations/latent_capacity_change_with_transient_expression_forecasting/iid-production.json"",""models/checkpoint-manifests/public-native-temporal-expert/checkpoint-publication.json"",""models/checkpoint-manifests/public-native-temporal-expert/ensemble-manifest.json"",""models/checkpoint-manifests/public-native-temporal-expert/seed-383001.checkpoint-manifest.json"",""models/checkpoint-manifests/public-native-temporal-expert/seed-383001.fitted-instance.json"",""models/checkpoint-manifests/public-native-temporal-expert/seed-383002.checkpoint-manifest.json"",""models/checkpoint-manifests/public-native-temporal-expert/seed-383002.fitted-instance.json"",""models/checkpoint-manifests/public-native-temporal-expert/seed-383003.checkpoint-manifest.json"",""models/checkpoint-manifests/public-native-temporal-expert/seed-383003.fitted-instance.json"",""models/fitted-instances/public-native-comparator-suite/public-native-compact-neural/seed-383001.fitted-instance.json"",""models/fitted-instances/public-native-comparator-suite/public-native-compact-neural/seed-383002.fitted-instance.json"",""models/fitted-instances/public-native-comparator-suite/public-native-compact-neural/seed-383003.fitted-instance.json"",""models/fitted-instances/public-native-comparator-suite/public-native-context-mean/seed-383001.fitted-instance.json"",""models/fitted-instances/public-native-comparator-suite/public-native-context-mean/seed-383002.fitted-instance.json"",""models/fitted-instances/public-native-comparator-suite/public-native-context-mean/seed-383003.fitted-instance.json"",""models/fitted-instances/public-native-comparator-suite/public-native-histogram-boosted-stumps/seed-383001.fitted-instance.json"",""models/fitted-instances/public-native-comparator-suite/public-native-histogram-boosted-stumps/seed-383002.fitted-instance.json"",""models/fitted-instances/public-native-comparator-suite/public-native-histogram-boosted-stumps/seed-383003.fitted-instance.json"",""models/fitted-instances/public-native-comparator-suite/public-native-mechanistic-midpoint/seed-383001.fitted-instance.json"",""models/fitted-instances/public-native-comparator-suite/public-native-mechanistic-midpoint/seed-383002.fitted-instance.json"",""models/fitted-instances/public-native-comparator-suite/public-native-mechanistic-midpoint/seed-383003.fitted-instance.json"",""models/fitted-instances/public-native-comparator-suite/public-native-mechanistic-ridge-residual/seed-383001.fitted-instance.json"",""models/fitted-instances/public-native-comparator-suite/public-native-mechanistic-ridge-residual/seed-383002.fitted-instance.json"",""models/fitted-instances/public-native-comparator-suite/public-native-mechanistic-ridge-residual/seed-383003.fitted-instance.json"",""models/fitted-instances/public-native-comparator-suite/public-native-ridge/seed-383001.fitted-instance.json"",""models/fitted-instances/public-native-comparator-suite/public-native-ridge/seed-383002.fitted-instance.json"",""models/fitted-instances/public-native-comparator-suite/public-native-ridge/seed-383003.fitted-instance.json"",""results/benchmarks/iid_latent_capacity_change_with_transient_expression_forecasting/public-native-comparator-suite/internal-selection-split.json"",""results/benchmarks/iid_latent_capacity_change_with_transient_expression_forecasting/public-native-comparator-suite/public-native-compact-neural/seed-383001.evaluation-result.json"",""results/benchmarks/iid_latent_capacity_change_with_transient_expression_forecasting/public-native-comparator-suite/public-native-compact-neural/seed-383001.predictions.jsonl"",""results/benchmarks/iid_latent_capacity_change_with_transient_expression_forecasting/public-native-comparator-suite/public-native-compact-neural/seed-383002.evaluation-result.json"",""results/benchmarks/iid_latent_capacity_change_with_transient_expression_forecasting/public-native-comparator-suite/public-native-compact-neural/seed-383002.predictions.jsonl"",""results/benchmarks/iid_latent_capacity_change_with_transient_expression_forecasting/public-native-comparator-suite/public-native-compact-neural/seed-383003.evaluation-result.json"",""results/benchmarks/iid_latent_capacity_change_with_transient_expression_forecasting/public-native-comparator-suite/public-native-compact-neural/seed-383003.predictions.jsonl"",""results/benchmarks/iid_latent_capacity_change_with_transient_expression_forecasting/public-native-comparator-suite/public-native-context-mean/seed-383001.evaluation-result.json"",""results/benchmarks/iid_latent_capacity_change_with_transient_expression_forecasting/public-native-comparator-suite/public-native-context-mean/seed-383001.predictions.jsonl"",""results/benchmarks/iid_latent_capacity_change_with_transient_expression_forecasting/public-native-comparator-suite/public-native-context-mean/seed-383002.evaluation-result.json"",""results/benchmarks/iid_latent_capacity_change_with_transient_expression_forecasting/public-native-comparator-suite/public-native-context-mean/seed-383002.predictions.jsonl"",""results/benchmarks/iid_latent_capacity_change_with_transient_expression_forecasting/public-native-comparator-suite/public-native-context-mean/seed-383003.evaluation-result.json"",""results/benchmarks/iid_latent_capacity_change_with_transient_expression_forecasting/public-native-comparator-suite/public-native-context-mean/seed-383003.predictions.jsonl"",""results/benchmarks/iid_latent_capacity_change_with_transient_expression_forecasting/public-native-comparator-suite/public-native-histogram-boosted-stumps/seed-383001.evaluation-result.json"",""results/benchmarks/iid_latent_capacity_change_with_transient_expression_forecasting/public-native-comparator-suite/public-native-histogram-boosted-stumps/seed-383001.predictions.jsonl"",""results/benchmarks/iid_latent_capacity_change_with_transient_expression_forecasting/public-native-comparator-suite/public-native-histogram-boosted-stumps/seed-383002.evaluation-result.json"",""results/benchmarks/iid_latent_capacity_change_with_transient_expression_forecasting/public-native-comparator-suite/public-native-histogram-boosted-stumps/seed-383002.predictions.jsonl"",""results/benchmarks/iid_latent_capacity_change_with_transient_expression_forecasting/public-native-comparator-suite/public-native-histogram-boosted-stumps/seed-383003.evaluation-result.json"",""results/benchmarks/iid_latent_capacity_change_with_transient_expression_forecasting/public-native-comparator-suite/public-native-histogram-boosted-stumps/seed-383003.predictions.jsonl"",""results/benchmarks/iid_latent_capacity_change_with_transient_expression_forecasting/public-native-comparator-suite/public-native-mechanistic-midpoint/seed-383001.evaluation-result.json"",""results/benchmarks/iid_latent_capacity_change_with_transient_expression_forecasting/public-native-comparator-suite/public-native-mechanistic-midpoint/seed-383001.predictions.jsonl"",""results/benchmarks/iid_latent_capacity_change_with_transient_expression_forecasting/public-native-comparator-suite/public-native-mechanistic-midpoint/seed-383002.evaluation-result.json"",""results/benchmarks/iid_latent_capacity_change_with_transient_expression_forecasting/public-native-comparator-suite/public-native-mechanistic-midpoint/seed-383002.predictions.jsonl"",""results/benchmarks/iid_latent_capacity_change_with_transient_expression_forecasting/public-native-comparator-suite/public-native-mechanistic-midpoint/seed-383003.evaluation-result.json"",""results/benchmarks/iid_latent_capacity_change_with_transient_expression_forecasting/public-native-comparator-suite/public-native-mechanistic-midpoint/seed-383003.predictions.jsonl"",""results/benchmarks/iid_latent_capacity_change_with_transient_expression_forecasting/public-native-comparator-suite/public-native-mechanistic-ridge-residual/seed-383001.evaluation-result.json"",""results/benchmarks/iid_latent_capacity_change_with_transient_expression_forecasting/public-native-comparator-suite/public-native-mechanistic-ridge-residual/seed-383001.predictions.jsonl"",""results/benchmarks/iid_latent_capacity_change_with_transient_expression_forecasting/public-native-comparator-suite/public-native-mechanistic-ridge-residual/seed-383002.evaluation-result.json"",""results/benchmarks/iid_latent_capacity_change_with_transient_expression_forecasting/public-native-comparator-suite/public-native-mechanistic-ridge-residual/seed-383002.predictions.jsonl"",""results/benchmarks/iid_latent_capacity_change_with_transient_expression_forecasting/public-native-comparator-suite/public-native-mechanistic-ridge-residual/seed-383003.evaluation-result.json"",""results/benchmarks/iid_latent_capacity_change_with_transient_expression_forecasting/public-native-comparator-suite/public-native-mechanistic-ridge-residual/seed-383003.predictions.jsonl"",""results/benchmarks/iid_latent_capacity_change_with_transient_expression_forecasting/public-native-comparator-suite/public-native-ridge/seed-383001.evaluation-result.json"",""results/benchmarks/iid_latent_capacity_change_with_transient_expression_forecasting/public-native-comparator-suite/public-native-ridge/seed-383001.predictions.jsonl"",""results/benchmarks/iid_latent_capacity_change_with_transient_expression_forecasting/public-native-comparator-suite/public-native-ridge/seed-383002.evaluation-result.json"",""results/benchmarks/iid_latent_capacity_change_with_transient_expression_forecasting/public-native-comparator-suite/public-native-ridge/seed-383002.predictions.jsonl"",""results/benchmarks/iid_latent_capacity_change_with_transient_expression_forecasting/public-native-comparator-suite/public-native-ridge/seed-383003.evaluation-result.json"",""results/benchmarks/iid_latent_capacity_change_with_transient_expression_forecasting/public-native-comparator-suite/public-native-ridge/seed-383003.predictions.jsonl"",""results/benchmarks/iid_latent_capacity_change_with_transient_expression_forecasting/public-native-comparator-suite/training-seal.json"",""results/benchmarks/iid_latent_capacity_change_with_transient_expression_forecasting/public-native-temporal-expert/ensemble.evaluation-result.json"",""results/benchmarks/iid_latent_capacity_change_with_transient_expression_forecasting/public-native-temporal-expert/ensemble.predictions.jsonl"",""results/benchmarks/iid_latent_capacity_change_with_transient_expression_forecasting/public-native-temporal-expert/seed-383001.evaluation-result.json"",""results/benchmarks/iid_latent_capacity_change_with_transient_expression_forecasting/public-native-temporal-expert/seed-383001.predictions.jsonl"",""results/benchmarks/iid_latent_capacity_change_with_transient_expression_forecasting/public-native-temporal-expert/seed-383002.evaluation-result.json"",""results/benchmarks/iid_latent_capacity_change_with_transient_expression_forecasting/public-native-temporal-expert/seed-383002.predictions.jsonl"",""results/benchmarks/iid_latent_capacity_change_with_transient_expression_forecasting/public-native-temporal-expert/seed-383003.evaluation-result.json"",""results/benchmarks/iid_latent_capacity_change_with_transient_expression_forecasting/public-native-temporal-expert/seed-383003.predictions.jsonl"",""results/manifests/public-native-comparator-suite-checksums.json"",""results/manifests/public-native-comparator-suite.json"",""results/manifests/public-native-temporal-expert-source-inventory.json"",""results/manifests/public-native-temporal-expert-verification-receipt.json"",""results/manifests/public-native-temporal-expert.json"",""results/tables/public-native-comparator-frontier.csv"",""results/audits/res281/realizations/res281-training-plan-counterfactual-sensitivity-seed-281104/baseline.jsonl"",""results/audits/res281/realizations/res281-training-plan-counterfactual-sensitivity-seed-281104/supported-plan-counterfactual.jsonl"",""results/audits/res281/realizations/res281-training-plan-counterfactual-sensitivity-seed-281104/manifest.json""]",[],"[""Results describe paired interventions within this synthetic native world and do not estimate real-athlete training effects.""]",results/audits/res-281/audit-results.json
RES-281,latent_capacity_change_with_transient_expression_forecasting@1.0.0,audit_coverage_accounting@1.0.0,audit_coverage,PASS,res281-audit_coverage_accounting-0a4eecc859ad,psr:audit-result:latent_capacity_change_with_transient_expression_forecasting-audit_coverage_accounting@1.0.0~e02dd4e11560,sha256:e02dd4e11560a7eaf951371b41cf5d8a493d3d303831b4acc819e955a4254c49,d854443b467eb21e72ab08ce44d156f8a202db38,"Every registered attack has exactly one version-specific state, and the count reconciles to the typed contract and profile.","{""applicable_attack_count"":9,""executed_attack_count"":2,""inapplicable_attack_count"":5,""recorded_attack_count"":14,""registered_attack_count"":14,""state_count::FAIL"":0,""state_count::INCONCLUSIVE"":1,""state_count::NOT_APPLICABLE"":5,""state_count::NOT_RUN"":0,""state_count::PASS"":1,""state_count::UNSUPPORTED_BY_EVIDENCE"":7,""state_count_match"":1}","[""artifacts/registries/attack-contract-registry.json"",""artifacts/registries/validity-axis-registry.json"",""artifacts/registries/version-validity-profiles.json"",""artifacts/registries/benchmark-registry.json"",""docs/benchmarks/latent-capacity-change-with-transient-expression-forecasting.md"",""src/powerlifting_state_research/provenance/historical_sources.py""]",[],"[""Coverage is process metadata; it is not a benchmark validity score.""]",results/audits/res-281/audit-results.json
RES-281,latent_capacity_change_with_transient_expression_forecasting@1.0.0,baseline_domination@1.0.0,simple_model_frontier,NOT_APPLICABLE,,psr:audit-result:latent_capacity_change_with_transient_expression_forecasting-baseline_domination@1.0.0~57e46fa426e0,sha256:57e46fa426e06f91725819a5bbee353651e7effdc43f6fc729127d51e1225301,,This benchmark version is outside the attack contract's declared semantic scope.,{},"[""artifacts/registries/attack-contract-registry.json"",""docs/benchmarks/latent-capacity-change-with-transient-expression-forecasting.md""]",[],[],results/audits/res-281/audit-results.json
RES-281,latent_capacity_change_with_transient_expression_forecasting@1.0.0,distributional_shift_sensitivity@1.0.0,out_of_distribution_robustness,NOT_APPLICABLE,,psr:audit-result:latent_capacity_change_with_transient_expression_forecasting-distributional_shift_sensitivity@1.0.0~f203e0b8c407,sha256:f203e0b8c407ab5218b8731fd702c0b39b59f6fa039ec0aee82530b4a08e8662,,This benchmark version is outside the attack contract's declared semantic scope.,{},"[""artifacts/registries/attack-contract-registry.json"",""docs/benchmarks/latent-capacity-change-with-transient-expression-forecasting.md""]",[],[],results/audits/res-281/audit-results.json
RES-281,latent_capacity_change_with_transient_expression_forecasting@1.0.0,hidden_test_fairness@1.0.0,hidden_test_fairness,UNSUPPORTED_BY_EVIDENCE,,psr:audit-result:latent_capacity_change_with_transient_expression_forecasting-hidden_test_fairness@1.0.0~809990b190fd,sha256:809990b190fdd0d327fe4f340e05a3128bdfcd4a33321e3ab7b4c26ad23be7e2,,"The question applies, but this historical version has no rights-cleared row-level realization and matching executable model/evaluation evidence.",{},"[""docs/benchmarks/latent-capacity-change-with-transient-expression-forecasting.md"",""artifacts/registries/benchmark-registry.json"",""src/powerlifting_state_research/provenance/historical_sources.py"",""artifacts/registries/attack-contract-registry.json""]","[""Rights-cleared historical participant rows and split identities."",""Version-specific runnable adapter and fitted model/evaluation artifacts.""]",[],results/audits/res-281/audit-results.json
RES-281,latent_capacity_change_with_transient_expression_forecasting@1.0.0,model_ranking_instability@1.0.0,seed_stability,NOT_APPLICABLE,,psr:audit-result:latent_capacity_change_with_transient_expression_forecasting-model_ranking_instability@1.0.0~c354dbef5f41,sha256:c354dbef5f417177f85f1d46d0b6db812bad62c4fc89478928f8b579960318a7,,This benchmark version is outside the attack contract's declared semantic scope.,{},"[""artifacts/registries/attack-contract-registry.json"",""docs/benchmarks/latent-capacity-change-with-transient-expression-forecasting.md""]",[],[],results/audits/res-281/audit-results.json
RES-281,latent_capacity_change_with_transient_expression_forecasting@1.0.0,observation_noise_perturbation@1.0.0,out_of_distribution_robustness,UNSUPPORTED_BY_EVIDENCE,,psr:audit-result:latent_capacity_change_with_transient_expression_forecasting-observation_noise_perturbation@1.0.0~768c9df01b4d,sha256:768c9df01b4da012ed16727b81cbd11f050ac9d7ac5c606a6685c2af402d6294,,"The question applies, but this historical version has no rights-cleared row-level realization and matching executable model/evaluation evidence.",{},"[""docs/benchmarks/latent-capacity-change-with-transient-expression-forecasting.md"",""artifacts/registries/benchmark-registry.json"",""src/powerlifting_state_research/provenance/historical_sources.py"",""artifacts/registries/attack-contract-registry.json""]","[""Rights-cleared historical participant rows and split identities."",""Version-specific runnable adapter and fitted model/evaluation artifacts.""]",[],results/audits/res-281/audit-results.json
RES-281,latent_capacity_change_with_transient_expression_forecasting@1.0.0,parameter_seed_sensitivity@1.0.0,seed_stability,NOT_APPLICABLE,,psr:audit-result:latent_capacity_change_with_transient_expression_forecasting-parameter_seed_sensitivity@1.0.0~fe2036e209ef,sha256:fe2036e209ef33d55ec6e4c2ca90b8304d322eb379f1f9ad0bcb024d3d277782,,This benchmark version is outside the attack contract's declared semantic scope.,{},"[""artifacts/registries/attack-contract-registry.json"",""docs/benchmarks/latent-capacity-change-with-transient-expression-forecasting.md""]",[],[],results/audits/res-281/audit-results.json
RES-281,latent_capacity_change_with_transient_expression_forecasting@1.0.0,participant_input_leakage@1.0.0,leakage_shortcut_susceptibility,UNSUPPORTED_BY_EVIDENCE,,psr:audit-result:latent_capacity_change_with_transient_expression_forecasting-participant_input_leakage@1.0.0~9e9aaad962ba,sha256:9e9aaad962ba58e5ded6d6342f4ee98cb78365ecc52e6657a68d732e2aa3be16,,"The question applies, but this historical version has no rights-cleared row-level realization and matching executable model/evaluation evidence.",{},"[""docs/benchmarks/latent-capacity-change-with-transient-expression-forecasting.md"",""artifacts/registries/benchmark-registry.json"",""src/powerlifting_state_research/provenance/historical_sources.py"",""artifacts/registries/attack-contract-registry.json""]","[""Rights-cleared historical participant rows and split identities."",""Version-specific runnable adapter and fitted model/evaluation artifacts.""]",[],results/audits/res-281/audit-results.json
RES-281,latent_capacity_change_with_transient_expression_forecasting@1.0.0,reconstruction_provenance_gaps@1.0.0,reconstructability,INCONCLUSIVE,res281-reconstruction_provenance_gaps-247bb0129556,psr:audit-result:latent_capacity_change_with_transient_expression_forecasting-reconstruction_provenance_gaps@1.0.0~4d0f4bd2762c,sha256:4d0f4bd2762ca248aacddba18c63b93cd602f8c13cc9703dd5b09d8fa85854c0,d854443b467eb21e72ab08ce44d156f8a202db38,Public historical provenance metadata was audited. Unresolved identity links and unavailable original realization/model/evaluation artifacts prevent a full reconstruction decision.,"{""benchmark_identity_mintable"":1,""historical_row_realization_available"":0,""historical_source_component_count"":13,""matching_model_evaluation_artifacts_available"":0,""public_metadata_artifact_count"":4,""unresolved_direct_identity_count"":2}","[""docs/benchmarks/latent-capacity-change-with-transient-expression-forecasting.md"",""artifacts/registries/benchmark-registry.json"",""artifacts/registries/attack-contract-registry.json"",""src/powerlifting_state_research/provenance/historical_sources.py""]",[],"[""This is a metadata-only historical audit; no participant rows, private data, or checkpoints were read or reconstructed."",""An inconclusive provenance result is not evidence that historical data or models were valid or reproducible.""]",results/audits/res-281/audit-results.json
RES-281,latent_capacity_change_with_transient_expression_forecasting@1.0.0,shortcut_feature_dependence@1.0.0,leakage_shortcut_susceptibility,NOT_APPLICABLE,,psr:audit-result:latent_capacity_change_with_transient_expression_forecasting-shortcut_feature_dependence@1.0.0~bfcf50d1cee3,sha256:bfcf50d1cee32a6a2d6880f95cab2c6b2e0dedefbf0c34a1e1e309decd7d0c68,,This benchmark version is outside the attack contract's declared semantic scope.,{},"[""artifacts/registries/attack-contract-registry.json"",""docs/benchmarks/latent-capacity-change-with-transient-expression-forecasting.md""]",[],[],results/audits/res-281/audit-results.json
RES-281,latent_capacity_change_with_transient_expression_forecasting@1.0.0,sparse_missing_history_sensitivity@1.0.0,out_of_distribution_robustness,UNSUPPORTED_BY_EVIDENCE,,psr:audit-result:latent_capacity_change_with_transient_expression_forecasting-sparse_missing_history_sensitivity@1.0.0~f9bf5fecdb7e,sha256:f9bf5fecdb7e586d0c2e01754160cc623b96bd7695f61cd9c0852358b4bda07e,,"The question applies, but this historical version has no rights-cleared row-level realization and matching executable model/evaluation evidence.",{},"[""docs/benchmarks/latent-capacity-change-with-transient-expression-forecasting.md"",""artifacts/registries/benchmark-registry.json"",""src/powerlifting_state_research/provenance/historical_sources.py"",""artifacts/registries/attack-contract-registry.json""]","[""Rights-cleared historical participant rows and split identities."",""Version-specific runnable adapter and fitted model/evaluation artifacts.""]",[],results/audits/res-281/audit-results.json
RES-281,latent_capacity_change_with_transient_expression_forecasting@1.0.0,target_identity_contamination@1.0.0,leakage_shortcut_susceptibility,UNSUPPORTED_BY_EVIDENCE,,psr:audit-result:latent_capacity_change_with_transient_expression_forecasting-target_identity_contamination@1.0.0~f653f3472a04,sha256:f653f3472a04ffb223857bb300a8bbf011f1f501fc400b555efbbbd600808089,,"The question applies, but this historical version has no rights-cleared row-level realization and matching executable model/evaluation evidence.",{},"[""docs/benchmarks/latent-capacity-change-with-transient-expression-forecasting.md"",""artifacts/registries/benchmark-registry.json"",""src/powerlifting_state_research/provenance/historical_sources.py"",""artifacts/registries/attack-contract-registry.json""]","[""Rights-cleared historical participant rows and split identities."",""Version-specific runnable adapter and fitted model/evaluation artifacts.""]",[],results/audits/res-281/audit-results.json
RES-281,latent_capacity_change_with_transient_expression_forecasting@1.0.0,temporal_history_disruption@1.0.0,leakage_shortcut_susceptibility,UNSUPPORTED_BY_EVIDENCE,,psr:audit-result:latent_capacity_change_with_transient_expression_forecasting-temporal_history_disruption@1.0.0~edde19bd42f2,sha256:edde19bd42f27891918d2cc62f0cb5fd4b852cfc95d647fed825f91975dce987,,"The question applies, but this historical version has no rights-cleared row-level realization and matching executable model/evaluation evidence.",{},"[""docs/benchmarks/latent-capacity-change-with-transient-expression-forecasting.md"",""artifacts/registries/benchmark-registry.json"",""src/powerlifting_state_research/provenance/historical_sources.py"",""artifacts/registries/attack-contract-registry.json""]","[""Rights-cleared historical participant rows and split identities."",""Version-specific runnable adapter and fitted model/evaluation artifacts.""]",[],results/audits/res-281/audit-results.json
RES-281,latent_capacity_change_with_transient_expression_forecasting@1.0.0,training_plan_counterfactual_sensitivity@1.0.0,out_of_distribution_robustness,UNSUPPORTED_BY_EVIDENCE,,psr:audit-result:latent_capacity_change_with_transient_expression_forecasting-training_plan_counterfactual_sensitivity@1.0.0~b233da966827,sha256:b233da9668275e777dd11bdd63a9dc497801dca9e43a792b846fc6de8c52c0d7,,"The question applies, but this historical version has no rights-cleared row-level realization and matching executable model/evaluation evidence.",{},"[""docs/benchmarks/latent-capacity-change-with-transient-expression-forecasting.md"",""artifacts/registries/benchmark-registry.json"",""src/powerlifting_state_research/provenance/historical_sources.py"",""artifacts/registries/attack-contract-registry.json""]","[""Rights-cleared historical participant rows and split identities."",""Version-specific runnable adapter and fitted model/evaluation artifacts.""]",[],results/audits/res-281/audit-results.json
RES-281,latent_origin_capacity_change_forecasting@1.0.0,audit_coverage_accounting@1.0.0,audit_coverage,PASS,res281-audit_coverage_accounting-895a0af6733c,psr:audit-result:latent_origin_capacity_change_forecasting-audit_coverage_accounting@1.0.0~abdd2ad8b1b0,sha256:abdd2ad8b1b0f5fe6e3bd693a576ab1d604faf8ae1deaa6609968341914e0f86,d854443b467eb21e72ab08ce44d156f8a202db38,"Every registered attack has exactly one version-specific state, and the count reconciles to the typed contract and profile.","{""applicable_attack_count"":8,""executed_attack_count"":2,""inapplicable_attack_count"":6,""recorded_attack_count"":14,""registered_attack_count"":14,""state_count::FAIL"":0,""state_count::INCONCLUSIVE"":1,""state_count::NOT_APPLICABLE"":6,""state_count::NOT_RUN"":0,""state_count::PASS"":1,""state_count::UNSUPPORTED_BY_EVIDENCE"":6,""state_count_match"":1}","[""artifacts/registries/attack-contract-registry.json"",""artifacts/registries/validity-axis-registry.json"",""artifacts/registries/version-validity-profiles.json"",""artifacts/registries/benchmark-registry.json"",""docs/benchmarks/latent-origin-capacity-change-forecasting.md"",""src/powerlifting_state_research/provenance/historical_sources.py""]",[],"[""Coverage is process metadata; it is not a benchmark validity score.""]",results/audits/res-281/audit-results.json
RES-281,latent_origin_capacity_change_forecasting@1.0.0,baseline_domination@1.0.0,simple_model_frontier,NOT_APPLICABLE,,psr:audit-result:latent_origin_capacity_change_forecasting-baseline_domination@1.0.0~97f371f1cfd3,sha256:97f371f1cfd38701bd2069ab0de43fab1929517005f07758ddd17f833d7ad12a,,This benchmark version is outside the attack contract's declared semantic scope.,{},"[""artifacts/registries/attack-contract-registry.json"",""docs/benchmarks/latent-origin-capacity-change-forecasting.md""]",[],[],results/audits/res-281/audit-results.json
RES-281,latent_origin_capacity_change_forecasting@1.0.0,distributional_shift_sensitivity@1.0.0,out_of_distribution_robustness,NOT_APPLICABLE,,psr:audit-result:latent_origin_capacity_change_forecasting-distributional_shift_sensitivity@1.0.0~e99f8abd6edf,sha256:e99f8abd6edfbc6da99ce8af11d5692aa5426abb35895455a7b663f60886d47c,,This benchmark version is outside the attack contract's declared semantic scope.,{},"[""artifacts/registries/attack-contract-registry.json"",""docs/benchmarks/latent-origin-capacity-change-forecasting.md""]",[],[],results/audits/res-281/audit-results.json
RES-281,latent_origin_capacity_change_forecasting@1.0.0,hidden_test_fairness@1.0.0,hidden_test_fairness,UNSUPPORTED_BY_EVIDENCE,,psr:audit-result:latent_origin_capacity_change_forecasting-hidden_test_fairness@1.0.0~e2dcd99be2f5,sha256:e2dcd99be2f5df45d805430992fa00616c056f809fb8f0f5caffe92b90147525,,"The question applies, but this historical version has no rights-cleared row-level realization and matching executable model/evaluation evidence.",{},"[""docs/benchmarks/latent-origin-capacity-change-forecasting.md"",""artifacts/registries/benchmark-registry.json"",""src/powerlifting_state_research/provenance/historical_sources.py"",""artifacts/registries/attack-contract-registry.json""]","[""Rights-cleared historical participant rows and split identities."",""Version-specific runnable adapter and fitted model/evaluation artifacts.""]",[],results/audits/res-281/audit-results.json
RES-281,latent_origin_capacity_change_forecasting@1.0.0,model_ranking_instability@1.0.0,seed_stability,NOT_APPLICABLE,,psr:audit-result:latent_origin_capacity_change_forecasting-model_ranking_instability@1.0.0~8f8e6ec1aa61,sha256:8f8e6ec1aa618295270ae5fe29fd5e6701b6abe6e237a9ab59d13b59a37ac171,,This benchmark version is outside the attack contract's declared semantic scope.,{},"[""artifacts/registries/attack-contract-registry.json"",""docs/benchmarks/latent-origin-capacity-change-forecasting.md""]",[],[],results/audits/res-281/audit-results.json
RES-281,latent_origin_capacity_change_forecasting@1.0.0,observation_noise_perturbation@1.0.0,out_of_distribution_robustness,NOT_APPLICABLE,,psr:audit-result:latent_origin_capacity_change_forecasting-observation_noise_perturbation@1.0.0~e6eacf86cd5b,sha256:e6eacf86cd5bf781621590a6b84c95499ccc29044bbec916b6795c80a41d5ed0,,This benchmark version is outside the attack contract's declared semantic scope.,{},"[""artifacts/registries/attack-contract-registry.json"",""docs/benchmarks/latent-origin-capacity-change-forecasting.md""]",[],[],results/audits/res-281/audit-results.json
RES-281,latent_origin_capacity_change_forecasting@1.0.0,parameter_seed_sensitivity@1.0.0,seed_stability,NOT_APPLICABLE,,psr:audit-result:latent_origin_capacity_change_forecasting-parameter_seed_sensitivity@1.0.0~a604d5469ee3,sha256:a604d5469ee3ecf04ea7f2852529c08a2af4e1e26413b63267a1889ec6f77419,,This benchmark version is outside the attack contract's declared semantic scope.,{},"[""artifacts/registries/attack-contract-registry.json"",""docs/benchmarks/latent-origin-capacity-change-forecasting.md""]",[],[],results/audits/res-281/audit-results.json
RES-281,latent_origin_capacity_change_forecasting@1.0.0,participant_input_leakage@1.0.0,leakage_shortcut_susceptibility,UNSUPPORTED_BY_EVIDENCE,,psr:audit-result:latent_origin_capacity_change_forecasting-participant_input_leakage@1.0.0~cac4eb5ca862,sha256:cac4eb5ca862294e5002f671b38e64e617f4c74b204db6c5b11f4ff47c715e75,,"The question applies, but this historical version has no rights-cleared row-level realization and matching executable model/evaluation evidence.",{},"[""docs/benchmarks/latent-origin-capacity-change-forecasting.md"",""artifacts/registries/benchmark-registry.json"",""src/powerlifting_state_research/provenance/historical_sources.py"",""artifacts/registries/attack-contract-registry.json""]","[""Rights-cleared historical participant rows and split identities."",""Version-specific runnable adapter and fitted model/evaluation artifacts.""]",[],results/audits/res-281/audit-results.json
RES-281,latent_origin_capacity_change_forecasting@1.0.0,reconstruction_provenance_gaps@1.0.0,reconstructability,INCONCLUSIVE,res281-reconstruction_provenance_gaps-be16ebee0106,psr:audit-result:latent_origin_capacity_change_forecasting-reconstruction_provenance_gaps@1.0.0~2285e293cd11,sha256:2285e293cd113c309a6f6cb6259ffbd24d945bc312cdd139b6b9c7bc70a8f940,d854443b467eb21e72ab08ce44d156f8a202db38,Public historical provenance metadata was audited. Unresolved identity links and unavailable original realization/model/evaluation artifacts prevent a full reconstruction decision.,"{""benchmark_identity_mintable"":0,""historical_row_realization_available"":0,""historical_source_component_count"":13,""matching_model_evaluation_artifacts_available"":0,""public_metadata_artifact_count"":4,""unresolved_direct_identity_count"":2}","[""docs/benchmarks/latent-origin-capacity-change-forecasting.md"",""artifacts/registries/benchmark-registry.json"",""artifacts/registries/attack-contract-registry.json"",""src/powerlifting_state_research/provenance/historical_sources.py""]",[],"[""This is a metadata-only historical audit; no participant rows, private data, or checkpoints were read or reconstructed."",""An inconclusive provenance result is not evidence that historical data or models were valid or reproducible.""]",results/audits/res-281/audit-results.json
RES-281,latent_origin_capacity_change_forecasting@1.0.0,shortcut_feature_dependence@1.0.0,leakage_shortcut_susceptibility,NOT_APPLICABLE,,psr:audit-result:latent_origin_capacity_change_forecasting-shortcut_feature_dependence@1.0.0~72f23666d288,sha256:72f23666d2883bd15b7ac133f73555ed1c40c921898e4fb47906c884e7a0ff20,,This benchmark version is outside the attack contract's declared semantic scope.,{},"[""artifacts/registries/attack-contract-registry.json"",""docs/benchmarks/latent-origin-capacity-change-forecasting.md""]",[],[],results/audits/res-281/audit-results.json
RES-281,latent_origin_capacity_change_forecasting@1.0.0,sparse_missing_history_sensitivity@1.0.0,out_of_distribution_robustness,UNSUPPORTED_BY_EVIDENCE,,psr:audit-result:latent_origin_capacity_change_forecasting-sparse_missing_history_sensitivity@1.0.0~31dd46d9693d,sha256:31dd46d9693dd442cb88a8578d09552a05a3ee49f93b0ca5d40b3b395c163083,,"The question applies, but this historical version has no rights-cleared row-level realization and matching executable model/evaluation evidence.",{},"[""docs/benchmarks/latent-origin-capacity-change-forecasting.md"",""artifacts/registries/benchmark-registry.json"",""src/powerlifting_state_research/provenance/historical_sources.py"",""artifacts/registries/attack-contract-registry.json""]","[""Rights-cleared historical participant rows and split identities."",""Version-specific runnable adapter and fitted model/evaluation artifacts.""]",[],results/audits/res-281/audit-results.json
RES-281,latent_origin_capacity_change_forecasting@1.0.0,target_identity_contamination@1.0.0,leakage_shortcut_susceptibility,UNSUPPORTED_BY_EVIDENCE,,psr:audit-result:latent_origin_capacity_change_forecasting-target_identity_contamination@1.0.0~99237c7f6c7d,sha256:99237c7f6c7d46af7a7a4e615f0883127b78fdf0f9d8a783208231691e89ce76,,"The question applies, but this historical version has no rights-cleared row-level realization and matching executable model/evaluation evidence.",{},"[""docs/benchmarks/latent-origin-capacity-change-forecasting.md"",""artifacts/registries/benchmark-registry.json"",""src/powerlifting_state_research/provenance/historical_sources.py"",""artifacts/registries/attack-contract-registry.json""]","[""Rights-cleared historical participant rows and split identities."",""Version-specific runnable adapter and fitted model/evaluation artifacts.""]",[],results/audits/res-281/audit-results.json
RES-281,latent_origin_capacity_change_forecasting@1.0.0,temporal_history_disruption@1.0.0,leakage_shortcut_susceptibility,UNSUPPORTED_BY_EVIDENCE,,psr:audit-result:latent_origin_capacity_change_forecasting-temporal_history_disruption@1.0.0~e599137e3f60,sha256:e599137e3f604faa14c5da202790ea899b0090e41076ffd94676ecd13ae25272,,"The question applies, but this historical version has no rights-cleared row-level realization and matching executable model/evaluation evidence.",{},"[""docs/benchmarks/latent-origin-capacity-change-forecasting.md"",""artifacts/registries/benchmark-registry.json"",""src/powerlifting_state_research/provenance/historical_sources.py"",""artifacts/registries/attack-contract-registry.json""]","[""Rights-cleared historical participant rows and split identities."",""Version-specific runnable adapter and fitted model/evaluation artifacts.""]",[],results/audits/res-281/audit-results.json
RES-281,latent_origin_capacity_change_forecasting@1.0.0,training_plan_counterfactual_sensitivity@1.0.0,out_of_distribution_robustness,UNSUPPORTED_BY_EVIDENCE,,psr:audit-result:latent_origin_capacity_change_forecasting-training_plan_counterfactual_sensitivity@1.0.0~1b416a18d6c2,sha256:1b416a18d6c2ffbaa6ec5ba758c296a7b1ee6972aff1ff8aa56c86905512bb6d,,"The question applies, but this historical version has no rights-cleared row-level realization and matching executable model/evaluation evidence.",{},"[""docs/benchmarks/latent-origin-capacity-change-forecasting.md"",""artifacts/registries/benchmark-registry.json"",""src/powerlifting_state_research/provenance/historical_sources.py"",""artifacts/registries/attack-contract-registry.json""]","[""Rights-cleared historical participant rows and split identities."",""Version-specific runnable adapter and fitted model/evaluation artifacts.""]",[],results/audits/res-281/audit-results.json
RES-281,observed_origin_referenced_capacity_change_forecasting@1.0.0,audit_coverage_accounting@1.0.0,audit_coverage,PASS,res281-audit_coverage_accounting-3f35b4aeaf96,psr:audit-result:observed_origin_referenced_capacity_change_forecasting-audit_coverage_accounting@1.0.0~60a56ca7f606,sha256:60a56ca7f60660a94bdc309dd321a4b70b34df1d6409372d7f9ed89b2a37433d,d854443b467eb21e72ab08ce44d156f8a202db38,"Every registered attack has exactly one version-specific state, and the count reconciles to the typed contract and profile.","{""applicable_attack_count"":8,""executed_attack_count"":2,""inapplicable_attack_count"":6,""recorded_attack_count"":14,""registered_attack_count"":14,""state_count::FAIL"":0,""state_count::INCONCLUSIVE"":1,""state_count::NOT_APPLICABLE"":6,""state_count::NOT_RUN"":0,""state_count::PASS"":1,""state_count::UNSUPPORTED_BY_EVIDENCE"":6,""state_count_match"":1}","[""artifacts/registries/attack-contract-registry.json"",""artifacts/registries/validity-axis-registry.json"",""artifacts/registries/version-validity-profiles.json"",""artifacts/registries/benchmark-registry.json"",""docs/benchmarks/observed-origin-referenced-capacity-change-forecasting.md"",""src/powerlifting_state_research/provenance/historical_sources.py""]",[],"[""Coverage is process metadata; it is not a benchmark validity score.""]",results/audits/res-281/audit-results.json
RES-281,observed_origin_referenced_capacity_change_forecasting@1.0.0,baseline_domination@1.0.0,simple_model_frontier,NOT_APPLICABLE,,psr:audit-result:observed_origin_referenced_capacity_change_forecasting-baseline_domination@1.0.0~a48943f1024d,sha256:a48943f1024df3d89b3963686f39eec04cf108e5011d75f7f9d508ae3d245378,,This benchmark version is outside the attack contract's declared semantic scope.,{},"[""artifacts/registries/attack-contract-registry.json"",""docs/benchmarks/observed-origin-referenced-capacity-change-forecasting.md""]",[],[],results/audits/res-281/audit-results.json
RES-281,observed_origin_referenced_capacity_change_forecasting@1.0.0,distributional_shift_sensitivity@1.0.0,out_of_distribution_robustness,NOT_APPLICABLE,,psr:audit-result:observed_origin_referenced_capacity_change_forecasting-distributional_shift_sensitivity@1.0.0~36b347c5751d,sha256:36b347c5751d564b571a9e2431c0f4c079ecee5ccf992cd3d20594cec90f37f6,,This benchmark version is outside the attack contract's declared semantic scope.,{},"[""artifacts/registries/attack-contract-registry.json"",""docs/benchmarks/observed-origin-referenced-capacity-change-forecasting.md""]",[],[],results/audits/res-281/audit-results.json
RES-281,observed_origin_referenced_capacity_change_forecasting@1.0.0,hidden_test_fairness@1.0.0,hidden_test_fairness,UNSUPPORTED_BY_EVIDENCE,,psr:audit-result:observed_origin_referenced_capacity_change_forecasting-hidden_test_fairness@1.0.0~4e71b3e8092b,sha256:4e71b3e8092b3d148a592bcc5cb97a559ee6e84014979022c562b93a0993ed14,,"The question applies, but this historical version has no rights-cleared row-level realization and matching executable model/evaluation evidence.",{},"[""docs/benchmarks/observed-origin-referenced-capacity-change-forecasting.md"",""artifacts/registries/benchmark-registry.json"",""src/powerlifting_state_research/provenance/historical_sources.py"",""artifacts/registries/attack-contract-registry.json""]","[""Rights-cleared historical participant rows and split identities."",""Version-specific runnable adapter and fitted model/evaluation artifacts.""]",[],results/audits/res-281/audit-results.json
RES-281,observed_origin_referenced_capacity_change_forecasting@1.0.0,model_ranking_instability@1.0.0,seed_stability,NOT_APPLICABLE,,psr:audit-result:observed_origin_referenced_capacity_change_forecasting-model_ranking_instability@1.0.0~02f552fc9dd7,sha256:02f552fc9dd76b7ab5566606dc6f59406bf0562c3b392878956546ddbdacdeec,,This benchmark version is outside the attack contract's declared semantic scope.,{},"[""artifacts/registries/attack-contract-registry.json"",""docs/benchmarks/observed-origin-referenced-capacity-change-forecasting.md""]",[],[],results/audits/res-281/audit-results.json
RES-281,observed_origin_referenced_capacity_change_forecasting@1.0.0,observation_noise_perturbation@1.0.0,out_of_distribution_robustness,NOT_APPLICABLE,,psr:audit-result:observed_origin_referenced_capacity_change_forecasting-observation_noise_perturbation@1.0.0~db2305937275,sha256:db230593727519553f0deee960da2b0979e290bbaaa8b59ca6ab053fb2e23ba7,,This benchmark version is outside the attack contract's declared semantic scope.,{},"[""artifacts/registries/attack-contract-registry.json"",""docs/benchmarks/observed-origin-referenced-capacity-change-forecasting.md""]",[],[],results/audits/res-281/audit-results.json
RES-281,observed_origin_referenced_capacity_change_forecasting@1.0.0,parameter_seed_sensitivity@1.0.0,seed_stability,NOT_APPLICABLE,,psr:audit-result:observed_origin_referenced_capacity_change_forecasting-parameter_seed_sensitivity@1.0.0~bfdc2f616356,sha256:bfdc2f6163568818449ac871ad79792738793fba1688555d260ab1a79a7c6eeb,,This benchmark version is outside the attack contract's declared semantic scope.,{},"[""artifacts/registries/attack-contract-registry.json"",""docs/benchmarks/observed-origin-referenced-capacity-change-forecasting.md""]",[],[],results/audits/res-281/audit-results.json
RES-281,observed_origin_referenced_capacity_change_forecasting@1.0.0,participant_input_leakage@1.0.0,leakage_shortcut_susceptibility,UNSUPPORTED_BY_EVIDENCE,,psr:audit-result:observed_origin_referenced_capacity_change_forecasting-participant_input_leakage@1.0.0~c40dc39ee33a,sha256:c40dc39ee33a2f705b7a0e4615ae9080ebcd2c312c3f28b23271e469616e96ec,,"The question applies, but this historical version has no rights-cleared row-level realization and matching executable model/evaluation evidence.",{},"[""docs/benchmarks/observed-origin-referenced-capacity-change-forecasting.md"",""artifacts/registries/benchmark-registry.json"",""src/powerlifting_state_research/provenance/historical_sources.py"",""artifacts/registries/attack-contract-registry.json""]","[""Rights-cleared historical participant rows and split identities."",""Version-specific runnable adapter and fitted model/evaluation artifacts.""]",[],results/audits/res-281/audit-results.json
RES-281,observed_origin_referenced_capacity_change_forecasting@1.0.0,reconstruction_provenance_gaps@1.0.0,reconstructability,INCONCLUSIVE,res281-reconstruction_provenance_gaps-420cb56a8286,psr:audit-result:observed_origin_referenced_capacity_change_forecasting-reconstruction_provenance_gaps@1.0.0~9de721d758dd,sha256:9de721d758dd7fb703fc9fec343c221e7ee72bab10c5d8318b29f86171da94f7,d854443b467eb21e72ab08ce44d156f8a202db38,Public historical provenance metadata was audited. Unresolved identity links and unavailable original realization/model/evaluation artifacts prevent a full reconstruction decision.,"{""benchmark_identity_mintable"":0,""historical_row_realization_available"":0,""historical_source_component_count"":13,""matching_model_evaluation_artifacts_available"":0,""public_metadata_artifact_count"":4,""unresolved_direct_identity_count"":2}","[""docs/benchmarks/observed-origin-referenced-capacity-change-forecasting.md"",""artifacts/registries/benchmark-registry.json"",""artifacts/registries/attack-contract-registry.json"",""src/powerlifting_state_research/provenance/historical_sources.py""]",[],"[""This is a metadata-only historical audit; no participant rows, private data, or checkpoints were read or reconstructed."",""An inconclusive provenance result is not evidence that historical data or models were valid or reproducible.""]",results/audits/res-281/audit-results.json
RES-281,observed_origin_referenced_capacity_change_forecasting@1.0.0,shortcut_feature_dependence@1.0.0,leakage_shortcut_susceptibility,NOT_APPLICABLE,,psr:audit-result:observed_origin_referenced_capacity_change_forecasting-shortcut_feature_dependence@1.0.0~e36f2b3f14b1,sha256:e36f2b3f14b1299d090a214f085d5c63866bcdbae79f1e598943179c23d5f7ef,,This benchmark version is outside the attack contract's declared semantic scope.,{},"[""artifacts/registries/attack-contract-registry.json"",""docs/benchmarks/observed-origin-referenced-capacity-change-forecasting.md""]",[],[],results/audits/res-281/audit-results.json
RES-281,observed_origin_referenced_capacity_change_forecasting@1.0.0,sparse_missing_history_sensitivity@1.0.0,out_of_distribution_robustness,UNSUPPORTED_BY_EVIDENCE,,psr:audit-result:observed_origin_referenced_capacity_change_forecasting-sparse_missing_history_sensitivity@1.0.0~cc784c053e9e,sha256:cc784c053e9e3323d5371834d518ae5cc37ab8eb88bc05b77d3d95a2ab5ae2f0,,"The question applies, but this historical version has no rights-cleared row-level realization and matching executable model/evaluation evidence.",{},"[""docs/benchmarks/observed-origin-referenced-capacity-change-forecasting.md"",""artifacts/registries/benchmark-registry.json"",""src/powerlifting_state_research/provenance/historical_sources.py"",""artifacts/registries/attack-contract-registry.json""]","[""Rights-cleared historical participant rows and split identities."",""Version-specific runnable adapter and fitted model/evaluation artifacts.""]",[],results/audits/res-281/audit-results.json
RES-281,observed_origin_referenced_capacity_change_forecasting@1.0.0,target_identity_contamination@1.0.0,leakage_shortcut_susceptibility,UNSUPPORTED_BY_EVIDENCE,,psr:audit-result:observed_origin_referenced_capacity_change_forecasting-target_identity_contamination@1.0.0~33b3041b5b42,sha256:33b3041b5b423aa9e5c2cc1eb3c74e4336714790293bb6811497d58e83494e76,,"The question applies, but this historical version has no rights-cleared row-level realization and matching executable model/evaluation evidence.",{},"[""docs/benchmarks/observed-origin-referenced-capacity-change-forecasting.md"",""artifacts/registries/benchmark-registry.json"",""src/powerlifting_state_research/provenance/historical_sources.py"",""artifacts/registries/attack-contract-registry.json""]","[""Rights-cleared historical participant rows and split identities."",""Version-specific runnable adapter and fitted model/evaluation artifacts.""]",[],results/audits/res-281/audit-results.json
RES-281,observed_origin_referenced_capacity_change_forecasting@1.0.0,temporal_history_disruption@1.0.0,leakage_shortcut_susceptibility,UNSUPPORTED_BY_EVIDENCE,,psr:audit-result:observed_origin_referenced_capacity_change_forecasting-temporal_history_disruption@1.0.0~34c12036f6dc,sha256:34c12036f6dcab3e226318dff912982e60649ca74781e3beda5c68b1014368d6,,"The question applies, but this historical version has no rights-cleared row-level realization and matching executable model/evaluation evidence.",{},"[""docs/benchmarks/observed-origin-referenced-capacity-change-forecasting.md"",""artifacts/registries/benchmark-registry.json"",""src/powerlifting_state_research/provenance/historical_sources.py"",""artifacts/registries/attack-contract-registry.json""]","[""Rights-cleared historical participant rows and split identities."",""Version-specific runnable adapter and fitted model/evaluation artifacts.""]",[],results/audits/res-281/audit-results.json
RES-281,observed_origin_referenced_capacity_change_forecasting@1.0.0,training_plan_counterfactual_sensitivity@1.0.0,out_of_distribution_robustness,UNSUPPORTED_BY_EVIDENCE,,psr:audit-result:observed_origin_referenced_capacity_change_forecasting-training_plan_counterfactual_sensitivity@1.0.0~65f24877d475,sha256:65f24877d475e95109d9a6a1ade7f975948bb12f175075a55eac78ee4a043c30,,"The question applies, but this historical version has no rights-cleared row-level realization and matching executable model/evaluation evidence.",{},"[""docs/benchmarks/observed-origin-referenced-capacity-change-forecasting.md"",""artifacts/registries/benchmark-registry.json"",""src/powerlifting_state_research/provenance/historical_sources.py"",""artifacts/registries/attack-contract-registry.json""]","[""Rights-cleared historical participant rows and split identities."",""Version-specific runnable adapter and fitted model/evaluation artifacts.""]",[],results/audits/res-281/audit-results.json
RES-281,performance_forecasting_under_schedule_exposure_reporting_heterogeneity@1.0.0,audit_coverage_accounting@1.0.0,audit_coverage,PASS,res281-audit_coverage_accounting-674ae037af34,psr:audit-result:performance_forecasting_under_schedule_exposure_reporting_heterogeneity-audit_coverage_accounting@1.0.0~77a3aff59bc6,sha256:77a3aff59bc69beba7dba699aa91667f532372bb2de01fc516940918030831ef,d854443b467eb21e72ab08ce44d156f8a202db38,"Every registered attack has exactly one version-specific state, and the count reconciles to the typed contract and profile.","{""applicable_attack_count"":7,""executed_attack_count"":2,""inapplicable_attack_count"":7,""recorded_attack_count"":14,""registered_attack_count"":14,""state_count::FAIL"":0,""state_count::INCONCLUSIVE"":1,""state_count::NOT_APPLICABLE"":7,""state_count::NOT_RUN"":0,""state_count::PASS"":1,""state_count::UNSUPPORTED_BY_EVIDENCE"":5,""state_count_match"":1}","[""artifacts/registries/attack-contract-registry.json"",""artifacts/registries/validity-axis-registry.json"",""artifacts/registries/version-validity-profiles.json"",""artifacts/registries/benchmark-registry.json"",""docs/benchmarks/performance-forecasting-under-schedule-exposure-reporting-heterogeneity.md"",""src/powerlifting_state_research/provenance/historical_sources.py""]",[],"[""Coverage is process metadata; it is not a benchmark validity score.""]",results/audits/res-281/audit-results.json
RES-281,performance_forecasting_under_schedule_exposure_reporting_heterogeneity@1.0.0,baseline_domination@1.0.0,simple_model_frontier,NOT_APPLICABLE,,psr:audit-result:performance_forecasting_under_schedule_exposure_reporting_heterogeneity-baseline_domination@1.0.0~0a3265b1e91e,sha256:0a3265b1e91ece7867cc68b66b4402e1bd0de5150c1f84962cc8c65712d456b6,,This benchmark version is outside the attack contract's declared semantic scope.,{},"[""artifacts/registries/attack-contract-registry.json"",""docs/benchmarks/performance-forecasting-under-schedule-exposure-reporting-heterogeneity.md""]",[],[],results/audits/res-281/audit-results.json
RES-281,performance_forecasting_under_schedule_exposure_reporting_heterogeneity@1.0.0,distributional_shift_sensitivity@1.0.0,out_of_distribution_robustness,NOT_APPLICABLE,,psr:audit-result:performance_forecasting_under_schedule_exposure_reporting_heterogeneity-distributional_shift_sensitivity@1.0.0~0d3914fd7951,sha256:0d3914fd795111ea65f97671864ac1e9fd1cea6af0f7b26d6a2734c0a81950d2,,This benchmark version is outside the attack contract's declared semantic scope.,{},"[""artifacts/registries/attack-contract-registry.json"",""docs/benchmarks/performance-forecasting-under-schedule-exposure-reporting-heterogeneity.md""]",[],[],results/audits/res-281/audit-results.json
RES-281,performance_forecasting_under_schedule_exposure_reporting_heterogeneity@1.0.0,hidden_test_fairness@1.0.0,hidden_test_fairness,UNSUPPORTED_BY_EVIDENCE,,psr:audit-result:performance_forecasting_under_schedule_exposure_reporting_heterogeneity-hidden_test_fairness@1.0.0~cc921b18656e,sha256:cc921b18656ebd87ad95b97978c8b148ece2a048b678d1d5ad4076c0295470f5,,"The question applies, but this historical version has no rights-cleared row-level realization and matching executable model/evaluation evidence.",{},"[""docs/benchmarks/performance-forecasting-under-schedule-exposure-reporting-heterogeneity.md"",""artifacts/registries/benchmark-registry.json"",""src/powerlifting_state_research/provenance/historical_sources.py"",""artifacts/registries/attack-contract-registry.json""]","[""Rights-cleared historical participant rows and split identities."",""Version-specific runnable adapter and fitted model/evaluation artifacts.""]",[],results/audits/res-281/audit-results.json
RES-281,performance_forecasting_under_schedule_exposure_reporting_heterogeneity@1.0.0,model_ranking_instability@1.0.0,seed_stability,NOT_APPLICABLE,,psr:audit-result:performance_forecasting_under_schedule_exposure_reporting_heterogeneity-model_ranking_instability@1.0.0~fb24917a1060,sha256:fb24917a106040565927643d3ad125203a122615122a9075252606450c5c61be,,This benchmark version is outside the attack contract's declared semantic scope.,{},"[""artifacts/registries/attack-contract-registry.json"",""docs/benchmarks/performance-forecasting-under-schedule-exposure-reporting-heterogeneity.md""]",[],[],results/audits/res-281/audit-results.json
RES-281,performance_forecasting_under_schedule_exposure_reporting_heterogeneity@1.0.0,observation_noise_perturbation@1.0.0,out_of_distribution_robustness,NOT_APPLICABLE,,psr:audit-result:performance_forecasting_under_schedule_exposure_reporting_heterogeneity-observation_noise_perturbation@1.0.0~c44f48fe3891,sha256:c44f48fe38912f63f51b10cf651fcde1855a2f0a7d0e6d9c23554579cbf7d312,,This benchmark version is outside the attack contract's declared semantic scope.,{},"[""artifacts/registries/attack-contract-registry.json"",""docs/benchmarks/performance-forecasting-under-schedule-exposure-reporting-heterogeneity.md""]",[],[],results/audits/res-281/audit-results.json
RES-281,performance_forecasting_under_schedule_exposure_reporting_heterogeneity@1.0.0,parameter_seed_sensitivity@1.0.0,seed_stability,NOT_APPLICABLE,,psr:audit-result:performance_forecasting_under_schedule_exposure_reporting_heterogeneity-parameter_seed_sensitivity@1.0.0~86da036bf3c5,sha256:86da036bf3c5cdf55a3f613e269785cce1355ebc7659b3222d6365cd283753bd,,This benchmark version is outside the attack contract's declared semantic scope.,{},"[""artifacts/registries/attack-contract-registry.json"",""docs/benchmarks/performance-forecasting-under-schedule-exposure-reporting-heterogeneity.md""]",[],[],results/audits/res-281/audit-results.json
RES-281,performance_forecasting_under_schedule_exposure_reporting_heterogeneity@1.0.0,participant_input_leakage@1.0.0,leakage_shortcut_susceptibility,UNSUPPORTED_BY_EVIDENCE,,psr:audit-result:performance_forecasting_under_schedule_exposure_reporting_heterogeneity-participant_input_leakage@1.0.0~41a0b0bee68d,sha256:41a0b0bee68daec38e8ebb255a478d9783c8ba16c7e7e43f3d60dd2a9b3aa987,,"The question applies, but this historical version has no rights-cleared row-level realization and matching executable model/evaluation evidence.",{},"[""docs/benchmarks/performance-forecasting-under-schedule-exposure-reporting-heterogeneity.md"",""artifacts/registries/benchmark-registry.json"",""src/powerlifting_state_research/provenance/historical_sources.py"",""artifacts/registries/attack-contract-registry.json""]","[""Rights-cleared historical participant rows and split identities."",""Version-specific runnable adapter and fitted model/evaluation artifacts.""]",[],results/audits/res-281/audit-results.json
RES-281,performance_forecasting_under_schedule_exposure_reporting_heterogeneity@1.0.0,reconstruction_provenance_gaps@1.0.0,reconstructability,INCONCLUSIVE,res281-reconstruction_provenance_gaps-c8175b3ade26,psr:audit-result:performance_forecasting_under_schedule_exposure_reporting_heterogeneity-reconstruction_provenance_gaps@1.0.0~634fa6ff54a4,sha256:634fa6ff54a4239972503f40ce762a256011f8a28ab97edfae2e76b500ef906f,d854443b467eb21e72ab08ce44d156f8a202db38,Public historical provenance metadata was audited. Unresolved identity links and unavailable original realization/model/evaluation artifacts prevent a full reconstruction decision.,"{""benchmark_identity_mintable"":0,""historical_row_realization_available"":0,""historical_source_component_count"":13,""matching_model_evaluation_artifacts_available"":0,""public_metadata_artifact_count"":4,""unresolved_direct_identity_count"":2}","[""docs/benchmarks/performance-forecasting-under-schedule-exposure-reporting-heterogeneity.md"",""artifacts/registries/benchmark-registry.json"",""artifacts/registries/attack-contract-registry.json"",""src/powerlifting_state_research/provenance/historical_sources.py""]",[],"[""This is a metadata-only historical audit; no participant rows, private data, or checkpoints were read or reconstructed."",""An inconclusive provenance result is not evidence that historical data or models were valid or reproducible.""]",results/audits/res-281/audit-results.json
RES-281,performance_forecasting_under_schedule_exposure_reporting_heterogeneity@1.0.0,shortcut_feature_dependence@1.0.0,leakage_shortcut_susceptibility,NOT_APPLICABLE,,psr:audit-result:performance_forecasting_under_schedule_exposure_reporting_heterogeneity-shortcut_feature_dependence@1.0.0~340d76fed749,sha256:340d76fed74901e6a03323802786674ed079ed7bbe7844ff7c6062cd8012604a,,This benchmark version is outside the attack contract's declared semantic scope.,{},"[""artifacts/registries/attack-contract-registry.json"",""docs/benchmarks/performance-forecasting-under-schedule-exposure-reporting-heterogeneity.md""]",[],[],results/audits/res-281/audit-results.json
RES-281,performance_forecasting_under_schedule_exposure_reporting_heterogeneity@1.0.0,sparse_missing_history_sensitivity@1.0.0,out_of_distribution_robustness,UNSUPPORTED_BY_EVIDENCE,,psr:audit-result:performance_forecasting_under_schedule_exposure_reporting_heterogeneity-sparse_missing_history_sensitivity@1.0.0~20129f4def19,sha256:20129f4def19d62a03e30927c6358266ccf091c6cc0bc63dbcbee3b2b371a891,,"The question applies, but this historical version has no rights-cleared row-level realization and matching executable model/evaluation evidence.",{},"[""docs/benchmarks/performance-forecasting-under-schedule-exposure-reporting-heterogeneity.md"",""artifacts/registries/benchmark-registry.json"",""src/powerlifting_state_research/provenance/historical_sources.py"",""artifacts/registries/attack-contract-registry.json""]","[""Rights-cleared historical participant rows and split identities."",""Version-specific runnable adapter and fitted model/evaluation artifacts.""]",[],results/audits/res-281/audit-results.json
RES-281,performance_forecasting_under_schedule_exposure_reporting_heterogeneity@1.0.0,target_identity_contamination@1.0.0,leakage_shortcut_susceptibility,UNSUPPORTED_BY_EVIDENCE,,psr:audit-result:performance_forecasting_under_schedule_exposure_reporting_heterogeneity-target_identity_contamination@1.0.0~4a11cf97a979,sha256:4a11cf97a9797bc2cd2231dcd7f3262e7388c6e568169afaeabd498ab0b3ea94,,"The question applies, but this historical version has no rights-cleared row-level realization and matching executable model/evaluation evidence.",{},"[""docs/benchmarks/performance-forecasting-under-schedule-exposure-reporting-heterogeneity.md"",""artifacts/registries/benchmark-registry.json"",""src/powerlifting_state_research/provenance/historical_sources.py"",""artifacts/registries/attack-contract-registry.json""]","[""Rights-cleared historical participant rows and split identities."",""Version-specific runnable adapter and fitted model/evaluation artifacts.""]",[],results/audits/res-281/audit-results.json
RES-281,performance_forecasting_under_schedule_exposure_reporting_heterogeneity@1.0.0,temporal_history_disruption@1.0.0,leakage_shortcut_susceptibility,UNSUPPORTED_BY_EVIDENCE,,psr:audit-result:performance_forecasting_under_schedule_exposure_reporting_heterogeneity-temporal_history_disruption@1.0.0~e84b7e51f574,sha256:e84b7e51f574b657803d1d83225b184c52512563bcf9d868bfa75b39340ef47e,,"The question applies, but this historical version has no rights-cleared row-level realization and matching executable model/evaluation evidence.",{},"[""docs/benchmarks/performance-forecasting-under-schedule-exposure-reporting-heterogeneity.md"",""artifacts/registries/benchmark-registry.json"",""src/powerlifting_state_research/provenance/historical_sources.py"",""artifacts/registries/attack-contract-registry.json""]","[""Rights-cleared historical participant rows and split identities."",""Version-specific runnable adapter and fitted model/evaluation artifacts.""]",[],results/audits/res-281/audit-results.json
RES-281,performance_forecasting_under_schedule_exposure_reporting_heterogeneity@1.0.0,training_plan_counterfactual_sensitivity@1.0.0,out_of_distribution_robustness,NOT_APPLICABLE,,psr:audit-result:performance_forecasting_under_schedule_exposure_reporting_heterogeneity-training_plan_counterfactual_sensitivity@1.0.0~850e69a8102b,sha256:850e69a8102bc57b877ed8601bdbd42c18ac3b5bdca87163fe6d83fb6c0522c7,,This benchmark version is outside the attack contract's declared semantic scope.,{},"[""artifacts/registries/attack-contract-registry.json"",""docs/benchmarks/performance-forecasting-under-schedule-exposure-reporting-heterogeneity.md""]",[],[],results/audits/res-281/audit-results.json
RES-281,seasonal_five_target_load_velocity_performance_forecasting@1.0.0,audit_coverage_accounting@1.0.0,audit_coverage,PASS,res281-audit_coverage_accounting-9c3e2bdd35ec,psr:audit-result:seasonal_five_target_load_velocity_performance_forecasting-audit_coverage_accounting@1.0.0~8d5b6ab5acae,sha256:8d5b6ab5acaef068317593450431a5a86dd9e2bd0e3a39a84ce22172294aa7a0,d854443b467eb21e72ab08ce44d156f8a202db38,"Every registered attack has exactly one version-specific state, and the count reconciles to the typed contract and profile.","{""applicable_attack_count"":7,""executed_attack_count"":2,""inapplicable_attack_count"":7,""recorded_attack_count"":14,""registered_attack_count"":14,""state_count::FAIL"":0,""state_count::INCONCLUSIVE"":1,""state_count::NOT_APPLICABLE"":7,""state_count::NOT_RUN"":0,""state_count::PASS"":1,""state_count::UNSUPPORTED_BY_EVIDENCE"":5,""state_count_match"":1}","[""artifacts/registries/attack-contract-registry.json"",""artifacts/registries/validity-axis-registry.json"",""artifacts/registries/version-validity-profiles.json"",""artifacts/registries/benchmark-registry.json"",""docs/benchmarks/seasonal-five-target-load-velocity-performance-forecasting.md"",""src/powerlifting_state_research/provenance/historical_sources.py""]",[],"[""Coverage is process metadata; it is not a benchmark validity score.""]",results/audits/res-281/audit-results.json
RES-281,seasonal_five_target_load_velocity_performance_forecasting@1.0.0,baseline_domination@1.0.0,simple_model_frontier,NOT_APPLICABLE,,psr:audit-result:seasonal_five_target_load_velocity_performance_forecasting-baseline_domination@1.0.0~22c2e2be19f1,sha256:22c2e2be19f16a742faf2fe70f5c2bfb204494b81d7243a172169635948040ba,,This benchmark version is outside the attack contract's declared semantic scope.,{},"[""artifacts/registries/attack-contract-registry.json"",""docs/benchmarks/seasonal-five-target-load-velocity-performance-forecasting.md""]",[],[],results/audits/res-281/audit-results.json
RES-281,seasonal_five_target_load_velocity_performance_forecasting@1.0.0,distributional_shift_sensitivity@1.0.0,out_of_distribution_robustness,NOT_APPLICABLE,,psr:audit-result:seasonal_five_target_load_velocity_performance_forecasting-distributional_shift_sensitivity@1.0.0~4ddf0863eb05,sha256:4ddf0863eb058cafd0b984a258e59509186bf199cc3cc40609bd051174036426,,This benchmark version is outside the attack contract's declared semantic scope.,{},"[""artifacts/registries/attack-contract-registry.json"",""docs/benchmarks/seasonal-five-target-load-velocity-performance-forecasting.md""]",[],[],results/audits/res-281/audit-results.json
RES-281,seasonal_five_target_load_velocity_performance_forecasting@1.0.0,hidden_test_fairness@1.0.0,hidden_test_fairness,UNSUPPORTED_BY_EVIDENCE,,psr:audit-result:seasonal_five_target_load_velocity_performance_forecasting-hidden_test_fairness@1.0.0~75be48ca0c63,sha256:75be48ca0c6366655ade726d7de628c9aeafd0e640334dfb387cf4e65a594de1,,"The question applies, but this historical version has no rights-cleared row-level realization and matching executable model/evaluation evidence.",{},"[""docs/benchmarks/seasonal-five-target-load-velocity-performance-forecasting.md"",""artifacts/registries/benchmark-registry.json"",""src/powerlifting_state_research/provenance/historical_sources.py"",""artifacts/registries/attack-contract-registry.json""]","[""Rights-cleared historical participant rows and split identities."",""Version-specific runnable adapter and fitted model/evaluation artifacts.""]",[],results/audits/res-281/audit-results.json
RES-281,seasonal_five_target_load_velocity_performance_forecasting@1.0.0,model_ranking_instability@1.0.0,seed_stability,NOT_APPLICABLE,,psr:audit-result:seasonal_five_target_load_velocity_performance_forecasting-model_ranking_instability@1.0.0~6605ee37c815,sha256:6605ee37c81531d7682defaf100ea39ea8158ef807d61da4acbe789c8b6f7032,,This benchmark version is outside the attack contract's declared semantic scope.,{},"[""artifacts/registries/attack-contract-registry.json"",""docs/benchmarks/seasonal-five-target-load-velocity-performance-forecasting.md""]",[],[],results/audits/res-281/audit-results.json
RES-281,seasonal_five_target_load_velocity_performance_forecasting@1.0.0,observation_noise_perturbation@1.0.0,out_of_distribution_robustness,NOT_APPLICABLE,,psr:audit-result:seasonal_five_target_load_velocity_performance_forecasting-observation_noise_perturbation@1.0.0~356160ae4b8a,sha256:356160ae4b8a384ed06062ccdef5baf227301781328000d1c743cfba3d55ce1b,,This benchmark version is outside the attack contract's declared semantic scope.,{},"[""artifacts/registries/attack-contract-registry.json"",""docs/benchmarks/seasonal-five-target-load-velocity-performance-forecasting.md""]",[],[],results/audits/res-281/audit-results.json
RES-281,seasonal_five_target_load_velocity_performance_forecasting@1.0.0,parameter_seed_sensitivity@1.0.0,seed_stability,NOT_APPLICABLE,,psr:audit-result:seasonal_five_target_load_velocity_performance_forecasting-parameter_seed_sensitivity@1.0.0~515337a1150f,sha256:515337a1150ffb4baef8f3740adb3da7d0352960169d170bef76aa88a043086b,,This benchmark version is outside the attack contract's declared semantic scope.,{},"[""artifacts/registries/attack-contract-registry.json"",""docs/benchmarks/seasonal-five-target-load-velocity-performance-forecasting.md""]",[],[],results/audits/res-281/audit-results.json
RES-281,seasonal_five_target_load_velocity_performance_forecasting@1.0.0,participant_input_leakage@1.0.0,leakage_shortcut_susceptibility,UNSUPPORTED_BY_EVIDENCE,,psr:audit-result:seasonal_five_target_load_velocity_performance_forecasting-participant_input_leakage@1.0.0~67a7ea50c5a2,sha256:67a7ea50c5a2b052a85198c6eab8f5f13df8991dc81598b2b3e568d16c8e0123,,"The question applies, but this historical version has no rights-cleared row-level realization and matching executable model/evaluation evidence.",{},"[""docs/benchmarks/seasonal-five-target-load-velocity-performance-forecasting.md"",""artifacts/registries/benchmark-registry.json"",""src/powerlifting_state_research/provenance/historical_sources.py"",""artifacts/registries/attack-contract-registry.json""]","[""Rights-cleared historical participant rows and split identities."",""Version-specific runnable adapter and fitted model/evaluation artifacts.""]",[],results/audits/res-281/audit-results.json
RES-281,seasonal_five_target_load_velocity_performance_forecasting@1.0.0,reconstruction_provenance_gaps@1.0.0,reconstructability,INCONCLUSIVE,res281-reconstruction_provenance_gaps-3b03be3a00b7,psr:audit-result:seasonal_five_target_load_velocity_performance_forecasting-reconstruction_provenance_gaps@1.0.0~61dcf9f54a5c,sha256:61dcf9f54a5cbb1696d9e26cdd0bb6be3f7277f8c3d7b4438ebf2e6f3ed0fb02,d854443b467eb21e72ab08ce44d156f8a202db38,Public historical provenance metadata was audited. Unresolved identity links and unavailable original realization/model/evaluation artifacts prevent a full reconstruction decision.,"{""benchmark_identity_mintable"":0,""historical_row_realization_available"":0,""historical_source_component_count"":13,""matching_model_evaluation_artifacts_available"":0,""public_metadata_artifact_count"":4,""unresolved_direct_identity_count"":2}","[""docs/benchmarks/seasonal-five-target-load-velocity-performance-forecasting.md"",""artifacts/registries/benchmark-registry.json"",""artifacts/registries/attack-contract-registry.json"",""src/powerlifting_state_research/provenance/historical_sources.py""]",[],"[""This is a metadata-only historical audit; no participant rows, private data, or checkpoints were read or reconstructed."",""An inconclusive provenance result is not evidence that historical data or models were valid or reproducible.""]",results/audits/res-281/audit-results.json
RES-281,seasonal_five_target_load_velocity_performance_forecasting@1.0.0,shortcut_feature_dependence@1.0.0,leakage_shortcut_susceptibility,NOT_APPLICABLE,,psr:audit-result:seasonal_five_target_load_velocity_performance_forecasting-shortcut_feature_dependence@1.0.0~69c318a3bc76,sha256:69c318a3bc768f803195f204f29dba77e225cc7777e90b10114b96152029679c,,This benchmark version is outside the attack contract's declared semantic scope.,{},"[""artifacts/registries/attack-contract-registry.json"",""docs/benchmarks/seasonal-five-target-load-velocity-performance-forecasting.md""]",[],[],results/audits/res-281/audit-results.json
RES-281,seasonal_five_target_load_velocity_performance_forecasting@1.0.0,sparse_missing_history_sensitivity@1.0.0,out_of_distribution_robustness,UNSUPPORTED_BY_EVIDENCE,,psr:audit-result:seasonal_five_target_load_velocity_performance_forecasting-sparse_missing_history_sensitivity@1.0.0~69e018e53a45,sha256:69e018e53a453c50c96b3b9779a9f46bfe25a1336662cb9302418fbf804c93c6,,"The question applies, but this historical version has no rights-cleared row-level realization and matching executable model/evaluation evidence.",{},"[""docs/benchmarks/seasonal-five-target-load-velocity-performance-forecasting.md"",""artifacts/registries/benchmark-registry.json"",""src/powerlifting_state_research/provenance/historical_sources.py"",""artifacts/registries/attack-contract-registry.json""]","[""Rights-cleared historical participant rows and split identities."",""Version-specific runnable adapter and fitted model/evaluation artifacts.""]",[],results/audits/res-281/audit-results.json
RES-281,seasonal_five_target_load_velocity_performance_forecasting@1.0.0,target_identity_contamination@1.0.0,leakage_shortcut_susceptibility,UNSUPPORTED_BY_EVIDENCE,,psr:audit-result:seasonal_five_target_load_velocity_performance_forecasting-target_identity_contamination@1.0.0~96c7264d7954,sha256:96c7264d795492daf06ddce8fa42961ce8de6233c466a0de4769c3efefb8146f,,"The question applies, but this historical version has no rights-cleared row-level realization and matching executable model/evaluation evidence.",{},"[""docs/benchmarks/seasonal-five-target-load-velocity-performance-forecasting.md"",""artifacts/registries/benchmark-registry.json"",""src/powerlifting_state_research/provenance/historical_sources.py"",""artifacts/registries/attack-contract-registry.json""]","[""Rights-cleared historical participant rows and split identities."",""Version-specific runnable adapter and fitted model/evaluation artifacts.""]",[],results/audits/res-281/audit-results.json
RES-281,seasonal_five_target_load_velocity_performance_forecasting@1.0.0,temporal_history_disruption@1.0.0,leakage_shortcut_susceptibility,UNSUPPORTED_BY_EVIDENCE,,psr:audit-result:seasonal_five_target_load_velocity_performance_forecasting-temporal_history_disruption@1.0.0~1e22b19802f1,sha256:1e22b19802f18a057cf364ee845e408d9a7fd911c680392410c1b7c5a409e5de,,"The question applies, but this historical version has no rights-cleared row-level realization and matching executable model/evaluation evidence.",{},"[""docs/benchmarks/seasonal-five-target-load-velocity-performance-forecasting.md"",""artifacts/registries/benchmark-registry.json"",""src/powerlifting_state_research/provenance/historical_sources.py"",""artifacts/registries/attack-contract-registry.json""]","[""Rights-cleared historical participant rows and split identities."",""Version-specific runnable adapter and fitted model/evaluation artifacts.""]",[],results/audits/res-281/audit-results.json
RES-281,seasonal_five_target_load_velocity_performance_forecasting@1.0.0,training_plan_counterfactual_sensitivity@1.0.0,out_of_distribution_robustness,NOT_APPLICABLE,,psr:audit-result:seasonal_five_target_load_velocity_performance_forecasting-training_plan_counterfactual_sensitivity@1.0.0~7005398d453b,sha256:7005398d453b2eee1753fff1b6f51a52064f9f460208a57b1bff7682ddf4fba6,,This benchmark version is outside the attack contract's declared semantic scope.,{},"[""artifacts/registries/attack-contract-registry.json"",""docs/benchmarks/seasonal-five-target-load-velocity-performance-forecasting.md""]",[],[],results/audits/res-281/audit-results.json
