execution,path,declared_sha256,observed_sha256,source_evidence_status,referring_record_count,rights_json,reason
RES278,artifacts/registries/attack-contract-registry.json,sha256:0e7baf893dc9f391973c975657c640a1d87c5d4b639aaa448ae8155df3dd2b38,sha256:0e7baf893dc9f391973c975657c640a1d87c5d4b639aaa448ae8155df3dd2b38,VERIFIED_TRACKED_INPUT,114,"{""access_conditions"":null,""copyright_holder"":""registry-export"",""license_expression"":""MIT"",""redistribution_status"":""GENERATED_PUBLIC_ARTIFACT: RES-277 versioned validity attack contracts generated from typed Python.""}",Tracked source bytes match the SHA-256 declared by the frozen audit record.
RES278,artifacts/registries/validity-axis-registry.json,sha256:489807c56c6f0d7ce4fcb08141122b8836e6a00e758d7bbaef7210b62ff87fe6,sha256:489807c56c6f0d7ce4fcb08141122b8836e6a00e758d7bbaef7210b62ff87fe6,VERIFIED_TRACKED_INPUT,9,"{""access_conditions"":null,""copyright_holder"":""registry-export"",""license_expression"":""MIT"",""redistribution_status"":""GENERATED_PUBLIC_ARTIFACT: RES-277 versioned audit axes and protocols generated from typed Python.""}",Tracked source bytes match the SHA-256 declared by the frozen audit record.
RES278,artifacts/registries/version-validity-profiles.json,sha256:d17168e63f837777ebcd89b880c31930ad356ac010287213a6b5c72e79c39904,sha256:d17168e63f837777ebcd89b880c31930ad356ac010287213a6b5c72e79c39904,VERIFIED_TRACKED_INPUT,9,"{""access_conditions"":null,""copyright_holder"":""registry-export"",""license_expression"":""MIT"",""redistribution_status"":""GENERATED_PUBLIC_ARTIFACT: RES-277 current per-version audit evidence states; no audit measurements.""}",Tracked source bytes match the SHA-256 declared by the frozen audit record.
RES278,artifacts/registries/benchmark-registry.json,sha256:e6b44c4067e06297d5122d2dc80a59f5347d662c0074274b3a84cff9502c334d,sha256:e6b44c4067e06297d5122d2dc80a59f5347d662c0074274b3a84cff9502c334d,VERIFIED_TRACKED_INPUT,61,"{""access_conditions"":null,""copyright_holder"":""registry-export"",""license_expression"":""MIT"",""redistribution_status"":""GENERATED_PUBLIC_ARTIFACT: Public machine-readable registry export generated from typed Python.""}",Tracked source bytes match the SHA-256 declared by the frozen audit record.
RES278,docs/benchmarks/class-normalized-cross-lift-five-target-performance-forecasting.md,sha256:bd58f995d22120e8dfb0baa15b45aa755c4fab6b19aa444a01bf339f43b9612b,sha256:bd58f995d22120e8dfb0baa15b45aa755c4fab6b19aa444a01bf339f43b9612b,VERIFIED_TRACKED_INPUT,14,"{""access_conditions"":null,""copyright_holder"":""public-documentation"",""license_expression"":""CC-BY-4.0"",""redistribution_status"":""PUBLIC_PROJECTION_OF_FROZEN_SPEC: Research card for Class-Normalized Cross-Lift Five-Target Performance Forecasting.""}",Tracked source bytes match the SHA-256 declared by the frozen audit record.
RES278,src/powerlifting_state_research/provenance/historical_sources.py,sha256:10ec8ce4de8e0ff5ac762de590d98af5b51c87019dbb3eab0835fd6383e94ed0,sha256:10ec8ce4de8e0ff5ac762de590d98af5b51c87019dbb3eab0835fd6383e94ed0,VERIFIED_TRACKED_INPUT,60,"{""access_conditions"":null,""copyright_holder"":""provenance"",""license_expression"":""MIT"",""redistribution_status"":""PUBLIC_PROJECTION_OF_FROZEN_SPEC: Central historical aliases, parentage, and evidence pointers.""}",Tracked source bytes match the SHA-256 declared by the frozen audit record.
RES278,docs/benchmarks/four-target-load-velocity-and-competition-performance-forecasting.md,sha256:7c276c9693035a7fd3a7eebed140f4df9dee9c4e68cbf8c109815c0d23e73b66,sha256:7c276c9693035a7fd3a7eebed140f4df9dee9c4e68cbf8c109815c0d23e73b66,VERIFIED_TRACKED_INPUT,14,"{""access_conditions"":null,""copyright_holder"":""public-documentation"",""license_expression"":""CC-BY-4.0"",""redistribution_status"":""PUBLIC_PROJECTION_OF_FROZEN_SPEC: Research card for Four-Target Load–Velocity and Competition Performance Forecasting.""}",Tracked source bytes match the SHA-256 declared by the frozen audit record.
RES278,docs/benchmarks/held-out-final-origin-five-target-performance-evaluation.md,sha256:fc7a4ce1de9e96a1836b7228303c35f5321a31c92f697a622548be0b0b72997c,sha256:fc7a4ce1de9e96a1836b7228303c35f5321a31c92f697a622548be0b0b72997c,VERIFIED_TRACKED_INPUT,14,"{""access_conditions"":null,""copyright_holder"":""public-documentation"",""license_expression"":""CC-BY-4.0"",""redistribution_status"":""PUBLIC_PROJECTION_OF_FROZEN_SPEC: Research card for Held-Out Final-Origin Evaluation of Five Performance Targets.""}",Tracked source bytes match the SHA-256 declared by the frozen audit record.
RES278,artifacts/model-cards/public-native-comparator-suite.md,sha256:89b72f2425c3d202bc5e9cdd5508bcb8ae405b5649833563bb1448e895bf49ed,sha256:89b72f2425c3d202bc5e9cdd5508bcb8ae405b5649833563bb1448e895bf49ed,VERIFIED_TRACKED_INPUT,3,"{""access_conditions"":null,""copyright_holder"":""model-card"",""license_expression"":""CC-BY-4.0"",""redistribution_status"":""NEWLY_AUTHORED: RES-275 public-native comparator model profiles; per-target accuracy; complexity; compute; and limitations.""}",Tracked source bytes match the SHA-256 declared by the frozen audit record.
RES278,artifacts/registries/public-native-comparator-registry.json,sha256:547aaec617f984f6bf0a76406396b4bcbcc03a13ad7e27922e2ac6e5dd8b1454,sha256:547aaec617f984f6bf0a76406396b4bcbcc03a13ad7e27922e2ac6e5dd8b1454,VERIFIED_TRACKED_INPUT,10,"{""access_conditions"":null,""copyright_holder"":""Powerlifting State Research contributors"",""license_expression"":""MIT"",""redistribution_status"":""GENERATED_PUBLIC_ARTIFACT: Machine-readable registry of six NEW_STANDARDIZED_COMPARATOR methods and the immutable expert reference.""}",Tracked source bytes match the SHA-256 declared by the frozen audit record.
RES278,artifacts/schemas/prediction-contract.schema.json,sha256:2076f5b693c90a43be0e280ffb3cf7268ee02f6148c00915224441eea0c748cf,sha256:2076f5b693c90a43be0e280ffb3cf7268ee02f6148c00915224441eea0c748cf,VERIFIED_TRACKED_INPUT,2,"{""access_conditions"":null,""copyright_holder"":""python-export"",""license_expression"":""MIT"",""redistribution_status"":""GENERATED_PUBLIC_ARTIFACT: JSON Schema generated from the Python prediction contract.""}",Tracked source bytes match the SHA-256 declared by the frozen audit record.
RES278,data/manifests/realizations/latent_capacity_change_with_transient_expression_forecasting/iid-production.json,sha256:7247673db768630a0a0df9e35449a4735161d826f0bde33d355882fa5cc3ef11,sha256:7247673db768630a0a0df9e35449a4735161d826f0bde33d355882fa5cc3ef11,VERIFIED_TRACKED_INPUT,12,"{""access_conditions"":null,""copyright_holder"":""dataset-manifest"",""license_expression"":""MIT"",""redistribution_status"":""GENERATED_PUBLIC_ARTIFACT: Manifest for the public-native IID train and validation realization.""}",Tracked source bytes match the SHA-256 declared by the frozen audit record.
RES278,docs/benchmarks/claim-boundaries.md,sha256:8c3ca850de2198fbf2b1a6e3956743e36c347b993f10207add57975f2c121bd7,sha256:8c3ca850de2198fbf2b1a6e3956743e36c347b993f10207add57975f2c121bd7,VERIFIED_TRACKED_INPUT,1,"{""access_conditions"":null,""copyright_holder"":""public-documentation"",""license_expression"":""CC-BY-4.0"",""redistribution_status"":""PUBLIC_PROJECTION_OF_FROZEN_SPEC: Supported synthetic claims and prohibited escalations.""}",Tracked source bytes match the SHA-256 declared by the frozen audit record.
RES278,docs/benchmarks/iid-latent-capacity-change-public-native-evaluation.md,sha256:70442f5b6f7f5886f7736ab70ddb255807db6103bd45d4bd608b6174ba659188,sha256:70442f5b6f7f5886f7736ab70ddb255807db6103bd45d4bd608b6174ba659188,VERIFIED_TRACKED_INPUT,3,"{""access_conditions"":null,""copyright_holder"":""public-documentation"",""license_expression"":""CC-BY-4.0"",""redistribution_status"":""PUBLIC_PROJECTION_OF_FROZEN_SPEC: Public-native evaluation identity, prediction contract, metric protocol, result identity, and evaluator workflow.""}",Tracked source bytes match the SHA-256 declared by the frozen audit record.
RES278,docs/benchmarks/iid-latent-capacity-change-with-transient-expression-forecasting.md,sha256:a23905d2ce3976e882c17aa17a5e40e8c19241827217368b354f2ac81f22c67c,sha256:a23905d2ce3976e882c17aa17a5e40e8c19241827217368b354f2ac81f22c67c,VERIFIED_TRACKED_INPUT,1,"{""access_conditions"":null,""copyright_holder"":""public-documentation"",""license_expression"":""CC-BY-4.0"",""redistribution_status"":""PUBLIC_PROJECTION_OF_FROZEN_SPEC: Public-native IID benchmark identity and historical equivalence record; links to the dataset card.""}",Tracked source bytes match the SHA-256 declared by the frozen audit record.
RES278,docs/science/system-model.md,sha256:e3f89b637c49c2484dd9182ec7a8d56b52b42eb34cf0c549dd7e376e678fdc26,sha256:e3f89b637c49c2484dd9182ec7a8d56b52b42eb34cf0c549dd7e376e678fdc26,VERIFIED_TRACKED_INPUT,1,"{""access_conditions"":null,""copyright_holder"":""public-documentation"",""license_expression"":""CC-BY-4.0"",""redistribution_status"":""PUBLIC_PROJECTION_OF_FROZEN_SPEC: Latent capacity, capacity change, transient performance expression, intervention, observation, and forecasting.""}",Tracked source bytes match the SHA-256 declared by the frozen audit record.
RES278,results/manifests/public-native-comparator-suite-checksums.json,sha256:76d4cf0592ae350a89a03343152cb02d47d857e40d685b0638ec888b5dbe0420,sha256:76d4cf0592ae350a89a03343152cb02d47d857e40d685b0638ec888b5dbe0420,VERIFIED_TRACKED_INPUT,10,"{""access_conditions"":null,""copyright_holder"":""Powerlifting State Research contributors"",""license_expression"":""MIT"",""redistribution_status"":""GENERATED_PUBLIC_ARTIFACT: SHA-256 index for RES-275 fitted states, predictions, results, protocol, registry, and immutable expert artifacts.""}",Tracked source bytes match the SHA-256 declared by the frozen audit record.
RES278,results/manifests/public-native-comparator-suite.json,sha256:055fef64afb53f996a142064a306093080284aed02dfc92594e239f08e4655bd,sha256:055fef64afb53f996a142064a306093080284aed02dfc92594e239f08e4655bd,VERIFIED_TRACKED_INPUT,11,"{""access_conditions"":null,""copyright_holder"":""Powerlifting State Research contributors"",""license_expression"":""MIT"",""redistribution_status"":""GENERATED_PUBLIC_ARTIFACT: Run manifest binding RES-275 protocol, data, fit seal, validation isolation, and canonical results.""}",Tracked source bytes match the SHA-256 declared by the frozen audit record.
RES278,results/tables/public-native-comparator-frontier.csv,sha256:e42208f54525d7bcff94ec396d2413dd174fe89e9ebcd4b7039b0114852cbce8,sha256:e42208f54525d7bcff94ec396d2413dd174fe89e9ebcd4b7039b0114852cbce8,VERIFIED_TRACKED_INPUT,10,"{""access_conditions"":null,""copyright_holder"":""Powerlifting State Research contributors"",""license_expression"":""MIT"",""redistribution_status"":""GENERATED_PUBLIC_ARTIFACT: Per-seed, target-wise four-metric comparison and measured model complexity/runtime.""}",Tracked source bytes match the SHA-256 declared by the frozen audit record.
RES278,scripts/verify_public_iid_production.py,sha256:9befd23fbb215a5ff9c1ebcc0923543d370b1c36aa46b980f0af40862a58c62e,sha256:9befd23fbb215a5ff9c1ebcc0923543d370b1c36aa46b980f0af40862a58c62e,VERIFIED_TRACKED_INPUT,1,"{""access_conditions"":null,""copyright_holder"":""release-verification"",""license_expression"":""MIT"",""redistribution_status"":""NEWLY_AUTHORED: Regenerates and verifies the full public-native IID realization.""}",Tracked source bytes match the SHA-256 declared by the frozen audit record.
RES278,src/powerlifting_state_research/benchmarks/latent_capacity_change_with_transient_expression_forecasting/research.py,sha256:6697a10aec90ddeea63af76be618461cba7c2861bfd21689a5b8d91ca027e7bb,sha256:6697a10aec90ddeea63af76be618461cba7c2861bfd21689a5b8d91ca027e7bb,VERIFIED_TRACKED_INPUT,1,"{""access_conditions"":null,""copyright_holder"":""research-metadata"",""license_expression"":""MIT"",""redistribution_status"":""PUBLIC_PROJECTION_OF_FROZEN_SPEC: Canonical question, input boundary, result status, and claim scope.""}",Tracked source bytes match the SHA-256 declared by the frozen audit record.
RES278,artifacts/training-protocols/public-native-comparator-suite.json,sha256:7479b946bfc862f66177f5c5bdf6b320e10b0dd24a9f66fa498d50a1cf8e36cb,sha256:7479b946bfc862f66177f5c5bdf6b320e10b0dd24a9f66fa498d50a1cf8e36cb,VERIFIED_TRACKED_INPUT,9,"{""access_conditions"":null,""copyright_holder"":""training-protocol"",""license_expression"":""MIT"",""redistribution_status"":""GENERATED_PUBLIC_ARTIFACT: Versioned RES-275 training and evaluation protocol exported from typed Python authority before comparator fitting.""}",Tracked source bytes match the SHA-256 declared by the frozen audit record.
RES278,models/checkpoint-manifests/public-native-temporal-expert/checkpoint-publication.json,sha256:9f4a05f2fc647bc38af904641ebbf0c047b1b9fcf36ed17c0a789221d3537d4d,sha256:9f4a05f2fc647bc38af904641ebbf0c047b1b9fcf36ed17c0a789221d3537d4d,VERIFIED_TRACKED_INPUT,9,"{""access_conditions"":null,""copyright_holder"":""Powerlifting State Research contributors"",""license_expression"":""MIT"",""redistribution_status"":""GENERATED_PUBLIC_ARTIFACT: Verified public-safe checkpoint and fitted-instance metadata; no weight bytes are tracked.""}",Tracked source bytes match the SHA-256 declared by the frozen audit record.
RES278,models/checkpoint-manifests/public-native-temporal-expert/ensemble-manifest.json,sha256:9281eedeecafe893fbad32fc60a11e79527be345d60de7aaf371c2d4250d3413,sha256:9281eedeecafe893fbad32fc60a11e79527be345d60de7aaf371c2d4250d3413,VERIFIED_TRACKED_INPUT,9,"{""access_conditions"":null,""copyright_holder"":""Powerlifting State Research contributors"",""license_expression"":""MIT"",""redistribution_status"":""GENERATED_PUBLIC_ARTIFACT: Verified public-safe checkpoint and fitted-instance metadata; no weight bytes are tracked.""}",Tracked source bytes match the SHA-256 declared by the frozen audit record.
RES278,models/checkpoint-manifests/public-native-temporal-expert/seed-383001.checkpoint-manifest.json,sha256:f52c67a520f19ac475154d23707d18bdcb875e6bdec13846396c9ccbb05e56a6,sha256:f52c67a520f19ac475154d23707d18bdcb875e6bdec13846396c9ccbb05e56a6,VERIFIED_TRACKED_INPUT,9,"{""access_conditions"":null,""copyright_holder"":""Powerlifting State Research contributors"",""license_expression"":""MIT"",""redistribution_status"":""GENERATED_PUBLIC_ARTIFACT: Verified public-safe checkpoint and fitted-instance metadata; no weight bytes are tracked.""}",Tracked source bytes match the SHA-256 declared by the frozen audit record.
RES278,models/checkpoint-manifests/public-native-temporal-expert/seed-383001.fitted-instance.json,sha256:6da523c6bb608bac653b44b4ab6343afb55dca46f766d913fadb6e3386960c87,sha256:6da523c6bb608bac653b44b4ab6343afb55dca46f766d913fadb6e3386960c87,VERIFIED_TRACKED_INPUT,9,"{""access_conditions"":null,""copyright_holder"":""Powerlifting State Research contributors"",""license_expression"":""MIT"",""redistribution_status"":""GENERATED_PUBLIC_ARTIFACT: Verified public-safe checkpoint and fitted-instance metadata; no weight bytes are tracked.""}",Tracked source bytes match the SHA-256 declared by the frozen audit record.
RES278,models/checkpoint-manifests/public-native-temporal-expert/seed-383002.checkpoint-manifest.json,sha256:50499e1753349bad6eb35881ac16d5ae97aa749345fbea9c73f69e408908ac50,sha256:50499e1753349bad6eb35881ac16d5ae97aa749345fbea9c73f69e408908ac50,VERIFIED_TRACKED_INPUT,9,"{""access_conditions"":null,""copyright_holder"":""Powerlifting State Research contributors"",""license_expression"":""MIT"",""redistribution_status"":""GENERATED_PUBLIC_ARTIFACT: Verified public-safe checkpoint and fitted-instance metadata; no weight bytes are tracked.""}",Tracked source bytes match the SHA-256 declared by the frozen audit record.
RES278,models/checkpoint-manifests/public-native-temporal-expert/seed-383002.fitted-instance.json,sha256:22955c9b8cc70d83bb37ffa240277b3949323ae3f402855a89f179e0edd70a4b,sha256:22955c9b8cc70d83bb37ffa240277b3949323ae3f402855a89f179e0edd70a4b,VERIFIED_TRACKED_INPUT,9,"{""access_conditions"":null,""copyright_holder"":""Powerlifting State Research contributors"",""license_expression"":""MIT"",""redistribution_status"":""GENERATED_PUBLIC_ARTIFACT: Verified public-safe checkpoint and fitted-instance metadata; no weight bytes are tracked.""}",Tracked source bytes match the SHA-256 declared by the frozen audit record.
RES278,models/checkpoint-manifests/public-native-temporal-expert/seed-383003.checkpoint-manifest.json,sha256:6571c8d4db624dda66c84476dce65af1155eea37caadd83bb3aa2cc616f87a79,sha256:6571c8d4db624dda66c84476dce65af1155eea37caadd83bb3aa2cc616f87a79,VERIFIED_TRACKED_INPUT,9,"{""access_conditions"":null,""copyright_holder"":""Powerlifting State Research contributors"",""license_expression"":""MIT"",""redistribution_status"":""GENERATED_PUBLIC_ARTIFACT: Verified public-safe checkpoint and fitted-instance metadata; no weight bytes are tracked.""}",Tracked source bytes match the SHA-256 declared by the frozen audit record.
RES278,models/checkpoint-manifests/public-native-temporal-expert/seed-383003.fitted-instance.json,sha256:8b5306e462aedd7639a3fb696abf61f353be60f845068954aefacc31908ad554,sha256:8b5306e462aedd7639a3fb696abf61f353be60f845068954aefacc31908ad554,VERIFIED_TRACKED_INPUT,9,"{""access_conditions"":null,""copyright_holder"":""Powerlifting State Research contributors"",""license_expression"":""MIT"",""redistribution_status"":""GENERATED_PUBLIC_ARTIFACT: Verified public-safe checkpoint and fitted-instance metadata; no weight bytes are tracked.""}",Tracked source bytes match the SHA-256 declared by the frozen audit record.
RES278,models/fitted-instances/public-native-comparator-suite/public-native-compact-neural/seed-383001.fitted-instance.json,sha256:f83064fa9580fd8ac5103c8ddbb865b68d62adc0e106c226c8c555c16e4ef256,sha256:f83064fa9580fd8ac5103c8ddbb865b68d62adc0e106c226c8c555c16e4ef256,VERIFIED_TRACKED_INPUT,9,"{""access_conditions"":null,""copyright_holder"":""Powerlifting State Research contributors"",""license_expression"":""MIT"",""redistribution_status"":""GENERATED_PUBLIC_ARTIFACT: Content-hashed public-native comparator fitted state; no private checkpoint bytes.""}",Tracked source bytes match the SHA-256 declared by the frozen audit record.
RES278,models/fitted-instances/public-native-comparator-suite/public-native-compact-neural/seed-383002.fitted-instance.json,sha256:bf62012aaa82eb7a9bfd581969d97ecaa8072736ea39ac4fe230145561964442,sha256:bf62012aaa82eb7a9bfd581969d97ecaa8072736ea39ac4fe230145561964442,VERIFIED_TRACKED_INPUT,9,"{""access_conditions"":null,""copyright_holder"":""Powerlifting State Research contributors"",""license_expression"":""MIT"",""redistribution_status"":""GENERATED_PUBLIC_ARTIFACT: Content-hashed public-native comparator fitted state; no private checkpoint bytes.""}",Tracked source bytes match the SHA-256 declared by the frozen audit record.
RES278,models/fitted-instances/public-native-comparator-suite/public-native-compact-neural/seed-383003.fitted-instance.json,sha256:b84e4b2d1d64c8701968f0db1a2f1a45cabe960619aa641c7811367633dd4401,sha256:b84e4b2d1d64c8701968f0db1a2f1a45cabe960619aa641c7811367633dd4401,VERIFIED_TRACKED_INPUT,9,"{""access_conditions"":null,""copyright_holder"":""Powerlifting State Research contributors"",""license_expression"":""MIT"",""redistribution_status"":""GENERATED_PUBLIC_ARTIFACT: Content-hashed public-native comparator fitted state; no private checkpoint bytes.""}",Tracked source bytes match the SHA-256 declared by the frozen audit record.
RES278,models/fitted-instances/public-native-comparator-suite/public-native-context-mean/seed-383001.fitted-instance.json,sha256:61b8453c508e93a84fa9ee4f188b475d853ce6fd19627e8c826706fb9f38ec63,sha256:61b8453c508e93a84fa9ee4f188b475d853ce6fd19627e8c826706fb9f38ec63,VERIFIED_TRACKED_INPUT,9,"{""access_conditions"":null,""copyright_holder"":""Powerlifting State Research contributors"",""license_expression"":""MIT"",""redistribution_status"":""GENERATED_PUBLIC_ARTIFACT: Content-hashed public-native comparator fitted state; no private checkpoint bytes.""}",Tracked source bytes match the SHA-256 declared by the frozen audit record.
RES278,models/fitted-instances/public-native-comparator-suite/public-native-context-mean/seed-383002.fitted-instance.json,sha256:a1fb9089447382135cf7365a44eaa554d291aac43059de7f45420d0941d58dba,sha256:a1fb9089447382135cf7365a44eaa554d291aac43059de7f45420d0941d58dba,VERIFIED_TRACKED_INPUT,9,"{""access_conditions"":null,""copyright_holder"":""Powerlifting State Research contributors"",""license_expression"":""MIT"",""redistribution_status"":""GENERATED_PUBLIC_ARTIFACT: Content-hashed public-native comparator fitted state; no private checkpoint bytes.""}",Tracked source bytes match the SHA-256 declared by the frozen audit record.
RES278,models/fitted-instances/public-native-comparator-suite/public-native-context-mean/seed-383003.fitted-instance.json,sha256:5845dd0a73a43880664bc253bf1406bcb5cb3ec84a93cc66e33b9b36295187c1,sha256:5845dd0a73a43880664bc253bf1406bcb5cb3ec84a93cc66e33b9b36295187c1,VERIFIED_TRACKED_INPUT,9,"{""access_conditions"":null,""copyright_holder"":""Powerlifting State Research contributors"",""license_expression"":""MIT"",""redistribution_status"":""GENERATED_PUBLIC_ARTIFACT: Content-hashed public-native comparator fitted state; no private checkpoint bytes.""}",Tracked source bytes match the SHA-256 declared by the frozen audit record.
RES278,models/fitted-instances/public-native-comparator-suite/public-native-histogram-boosted-stumps/seed-383001.fitted-instance.json,sha256:2ac65f5ac5bf01af1f9ed9979f544efc8a4a2f15ea0dfc5f6832e327cdf2a377,sha256:2ac65f5ac5bf01af1f9ed9979f544efc8a4a2f15ea0dfc5f6832e327cdf2a377,VERIFIED_TRACKED_INPUT,9,"{""access_conditions"":null,""copyright_holder"":""Powerlifting State Research contributors"",""license_expression"":""MIT"",""redistribution_status"":""GENERATED_PUBLIC_ARTIFACT: Content-hashed public-native comparator fitted state; no private checkpoint bytes.""}",Tracked source bytes match the SHA-256 declared by the frozen audit record.
RES278,models/fitted-instances/public-native-comparator-suite/public-native-histogram-boosted-stumps/seed-383002.fitted-instance.json,sha256:b2891fa36ca460f15994084b86fac59101ff83ae572b73d0e2093d6eb9ddeb75,sha256:b2891fa36ca460f15994084b86fac59101ff83ae572b73d0e2093d6eb9ddeb75,VERIFIED_TRACKED_INPUT,9,"{""access_conditions"":null,""copyright_holder"":""Powerlifting State Research contributors"",""license_expression"":""MIT"",""redistribution_status"":""GENERATED_PUBLIC_ARTIFACT: Content-hashed public-native comparator fitted state; no private checkpoint bytes.""}",Tracked source bytes match the SHA-256 declared by the frozen audit record.
RES278,models/fitted-instances/public-native-comparator-suite/public-native-histogram-boosted-stumps/seed-383003.fitted-instance.json,sha256:ebc78ff2a18236d8e38e9a84684699d02c9f7651b15bc40756968f786d49c1f6,sha256:ebc78ff2a18236d8e38e9a84684699d02c9f7651b15bc40756968f786d49c1f6,VERIFIED_TRACKED_INPUT,9,"{""access_conditions"":null,""copyright_holder"":""Powerlifting State Research contributors"",""license_expression"":""MIT"",""redistribution_status"":""GENERATED_PUBLIC_ARTIFACT: Content-hashed public-native comparator fitted state; no private checkpoint bytes.""}",Tracked source bytes match the SHA-256 declared by the frozen audit record.
RES278,models/fitted-instances/public-native-comparator-suite/public-native-mechanistic-midpoint/seed-383001.fitted-instance.json,sha256:b0dd9239f24b02cc8e3a93d591f0ce1edc70e391beec1c1b9964023254ac8390,sha256:b0dd9239f24b02cc8e3a93d591f0ce1edc70e391beec1c1b9964023254ac8390,VERIFIED_TRACKED_INPUT,9,"{""access_conditions"":null,""copyright_holder"":""Powerlifting State Research contributors"",""license_expression"":""MIT"",""redistribution_status"":""GENERATED_PUBLIC_ARTIFACT: Content-hashed public-native comparator fitted state; no private checkpoint bytes.""}",Tracked source bytes match the SHA-256 declared by the frozen audit record.
RES278,models/fitted-instances/public-native-comparator-suite/public-native-mechanistic-midpoint/seed-383002.fitted-instance.json,sha256:27297eaa4df87e889b6514bc5b6abc0b6d65d1b7dbcc2d606034a86e9a7ecfb3,sha256:27297eaa4df87e889b6514bc5b6abc0b6d65d1b7dbcc2d606034a86e9a7ecfb3,VERIFIED_TRACKED_INPUT,9,"{""access_conditions"":null,""copyright_holder"":""Powerlifting State Research contributors"",""license_expression"":""MIT"",""redistribution_status"":""GENERATED_PUBLIC_ARTIFACT: Content-hashed public-native comparator fitted state; no private checkpoint bytes.""}",Tracked source bytes match the SHA-256 declared by the frozen audit record.
RES278,models/fitted-instances/public-native-comparator-suite/public-native-mechanistic-midpoint/seed-383003.fitted-instance.json,sha256:6b7ec1326780ab1f688b570fc7cb5e5357be50cb582ef46954fc401647abc5ac,sha256:6b7ec1326780ab1f688b570fc7cb5e5357be50cb582ef46954fc401647abc5ac,VERIFIED_TRACKED_INPUT,9,"{""access_conditions"":null,""copyright_holder"":""Powerlifting State Research contributors"",""license_expression"":""MIT"",""redistribution_status"":""GENERATED_PUBLIC_ARTIFACT: Content-hashed public-native comparator fitted state; no private checkpoint bytes.""}",Tracked source bytes match the SHA-256 declared by the frozen audit record.
RES278,models/fitted-instances/public-native-comparator-suite/public-native-mechanistic-ridge-residual/seed-383001.fitted-instance.json,sha256:db416b1d9d643f91ed2da0223730c63922e90aaf52dc26cee1cfaa579de93e7b,sha256:db416b1d9d643f91ed2da0223730c63922e90aaf52dc26cee1cfaa579de93e7b,VERIFIED_TRACKED_INPUT,9,"{""access_conditions"":null,""copyright_holder"":""Powerlifting State Research contributors"",""license_expression"":""MIT"",""redistribution_status"":""GENERATED_PUBLIC_ARTIFACT: Content-hashed public-native comparator fitted state; no private checkpoint bytes.""}",Tracked source bytes match the SHA-256 declared by the frozen audit record.
RES278,models/fitted-instances/public-native-comparator-suite/public-native-mechanistic-ridge-residual/seed-383002.fitted-instance.json,sha256:6bb30296ce93dd2f47fd7199a730ba5782e2e70b51d8b3fde5aecd3572364185,sha256:6bb30296ce93dd2f47fd7199a730ba5782e2e70b51d8b3fde5aecd3572364185,VERIFIED_TRACKED_INPUT,9,"{""access_conditions"":null,""copyright_holder"":""Powerlifting State Research contributors"",""license_expression"":""MIT"",""redistribution_status"":""GENERATED_PUBLIC_ARTIFACT: Content-hashed public-native comparator fitted state; no private checkpoint bytes.""}",Tracked source bytes match the SHA-256 declared by the frozen audit record.
RES278,models/fitted-instances/public-native-comparator-suite/public-native-mechanistic-ridge-residual/seed-383003.fitted-instance.json,sha256:8d92b5a0bcc75f5476fe9bd51ebb8a6d789ddb403bb6bf0f7eb9b41cc4ffadb8,sha256:8d92b5a0bcc75f5476fe9bd51ebb8a6d789ddb403bb6bf0f7eb9b41cc4ffadb8,VERIFIED_TRACKED_INPUT,9,"{""access_conditions"":null,""copyright_holder"":""Powerlifting State Research contributors"",""license_expression"":""MIT"",""redistribution_status"":""GENERATED_PUBLIC_ARTIFACT: Content-hashed public-native comparator fitted state; no private checkpoint bytes.""}",Tracked source bytes match the SHA-256 declared by the frozen audit record.
RES278,models/fitted-instances/public-native-comparator-suite/public-native-ridge/seed-383001.fitted-instance.json,sha256:e0e37f64f07399b58fca76c0aa7359b6f23f7c8dd3583af4d44448fcbcb2bc48,sha256:e0e37f64f07399b58fca76c0aa7359b6f23f7c8dd3583af4d44448fcbcb2bc48,VERIFIED_TRACKED_INPUT,9,"{""access_conditions"":null,""copyright_holder"":""Powerlifting State Research contributors"",""license_expression"":""MIT"",""redistribution_status"":""GENERATED_PUBLIC_ARTIFACT: Content-hashed public-native comparator fitted state; no private checkpoint bytes.""}",Tracked source bytes match the SHA-256 declared by the frozen audit record.
RES278,models/fitted-instances/public-native-comparator-suite/public-native-ridge/seed-383002.fitted-instance.json,sha256:e16220f0db2288cf344d82a061a006ffac08ac32a370f298dde02aabe197a755,sha256:e16220f0db2288cf344d82a061a006ffac08ac32a370f298dde02aabe197a755,VERIFIED_TRACKED_INPUT,9,"{""access_conditions"":null,""copyright_holder"":""Powerlifting State Research contributors"",""license_expression"":""MIT"",""redistribution_status"":""GENERATED_PUBLIC_ARTIFACT: Content-hashed public-native comparator fitted state; no private checkpoint bytes.""}",Tracked source bytes match the SHA-256 declared by the frozen audit record.
RES278,models/fitted-instances/public-native-comparator-suite/public-native-ridge/seed-383003.fitted-instance.json,sha256:86f71ea0d7c73098dd543a3b5674f6e7f3effcbecd2b93bb9e9c081e0f2bb6ae,sha256:86f71ea0d7c73098dd543a3b5674f6e7f3effcbecd2b93bb9e9c081e0f2bb6ae,VERIFIED_TRACKED_INPUT,9,"{""access_conditions"":null,""copyright_holder"":""Powerlifting State Research contributors"",""license_expression"":""MIT"",""redistribution_status"":""GENERATED_PUBLIC_ARTIFACT: Content-hashed public-native comparator fitted state; no private checkpoint bytes.""}",Tracked source bytes match the SHA-256 declared by the frozen audit record.
RES278,results/benchmarks/iid_latent_capacity_change_with_transient_expression_forecasting/public-native-comparator-suite/internal-selection-split.json,sha256:62f68cdb65a342af9dba9c821f3e225d2cd7afe732dd819ad61c86e93e2b0d9c,sha256:62f68cdb65a342af9dba9c821f3e225d2cd7afe732dd819ad61c86e93e2b0d9c,VERIFIED_TRACKED_INPUT,9,"{""access_conditions"":null,""copyright_holder"":""Powerlifting State Research contributors"",""license_expression"":""MIT"",""redistribution_status"":""GENERATED_PUBLIC_ARTIFACT: Hash-identified RES-274-compatible entity-disjoint fit/selection split derived from TRAIN.""}",Tracked source bytes match the SHA-256 declared by the frozen audit record.
RES278,results/benchmarks/iid_latent_capacity_change_with_transient_expression_forecasting/public-native-comparator-suite/public-native-compact-neural/seed-383001.evaluation-result.json,sha256:b084132f54c6e52898900804ed7e49dbf4ad8217ba6736e77909c8a8611f2e99,sha256:b084132f54c6e52898900804ed7e49dbf4ad8217ba6736e77909c8a8611f2e99,VERIFIED_TRACKED_INPUT,9,"{""access_conditions"":null,""copyright_holder"":""Powerlifting State Research contributors"",""license_expression"":""MIT"",""redistribution_status"":""GENERATED_PUBLIC_ARTIFACT: RES-271 canonical target-wise EvaluationResult for a fitted public-native comparator.""}",Tracked source bytes match the SHA-256 declared by the frozen audit record.
RES278,results/benchmarks/iid_latent_capacity_change_with_transient_expression_forecasting/public-native-comparator-suite/public-native-compact-neural/seed-383001.predictions.jsonl,sha256:7ca5b58f251f0d176353b0b8dc25d763b6ed8787ee6a22cd0012dd0b5568af56,sha256:7ca5b58f251f0d176353b0b8dc25d763b6ed8787ee6a22cd0012dd0b5568af56,VERIFIED_TRACKED_INPUT,9,"{""access_conditions"":null,""copyright_holder"":""Powerlifting State Research contributors"",""license_expression"":""MIT"",""redistribution_status"":""GENERATED_PUBLIC_ARTIFACT: RES-271 canonical prediction artifact from the frozen public-native comparator protocol.""}",Tracked source bytes match the SHA-256 declared by the frozen audit record.
RES278,results/benchmarks/iid_latent_capacity_change_with_transient_expression_forecasting/public-native-comparator-suite/public-native-compact-neural/seed-383002.evaluation-result.json,sha256:1cf1d50f525c065f968a0b6c562587d83a5af18b9bb751ac70fdae03385f41f3,sha256:1cf1d50f525c065f968a0b6c562587d83a5af18b9bb751ac70fdae03385f41f3,VERIFIED_TRACKED_INPUT,9,"{""access_conditions"":null,""copyright_holder"":""Powerlifting State Research contributors"",""license_expression"":""MIT"",""redistribution_status"":""GENERATED_PUBLIC_ARTIFACT: RES-271 canonical target-wise EvaluationResult for a fitted public-native comparator.""}",Tracked source bytes match the SHA-256 declared by the frozen audit record.
RES278,results/benchmarks/iid_latent_capacity_change_with_transient_expression_forecasting/public-native-comparator-suite/public-native-compact-neural/seed-383002.predictions.jsonl,sha256:d7e37679920fbe96c7412c2080a5cc24296d3ca01ac28e592ff1ee716cda176e,sha256:d7e37679920fbe96c7412c2080a5cc24296d3ca01ac28e592ff1ee716cda176e,VERIFIED_TRACKED_INPUT,9,"{""access_conditions"":null,""copyright_holder"":""Powerlifting State Research contributors"",""license_expression"":""MIT"",""redistribution_status"":""GENERATED_PUBLIC_ARTIFACT: RES-271 canonical prediction artifact from the frozen public-native comparator protocol.""}",Tracked source bytes match the SHA-256 declared by the frozen audit record.
RES278,results/benchmarks/iid_latent_capacity_change_with_transient_expression_forecasting/public-native-comparator-suite/public-native-compact-neural/seed-383003.evaluation-result.json,sha256:9d90fdb3ead91e2fe128d5a03e996612b7200f2cf102563e9398c222920097e6,sha256:9d90fdb3ead91e2fe128d5a03e996612b7200f2cf102563e9398c222920097e6,VERIFIED_TRACKED_INPUT,9,"{""access_conditions"":null,""copyright_holder"":""Powerlifting State Research contributors"",""license_expression"":""MIT"",""redistribution_status"":""GENERATED_PUBLIC_ARTIFACT: RES-271 canonical target-wise EvaluationResult for a fitted public-native comparator.""}",Tracked source bytes match the SHA-256 declared by the frozen audit record.
RES278,results/benchmarks/iid_latent_capacity_change_with_transient_expression_forecasting/public-native-comparator-suite/public-native-compact-neural/seed-383003.predictions.jsonl,sha256:515da002595a3a13bd179bf31c7f8db833a5bae00b2c32f35c3002b80623fae0,sha256:515da002595a3a13bd179bf31c7f8db833a5bae00b2c32f35c3002b80623fae0,VERIFIED_TRACKED_INPUT,9,"{""access_conditions"":null,""copyright_holder"":""Powerlifting State Research contributors"",""license_expression"":""MIT"",""redistribution_status"":""GENERATED_PUBLIC_ARTIFACT: RES-271 canonical prediction artifact from the frozen public-native comparator protocol.""}",Tracked source bytes match the SHA-256 declared by the frozen audit record.
RES278,results/benchmarks/iid_latent_capacity_change_with_transient_expression_forecasting/public-native-comparator-suite/public-native-context-mean/seed-383001.evaluation-result.json,sha256:1e2f54d5f9418f77dfe4e974c8e9be48f6a4f50dce6a07cb6e1cde4145e6da4e,sha256:1e2f54d5f9418f77dfe4e974c8e9be48f6a4f50dce6a07cb6e1cde4145e6da4e,VERIFIED_TRACKED_INPUT,9,"{""access_conditions"":null,""copyright_holder"":""Powerlifting State Research contributors"",""license_expression"":""MIT"",""redistribution_status"":""GENERATED_PUBLIC_ARTIFACT: RES-271 canonical target-wise EvaluationResult for a fitted public-native comparator.""}",Tracked source bytes match the SHA-256 declared by the frozen audit record.
RES278,results/benchmarks/iid_latent_capacity_change_with_transient_expression_forecasting/public-native-comparator-suite/public-native-context-mean/seed-383001.predictions.jsonl,sha256:aab4aaf852f446528bd7c760f8921a1897c72d11ea5f35ebba9b207bd573dbc4,sha256:aab4aaf852f446528bd7c760f8921a1897c72d11ea5f35ebba9b207bd573dbc4,VERIFIED_TRACKED_INPUT,9,"{""access_conditions"":null,""copyright_holder"":""Powerlifting State Research contributors"",""license_expression"":""MIT"",""redistribution_status"":""GENERATED_PUBLIC_ARTIFACT: RES-271 canonical prediction artifact from the frozen public-native comparator protocol.""}",Tracked source bytes match the SHA-256 declared by the frozen audit record.
RES278,results/benchmarks/iid_latent_capacity_change_with_transient_expression_forecasting/public-native-comparator-suite/public-native-context-mean/seed-383002.evaluation-result.json,sha256:7afac489e185773a4c7c0b8f8e5795af2317a8b5dfe1a955c3af761a74acedee,sha256:7afac489e185773a4c7c0b8f8e5795af2317a8b5dfe1a955c3af761a74acedee,VERIFIED_TRACKED_INPUT,9,"{""access_conditions"":null,""copyright_holder"":""Powerlifting State Research contributors"",""license_expression"":""MIT"",""redistribution_status"":""GENERATED_PUBLIC_ARTIFACT: RES-271 canonical target-wise EvaluationResult for a fitted public-native comparator.""}",Tracked source bytes match the SHA-256 declared by the frozen audit record.
RES278,results/benchmarks/iid_latent_capacity_change_with_transient_expression_forecasting/public-native-comparator-suite/public-native-context-mean/seed-383002.predictions.jsonl,sha256:aab4aaf852f446528bd7c760f8921a1897c72d11ea5f35ebba9b207bd573dbc4,sha256:aab4aaf852f446528bd7c760f8921a1897c72d11ea5f35ebba9b207bd573dbc4,VERIFIED_TRACKED_INPUT,9,"{""access_conditions"":null,""copyright_holder"":""Powerlifting State Research contributors"",""license_expression"":""MIT"",""redistribution_status"":""GENERATED_PUBLIC_ARTIFACT: RES-271 canonical prediction artifact from the frozen public-native comparator protocol.""}",Tracked source bytes match the SHA-256 declared by the frozen audit record.
RES278,results/benchmarks/iid_latent_capacity_change_with_transient_expression_forecasting/public-native-comparator-suite/public-native-context-mean/seed-383003.evaluation-result.json,sha256:9fa9f122333fb635f3f508cd156244c4f813681ff16d1824a464c2fc718bcaaf,sha256:9fa9f122333fb635f3f508cd156244c4f813681ff16d1824a464c2fc718bcaaf,VERIFIED_TRACKED_INPUT,9,"{""access_conditions"":null,""copyright_holder"":""Powerlifting State Research contributors"",""license_expression"":""MIT"",""redistribution_status"":""GENERATED_PUBLIC_ARTIFACT: RES-271 canonical target-wise EvaluationResult for a fitted public-native comparator.""}",Tracked source bytes match the SHA-256 declared by the frozen audit record.
RES278,results/benchmarks/iid_latent_capacity_change_with_transient_expression_forecasting/public-native-comparator-suite/public-native-context-mean/seed-383003.predictions.jsonl,sha256:aab4aaf852f446528bd7c760f8921a1897c72d11ea5f35ebba9b207bd573dbc4,sha256:aab4aaf852f446528bd7c760f8921a1897c72d11ea5f35ebba9b207bd573dbc4,VERIFIED_TRACKED_INPUT,9,"{""access_conditions"":null,""copyright_holder"":""Powerlifting State Research contributors"",""license_expression"":""MIT"",""redistribution_status"":""GENERATED_PUBLIC_ARTIFACT: RES-271 canonical prediction artifact from the frozen public-native comparator protocol.""}",Tracked source bytes match the SHA-256 declared by the frozen audit record.
RES278,results/benchmarks/iid_latent_capacity_change_with_transient_expression_forecasting/public-native-comparator-suite/public-native-histogram-boosted-stumps/seed-383001.evaluation-result.json,sha256:814be273d6992052a86f2ee155b7b0caaa9db8ad6493afdb89ab4c66fc4a27a6,sha256:814be273d6992052a86f2ee155b7b0caaa9db8ad6493afdb89ab4c66fc4a27a6,VERIFIED_TRACKED_INPUT,9,"{""access_conditions"":null,""copyright_holder"":""Powerlifting State Research contributors"",""license_expression"":""MIT"",""redistribution_status"":""GENERATED_PUBLIC_ARTIFACT: RES-271 canonical target-wise EvaluationResult for a fitted public-native comparator.""}",Tracked source bytes match the SHA-256 declared by the frozen audit record.
RES278,results/benchmarks/iid_latent_capacity_change_with_transient_expression_forecasting/public-native-comparator-suite/public-native-histogram-boosted-stumps/seed-383001.predictions.jsonl,sha256:9828ff75ec9e4ae18488abd3c828dcef57afda07c504cb88896088df6c9323b5,sha256:9828ff75ec9e4ae18488abd3c828dcef57afda07c504cb88896088df6c9323b5,VERIFIED_TRACKED_INPUT,9,"{""access_conditions"":null,""copyright_holder"":""Powerlifting State Research contributors"",""license_expression"":""MIT"",""redistribution_status"":""GENERATED_PUBLIC_ARTIFACT: RES-271 canonical prediction artifact from the frozen public-native comparator protocol.""}",Tracked source bytes match the SHA-256 declared by the frozen audit record.
RES278,results/benchmarks/iid_latent_capacity_change_with_transient_expression_forecasting/public-native-comparator-suite/public-native-histogram-boosted-stumps/seed-383002.evaluation-result.json,sha256:6f6fe7d52574927aec780e89187a1e135aa1cce765284954302d65ddbef1f20d,sha256:6f6fe7d52574927aec780e89187a1e135aa1cce765284954302d65ddbef1f20d,VERIFIED_TRACKED_INPUT,9,"{""access_conditions"":null,""copyright_holder"":""Powerlifting State Research contributors"",""license_expression"":""MIT"",""redistribution_status"":""GENERATED_PUBLIC_ARTIFACT: RES-271 canonical target-wise EvaluationResult for a fitted public-native comparator.""}",Tracked source bytes match the SHA-256 declared by the frozen audit record.
RES278,results/benchmarks/iid_latent_capacity_change_with_transient_expression_forecasting/public-native-comparator-suite/public-native-histogram-boosted-stumps/seed-383002.predictions.jsonl,sha256:9828ff75ec9e4ae18488abd3c828dcef57afda07c504cb88896088df6c9323b5,sha256:9828ff75ec9e4ae18488abd3c828dcef57afda07c504cb88896088df6c9323b5,VERIFIED_TRACKED_INPUT,9,"{""access_conditions"":null,""copyright_holder"":""Powerlifting State Research contributors"",""license_expression"":""MIT"",""redistribution_status"":""GENERATED_PUBLIC_ARTIFACT: RES-271 canonical prediction artifact from the frozen public-native comparator protocol.""}",Tracked source bytes match the SHA-256 declared by the frozen audit record.
RES278,results/benchmarks/iid_latent_capacity_change_with_transient_expression_forecasting/public-native-comparator-suite/public-native-histogram-boosted-stumps/seed-383003.evaluation-result.json,sha256:2c84d96ef9525e1dd290a7e2a1a7f08b7a99766c8793d1f661074550b34c0d66,sha256:2c84d96ef9525e1dd290a7e2a1a7f08b7a99766c8793d1f661074550b34c0d66,VERIFIED_TRACKED_INPUT,9,"{""access_conditions"":null,""copyright_holder"":""Powerlifting State Research contributors"",""license_expression"":""MIT"",""redistribution_status"":""GENERATED_PUBLIC_ARTIFACT: RES-271 canonical target-wise EvaluationResult for a fitted public-native comparator.""}",Tracked source bytes match the SHA-256 declared by the frozen audit record.
RES278,results/benchmarks/iid_latent_capacity_change_with_transient_expression_forecasting/public-native-comparator-suite/public-native-histogram-boosted-stumps/seed-383003.predictions.jsonl,sha256:9828ff75ec9e4ae18488abd3c828dcef57afda07c504cb88896088df6c9323b5,sha256:9828ff75ec9e4ae18488abd3c828dcef57afda07c504cb88896088df6c9323b5,VERIFIED_TRACKED_INPUT,9,"{""access_conditions"":null,""copyright_holder"":""Powerlifting State Research contributors"",""license_expression"":""MIT"",""redistribution_status"":""GENERATED_PUBLIC_ARTIFACT: RES-271 canonical prediction artifact from the frozen public-native comparator protocol.""}",Tracked source bytes match the SHA-256 declared by the frozen audit record.
RES278,results/benchmarks/iid_latent_capacity_change_with_transient_expression_forecasting/public-native-comparator-suite/public-native-mechanistic-midpoint/seed-383001.evaluation-result.json,sha256:5087070f4eee5b6c808ad99d16f05aedc81e28e5835cb2f4ff9c87dd33340f41,sha256:5087070f4eee5b6c808ad99d16f05aedc81e28e5835cb2f4ff9c87dd33340f41,VERIFIED_TRACKED_INPUT,9,"{""access_conditions"":null,""copyright_holder"":""Powerlifting State Research contributors"",""license_expression"":""MIT"",""redistribution_status"":""GENERATED_PUBLIC_ARTIFACT: RES-271 canonical target-wise EvaluationResult for a fitted public-native comparator.""}",Tracked source bytes match the SHA-256 declared by the frozen audit record.
RES278,results/benchmarks/iid_latent_capacity_change_with_transient_expression_forecasting/public-native-comparator-suite/public-native-mechanistic-midpoint/seed-383001.predictions.jsonl,sha256:bad41b609c8f7dccd235898c07c239a3b30e2ae279373284a762fd68a4017ab9,sha256:bad41b609c8f7dccd235898c07c239a3b30e2ae279373284a762fd68a4017ab9,VERIFIED_TRACKED_INPUT,9,"{""access_conditions"":null,""copyright_holder"":""Powerlifting State Research contributors"",""license_expression"":""MIT"",""redistribution_status"":""GENERATED_PUBLIC_ARTIFACT: RES-271 canonical prediction artifact from the frozen public-native comparator protocol.""}",Tracked source bytes match the SHA-256 declared by the frozen audit record.
RES278,results/benchmarks/iid_latent_capacity_change_with_transient_expression_forecasting/public-native-comparator-suite/public-native-mechanistic-midpoint/seed-383002.evaluation-result.json,sha256:3941daeb60a61fbf055b6607aa58e211baa1c2325de81c9294717e0b8226cbaa,sha256:3941daeb60a61fbf055b6607aa58e211baa1c2325de81c9294717e0b8226cbaa,VERIFIED_TRACKED_INPUT,9,"{""access_conditions"":null,""copyright_holder"":""Powerlifting State Research contributors"",""license_expression"":""MIT"",""redistribution_status"":""GENERATED_PUBLIC_ARTIFACT: RES-271 canonical target-wise EvaluationResult for a fitted public-native comparator.""}",Tracked source bytes match the SHA-256 declared by the frozen audit record.
RES278,results/benchmarks/iid_latent_capacity_change_with_transient_expression_forecasting/public-native-comparator-suite/public-native-mechanistic-midpoint/seed-383002.predictions.jsonl,sha256:bad41b609c8f7dccd235898c07c239a3b30e2ae279373284a762fd68a4017ab9,sha256:bad41b609c8f7dccd235898c07c239a3b30e2ae279373284a762fd68a4017ab9,VERIFIED_TRACKED_INPUT,9,"{""access_conditions"":null,""copyright_holder"":""Powerlifting State Research contributors"",""license_expression"":""MIT"",""redistribution_status"":""GENERATED_PUBLIC_ARTIFACT: RES-271 canonical prediction artifact from the frozen public-native comparator protocol.""}",Tracked source bytes match the SHA-256 declared by the frozen audit record.
RES278,results/benchmarks/iid_latent_capacity_change_with_transient_expression_forecasting/public-native-comparator-suite/public-native-mechanistic-midpoint/seed-383003.evaluation-result.json,sha256:86b994541527893a41620b738bfd28a54c8b947ac59c5f7c840f31efbf5885f7,sha256:86b994541527893a41620b738bfd28a54c8b947ac59c5f7c840f31efbf5885f7,VERIFIED_TRACKED_INPUT,9,"{""access_conditions"":null,""copyright_holder"":""Powerlifting State Research contributors"",""license_expression"":""MIT"",""redistribution_status"":""GENERATED_PUBLIC_ARTIFACT: RES-271 canonical target-wise EvaluationResult for a fitted public-native comparator.""}",Tracked source bytes match the SHA-256 declared by the frozen audit record.
RES278,results/benchmarks/iid_latent_capacity_change_with_transient_expression_forecasting/public-native-comparator-suite/public-native-mechanistic-midpoint/seed-383003.predictions.jsonl,sha256:bad41b609c8f7dccd235898c07c239a3b30e2ae279373284a762fd68a4017ab9,sha256:bad41b609c8f7dccd235898c07c239a3b30e2ae279373284a762fd68a4017ab9,VERIFIED_TRACKED_INPUT,9,"{""access_conditions"":null,""copyright_holder"":""Powerlifting State Research contributors"",""license_expression"":""MIT"",""redistribution_status"":""GENERATED_PUBLIC_ARTIFACT: RES-271 canonical prediction artifact from the frozen public-native comparator protocol.""}",Tracked source bytes match the SHA-256 declared by the frozen audit record.
RES278,results/benchmarks/iid_latent_capacity_change_with_transient_expression_forecasting/public-native-comparator-suite/public-native-mechanistic-ridge-residual/seed-383001.evaluation-result.json,sha256:287cd8f00a64a102913ba76baa2f60e15ad13b124c0518a6458ca0194416fbc8,sha256:287cd8f00a64a102913ba76baa2f60e15ad13b124c0518a6458ca0194416fbc8,VERIFIED_TRACKED_INPUT,9,"{""access_conditions"":null,""copyright_holder"":""Powerlifting State Research contributors"",""license_expression"":""MIT"",""redistribution_status"":""GENERATED_PUBLIC_ARTIFACT: RES-271 canonical target-wise EvaluationResult for a fitted public-native comparator.""}",Tracked source bytes match the SHA-256 declared by the frozen audit record.
RES278,results/benchmarks/iid_latent_capacity_change_with_transient_expression_forecasting/public-native-comparator-suite/public-native-mechanistic-ridge-residual/seed-383001.predictions.jsonl,sha256:b889191ea30b5a9aee89913650699e48e11e580ab85997cc6b3484e6e755404c,sha256:b889191ea30b5a9aee89913650699e48e11e580ab85997cc6b3484e6e755404c,VERIFIED_TRACKED_INPUT,9,"{""access_conditions"":null,""copyright_holder"":""Powerlifting State Research contributors"",""license_expression"":""MIT"",""redistribution_status"":""GENERATED_PUBLIC_ARTIFACT: RES-271 canonical prediction artifact from the frozen public-native comparator protocol.""}",Tracked source bytes match the SHA-256 declared by the frozen audit record.
RES278,results/benchmarks/iid_latent_capacity_change_with_transient_expression_forecasting/public-native-comparator-suite/public-native-mechanistic-ridge-residual/seed-383002.evaluation-result.json,sha256:9a97afa01d1fbd5d19f12dd488097d45cc2b7f234c4b3b67dd93a4ee44379347,sha256:9a97afa01d1fbd5d19f12dd488097d45cc2b7f234c4b3b67dd93a4ee44379347,VERIFIED_TRACKED_INPUT,9,"{""access_conditions"":null,""copyright_holder"":""Powerlifting State Research contributors"",""license_expression"":""MIT"",""redistribution_status"":""GENERATED_PUBLIC_ARTIFACT: RES-271 canonical target-wise EvaluationResult for a fitted public-native comparator.""}",Tracked source bytes match the SHA-256 declared by the frozen audit record.
RES278,results/benchmarks/iid_latent_capacity_change_with_transient_expression_forecasting/public-native-comparator-suite/public-native-mechanistic-ridge-residual/seed-383002.predictions.jsonl,sha256:b889191ea30b5a9aee89913650699e48e11e580ab85997cc6b3484e6e755404c,sha256:b889191ea30b5a9aee89913650699e48e11e580ab85997cc6b3484e6e755404c,VERIFIED_TRACKED_INPUT,9,"{""access_conditions"":null,""copyright_holder"":""Powerlifting State Research contributors"",""license_expression"":""MIT"",""redistribution_status"":""GENERATED_PUBLIC_ARTIFACT: RES-271 canonical prediction artifact from the frozen public-native comparator protocol.""}",Tracked source bytes match the SHA-256 declared by the frozen audit record.
RES278,results/benchmarks/iid_latent_capacity_change_with_transient_expression_forecasting/public-native-comparator-suite/public-native-mechanistic-ridge-residual/seed-383003.evaluation-result.json,sha256:ce707447ca6ffad9c85edebaec5850a19355676e50cd04f5bc2aec7970249462,sha256:ce707447ca6ffad9c85edebaec5850a19355676e50cd04f5bc2aec7970249462,VERIFIED_TRACKED_INPUT,9,"{""access_conditions"":null,""copyright_holder"":""Powerlifting State Research contributors"",""license_expression"":""MIT"",""redistribution_status"":""GENERATED_PUBLIC_ARTIFACT: RES-271 canonical target-wise EvaluationResult for a fitted public-native comparator.""}",Tracked source bytes match the SHA-256 declared by the frozen audit record.
RES278,results/benchmarks/iid_latent_capacity_change_with_transient_expression_forecasting/public-native-comparator-suite/public-native-mechanistic-ridge-residual/seed-383003.predictions.jsonl,sha256:b889191ea30b5a9aee89913650699e48e11e580ab85997cc6b3484e6e755404c,sha256:b889191ea30b5a9aee89913650699e48e11e580ab85997cc6b3484e6e755404c,VERIFIED_TRACKED_INPUT,9,"{""access_conditions"":null,""copyright_holder"":""Powerlifting State Research contributors"",""license_expression"":""MIT"",""redistribution_status"":""GENERATED_PUBLIC_ARTIFACT: RES-271 canonical prediction artifact from the frozen public-native comparator protocol.""}",Tracked source bytes match the SHA-256 declared by the frozen audit record.
RES278,results/benchmarks/iid_latent_capacity_change_with_transient_expression_forecasting/public-native-comparator-suite/public-native-ridge/seed-383001.evaluation-result.json,sha256:2171a69215d1630726c72f850c81ae96a5f2e6450402afaddd14e5adc66b90ca,sha256:2171a69215d1630726c72f850c81ae96a5f2e6450402afaddd14e5adc66b90ca,VERIFIED_TRACKED_INPUT,9,"{""access_conditions"":null,""copyright_holder"":""Powerlifting State Research contributors"",""license_expression"":""MIT"",""redistribution_status"":""GENERATED_PUBLIC_ARTIFACT: RES-271 canonical target-wise EvaluationResult for a fitted public-native comparator.""}",Tracked source bytes match the SHA-256 declared by the frozen audit record.
RES278,results/benchmarks/iid_latent_capacity_change_with_transient_expression_forecasting/public-native-comparator-suite/public-native-ridge/seed-383001.predictions.jsonl,sha256:c243aaee0874303607b9ae5660fa3ccbf75ddf6a7a58721d962edf89c2dddcb3,sha256:c243aaee0874303607b9ae5660fa3ccbf75ddf6a7a58721d962edf89c2dddcb3,VERIFIED_TRACKED_INPUT,9,"{""access_conditions"":null,""copyright_holder"":""Powerlifting State Research contributors"",""license_expression"":""MIT"",""redistribution_status"":""GENERATED_PUBLIC_ARTIFACT: RES-271 canonical prediction artifact from the frozen public-native comparator protocol.""}",Tracked source bytes match the SHA-256 declared by the frozen audit record.
RES278,results/benchmarks/iid_latent_capacity_change_with_transient_expression_forecasting/public-native-comparator-suite/public-native-ridge/seed-383002.evaluation-result.json,sha256:8983357c9fa4d21f1e326571c4332e720176fa1b519770f718cd3ad5095a19da,sha256:8983357c9fa4d21f1e326571c4332e720176fa1b519770f718cd3ad5095a19da,VERIFIED_TRACKED_INPUT,9,"{""access_conditions"":null,""copyright_holder"":""Powerlifting State Research contributors"",""license_expression"":""MIT"",""redistribution_status"":""GENERATED_PUBLIC_ARTIFACT: RES-271 canonical target-wise EvaluationResult for a fitted public-native comparator.""}",Tracked source bytes match the SHA-256 declared by the frozen audit record.
RES278,results/benchmarks/iid_latent_capacity_change_with_transient_expression_forecasting/public-native-comparator-suite/public-native-ridge/seed-383002.predictions.jsonl,sha256:c243aaee0874303607b9ae5660fa3ccbf75ddf6a7a58721d962edf89c2dddcb3,sha256:c243aaee0874303607b9ae5660fa3ccbf75ddf6a7a58721d962edf89c2dddcb3,VERIFIED_TRACKED_INPUT,9,"{""access_conditions"":null,""copyright_holder"":""Powerlifting State Research contributors"",""license_expression"":""MIT"",""redistribution_status"":""GENERATED_PUBLIC_ARTIFACT: RES-271 canonical prediction artifact from the frozen public-native comparator protocol.""}",Tracked source bytes match the SHA-256 declared by the frozen audit record.
RES278,results/benchmarks/iid_latent_capacity_change_with_transient_expression_forecasting/public-native-comparator-suite/public-native-ridge/seed-383003.evaluation-result.json,sha256:a6a8925085c6690feef5f92a41a30bb61e271b96ab94073a620f36dd3085552d,sha256:a6a8925085c6690feef5f92a41a30bb61e271b96ab94073a620f36dd3085552d,VERIFIED_TRACKED_INPUT,9,"{""access_conditions"":null,""copyright_holder"":""Powerlifting State Research contributors"",""license_expression"":""MIT"",""redistribution_status"":""GENERATED_PUBLIC_ARTIFACT: RES-271 canonical target-wise EvaluationResult for a fitted public-native comparator.""}",Tracked source bytes match the SHA-256 declared by the frozen audit record.
RES278,results/benchmarks/iid_latent_capacity_change_with_transient_expression_forecasting/public-native-comparator-suite/public-native-ridge/seed-383003.predictions.jsonl,sha256:c243aaee0874303607b9ae5660fa3ccbf75ddf6a7a58721d962edf89c2dddcb3,sha256:c243aaee0874303607b9ae5660fa3ccbf75ddf6a7a58721d962edf89c2dddcb3,VERIFIED_TRACKED_INPUT,9,"{""access_conditions"":null,""copyright_holder"":""Powerlifting State Research contributors"",""license_expression"":""MIT"",""redistribution_status"":""GENERATED_PUBLIC_ARTIFACT: RES-271 canonical prediction artifact from the frozen public-native comparator protocol.""}",Tracked source bytes match the SHA-256 declared by the frozen audit record.
RES278,results/benchmarks/iid_latent_capacity_change_with_transient_expression_forecasting/public-native-comparator-suite/training-seal.json,sha256:e54baf2c122535e998f2c42934974fa62f381928a4461dfa9f34b1654abe0f03,sha256:e54baf2c122535e998f2c42934974fa62f381928a4461dfa9f34b1654abe0f03,VERIFIED_TRACKED_INPUT,9,"{""access_conditions"":null,""copyright_holder"":""Powerlifting State Research contributors"",""license_expression"":""MIT"",""redistribution_status"":""GENERATED_PUBLIC_ARTIFACT: Fit-state hashes and validation-isolation seal written before canonical validation access.""}",Tracked source bytes match the SHA-256 declared by the frozen audit record.
RES278,results/benchmarks/iid_latent_capacity_change_with_transient_expression_forecasting/public-native-temporal-expert/ensemble.evaluation-result.json,sha256:03609a9897981331f8862e4fcc07739c79a769f23177006926196fca2946e69d,sha256:03609a9897981331f8862e4fcc07739c79a769f23177006926196fca2946e69d,VERIFIED_TRACKED_INPUT,9,"{""access_conditions"":null,""copyright_holder"":""Powerlifting State Research contributors"",""license_expression"":""MIT"",""redistribution_status"":""GENERATED_PUBLIC_ARTIFACT: Byte-identical PUBLIC_NATIVE IID prediction or EvaluationResult from the verified run.""}",Tracked source bytes match the SHA-256 declared by the frozen audit record.
RES278,results/benchmarks/iid_latent_capacity_change_with_transient_expression_forecasting/public-native-temporal-expert/ensemble.predictions.jsonl,sha256:f6fb260feac851845f584bcd96a290ec046234f78a7596221aba5453aecc006d,sha256:f6fb260feac851845f584bcd96a290ec046234f78a7596221aba5453aecc006d,VERIFIED_TRACKED_INPUT,9,"{""access_conditions"":null,""copyright_holder"":""Powerlifting State Research contributors"",""license_expression"":""MIT"",""redistribution_status"":""GENERATED_PUBLIC_ARTIFACT: Byte-identical PUBLIC_NATIVE IID prediction or EvaluationResult from the verified run.""}",Tracked source bytes match the SHA-256 declared by the frozen audit record.
RES278,results/benchmarks/iid_latent_capacity_change_with_transient_expression_forecasting/public-native-temporal-expert/seed-383001.evaluation-result.json,sha256:50d9377522cc05795eccb9572fe58ed4363f60535789d13a78399830d6cb292d,sha256:50d9377522cc05795eccb9572fe58ed4363f60535789d13a78399830d6cb292d,VERIFIED_TRACKED_INPUT,9,"{""access_conditions"":null,""copyright_holder"":""Powerlifting State Research contributors"",""license_expression"":""MIT"",""redistribution_status"":""GENERATED_PUBLIC_ARTIFACT: Byte-identical PUBLIC_NATIVE IID prediction or EvaluationResult from the verified run.""}",Tracked source bytes match the SHA-256 declared by the frozen audit record.
RES278,results/benchmarks/iid_latent_capacity_change_with_transient_expression_forecasting/public-native-temporal-expert/seed-383001.predictions.jsonl,sha256:eb1bf322ba1783d0c70f59d13016421736fd6447c2f6827079f713d31332f50c,sha256:eb1bf322ba1783d0c70f59d13016421736fd6447c2f6827079f713d31332f50c,VERIFIED_TRACKED_INPUT,9,"{""access_conditions"":null,""copyright_holder"":""Powerlifting State Research contributors"",""license_expression"":""MIT"",""redistribution_status"":""GENERATED_PUBLIC_ARTIFACT: Byte-identical PUBLIC_NATIVE IID prediction or EvaluationResult from the verified run.""}",Tracked source bytes match the SHA-256 declared by the frozen audit record.
RES278,results/benchmarks/iid_latent_capacity_change_with_transient_expression_forecasting/public-native-temporal-expert/seed-383002.evaluation-result.json,sha256:ba2cdd57bfd521ce9cf3d845cd7b5a1a876bb10d84dc7dc6d24c435beffc4fe4,sha256:ba2cdd57bfd521ce9cf3d845cd7b5a1a876bb10d84dc7dc6d24c435beffc4fe4,VERIFIED_TRACKED_INPUT,9,"{""access_conditions"":null,""copyright_holder"":""Powerlifting State Research contributors"",""license_expression"":""MIT"",""redistribution_status"":""GENERATED_PUBLIC_ARTIFACT: Byte-identical PUBLIC_NATIVE IID prediction or EvaluationResult from the verified run.""}",Tracked source bytes match the SHA-256 declared by the frozen audit record.
RES278,results/benchmarks/iid_latent_capacity_change_with_transient_expression_forecasting/public-native-temporal-expert/seed-383002.predictions.jsonl,sha256:2373889b26646731eafc88907fada38aaf2982d0cfb464b7cfb4f728fb854e89,sha256:2373889b26646731eafc88907fada38aaf2982d0cfb464b7cfb4f728fb854e89,VERIFIED_TRACKED_INPUT,9,"{""access_conditions"":null,""copyright_holder"":""Powerlifting State Research contributors"",""license_expression"":""MIT"",""redistribution_status"":""GENERATED_PUBLIC_ARTIFACT: Byte-identical PUBLIC_NATIVE IID prediction or EvaluationResult from the verified run.""}",Tracked source bytes match the SHA-256 declared by the frozen audit record.
RES278,results/benchmarks/iid_latent_capacity_change_with_transient_expression_forecasting/public-native-temporal-expert/seed-383003.evaluation-result.json,sha256:bc8de2622e05f1a130cdec78f263c789e07d0125b38958d17d95ff7019f9e8aa,sha256:bc8de2622e05f1a130cdec78f263c789e07d0125b38958d17d95ff7019f9e8aa,VERIFIED_TRACKED_INPUT,9,"{""access_conditions"":null,""copyright_holder"":""Powerlifting State Research contributors"",""license_expression"":""MIT"",""redistribution_status"":""GENERATED_PUBLIC_ARTIFACT: Byte-identical PUBLIC_NATIVE IID prediction or EvaluationResult from the verified run.""}",Tracked source bytes match the SHA-256 declared by the frozen audit record.
RES278,results/benchmarks/iid_latent_capacity_change_with_transient_expression_forecasting/public-native-temporal-expert/seed-383003.predictions.jsonl,sha256:472fe8e81648672af3d93e17caaabe433026ab0d1725e384c370eb35f6d45944,sha256:472fe8e81648672af3d93e17caaabe433026ab0d1725e384c370eb35f6d45944,VERIFIED_TRACKED_INPUT,9,"{""access_conditions"":null,""copyright_holder"":""Powerlifting State Research contributors"",""license_expression"":""MIT"",""redistribution_status"":""GENERATED_PUBLIC_ARTIFACT: Byte-identical PUBLIC_NATIVE IID prediction or EvaluationResult from the verified run.""}",Tracked source bytes match the SHA-256 declared by the frozen audit record.
RES278,results/manifests/public-native-temporal-expert-source-inventory.json,sha256:416a7cfb2f0a7bef3a6865a3649f49859f1108db1f98aafc09529f447855e616,sha256:416a7cfb2f0a7bef3a6865a3649f49859f1108db1f98aafc09529f447855e616,VERIFIED_TRACKED_INPUT,9,"{""access_conditions"":null,""copyright_holder"":""Powerlifting State Research contributors"",""license_expression"":""MIT"",""redistribution_status"":""GENERATED_PUBLIC_ARTIFACT: Exact Gate-B final SHA-256 inventory copied from the verified bundle for Drive-independent CI checks.""}",Tracked source bytes match the SHA-256 declared by the frozen audit record.
RES278,results/manifests/public-native-temporal-expert-verification-receipt.json,sha256:fd11790ea0f4b461f38d6cb96f6fb925ec9917128b53a54e0a6f053197771273,sha256:fd11790ea0f4b461f38d6cb96f6fb925ec9917128b53a54e0a6f053197771273,VERIFIED_TRACKED_INPUT,9,"{""access_conditions"":null,""copyright_holder"":""Powerlifting State Research contributors"",""license_expression"":""MIT"",""redistribution_status"":""GENERATED_PUBLIC_ARTIFACT: Exact PASS receipt copied from the independent Gate-B verifier.""}",Tracked source bytes match the SHA-256 declared by the frozen audit record.
RES278,results/manifests/public-native-temporal-expert.json,sha256:ff939961f54a431563de90de7d47e1a8f63ae90778eb176793b18bac7edbf168,sha256:ff939961f54a431563de90de7d47e1a8f63ae90778eb176793b18bac7edbf168,VERIFIED_TRACKED_INPUT,9,"{""access_conditions"":null,""copyright_holder"":""Powerlifting State Research contributors"",""license_expression"":""MIT"",""redistribution_status"":""GENERATED_PUBLIC_ARTIFACT: Public-safe manifest binding Gate-C scientific identities, runtime, validation isolation, and results.""}",Tracked source bytes match the SHA-256 declared by the frozen audit record.
RES278,results/audits/res278/realizations/res278-observation-noise-perturbation-seed-278105/baseline.jsonl,sha256:76280bb12a1b80c6e877c0379e6b422e848058f79f2a4f2b1ae29681939f8763,sha256:76280bb12a1b80c6e877c0379e6b422e848058f79f2a4f2b1ae29681939f8763,VERIFIED_TRACKED_INPUT,1,"{""access_conditions"":null,""copyright_holder"":""Powerlifting State Research contributors"",""license_expression"":""CC-BY-4.0"",""redistribution_status"":""Public redistribution permitted with attribution.""}",Tracked source bytes match the SHA-256 declared by the frozen audit record.
RES278,results/audits/res278/realizations/res278-observation-noise-perturbation-seed-278105/noise-replicate-1.jsonl,sha256:042074a62b830b576c62c86a4283b167f068f365e019238e764d42d9db759052,sha256:042074a62b830b576c62c86a4283b167f068f365e019238e764d42d9db759052,VERIFIED_TRACKED_INPUT,1,"{""access_conditions"":null,""copyright_holder"":""Powerlifting State Research contributors"",""license_expression"":""CC-BY-4.0"",""redistribution_status"":""Public redistribution permitted with attribution.""}",Tracked source bytes match the SHA-256 declared by the frozen audit record.
RES278,results/audits/res278/realizations/res278-observation-noise-perturbation-seed-278105/noise-replicate-2.jsonl,sha256:0151ace975886ed620b9c7a9fa9ffda91235eea5c2ac35c34808e5f2bf42a45c,sha256:0151ace975886ed620b9c7a9fa9ffda91235eea5c2ac35c34808e5f2bf42a45c,VERIFIED_TRACKED_INPUT,1,"{""access_conditions"":null,""copyright_holder"":""Powerlifting State Research contributors"",""license_expression"":""CC-BY-4.0"",""redistribution_status"":""Public redistribution permitted with attribution.""}",Tracked source bytes match the SHA-256 declared by the frozen audit record.
RES278,results/audits/res278/realizations/res278-observation-noise-perturbation-seed-278105/noise-replicate-3.jsonl,sha256:4a3246a69de8275a4d5a5c7703bd8d00f213e52b386313758afe0cae62cbab78,sha256:4a3246a69de8275a4d5a5c7703bd8d00f213e52b386313758afe0cae62cbab78,VERIFIED_TRACKED_INPUT,1,"{""access_conditions"":null,""copyright_holder"":""Powerlifting State Research contributors"",""license_expression"":""CC-BY-4.0"",""redistribution_status"":""Public redistribution permitted with attribution.""}",Tracked source bytes match the SHA-256 declared by the frozen audit record.
RES278,results/audits/res278/realizations/res278-observation-noise-perturbation-seed-278105/manifest.json,sha256:ae24157085b0d02091ef62e77354a28583ecbb848dc916f2ee8e81cc4905851a,sha256:ae24157085b0d02091ef62e77354a28583ecbb848dc916f2ee8e81cc4905851a,VERIFIED_TRACKED_INPUT,1,"{""access_conditions"":null,""copyright_holder"":""Powerlifting State Research contributors"",""license_expression"":""CC-BY-4.0"",""redistribution_status"":""Public redistribution permitted with attribution.""}",Tracked source bytes match the SHA-256 declared by the frozen audit record.
RES278,results/audits/res278/realizations/res278-participant-input-leakage-seed-278101/baseline.jsonl,sha256:d7e4d2cbdc994558b410b69188a511e8adecea689f27ea19abd8372b677f55df,sha256:d7e4d2cbdc994558b410b69188a511e8adecea689f27ea19abd8372b677f55df,VERIFIED_TRACKED_INPUT,1,"{""access_conditions"":null,""copyright_holder"":""Powerlifting State Research contributors"",""license_expression"":""CC-BY-4.0"",""redistribution_status"":""Public redistribution permitted with attribution.""}",Tracked source bytes match the SHA-256 declared by the frozen audit record.
RES278,results/audits/res278/realizations/res278-participant-input-leakage-seed-278101/key-relabelled.jsonl,sha256:defb495cc4a8436e476a8d2e15f3d4a40fbf87d11f1709320467769c01392441,sha256:defb495cc4a8436e476a8d2e15f3d4a40fbf87d11f1709320467769c01392441,VERIFIED_TRACKED_INPUT,1,"{""access_conditions"":null,""copyright_holder"":""Powerlifting State Research contributors"",""license_expression"":""CC-BY-4.0"",""redistribution_status"":""Public redistribution permitted with attribution.""}",Tracked source bytes match the SHA-256 declared by the frozen audit record.
RES278,results/audits/res278/realizations/res278-participant-input-leakage-seed-278101/manifest.json,sha256:5957fd959ebaeb85a80948bdd3dc9dc9684febf739bbe638847dcd97a54d70fc,sha256:5957fd959ebaeb85a80948bdd3dc9dc9684febf739bbe638847dcd97a54d70fc,VERIFIED_TRACKED_INPUT,1,"{""access_conditions"":null,""copyright_holder"":""Powerlifting State Research contributors"",""license_expression"":""CC-BY-4.0"",""redistribution_status"":""Public redistribution permitted with attribution.""}",Tracked source bytes match the SHA-256 declared by the frozen audit record.
RES278,data/synthetic/latent_capacity_change_with_transient_expression_forecasting/iid-production/train.jsonl,sha256:914dc51fcf9a0dca30224a8093431e97fe29272bf830160bf46a78396026d550,,UNAVAILABLE_UNTRACKED_GENERATED_INPUT,1,"{""access_conditions"":null,""copyright_holder"":""Powerlifting State Research contributors"",""license_expression"":""CC-BY-4.0"",""redistribution_status"":""Public redistribution permitted with attribution""}","The generated IID source file is not tracked; its declared hash is retained, but the file was not read or regenerated."
RES278,data/synthetic/latent_capacity_change_with_transient_expression_forecasting/iid-production/validation.jsonl,sha256:0d7bd0c9291e7af5627ec18e2b82025aa1f5f3d46de07d502f7df90eace24b9a,,UNAVAILABLE_UNTRACKED_GENERATED_INPUT,1,"{""access_conditions"":null,""copyright_holder"":""Powerlifting State Research contributors"",""license_expression"":""CC-BY-4.0"",""redistribution_status"":""Public redistribution permitted with attribution""}","The generated IID source file is not tracked; its declared hash is retained, but the file was not read or regenerated."
RES278,src/powerlifting_state_research/benchmarks/latent_capacity_change_with_transient_expression_forecasting/dynamics.py,sha256:28234fff0385b0294e98053211315a5c12327bec0dd8f07965899f33bd170992,sha256:28234fff0385b0294e98053211315a5c12327bec0dd8f07965899f33bd170992,VERIFIED_TRACKED_INPUT,1,"{""access_conditions"":null,""copyright_holder"":""world-mechanics"",""license_expression"":""MIT"",""redistribution_status"":""NEWLY_AUTHORED: Bounded stimulus and lift-specific latent-state transitions.""}",Tracked source bytes match the SHA-256 declared by the frozen audit record.
RES278,src/powerlifting_state_research/benchmarks/latent_capacity_change_with_transient_expression_forecasting/population.py,sha256:f349dc6b8f6abdf76c8d93747d6a92710d2de9f25366a7d697bdafae13356f84,sha256:f349dc6b8f6abdf76c8d93747d6a92710d2de9f25366a7d697bdafae13356f84,VERIFIED_TRACKED_INPUT,1,"{""access_conditions"":null,""copyright_holder"":""population-construction"",""license_expression"":""MIT"",""redistribution_status"":""NEWLY_AUTHORED: Seeded synthetic athlete and lift parameter sampling.""}",Tracked source bytes match the SHA-256 declared by the frozen audit record.
RES278,src/powerlifting_state_research/benchmarks/latent_capacity_change_with_transient_expression_forecasting/interventions.py,sha256:f04500db820b9a08408a67efa89a0bc8c0ac4cb9574c265f70b357aa8a413fb5,sha256:f04500db820b9a08408a67efa89a0bc8c0ac4cb9574c265f70b357aa8a413fb5,VERIFIED_TRACKED_INPUT,1,"{""access_conditions"":null,""copyright_holder"":""benchmark-interventions"",""license_expression"":""MIT"",""redistribution_status"":""NEWLY_AUTHORED: Seeded per-lift session and declared-plan construction.""}",Tracked source bytes match the SHA-256 declared by the frozen audit record.
RES278,src/powerlifting_state_research/benchmarks/latent_capacity_change_with_transient_expression_forecasting/observations.py,sha256:8888a476cab856c3266b53dfbf6519223697768af8512dac7b6983771c2fcf9e,sha256:8888a476cab856c3266b53dfbf6519223697768af8512dac7b6983771c2fcf9e,VERIFIED_TRACKED_INPUT,1,"{""access_conditions"":null,""copyright_holder"":""observation-model"",""license_expression"":""MIT"",""redistribution_status"":""NEWLY_AUTHORED: Seeded noise over transiently expressed performance history.""}",Tracked source bytes match the SHA-256 declared by the frozen audit record.
RES278,src/powerlifting_state_research/benchmarks/latent_capacity_change_with_transient_expression_forecasting/dataset.py,sha256:273feab777b054928955c05ec9b93dcae57bb789cde231fd5e75664d2442b16f,sha256:273feab777b054928955c05ec9b93dcae57bb789cde231fd5e75664d2442b16f,VERIFIED_TRACKED_INPUT,1,"{""access_conditions"":null,""copyright_holder"":""dataset-generator"",""license_expression"":""MIT"",""redistribution_status"":""NEWLY_AUTHORED: Public row construction; leakage validation; deterministic serialization; realization manifest.""}",Tracked source bytes match the SHA-256 declared by the frozen audit record.
RES278,src/powerlifting_state_research/contracts/serialization.py,sha256:11599efed9d21c4d186c3bbfb2ec3edea38bc5ac18da871423e79093872515a1,sha256:11599efed9d21c4d186c3bbfb2ec3edea38bc5ac18da871423e79093872515a1,VERIFIED_TRACKED_INPUT,1,"{""access_conditions"":null,""copyright_holder"":""research-core"",""license_expression"":""MIT"",""redistribution_status"":""NEWLY_AUTHORED: Canonical JSON serialization for identities and content hashes.""}",Tracked source bytes match the SHA-256 declared by the frozen audit record.
RES278,artifacts/schemas/public-forecast-row.schema.json,sha256:5d4148dd5f758c3c4c07b72e10d1bd3769519e7f488e4268588318e1ec5d58c6,sha256:5d4148dd5f758c3c4c07b72e10d1bd3769519e7f488e4268588318e1ec5d58c6,VERIFIED_TRACKED_INPUT,1,"{""access_conditions"":null,""copyright_holder"":""python-export"",""license_expression"":""MIT"",""redistribution_status"":""GENERATED_PUBLIC_ARTIFACT: JSON Schema generated from the authoritative Python PublicForecastRow type.""}",Tracked source bytes match the SHA-256 declared by the frozen audit record.
RES278,src/powerlifting_state_research/models/temporal_expert.py,sha256:4ac7144d3bfd3b4fe9edc6bc672a2fa7aceb2bd1b00fd9bfc168c224969a42a7,sha256:4ac7144d3bfd3b4fe9edc6bc672a2fa7aceb2bd1b00fd9bfc168c224969a42a7,VERIFIED_TRACKED_INPUT,1,"{""access_conditions"":null,""copyright_holder"":""model-implementation"",""license_expression"":""MIT"",""redistribution_status"":""NEWLY_AUTHORED: Clean-room PUBLIC_NATIVE temporal model, typed input, preprocessing, normalization, and inference.""}",Tracked source bytes match the SHA-256 declared by the frozen audit record.
RES278,results/audits/res278/realizations/res278-target-identity-contamination-seed-278102/baseline.jsonl,sha256:97180300e56b978a05321159e869b6ec7ac908974752ed5c4cd0af9e128cd317,sha256:97180300e56b978a05321159e869b6ec7ac908974752ed5c4cd0af9e128cd317,VERIFIED_TRACKED_INPUT,1,"{""access_conditions"":null,""copyright_holder"":""Powerlifting State Research contributors"",""license_expression"":""CC-BY-4.0"",""redistribution_status"":""Public redistribution permitted with attribution.""}",Tracked source bytes match the SHA-256 declared by the frozen audit record.
RES278,results/audits/res278/realizations/res278-target-identity-contamination-seed-278102/target-canary.jsonl,sha256:8eba68322c01df7ce89cfeb54e6d4a391cc7d769456678bbf72288f5cc813c23,sha256:8eba68322c01df7ce89cfeb54e6d4a391cc7d769456678bbf72288f5cc813c23,VERIFIED_TRACKED_INPUT,1,"{""access_conditions"":null,""copyright_holder"":""Powerlifting State Research contributors"",""license_expression"":""CC-BY-4.0"",""redistribution_status"":""Public redistribution permitted with attribution.""}",Tracked source bytes match the SHA-256 declared by the frozen audit record.
RES278,results/audits/res278/realizations/res278-target-identity-contamination-seed-278102/manifest.json,sha256:abdc95cea88482298910a977ed4bbbf29d2092cbfa36a8808b7815bcc1dc7241,sha256:abdc95cea88482298910a977ed4bbbf29d2092cbfa36a8808b7815bcc1dc7241,VERIFIED_TRACKED_INPUT,1,"{""access_conditions"":null,""copyright_holder"":""Powerlifting State Research contributors"",""license_expression"":""CC-BY-4.0"",""redistribution_status"":""Public redistribution permitted with attribution.""}",Tracked source bytes match the SHA-256 declared by the frozen audit record.
RES278,results/audits/res278/realizations/res278-temporal-history-disruption-seed-278103/baseline.jsonl,sha256:c859de24deff90cc0a1141b7cfaa485b901cc659f9ab803ed3c343b8a80369a2,sha256:c859de24deff90cc0a1141b7cfaa485b901cc659f9ab803ed3c343b8a80369a2,VERIFIED_TRACKED_INPUT,1,"{""access_conditions"":null,""copyright_holder"":""Powerlifting State Research contributors"",""license_expression"":""CC-BY-4.0"",""redistribution_status"":""Public redistribution permitted with attribution.""}",Tracked source bytes match the SHA-256 declared by the frozen audit record.
RES278,results/audits/res278/realizations/res278-temporal-history-disruption-seed-278103/reversed-history.jsonl,sha256:ad9c1c36bcf660fc14cdb314988b8c79868ea49d9be401abdeaf194431a2dd8b,sha256:ad9c1c36bcf660fc14cdb314988b8c79868ea49d9be401abdeaf194431a2dd8b,VERIFIED_TRACKED_INPUT,1,"{""access_conditions"":null,""copyright_holder"":""Powerlifting State Research contributors"",""license_expression"":""CC-BY-4.0"",""redistribution_status"":""Public redistribution permitted with attribution.""}",Tracked source bytes match the SHA-256 declared by the frozen audit record.
RES278,results/audits/res278/realizations/res278-temporal-history-disruption-seed-278103/manifest.json,sha256:0f4ad85861596b4d52884c7bc0709f3c31c9b5069a3a6900b84fe91e1c4e3a25,sha256:0f4ad85861596b4d52884c7bc0709f3c31c9b5069a3a6900b84fe91e1c4e3a25,VERIFIED_TRACKED_INPUT,1,"{""access_conditions"":null,""copyright_holder"":""Powerlifting State Research contributors"",""license_expression"":""CC-BY-4.0"",""redistribution_status"":""Public redistribution permitted with attribution.""}",Tracked source bytes match the SHA-256 declared by the frozen audit record.
RES278,results/audits/res278/realizations/res278-training-plan-counterfactual-sensitivity-seed-278104/baseline.jsonl,sha256:9cf280eb0836a0f2dae30fd2f5aca5f38305e4f25f182595d267d67501463b96,sha256:9cf280eb0836a0f2dae30fd2f5aca5f38305e4f25f182595d267d67501463b96,VERIFIED_TRACKED_INPUT,1,"{""access_conditions"":null,""copyright_holder"":""Powerlifting State Research contributors"",""license_expression"":""CC-BY-4.0"",""redistribution_status"":""Public redistribution permitted with attribution.""}",Tracked source bytes match the SHA-256 declared by the frozen audit record.
RES278,results/audits/res278/realizations/res278-training-plan-counterfactual-sensitivity-seed-278104/supported-plan-counterfactual.jsonl,sha256:70cf3e8e06effbe53c924048dceb1ce37a523b3d0a532dea5a7d24f71626d726,sha256:70cf3e8e06effbe53c924048dceb1ce37a523b3d0a532dea5a7d24f71626d726,VERIFIED_TRACKED_INPUT,1,"{""access_conditions"":null,""copyright_holder"":""Powerlifting State Research contributors"",""license_expression"":""CC-BY-4.0"",""redistribution_status"":""Public redistribution permitted with attribution.""}",Tracked source bytes match the SHA-256 declared by the frozen audit record.
RES278,results/audits/res278/realizations/res278-training-plan-counterfactual-sensitivity-seed-278104/manifest.json,sha256:8ed405792dbf19f46a647f40d22a4e1fecc0a9c971355c4a2364c1819b13bd81,sha256:8ed405792dbf19f46a647f40d22a4e1fecc0a9c971355c4a2364c1819b13bd81,VERIFIED_TRACKED_INPUT,1,"{""access_conditions"":null,""copyright_holder"":""Powerlifting State Research contributors"",""license_expression"":""CC-BY-4.0"",""redistribution_status"":""Public redistribution permitted with attribution.""}",Tracked source bytes match the SHA-256 declared by the frozen audit record.
RES278,docs/benchmarks/latent-capacity-change-with-transient-expression-forecasting.md,sha256:1a61741235a39f4f5a0e7644acd569a1bc2f13910afb067546dcb544a225517d,sha256:1a61741235a39f4f5a0e7644acd569a1bc2f13910afb067546dcb544a225517d,VERIFIED_TRACKED_INPUT,14,"{""access_conditions"":null,""copyright_holder"":""public-documentation"",""license_expression"":""CC-BY-4.0"",""redistribution_status"":""PUBLIC_PROJECTION_OF_FROZEN_SPEC: Research card for Latent Capacity-Change Forecasting with Transient Performance Expression.""}",Tracked source bytes match the SHA-256 declared by the frozen audit record.
RES278,docs/benchmarks/latent-origin-capacity-change-forecasting.md,sha256:3609fa54262d40fab7563ccbe6f7853a8bb8e74d102fbe860a7114e6e59e4216,sha256:3609fa54262d40fab7563ccbe6f7853a8bb8e74d102fbe860a7114e6e59e4216,VERIFIED_TRACKED_INPUT,14,"{""access_conditions"":null,""copyright_holder"":""public-documentation"",""license_expression"":""CC-BY-4.0"",""redistribution_status"":""PUBLIC_PROJECTION_OF_FROZEN_SPEC: Research card for Latent-Origin Capacity-Change Forecasting.""}",Tracked source bytes match the SHA-256 declared by the frozen audit record.
RES278,docs/benchmarks/observed-origin-referenced-capacity-change-forecasting.md,sha256:e4fab119ce0b338b6afab10b39adeb1cc014da2936a13e3a4baa599792d29846,sha256:e4fab119ce0b338b6afab10b39adeb1cc014da2936a13e3a4baa599792d29846,VERIFIED_TRACKED_INPUT,14,"{""access_conditions"":null,""copyright_holder"":""public-documentation"",""license_expression"":""CC-BY-4.0"",""redistribution_status"":""PUBLIC_PROJECTION_OF_FROZEN_SPEC: Research card for Observed-Origin-Referenced Capacity-Change Forecasting.""}",Tracked source bytes match the SHA-256 declared by the frozen audit record.
RES278,docs/benchmarks/performance-forecasting-under-schedule-exposure-reporting-heterogeneity.md,sha256:74568cd0fe7a956e3cb3135e8e81e0ae0784f2f8bd4f6d6201adbea938305c91,sha256:74568cd0fe7a956e3cb3135e8e81e0ae0784f2f8bd4f6d6201adbea938305c91,VERIFIED_TRACKED_INPUT,14,"{""access_conditions"":null,""copyright_holder"":""public-documentation"",""license_expression"":""CC-BY-4.0"",""redistribution_status"":""PUBLIC_PROJECTION_OF_FROZEN_SPEC: Research card for Performance Forecasting Under Schedule, Exposure, and Reporting Heterogeneity.""}",Tracked source bytes match the SHA-256 declared by the frozen audit record.
RES278,docs/benchmarks/seasonal-five-target-load-velocity-performance-forecasting.md,sha256:4f44246fb3fe9cab6084114ccf227e1ff27bd478b6750a6ec038259273212202,sha256:4f44246fb3fe9cab6084114ccf227e1ff27bd478b6750a6ec038259273212202,VERIFIED_TRACKED_INPUT,14,"{""access_conditions"":null,""copyright_holder"":""public-documentation"",""license_expression"":""CC-BY-4.0"",""redistribution_status"":""PUBLIC_PROJECTION_OF_FROZEN_SPEC: Research card for Seasonal Five-Target Load–Velocity and Performance Forecasting.""}",Tracked source bytes match the SHA-256 declared by the frozen audit record.
RES281,artifacts/registries/attack-contract-registry.json,sha256:0e7baf893dc9f391973c975657c640a1d87c5d4b639aaa448ae8155df3dd2b38,sha256:0e7baf893dc9f391973c975657c640a1d87c5d4b639aaa448ae8155df3dd2b38,VERIFIED_TRACKED_INPUT,114,"{""access_conditions"":null,""copyright_holder"":""registry-export"",""license_expression"":""MIT"",""redistribution_status"":""GENERATED_PUBLIC_ARTIFACT: RES-277 versioned validity attack contracts generated from typed Python.""}",Tracked source bytes match the SHA-256 declared by the frozen audit record.
RES281,artifacts/registries/validity-axis-registry.json,sha256:489807c56c6f0d7ce4fcb08141122b8836e6a00e758d7bbaef7210b62ff87fe6,sha256:489807c56c6f0d7ce4fcb08141122b8836e6a00e758d7bbaef7210b62ff87fe6,VERIFIED_TRACKED_INPUT,9,"{""access_conditions"":null,""copyright_holder"":""registry-export"",""license_expression"":""MIT"",""redistribution_status"":""GENERATED_PUBLIC_ARTIFACT: RES-277 versioned audit axes and protocols generated from typed Python.""}",Tracked source bytes match the SHA-256 declared by the frozen audit record.
RES281,artifacts/registries/version-validity-profiles.json,sha256:d17168e63f837777ebcd89b880c31930ad356ac010287213a6b5c72e79c39904,sha256:d17168e63f837777ebcd89b880c31930ad356ac010287213a6b5c72e79c39904,VERIFIED_TRACKED_INPUT,9,"{""access_conditions"":null,""copyright_holder"":""registry-export"",""license_expression"":""MIT"",""redistribution_status"":""GENERATED_PUBLIC_ARTIFACT: RES-277 current per-version audit evidence states; no audit measurements.""}",Tracked source bytes match the SHA-256 declared by the frozen audit record.
RES281,artifacts/registries/benchmark-registry.json,sha256:e6b44c4067e06297d5122d2dc80a59f5347d662c0074274b3a84cff9502c334d,sha256:e6b44c4067e06297d5122d2dc80a59f5347d662c0074274b3a84cff9502c334d,VERIFIED_TRACKED_INPUT,61,"{""access_conditions"":null,""copyright_holder"":""registry-export"",""license_expression"":""MIT"",""redistribution_status"":""GENERATED_PUBLIC_ARTIFACT: Public machine-readable registry export generated from typed Python.""}",Tracked source bytes match the SHA-256 declared by the frozen audit record.
RES281,docs/benchmarks/class-normalized-cross-lift-five-target-performance-forecasting.md,sha256:bd58f995d22120e8dfb0baa15b45aa755c4fab6b19aa444a01bf339f43b9612b,sha256:bd58f995d22120e8dfb0baa15b45aa755c4fab6b19aa444a01bf339f43b9612b,VERIFIED_TRACKED_INPUT,14,"{""access_conditions"":null,""copyright_holder"":""public-documentation"",""license_expression"":""CC-BY-4.0"",""redistribution_status"":""PUBLIC_PROJECTION_OF_FROZEN_SPEC: Research card for Class-Normalized Cross-Lift Five-Target Performance Forecasting.""}",Tracked source bytes match the SHA-256 declared by the frozen audit record.
RES281,src/powerlifting_state_research/provenance/historical_sources.py,sha256:10ec8ce4de8e0ff5ac762de590d98af5b51c87019dbb3eab0835fd6383e94ed0,sha256:10ec8ce4de8e0ff5ac762de590d98af5b51c87019dbb3eab0835fd6383e94ed0,VERIFIED_TRACKED_INPUT,60,"{""access_conditions"":null,""copyright_holder"":""provenance"",""license_expression"":""MIT"",""redistribution_status"":""PUBLIC_PROJECTION_OF_FROZEN_SPEC: Central historical aliases, parentage, and evidence pointers.""}",Tracked source bytes match the SHA-256 declared by the frozen audit record.
RES281,docs/benchmarks/four-target-load-velocity-and-competition-performance-forecasting.md,sha256:7c276c9693035a7fd3a7eebed140f4df9dee9c4e68cbf8c109815c0d23e73b66,sha256:7c276c9693035a7fd3a7eebed140f4df9dee9c4e68cbf8c109815c0d23e73b66,VERIFIED_TRACKED_INPUT,14,"{""access_conditions"":null,""copyright_holder"":""public-documentation"",""license_expression"":""CC-BY-4.0"",""redistribution_status"":""PUBLIC_PROJECTION_OF_FROZEN_SPEC: Research card for Four-Target Load–Velocity and Competition Performance Forecasting.""}",Tracked source bytes match the SHA-256 declared by the frozen audit record.
RES281,docs/benchmarks/held-out-final-origin-five-target-performance-evaluation.md,sha256:fc7a4ce1de9e96a1836b7228303c35f5321a31c92f697a622548be0b0b72997c,sha256:fc7a4ce1de9e96a1836b7228303c35f5321a31c92f697a622548be0b0b72997c,VERIFIED_TRACKED_INPUT,14,"{""access_conditions"":null,""copyright_holder"":""public-documentation"",""license_expression"":""CC-BY-4.0"",""redistribution_status"":""PUBLIC_PROJECTION_OF_FROZEN_SPEC: Research card for Held-Out Final-Origin Evaluation of Five Performance Targets.""}",Tracked source bytes match the SHA-256 declared by the frozen audit record.
RES281,artifacts/model-cards/public-native-comparator-suite.md,sha256:89b72f2425c3d202bc5e9cdd5508bcb8ae405b5649833563bb1448e895bf49ed,sha256:89b72f2425c3d202bc5e9cdd5508bcb8ae405b5649833563bb1448e895bf49ed,VERIFIED_TRACKED_INPUT,3,"{""access_conditions"":null,""copyright_holder"":""model-card"",""license_expression"":""CC-BY-4.0"",""redistribution_status"":""NEWLY_AUTHORED: RES-275 public-native comparator model profiles; per-target accuracy; complexity; compute; and limitations.""}",Tracked source bytes match the SHA-256 declared by the frozen audit record.
RES281,artifacts/registries/public-native-comparator-registry.json,sha256:547aaec617f984f6bf0a76406396b4bcbcc03a13ad7e27922e2ac6e5dd8b1454,sha256:547aaec617f984f6bf0a76406396b4bcbcc03a13ad7e27922e2ac6e5dd8b1454,VERIFIED_TRACKED_INPUT,10,"{""access_conditions"":null,""copyright_holder"":""Powerlifting State Research contributors"",""license_expression"":""MIT"",""redistribution_status"":""GENERATED_PUBLIC_ARTIFACT: Machine-readable registry of six NEW_STANDARDIZED_COMPARATOR methods and the immutable expert reference.""}",Tracked source bytes match the SHA-256 declared by the frozen audit record.
RES281,artifacts/schemas/prediction-contract.schema.json,sha256:2076f5b693c90a43be0e280ffb3cf7268ee02f6148c00915224441eea0c748cf,sha256:2076f5b693c90a43be0e280ffb3cf7268ee02f6148c00915224441eea0c748cf,VERIFIED_TRACKED_INPUT,2,"{""access_conditions"":null,""copyright_holder"":""python-export"",""license_expression"":""MIT"",""redistribution_status"":""GENERATED_PUBLIC_ARTIFACT: JSON Schema generated from the Python prediction contract.""}",Tracked source bytes match the SHA-256 declared by the frozen audit record.
RES281,data/manifests/realizations/latent_capacity_change_with_transient_expression_forecasting/iid-production.json,sha256:7247673db768630a0a0df9e35449a4735161d826f0bde33d355882fa5cc3ef11,sha256:7247673db768630a0a0df9e35449a4735161d826f0bde33d355882fa5cc3ef11,VERIFIED_TRACKED_INPUT,12,"{""access_conditions"":null,""copyright_holder"":""dataset-manifest"",""license_expression"":""MIT"",""redistribution_status"":""GENERATED_PUBLIC_ARTIFACT: Manifest for the public-native IID train and validation realization.""}",Tracked source bytes match the SHA-256 declared by the frozen audit record.
RES281,docs/benchmarks/claim-boundaries.md,sha256:8c3ca850de2198fbf2b1a6e3956743e36c347b993f10207add57975f2c121bd7,sha256:8c3ca850de2198fbf2b1a6e3956743e36c347b993f10207add57975f2c121bd7,VERIFIED_TRACKED_INPUT,1,"{""access_conditions"":null,""copyright_holder"":""public-documentation"",""license_expression"":""CC-BY-4.0"",""redistribution_status"":""PUBLIC_PROJECTION_OF_FROZEN_SPEC: Supported synthetic claims and prohibited escalations.""}",Tracked source bytes match the SHA-256 declared by the frozen audit record.
RES281,docs/benchmarks/iid-latent-capacity-change-public-native-evaluation.md,sha256:70442f5b6f7f5886f7736ab70ddb255807db6103bd45d4bd608b6174ba659188,sha256:70442f5b6f7f5886f7736ab70ddb255807db6103bd45d4bd608b6174ba659188,VERIFIED_TRACKED_INPUT,3,"{""access_conditions"":null,""copyright_holder"":""public-documentation"",""license_expression"":""CC-BY-4.0"",""redistribution_status"":""PUBLIC_PROJECTION_OF_FROZEN_SPEC: Public-native evaluation identity, prediction contract, metric protocol, result identity, and evaluator workflow.""}",Tracked source bytes match the SHA-256 declared by the frozen audit record.
RES281,docs/benchmarks/iid-latent-capacity-change-with-transient-expression-forecasting.md,sha256:a23905d2ce3976e882c17aa17a5e40e8c19241827217368b354f2ac81f22c67c,sha256:a23905d2ce3976e882c17aa17a5e40e8c19241827217368b354f2ac81f22c67c,VERIFIED_TRACKED_INPUT,1,"{""access_conditions"":null,""copyright_holder"":""public-documentation"",""license_expression"":""CC-BY-4.0"",""redistribution_status"":""PUBLIC_PROJECTION_OF_FROZEN_SPEC: Public-native IID benchmark identity and historical equivalence record; links to the dataset card.""}",Tracked source bytes match the SHA-256 declared by the frozen audit record.
RES281,docs/science/system-model.md,sha256:e3f89b637c49c2484dd9182ec7a8d56b52b42eb34cf0c549dd7e376e678fdc26,sha256:e3f89b637c49c2484dd9182ec7a8d56b52b42eb34cf0c549dd7e376e678fdc26,VERIFIED_TRACKED_INPUT,1,"{""access_conditions"":null,""copyright_holder"":""public-documentation"",""license_expression"":""CC-BY-4.0"",""redistribution_status"":""PUBLIC_PROJECTION_OF_FROZEN_SPEC: Latent capacity, capacity change, transient performance expression, intervention, observation, and forecasting.""}",Tracked source bytes match the SHA-256 declared by the frozen audit record.
RES281,results/manifests/public-native-comparator-suite-checksums.json,sha256:76d4cf0592ae350a89a03343152cb02d47d857e40d685b0638ec888b5dbe0420,sha256:76d4cf0592ae350a89a03343152cb02d47d857e40d685b0638ec888b5dbe0420,VERIFIED_TRACKED_INPUT,10,"{""access_conditions"":null,""copyright_holder"":""Powerlifting State Research contributors"",""license_expression"":""MIT"",""redistribution_status"":""GENERATED_PUBLIC_ARTIFACT: SHA-256 index for RES-275 fitted states, predictions, results, protocol, registry, and immutable expert artifacts.""}",Tracked source bytes match the SHA-256 declared by the frozen audit record.
RES281,results/manifests/public-native-comparator-suite.json,sha256:055fef64afb53f996a142064a306093080284aed02dfc92594e239f08e4655bd,sha256:055fef64afb53f996a142064a306093080284aed02dfc92594e239f08e4655bd,VERIFIED_TRACKED_INPUT,11,"{""access_conditions"":null,""copyright_holder"":""Powerlifting State Research contributors"",""license_expression"":""MIT"",""redistribution_status"":""GENERATED_PUBLIC_ARTIFACT: Run manifest binding RES-275 protocol, data, fit seal, validation isolation, and canonical results.""}",Tracked source bytes match the SHA-256 declared by the frozen audit record.
RES281,results/tables/public-native-comparator-frontier.csv,sha256:e42208f54525d7bcff94ec396d2413dd174fe89e9ebcd4b7039b0114852cbce8,sha256:e42208f54525d7bcff94ec396d2413dd174fe89e9ebcd4b7039b0114852cbce8,VERIFIED_TRACKED_INPUT,10,"{""access_conditions"":null,""copyright_holder"":""Powerlifting State Research contributors"",""license_expression"":""MIT"",""redistribution_status"":""GENERATED_PUBLIC_ARTIFACT: Per-seed, target-wise four-metric comparison and measured model complexity/runtime.""}",Tracked source bytes match the SHA-256 declared by the frozen audit record.
RES281,scripts/verify_public_iid_production.py,sha256:9befd23fbb215a5ff9c1ebcc0923543d370b1c36aa46b980f0af40862a58c62e,sha256:9befd23fbb215a5ff9c1ebcc0923543d370b1c36aa46b980f0af40862a58c62e,VERIFIED_TRACKED_INPUT,1,"{""access_conditions"":null,""copyright_holder"":""release-verification"",""license_expression"":""MIT"",""redistribution_status"":""NEWLY_AUTHORED: Regenerates and verifies the full public-native IID realization.""}",Tracked source bytes match the SHA-256 declared by the frozen audit record.
RES281,src/powerlifting_state_research/benchmarks/latent_capacity_change_with_transient_expression_forecasting/research.py,sha256:6697a10aec90ddeea63af76be618461cba7c2861bfd21689a5b8d91ca027e7bb,sha256:6697a10aec90ddeea63af76be618461cba7c2861bfd21689a5b8d91ca027e7bb,VERIFIED_TRACKED_INPUT,1,"{""access_conditions"":null,""copyright_holder"":""research-metadata"",""license_expression"":""MIT"",""redistribution_status"":""PUBLIC_PROJECTION_OF_FROZEN_SPEC: Canonical question, input boundary, result status, and claim scope.""}",Tracked source bytes match the SHA-256 declared by the frozen audit record.
RES281,artifacts/training-protocols/public-native-comparator-suite.json,sha256:7479b946bfc862f66177f5c5bdf6b320e10b0dd24a9f66fa498d50a1cf8e36cb,sha256:7479b946bfc862f66177f5c5bdf6b320e10b0dd24a9f66fa498d50a1cf8e36cb,VERIFIED_TRACKED_INPUT,9,"{""access_conditions"":null,""copyright_holder"":""training-protocol"",""license_expression"":""MIT"",""redistribution_status"":""GENERATED_PUBLIC_ARTIFACT: Versioned RES-275 training and evaluation protocol exported from typed Python authority before comparator fitting.""}",Tracked source bytes match the SHA-256 declared by the frozen audit record.
RES281,models/checkpoint-manifests/public-native-temporal-expert/checkpoint-publication.json,sha256:9f4a05f2fc647bc38af904641ebbf0c047b1b9fcf36ed17c0a789221d3537d4d,sha256:9f4a05f2fc647bc38af904641ebbf0c047b1b9fcf36ed17c0a789221d3537d4d,VERIFIED_TRACKED_INPUT,9,"{""access_conditions"":null,""copyright_holder"":""Powerlifting State Research contributors"",""license_expression"":""MIT"",""redistribution_status"":""GENERATED_PUBLIC_ARTIFACT: Verified public-safe checkpoint and fitted-instance metadata; no weight bytes are tracked.""}",Tracked source bytes match the SHA-256 declared by the frozen audit record.
RES281,models/checkpoint-manifests/public-native-temporal-expert/ensemble-manifest.json,sha256:9281eedeecafe893fbad32fc60a11e79527be345d60de7aaf371c2d4250d3413,sha256:9281eedeecafe893fbad32fc60a11e79527be345d60de7aaf371c2d4250d3413,VERIFIED_TRACKED_INPUT,9,"{""access_conditions"":null,""copyright_holder"":""Powerlifting State Research contributors"",""license_expression"":""MIT"",""redistribution_status"":""GENERATED_PUBLIC_ARTIFACT: Verified public-safe checkpoint and fitted-instance metadata; no weight bytes are tracked.""}",Tracked source bytes match the SHA-256 declared by the frozen audit record.
RES281,models/checkpoint-manifests/public-native-temporal-expert/seed-383001.checkpoint-manifest.json,sha256:f52c67a520f19ac475154d23707d18bdcb875e6bdec13846396c9ccbb05e56a6,sha256:f52c67a520f19ac475154d23707d18bdcb875e6bdec13846396c9ccbb05e56a6,VERIFIED_TRACKED_INPUT,9,"{""access_conditions"":null,""copyright_holder"":""Powerlifting State Research contributors"",""license_expression"":""MIT"",""redistribution_status"":""GENERATED_PUBLIC_ARTIFACT: Verified public-safe checkpoint and fitted-instance metadata; no weight bytes are tracked.""}",Tracked source bytes match the SHA-256 declared by the frozen audit record.
RES281,models/checkpoint-manifests/public-native-temporal-expert/seed-383001.fitted-instance.json,sha256:6da523c6bb608bac653b44b4ab6343afb55dca46f766d913fadb6e3386960c87,sha256:6da523c6bb608bac653b44b4ab6343afb55dca46f766d913fadb6e3386960c87,VERIFIED_TRACKED_INPUT,9,"{""access_conditions"":null,""copyright_holder"":""Powerlifting State Research contributors"",""license_expression"":""MIT"",""redistribution_status"":""GENERATED_PUBLIC_ARTIFACT: Verified public-safe checkpoint and fitted-instance metadata; no weight bytes are tracked.""}",Tracked source bytes match the SHA-256 declared by the frozen audit record.
RES281,models/checkpoint-manifests/public-native-temporal-expert/seed-383002.checkpoint-manifest.json,sha256:50499e1753349bad6eb35881ac16d5ae97aa749345fbea9c73f69e408908ac50,sha256:50499e1753349bad6eb35881ac16d5ae97aa749345fbea9c73f69e408908ac50,VERIFIED_TRACKED_INPUT,9,"{""access_conditions"":null,""copyright_holder"":""Powerlifting State Research contributors"",""license_expression"":""MIT"",""redistribution_status"":""GENERATED_PUBLIC_ARTIFACT: Verified public-safe checkpoint and fitted-instance metadata; no weight bytes are tracked.""}",Tracked source bytes match the SHA-256 declared by the frozen audit record.
RES281,models/checkpoint-manifests/public-native-temporal-expert/seed-383002.fitted-instance.json,sha256:22955c9b8cc70d83bb37ffa240277b3949323ae3f402855a89f179e0edd70a4b,sha256:22955c9b8cc70d83bb37ffa240277b3949323ae3f402855a89f179e0edd70a4b,VERIFIED_TRACKED_INPUT,9,"{""access_conditions"":null,""copyright_holder"":""Powerlifting State Research contributors"",""license_expression"":""MIT"",""redistribution_status"":""GENERATED_PUBLIC_ARTIFACT: Verified public-safe checkpoint and fitted-instance metadata; no weight bytes are tracked.""}",Tracked source bytes match the SHA-256 declared by the frozen audit record.
RES281,models/checkpoint-manifests/public-native-temporal-expert/seed-383003.checkpoint-manifest.json,sha256:6571c8d4db624dda66c84476dce65af1155eea37caadd83bb3aa2cc616f87a79,sha256:6571c8d4db624dda66c84476dce65af1155eea37caadd83bb3aa2cc616f87a79,VERIFIED_TRACKED_INPUT,9,"{""access_conditions"":null,""copyright_holder"":""Powerlifting State Research contributors"",""license_expression"":""MIT"",""redistribution_status"":""GENERATED_PUBLIC_ARTIFACT: Verified public-safe checkpoint and fitted-instance metadata; no weight bytes are tracked.""}",Tracked source bytes match the SHA-256 declared by the frozen audit record.
RES281,models/checkpoint-manifests/public-native-temporal-expert/seed-383003.fitted-instance.json,sha256:8b5306e462aedd7639a3fb696abf61f353be60f845068954aefacc31908ad554,sha256:8b5306e462aedd7639a3fb696abf61f353be60f845068954aefacc31908ad554,VERIFIED_TRACKED_INPUT,9,"{""access_conditions"":null,""copyright_holder"":""Powerlifting State Research contributors"",""license_expression"":""MIT"",""redistribution_status"":""GENERATED_PUBLIC_ARTIFACT: Verified public-safe checkpoint and fitted-instance metadata; no weight bytes are tracked.""}",Tracked source bytes match the SHA-256 declared by the frozen audit record.
RES281,models/fitted-instances/public-native-comparator-suite/public-native-compact-neural/seed-383001.fitted-instance.json,sha256:f83064fa9580fd8ac5103c8ddbb865b68d62adc0e106c226c8c555c16e4ef256,sha256:f83064fa9580fd8ac5103c8ddbb865b68d62adc0e106c226c8c555c16e4ef256,VERIFIED_TRACKED_INPUT,9,"{""access_conditions"":null,""copyright_holder"":""Powerlifting State Research contributors"",""license_expression"":""MIT"",""redistribution_status"":""GENERATED_PUBLIC_ARTIFACT: Content-hashed public-native comparator fitted state; no private checkpoint bytes.""}",Tracked source bytes match the SHA-256 declared by the frozen audit record.
RES281,models/fitted-instances/public-native-comparator-suite/public-native-compact-neural/seed-383002.fitted-instance.json,sha256:bf62012aaa82eb7a9bfd581969d97ecaa8072736ea39ac4fe230145561964442,sha256:bf62012aaa82eb7a9bfd581969d97ecaa8072736ea39ac4fe230145561964442,VERIFIED_TRACKED_INPUT,9,"{""access_conditions"":null,""copyright_holder"":""Powerlifting State Research contributors"",""license_expression"":""MIT"",""redistribution_status"":""GENERATED_PUBLIC_ARTIFACT: Content-hashed public-native comparator fitted state; no private checkpoint bytes.""}",Tracked source bytes match the SHA-256 declared by the frozen audit record.
RES281,models/fitted-instances/public-native-comparator-suite/public-native-compact-neural/seed-383003.fitted-instance.json,sha256:b84e4b2d1d64c8701968f0db1a2f1a45cabe960619aa641c7811367633dd4401,sha256:b84e4b2d1d64c8701968f0db1a2f1a45cabe960619aa641c7811367633dd4401,VERIFIED_TRACKED_INPUT,9,"{""access_conditions"":null,""copyright_holder"":""Powerlifting State Research contributors"",""license_expression"":""MIT"",""redistribution_status"":""GENERATED_PUBLIC_ARTIFACT: Content-hashed public-native comparator fitted state; no private checkpoint bytes.""}",Tracked source bytes match the SHA-256 declared by the frozen audit record.
RES281,models/fitted-instances/public-native-comparator-suite/public-native-context-mean/seed-383001.fitted-instance.json,sha256:61b8453c508e93a84fa9ee4f188b475d853ce6fd19627e8c826706fb9f38ec63,sha256:61b8453c508e93a84fa9ee4f188b475d853ce6fd19627e8c826706fb9f38ec63,VERIFIED_TRACKED_INPUT,9,"{""access_conditions"":null,""copyright_holder"":""Powerlifting State Research contributors"",""license_expression"":""MIT"",""redistribution_status"":""GENERATED_PUBLIC_ARTIFACT: Content-hashed public-native comparator fitted state; no private checkpoint bytes.""}",Tracked source bytes match the SHA-256 declared by the frozen audit record.
RES281,models/fitted-instances/public-native-comparator-suite/public-native-context-mean/seed-383002.fitted-instance.json,sha256:a1fb9089447382135cf7365a44eaa554d291aac43059de7f45420d0941d58dba,sha256:a1fb9089447382135cf7365a44eaa554d291aac43059de7f45420d0941d58dba,VERIFIED_TRACKED_INPUT,9,"{""access_conditions"":null,""copyright_holder"":""Powerlifting State Research contributors"",""license_expression"":""MIT"",""redistribution_status"":""GENERATED_PUBLIC_ARTIFACT: Content-hashed public-native comparator fitted state; no private checkpoint bytes.""}",Tracked source bytes match the SHA-256 declared by the frozen audit record.
RES281,models/fitted-instances/public-native-comparator-suite/public-native-context-mean/seed-383003.fitted-instance.json,sha256:5845dd0a73a43880664bc253bf1406bcb5cb3ec84a93cc66e33b9b36295187c1,sha256:5845dd0a73a43880664bc253bf1406bcb5cb3ec84a93cc66e33b9b36295187c1,VERIFIED_TRACKED_INPUT,9,"{""access_conditions"":null,""copyright_holder"":""Powerlifting State Research contributors"",""license_expression"":""MIT"",""redistribution_status"":""GENERATED_PUBLIC_ARTIFACT: Content-hashed public-native comparator fitted state; no private checkpoint bytes.""}",Tracked source bytes match the SHA-256 declared by the frozen audit record.
RES281,models/fitted-instances/public-native-comparator-suite/public-native-histogram-boosted-stumps/seed-383001.fitted-instance.json,sha256:2ac65f5ac5bf01af1f9ed9979f544efc8a4a2f15ea0dfc5f6832e327cdf2a377,sha256:2ac65f5ac5bf01af1f9ed9979f544efc8a4a2f15ea0dfc5f6832e327cdf2a377,VERIFIED_TRACKED_INPUT,9,"{""access_conditions"":null,""copyright_holder"":""Powerlifting State Research contributors"",""license_expression"":""MIT"",""redistribution_status"":""GENERATED_PUBLIC_ARTIFACT: Content-hashed public-native comparator fitted state; no private checkpoint bytes.""}",Tracked source bytes match the SHA-256 declared by the frozen audit record.
RES281,models/fitted-instances/public-native-comparator-suite/public-native-histogram-boosted-stumps/seed-383002.fitted-instance.json,sha256:b2891fa36ca460f15994084b86fac59101ff83ae572b73d0e2093d6eb9ddeb75,sha256:b2891fa36ca460f15994084b86fac59101ff83ae572b73d0e2093d6eb9ddeb75,VERIFIED_TRACKED_INPUT,9,"{""access_conditions"":null,""copyright_holder"":""Powerlifting State Research contributors"",""license_expression"":""MIT"",""redistribution_status"":""GENERATED_PUBLIC_ARTIFACT: Content-hashed public-native comparator fitted state; no private checkpoint bytes.""}",Tracked source bytes match the SHA-256 declared by the frozen audit record.
RES281,models/fitted-instances/public-native-comparator-suite/public-native-histogram-boosted-stumps/seed-383003.fitted-instance.json,sha256:ebc78ff2a18236d8e38e9a84684699d02c9f7651b15bc40756968f786d49c1f6,sha256:ebc78ff2a18236d8e38e9a84684699d02c9f7651b15bc40756968f786d49c1f6,VERIFIED_TRACKED_INPUT,9,"{""access_conditions"":null,""copyright_holder"":""Powerlifting State Research contributors"",""license_expression"":""MIT"",""redistribution_status"":""GENERATED_PUBLIC_ARTIFACT: Content-hashed public-native comparator fitted state; no private checkpoint bytes.""}",Tracked source bytes match the SHA-256 declared by the frozen audit record.
RES281,models/fitted-instances/public-native-comparator-suite/public-native-mechanistic-midpoint/seed-383001.fitted-instance.json,sha256:b0dd9239f24b02cc8e3a93d591f0ce1edc70e391beec1c1b9964023254ac8390,sha256:b0dd9239f24b02cc8e3a93d591f0ce1edc70e391beec1c1b9964023254ac8390,VERIFIED_TRACKED_INPUT,9,"{""access_conditions"":null,""copyright_holder"":""Powerlifting State Research contributors"",""license_expression"":""MIT"",""redistribution_status"":""GENERATED_PUBLIC_ARTIFACT: Content-hashed public-native comparator fitted state; no private checkpoint bytes.""}",Tracked source bytes match the SHA-256 declared by the frozen audit record.
RES281,models/fitted-instances/public-native-comparator-suite/public-native-mechanistic-midpoint/seed-383002.fitted-instance.json,sha256:27297eaa4df87e889b6514bc5b6abc0b6d65d1b7dbcc2d606034a86e9a7ecfb3,sha256:27297eaa4df87e889b6514bc5b6abc0b6d65d1b7dbcc2d606034a86e9a7ecfb3,VERIFIED_TRACKED_INPUT,9,"{""access_conditions"":null,""copyright_holder"":""Powerlifting State Research contributors"",""license_expression"":""MIT"",""redistribution_status"":""GENERATED_PUBLIC_ARTIFACT: Content-hashed public-native comparator fitted state; no private checkpoint bytes.""}",Tracked source bytes match the SHA-256 declared by the frozen audit record.
RES281,models/fitted-instances/public-native-comparator-suite/public-native-mechanistic-midpoint/seed-383003.fitted-instance.json,sha256:6b7ec1326780ab1f688b570fc7cb5e5357be50cb582ef46954fc401647abc5ac,sha256:6b7ec1326780ab1f688b570fc7cb5e5357be50cb582ef46954fc401647abc5ac,VERIFIED_TRACKED_INPUT,9,"{""access_conditions"":null,""copyright_holder"":""Powerlifting State Research contributors"",""license_expression"":""MIT"",""redistribution_status"":""GENERATED_PUBLIC_ARTIFACT: Content-hashed public-native comparator fitted state; no private checkpoint bytes.""}",Tracked source bytes match the SHA-256 declared by the frozen audit record.
RES281,models/fitted-instances/public-native-comparator-suite/public-native-mechanistic-ridge-residual/seed-383001.fitted-instance.json,sha256:db416b1d9d643f91ed2da0223730c63922e90aaf52dc26cee1cfaa579de93e7b,sha256:db416b1d9d643f91ed2da0223730c63922e90aaf52dc26cee1cfaa579de93e7b,VERIFIED_TRACKED_INPUT,9,"{""access_conditions"":null,""copyright_holder"":""Powerlifting State Research contributors"",""license_expression"":""MIT"",""redistribution_status"":""GENERATED_PUBLIC_ARTIFACT: Content-hashed public-native comparator fitted state; no private checkpoint bytes.""}",Tracked source bytes match the SHA-256 declared by the frozen audit record.
RES281,models/fitted-instances/public-native-comparator-suite/public-native-mechanistic-ridge-residual/seed-383002.fitted-instance.json,sha256:6bb30296ce93dd2f47fd7199a730ba5782e2e70b51d8b3fde5aecd3572364185,sha256:6bb30296ce93dd2f47fd7199a730ba5782e2e70b51d8b3fde5aecd3572364185,VERIFIED_TRACKED_INPUT,9,"{""access_conditions"":null,""copyright_holder"":""Powerlifting State Research contributors"",""license_expression"":""MIT"",""redistribution_status"":""GENERATED_PUBLIC_ARTIFACT: Content-hashed public-native comparator fitted state; no private checkpoint bytes.""}",Tracked source bytes match the SHA-256 declared by the frozen audit record.
RES281,models/fitted-instances/public-native-comparator-suite/public-native-mechanistic-ridge-residual/seed-383003.fitted-instance.json,sha256:8d92b5a0bcc75f5476fe9bd51ebb8a6d789ddb403bb6bf0f7eb9b41cc4ffadb8,sha256:8d92b5a0bcc75f5476fe9bd51ebb8a6d789ddb403bb6bf0f7eb9b41cc4ffadb8,VERIFIED_TRACKED_INPUT,9,"{""access_conditions"":null,""copyright_holder"":""Powerlifting State Research contributors"",""license_expression"":""MIT"",""redistribution_status"":""GENERATED_PUBLIC_ARTIFACT: Content-hashed public-native comparator fitted state; no private checkpoint bytes.""}",Tracked source bytes match the SHA-256 declared by the frozen audit record.
RES281,models/fitted-instances/public-native-comparator-suite/public-native-ridge/seed-383001.fitted-instance.json,sha256:e0e37f64f07399b58fca76c0aa7359b6f23f7c8dd3583af4d44448fcbcb2bc48,sha256:e0e37f64f07399b58fca76c0aa7359b6f23f7c8dd3583af4d44448fcbcb2bc48,VERIFIED_TRACKED_INPUT,9,"{""access_conditions"":null,""copyright_holder"":""Powerlifting State Research contributors"",""license_expression"":""MIT"",""redistribution_status"":""GENERATED_PUBLIC_ARTIFACT: Content-hashed public-native comparator fitted state; no private checkpoint bytes.""}",Tracked source bytes match the SHA-256 declared by the frozen audit record.
RES281,models/fitted-instances/public-native-comparator-suite/public-native-ridge/seed-383002.fitted-instance.json,sha256:e16220f0db2288cf344d82a061a006ffac08ac32a370f298dde02aabe197a755,sha256:e16220f0db2288cf344d82a061a006ffac08ac32a370f298dde02aabe197a755,VERIFIED_TRACKED_INPUT,9,"{""access_conditions"":null,""copyright_holder"":""Powerlifting State Research contributors"",""license_expression"":""MIT"",""redistribution_status"":""GENERATED_PUBLIC_ARTIFACT: Content-hashed public-native comparator fitted state; no private checkpoint bytes.""}",Tracked source bytes match the SHA-256 declared by the frozen audit record.
RES281,models/fitted-instances/public-native-comparator-suite/public-native-ridge/seed-383003.fitted-instance.json,sha256:86f71ea0d7c73098dd543a3b5674f6e7f3effcbecd2b93bb9e9c081e0f2bb6ae,sha256:86f71ea0d7c73098dd543a3b5674f6e7f3effcbecd2b93bb9e9c081e0f2bb6ae,VERIFIED_TRACKED_INPUT,9,"{""access_conditions"":null,""copyright_holder"":""Powerlifting State Research contributors"",""license_expression"":""MIT"",""redistribution_status"":""GENERATED_PUBLIC_ARTIFACT: Content-hashed public-native comparator fitted state; no private checkpoint bytes.""}",Tracked source bytes match the SHA-256 declared by the frozen audit record.
RES281,results/benchmarks/iid_latent_capacity_change_with_transient_expression_forecasting/public-native-comparator-suite/internal-selection-split.json,sha256:62f68cdb65a342af9dba9c821f3e225d2cd7afe732dd819ad61c86e93e2b0d9c,sha256:62f68cdb65a342af9dba9c821f3e225d2cd7afe732dd819ad61c86e93e2b0d9c,VERIFIED_TRACKED_INPUT,9,"{""access_conditions"":null,""copyright_holder"":""Powerlifting State Research contributors"",""license_expression"":""MIT"",""redistribution_status"":""GENERATED_PUBLIC_ARTIFACT: Hash-identified RES-274-compatible entity-disjoint fit/selection split derived from TRAIN.""}",Tracked source bytes match the SHA-256 declared by the frozen audit record.
RES281,results/benchmarks/iid_latent_capacity_change_with_transient_expression_forecasting/public-native-comparator-suite/public-native-compact-neural/seed-383001.evaluation-result.json,sha256:b084132f54c6e52898900804ed7e49dbf4ad8217ba6736e77909c8a8611f2e99,sha256:b084132f54c6e52898900804ed7e49dbf4ad8217ba6736e77909c8a8611f2e99,VERIFIED_TRACKED_INPUT,9,"{""access_conditions"":null,""copyright_holder"":""Powerlifting State Research contributors"",""license_expression"":""MIT"",""redistribution_status"":""GENERATED_PUBLIC_ARTIFACT: RES-271 canonical target-wise EvaluationResult for a fitted public-native comparator.""}",Tracked source bytes match the SHA-256 declared by the frozen audit record.
RES281,results/benchmarks/iid_latent_capacity_change_with_transient_expression_forecasting/public-native-comparator-suite/public-native-compact-neural/seed-383001.predictions.jsonl,sha256:7ca5b58f251f0d176353b0b8dc25d763b6ed8787ee6a22cd0012dd0b5568af56,sha256:7ca5b58f251f0d176353b0b8dc25d763b6ed8787ee6a22cd0012dd0b5568af56,VERIFIED_TRACKED_INPUT,9,"{""access_conditions"":null,""copyright_holder"":""Powerlifting State Research contributors"",""license_expression"":""MIT"",""redistribution_status"":""GENERATED_PUBLIC_ARTIFACT: RES-271 canonical prediction artifact from the frozen public-native comparator protocol.""}",Tracked source bytes match the SHA-256 declared by the frozen audit record.
RES281,results/benchmarks/iid_latent_capacity_change_with_transient_expression_forecasting/public-native-comparator-suite/public-native-compact-neural/seed-383002.evaluation-result.json,sha256:1cf1d50f525c065f968a0b6c562587d83a5af18b9bb751ac70fdae03385f41f3,sha256:1cf1d50f525c065f968a0b6c562587d83a5af18b9bb751ac70fdae03385f41f3,VERIFIED_TRACKED_INPUT,9,"{""access_conditions"":null,""copyright_holder"":""Powerlifting State Research contributors"",""license_expression"":""MIT"",""redistribution_status"":""GENERATED_PUBLIC_ARTIFACT: RES-271 canonical target-wise EvaluationResult for a fitted public-native comparator.""}",Tracked source bytes match the SHA-256 declared by the frozen audit record.
RES281,results/benchmarks/iid_latent_capacity_change_with_transient_expression_forecasting/public-native-comparator-suite/public-native-compact-neural/seed-383002.predictions.jsonl,sha256:d7e37679920fbe96c7412c2080a5cc24296d3ca01ac28e592ff1ee716cda176e,sha256:d7e37679920fbe96c7412c2080a5cc24296d3ca01ac28e592ff1ee716cda176e,VERIFIED_TRACKED_INPUT,9,"{""access_conditions"":null,""copyright_holder"":""Powerlifting State Research contributors"",""license_expression"":""MIT"",""redistribution_status"":""GENERATED_PUBLIC_ARTIFACT: RES-271 canonical prediction artifact from the frozen public-native comparator protocol.""}",Tracked source bytes match the SHA-256 declared by the frozen audit record.
RES281,results/benchmarks/iid_latent_capacity_change_with_transient_expression_forecasting/public-native-comparator-suite/public-native-compact-neural/seed-383003.evaluation-result.json,sha256:9d90fdb3ead91e2fe128d5a03e996612b7200f2cf102563e9398c222920097e6,sha256:9d90fdb3ead91e2fe128d5a03e996612b7200f2cf102563e9398c222920097e6,VERIFIED_TRACKED_INPUT,9,"{""access_conditions"":null,""copyright_holder"":""Powerlifting State Research contributors"",""license_expression"":""MIT"",""redistribution_status"":""GENERATED_PUBLIC_ARTIFACT: RES-271 canonical target-wise EvaluationResult for a fitted public-native comparator.""}",Tracked source bytes match the SHA-256 declared by the frozen audit record.
RES281,results/benchmarks/iid_latent_capacity_change_with_transient_expression_forecasting/public-native-comparator-suite/public-native-compact-neural/seed-383003.predictions.jsonl,sha256:515da002595a3a13bd179bf31c7f8db833a5bae00b2c32f35c3002b80623fae0,sha256:515da002595a3a13bd179bf31c7f8db833a5bae00b2c32f35c3002b80623fae0,VERIFIED_TRACKED_INPUT,9,"{""access_conditions"":null,""copyright_holder"":""Powerlifting State Research contributors"",""license_expression"":""MIT"",""redistribution_status"":""GENERATED_PUBLIC_ARTIFACT: RES-271 canonical prediction artifact from the frozen public-native comparator protocol.""}",Tracked source bytes match the SHA-256 declared by the frozen audit record.
RES281,results/benchmarks/iid_latent_capacity_change_with_transient_expression_forecasting/public-native-comparator-suite/public-native-context-mean/seed-383001.evaluation-result.json,sha256:1e2f54d5f9418f77dfe4e974c8e9be48f6a4f50dce6a07cb6e1cde4145e6da4e,sha256:1e2f54d5f9418f77dfe4e974c8e9be48f6a4f50dce6a07cb6e1cde4145e6da4e,VERIFIED_TRACKED_INPUT,9,"{""access_conditions"":null,""copyright_holder"":""Powerlifting State Research contributors"",""license_expression"":""MIT"",""redistribution_status"":""GENERATED_PUBLIC_ARTIFACT: RES-271 canonical target-wise EvaluationResult for a fitted public-native comparator.""}",Tracked source bytes match the SHA-256 declared by the frozen audit record.
RES281,results/benchmarks/iid_latent_capacity_change_with_transient_expression_forecasting/public-native-comparator-suite/public-native-context-mean/seed-383001.predictions.jsonl,sha256:aab4aaf852f446528bd7c760f8921a1897c72d11ea5f35ebba9b207bd573dbc4,sha256:aab4aaf852f446528bd7c760f8921a1897c72d11ea5f35ebba9b207bd573dbc4,VERIFIED_TRACKED_INPUT,9,"{""access_conditions"":null,""copyright_holder"":""Powerlifting State Research contributors"",""license_expression"":""MIT"",""redistribution_status"":""GENERATED_PUBLIC_ARTIFACT: RES-271 canonical prediction artifact from the frozen public-native comparator protocol.""}",Tracked source bytes match the SHA-256 declared by the frozen audit record.
RES281,results/benchmarks/iid_latent_capacity_change_with_transient_expression_forecasting/public-native-comparator-suite/public-native-context-mean/seed-383002.evaluation-result.json,sha256:7afac489e185773a4c7c0b8f8e5795af2317a8b5dfe1a955c3af761a74acedee,sha256:7afac489e185773a4c7c0b8f8e5795af2317a8b5dfe1a955c3af761a74acedee,VERIFIED_TRACKED_INPUT,9,"{""access_conditions"":null,""copyright_holder"":""Powerlifting State Research contributors"",""license_expression"":""MIT"",""redistribution_status"":""GENERATED_PUBLIC_ARTIFACT: RES-271 canonical target-wise EvaluationResult for a fitted public-native comparator.""}",Tracked source bytes match the SHA-256 declared by the frozen audit record.
RES281,results/benchmarks/iid_latent_capacity_change_with_transient_expression_forecasting/public-native-comparator-suite/public-native-context-mean/seed-383002.predictions.jsonl,sha256:aab4aaf852f446528bd7c760f8921a1897c72d11ea5f35ebba9b207bd573dbc4,sha256:aab4aaf852f446528bd7c760f8921a1897c72d11ea5f35ebba9b207bd573dbc4,VERIFIED_TRACKED_INPUT,9,"{""access_conditions"":null,""copyright_holder"":""Powerlifting State Research contributors"",""license_expression"":""MIT"",""redistribution_status"":""GENERATED_PUBLIC_ARTIFACT: RES-271 canonical prediction artifact from the frozen public-native comparator protocol.""}",Tracked source bytes match the SHA-256 declared by the frozen audit record.
RES281,results/benchmarks/iid_latent_capacity_change_with_transient_expression_forecasting/public-native-comparator-suite/public-native-context-mean/seed-383003.evaluation-result.json,sha256:9fa9f122333fb635f3f508cd156244c4f813681ff16d1824a464c2fc718bcaaf,sha256:9fa9f122333fb635f3f508cd156244c4f813681ff16d1824a464c2fc718bcaaf,VERIFIED_TRACKED_INPUT,9,"{""access_conditions"":null,""copyright_holder"":""Powerlifting State Research contributors"",""license_expression"":""MIT"",""redistribution_status"":""GENERATED_PUBLIC_ARTIFACT: RES-271 canonical target-wise EvaluationResult for a fitted public-native comparator.""}",Tracked source bytes match the SHA-256 declared by the frozen audit record.
RES281,results/benchmarks/iid_latent_capacity_change_with_transient_expression_forecasting/public-native-comparator-suite/public-native-context-mean/seed-383003.predictions.jsonl,sha256:aab4aaf852f446528bd7c760f8921a1897c72d11ea5f35ebba9b207bd573dbc4,sha256:aab4aaf852f446528bd7c760f8921a1897c72d11ea5f35ebba9b207bd573dbc4,VERIFIED_TRACKED_INPUT,9,"{""access_conditions"":null,""copyright_holder"":""Powerlifting State Research contributors"",""license_expression"":""MIT"",""redistribution_status"":""GENERATED_PUBLIC_ARTIFACT: RES-271 canonical prediction artifact from the frozen public-native comparator protocol.""}",Tracked source bytes match the SHA-256 declared by the frozen audit record.
RES281,results/benchmarks/iid_latent_capacity_change_with_transient_expression_forecasting/public-native-comparator-suite/public-native-histogram-boosted-stumps/seed-383001.evaluation-result.json,sha256:814be273d6992052a86f2ee155b7b0caaa9db8ad6493afdb89ab4c66fc4a27a6,sha256:814be273d6992052a86f2ee155b7b0caaa9db8ad6493afdb89ab4c66fc4a27a6,VERIFIED_TRACKED_INPUT,9,"{""access_conditions"":null,""copyright_holder"":""Powerlifting State Research contributors"",""license_expression"":""MIT"",""redistribution_status"":""GENERATED_PUBLIC_ARTIFACT: RES-271 canonical target-wise EvaluationResult for a fitted public-native comparator.""}",Tracked source bytes match the SHA-256 declared by the frozen audit record.
RES281,results/benchmarks/iid_latent_capacity_change_with_transient_expression_forecasting/public-native-comparator-suite/public-native-histogram-boosted-stumps/seed-383001.predictions.jsonl,sha256:9828ff75ec9e4ae18488abd3c828dcef57afda07c504cb88896088df6c9323b5,sha256:9828ff75ec9e4ae18488abd3c828dcef57afda07c504cb88896088df6c9323b5,VERIFIED_TRACKED_INPUT,9,"{""access_conditions"":null,""copyright_holder"":""Powerlifting State Research contributors"",""license_expression"":""MIT"",""redistribution_status"":""GENERATED_PUBLIC_ARTIFACT: RES-271 canonical prediction artifact from the frozen public-native comparator protocol.""}",Tracked source bytes match the SHA-256 declared by the frozen audit record.
RES281,results/benchmarks/iid_latent_capacity_change_with_transient_expression_forecasting/public-native-comparator-suite/public-native-histogram-boosted-stumps/seed-383002.evaluation-result.json,sha256:6f6fe7d52574927aec780e89187a1e135aa1cce765284954302d65ddbef1f20d,sha256:6f6fe7d52574927aec780e89187a1e135aa1cce765284954302d65ddbef1f20d,VERIFIED_TRACKED_INPUT,9,"{""access_conditions"":null,""copyright_holder"":""Powerlifting State Research contributors"",""license_expression"":""MIT"",""redistribution_status"":""GENERATED_PUBLIC_ARTIFACT: RES-271 canonical target-wise EvaluationResult for a fitted public-native comparator.""}",Tracked source bytes match the SHA-256 declared by the frozen audit record.
RES281,results/benchmarks/iid_latent_capacity_change_with_transient_expression_forecasting/public-native-comparator-suite/public-native-histogram-boosted-stumps/seed-383002.predictions.jsonl,sha256:9828ff75ec9e4ae18488abd3c828dcef57afda07c504cb88896088df6c9323b5,sha256:9828ff75ec9e4ae18488abd3c828dcef57afda07c504cb88896088df6c9323b5,VERIFIED_TRACKED_INPUT,9,"{""access_conditions"":null,""copyright_holder"":""Powerlifting State Research contributors"",""license_expression"":""MIT"",""redistribution_status"":""GENERATED_PUBLIC_ARTIFACT: RES-271 canonical prediction artifact from the frozen public-native comparator protocol.""}",Tracked source bytes match the SHA-256 declared by the frozen audit record.
RES281,results/benchmarks/iid_latent_capacity_change_with_transient_expression_forecasting/public-native-comparator-suite/public-native-histogram-boosted-stumps/seed-383003.evaluation-result.json,sha256:2c84d96ef9525e1dd290a7e2a1a7f08b7a99766c8793d1f661074550b34c0d66,sha256:2c84d96ef9525e1dd290a7e2a1a7f08b7a99766c8793d1f661074550b34c0d66,VERIFIED_TRACKED_INPUT,9,"{""access_conditions"":null,""copyright_holder"":""Powerlifting State Research contributors"",""license_expression"":""MIT"",""redistribution_status"":""GENERATED_PUBLIC_ARTIFACT: RES-271 canonical target-wise EvaluationResult for a fitted public-native comparator.""}",Tracked source bytes match the SHA-256 declared by the frozen audit record.
RES281,results/benchmarks/iid_latent_capacity_change_with_transient_expression_forecasting/public-native-comparator-suite/public-native-histogram-boosted-stumps/seed-383003.predictions.jsonl,sha256:9828ff75ec9e4ae18488abd3c828dcef57afda07c504cb88896088df6c9323b5,sha256:9828ff75ec9e4ae18488abd3c828dcef57afda07c504cb88896088df6c9323b5,VERIFIED_TRACKED_INPUT,9,"{""access_conditions"":null,""copyright_holder"":""Powerlifting State Research contributors"",""license_expression"":""MIT"",""redistribution_status"":""GENERATED_PUBLIC_ARTIFACT: RES-271 canonical prediction artifact from the frozen public-native comparator protocol.""}",Tracked source bytes match the SHA-256 declared by the frozen audit record.
RES281,results/benchmarks/iid_latent_capacity_change_with_transient_expression_forecasting/public-native-comparator-suite/public-native-mechanistic-midpoint/seed-383001.evaluation-result.json,sha256:5087070f4eee5b6c808ad99d16f05aedc81e28e5835cb2f4ff9c87dd33340f41,sha256:5087070f4eee5b6c808ad99d16f05aedc81e28e5835cb2f4ff9c87dd33340f41,VERIFIED_TRACKED_INPUT,9,"{""access_conditions"":null,""copyright_holder"":""Powerlifting State Research contributors"",""license_expression"":""MIT"",""redistribution_status"":""GENERATED_PUBLIC_ARTIFACT: RES-271 canonical target-wise EvaluationResult for a fitted public-native comparator.""}",Tracked source bytes match the SHA-256 declared by the frozen audit record.
RES281,results/benchmarks/iid_latent_capacity_change_with_transient_expression_forecasting/public-native-comparator-suite/public-native-mechanistic-midpoint/seed-383001.predictions.jsonl,sha256:bad41b609c8f7dccd235898c07c239a3b30e2ae279373284a762fd68a4017ab9,sha256:bad41b609c8f7dccd235898c07c239a3b30e2ae279373284a762fd68a4017ab9,VERIFIED_TRACKED_INPUT,9,"{""access_conditions"":null,""copyright_holder"":""Powerlifting State Research contributors"",""license_expression"":""MIT"",""redistribution_status"":""GENERATED_PUBLIC_ARTIFACT: RES-271 canonical prediction artifact from the frozen public-native comparator protocol.""}",Tracked source bytes match the SHA-256 declared by the frozen audit record.
RES281,results/benchmarks/iid_latent_capacity_change_with_transient_expression_forecasting/public-native-comparator-suite/public-native-mechanistic-midpoint/seed-383002.evaluation-result.json,sha256:3941daeb60a61fbf055b6607aa58e211baa1c2325de81c9294717e0b8226cbaa,sha256:3941daeb60a61fbf055b6607aa58e211baa1c2325de81c9294717e0b8226cbaa,VERIFIED_TRACKED_INPUT,9,"{""access_conditions"":null,""copyright_holder"":""Powerlifting State Research contributors"",""license_expression"":""MIT"",""redistribution_status"":""GENERATED_PUBLIC_ARTIFACT: RES-271 canonical target-wise EvaluationResult for a fitted public-native comparator.""}",Tracked source bytes match the SHA-256 declared by the frozen audit record.
RES281,results/benchmarks/iid_latent_capacity_change_with_transient_expression_forecasting/public-native-comparator-suite/public-native-mechanistic-midpoint/seed-383002.predictions.jsonl,sha256:bad41b609c8f7dccd235898c07c239a3b30e2ae279373284a762fd68a4017ab9,sha256:bad41b609c8f7dccd235898c07c239a3b30e2ae279373284a762fd68a4017ab9,VERIFIED_TRACKED_INPUT,9,"{""access_conditions"":null,""copyright_holder"":""Powerlifting State Research contributors"",""license_expression"":""MIT"",""redistribution_status"":""GENERATED_PUBLIC_ARTIFACT: RES-271 canonical prediction artifact from the frozen public-native comparator protocol.""}",Tracked source bytes match the SHA-256 declared by the frozen audit record.
RES281,results/benchmarks/iid_latent_capacity_change_with_transient_expression_forecasting/public-native-comparator-suite/public-native-mechanistic-midpoint/seed-383003.evaluation-result.json,sha256:86b994541527893a41620b738bfd28a54c8b947ac59c5f7c840f31efbf5885f7,sha256:86b994541527893a41620b738bfd28a54c8b947ac59c5f7c840f31efbf5885f7,VERIFIED_TRACKED_INPUT,9,"{""access_conditions"":null,""copyright_holder"":""Powerlifting State Research contributors"",""license_expression"":""MIT"",""redistribution_status"":""GENERATED_PUBLIC_ARTIFACT: RES-271 canonical target-wise EvaluationResult for a fitted public-native comparator.""}",Tracked source bytes match the SHA-256 declared by the frozen audit record.
RES281,results/benchmarks/iid_latent_capacity_change_with_transient_expression_forecasting/public-native-comparator-suite/public-native-mechanistic-midpoint/seed-383003.predictions.jsonl,sha256:bad41b609c8f7dccd235898c07c239a3b30e2ae279373284a762fd68a4017ab9,sha256:bad41b609c8f7dccd235898c07c239a3b30e2ae279373284a762fd68a4017ab9,VERIFIED_TRACKED_INPUT,9,"{""access_conditions"":null,""copyright_holder"":""Powerlifting State Research contributors"",""license_expression"":""MIT"",""redistribution_status"":""GENERATED_PUBLIC_ARTIFACT: RES-271 canonical prediction artifact from the frozen public-native comparator protocol.""}",Tracked source bytes match the SHA-256 declared by the frozen audit record.
RES281,results/benchmarks/iid_latent_capacity_change_with_transient_expression_forecasting/public-native-comparator-suite/public-native-mechanistic-ridge-residual/seed-383001.evaluation-result.json,sha256:287cd8f00a64a102913ba76baa2f60e15ad13b124c0518a6458ca0194416fbc8,sha256:287cd8f00a64a102913ba76baa2f60e15ad13b124c0518a6458ca0194416fbc8,VERIFIED_TRACKED_INPUT,9,"{""access_conditions"":null,""copyright_holder"":""Powerlifting State Research contributors"",""license_expression"":""MIT"",""redistribution_status"":""GENERATED_PUBLIC_ARTIFACT: RES-271 canonical target-wise EvaluationResult for a fitted public-native comparator.""}",Tracked source bytes match the SHA-256 declared by the frozen audit record.
RES281,results/benchmarks/iid_latent_capacity_change_with_transient_expression_forecasting/public-native-comparator-suite/public-native-mechanistic-ridge-residual/seed-383001.predictions.jsonl,sha256:b889191ea30b5a9aee89913650699e48e11e580ab85997cc6b3484e6e755404c,sha256:b889191ea30b5a9aee89913650699e48e11e580ab85997cc6b3484e6e755404c,VERIFIED_TRACKED_INPUT,9,"{""access_conditions"":null,""copyright_holder"":""Powerlifting State Research contributors"",""license_expression"":""MIT"",""redistribution_status"":""GENERATED_PUBLIC_ARTIFACT: RES-271 canonical prediction artifact from the frozen public-native comparator protocol.""}",Tracked source bytes match the SHA-256 declared by the frozen audit record.
RES281,results/benchmarks/iid_latent_capacity_change_with_transient_expression_forecasting/public-native-comparator-suite/public-native-mechanistic-ridge-residual/seed-383002.evaluation-result.json,sha256:9a97afa01d1fbd5d19f12dd488097d45cc2b7f234c4b3b67dd93a4ee44379347,sha256:9a97afa01d1fbd5d19f12dd488097d45cc2b7f234c4b3b67dd93a4ee44379347,VERIFIED_TRACKED_INPUT,9,"{""access_conditions"":null,""copyright_holder"":""Powerlifting State Research contributors"",""license_expression"":""MIT"",""redistribution_status"":""GENERATED_PUBLIC_ARTIFACT: RES-271 canonical target-wise EvaluationResult for a fitted public-native comparator.""}",Tracked source bytes match the SHA-256 declared by the frozen audit record.
RES281,results/benchmarks/iid_latent_capacity_change_with_transient_expression_forecasting/public-native-comparator-suite/public-native-mechanistic-ridge-residual/seed-383002.predictions.jsonl,sha256:b889191ea30b5a9aee89913650699e48e11e580ab85997cc6b3484e6e755404c,sha256:b889191ea30b5a9aee89913650699e48e11e580ab85997cc6b3484e6e755404c,VERIFIED_TRACKED_INPUT,9,"{""access_conditions"":null,""copyright_holder"":""Powerlifting State Research contributors"",""license_expression"":""MIT"",""redistribution_status"":""GENERATED_PUBLIC_ARTIFACT: RES-271 canonical prediction artifact from the frozen public-native comparator protocol.""}",Tracked source bytes match the SHA-256 declared by the frozen audit record.
RES281,results/benchmarks/iid_latent_capacity_change_with_transient_expression_forecasting/public-native-comparator-suite/public-native-mechanistic-ridge-residual/seed-383003.evaluation-result.json,sha256:ce707447ca6ffad9c85edebaec5850a19355676e50cd04f5bc2aec7970249462,sha256:ce707447ca6ffad9c85edebaec5850a19355676e50cd04f5bc2aec7970249462,VERIFIED_TRACKED_INPUT,9,"{""access_conditions"":null,""copyright_holder"":""Powerlifting State Research contributors"",""license_expression"":""MIT"",""redistribution_status"":""GENERATED_PUBLIC_ARTIFACT: RES-271 canonical target-wise EvaluationResult for a fitted public-native comparator.""}",Tracked source bytes match the SHA-256 declared by the frozen audit record.
RES281,results/benchmarks/iid_latent_capacity_change_with_transient_expression_forecasting/public-native-comparator-suite/public-native-mechanistic-ridge-residual/seed-383003.predictions.jsonl,sha256:b889191ea30b5a9aee89913650699e48e11e580ab85997cc6b3484e6e755404c,sha256:b889191ea30b5a9aee89913650699e48e11e580ab85997cc6b3484e6e755404c,VERIFIED_TRACKED_INPUT,9,"{""access_conditions"":null,""copyright_holder"":""Powerlifting State Research contributors"",""license_expression"":""MIT"",""redistribution_status"":""GENERATED_PUBLIC_ARTIFACT: RES-271 canonical prediction artifact from the frozen public-native comparator protocol.""}",Tracked source bytes match the SHA-256 declared by the frozen audit record.
RES281,results/benchmarks/iid_latent_capacity_change_with_transient_expression_forecasting/public-native-comparator-suite/public-native-ridge/seed-383001.evaluation-result.json,sha256:2171a69215d1630726c72f850c81ae96a5f2e6450402afaddd14e5adc66b90ca,sha256:2171a69215d1630726c72f850c81ae96a5f2e6450402afaddd14e5adc66b90ca,VERIFIED_TRACKED_INPUT,9,"{""access_conditions"":null,""copyright_holder"":""Powerlifting State Research contributors"",""license_expression"":""MIT"",""redistribution_status"":""GENERATED_PUBLIC_ARTIFACT: RES-271 canonical target-wise EvaluationResult for a fitted public-native comparator.""}",Tracked source bytes match the SHA-256 declared by the frozen audit record.
RES281,results/benchmarks/iid_latent_capacity_change_with_transient_expression_forecasting/public-native-comparator-suite/public-native-ridge/seed-383001.predictions.jsonl,sha256:c243aaee0874303607b9ae5660fa3ccbf75ddf6a7a58721d962edf89c2dddcb3,sha256:c243aaee0874303607b9ae5660fa3ccbf75ddf6a7a58721d962edf89c2dddcb3,VERIFIED_TRACKED_INPUT,9,"{""access_conditions"":null,""copyright_holder"":""Powerlifting State Research contributors"",""license_expression"":""MIT"",""redistribution_status"":""GENERATED_PUBLIC_ARTIFACT: RES-271 canonical prediction artifact from the frozen public-native comparator protocol.""}",Tracked source bytes match the SHA-256 declared by the frozen audit record.
RES281,results/benchmarks/iid_latent_capacity_change_with_transient_expression_forecasting/public-native-comparator-suite/public-native-ridge/seed-383002.evaluation-result.json,sha256:8983357c9fa4d21f1e326571c4332e720176fa1b519770f718cd3ad5095a19da,sha256:8983357c9fa4d21f1e326571c4332e720176fa1b519770f718cd3ad5095a19da,VERIFIED_TRACKED_INPUT,9,"{""access_conditions"":null,""copyright_holder"":""Powerlifting State Research contributors"",""license_expression"":""MIT"",""redistribution_status"":""GENERATED_PUBLIC_ARTIFACT: RES-271 canonical target-wise EvaluationResult for a fitted public-native comparator.""}",Tracked source bytes match the SHA-256 declared by the frozen audit record.
RES281,results/benchmarks/iid_latent_capacity_change_with_transient_expression_forecasting/public-native-comparator-suite/public-native-ridge/seed-383002.predictions.jsonl,sha256:c243aaee0874303607b9ae5660fa3ccbf75ddf6a7a58721d962edf89c2dddcb3,sha256:c243aaee0874303607b9ae5660fa3ccbf75ddf6a7a58721d962edf89c2dddcb3,VERIFIED_TRACKED_INPUT,9,"{""access_conditions"":null,""copyright_holder"":""Powerlifting State Research contributors"",""license_expression"":""MIT"",""redistribution_status"":""GENERATED_PUBLIC_ARTIFACT: RES-271 canonical prediction artifact from the frozen public-native comparator protocol.""}",Tracked source bytes match the SHA-256 declared by the frozen audit record.
RES281,results/benchmarks/iid_latent_capacity_change_with_transient_expression_forecasting/public-native-comparator-suite/public-native-ridge/seed-383003.evaluation-result.json,sha256:a6a8925085c6690feef5f92a41a30bb61e271b96ab94073a620f36dd3085552d,sha256:a6a8925085c6690feef5f92a41a30bb61e271b96ab94073a620f36dd3085552d,VERIFIED_TRACKED_INPUT,9,"{""access_conditions"":null,""copyright_holder"":""Powerlifting State Research contributors"",""license_expression"":""MIT"",""redistribution_status"":""GENERATED_PUBLIC_ARTIFACT: RES-271 canonical target-wise EvaluationResult for a fitted public-native comparator.""}",Tracked source bytes match the SHA-256 declared by the frozen audit record.
RES281,results/benchmarks/iid_latent_capacity_change_with_transient_expression_forecasting/public-native-comparator-suite/public-native-ridge/seed-383003.predictions.jsonl,sha256:c243aaee0874303607b9ae5660fa3ccbf75ddf6a7a58721d962edf89c2dddcb3,sha256:c243aaee0874303607b9ae5660fa3ccbf75ddf6a7a58721d962edf89c2dddcb3,VERIFIED_TRACKED_INPUT,9,"{""access_conditions"":null,""copyright_holder"":""Powerlifting State Research contributors"",""license_expression"":""MIT"",""redistribution_status"":""GENERATED_PUBLIC_ARTIFACT: RES-271 canonical prediction artifact from the frozen public-native comparator protocol.""}",Tracked source bytes match the SHA-256 declared by the frozen audit record.
RES281,results/benchmarks/iid_latent_capacity_change_with_transient_expression_forecasting/public-native-comparator-suite/training-seal.json,sha256:e54baf2c122535e998f2c42934974fa62f381928a4461dfa9f34b1654abe0f03,sha256:e54baf2c122535e998f2c42934974fa62f381928a4461dfa9f34b1654abe0f03,VERIFIED_TRACKED_INPUT,9,"{""access_conditions"":null,""copyright_holder"":""Powerlifting State Research contributors"",""license_expression"":""MIT"",""redistribution_status"":""GENERATED_PUBLIC_ARTIFACT: Fit-state hashes and validation-isolation seal written before canonical validation access.""}",Tracked source bytes match the SHA-256 declared by the frozen audit record.
RES281,results/benchmarks/iid_latent_capacity_change_with_transient_expression_forecasting/public-native-temporal-expert/ensemble.evaluation-result.json,sha256:03609a9897981331f8862e4fcc07739c79a769f23177006926196fca2946e69d,sha256:03609a9897981331f8862e4fcc07739c79a769f23177006926196fca2946e69d,VERIFIED_TRACKED_INPUT,9,"{""access_conditions"":null,""copyright_holder"":""Powerlifting State Research contributors"",""license_expression"":""MIT"",""redistribution_status"":""GENERATED_PUBLIC_ARTIFACT: Byte-identical PUBLIC_NATIVE IID prediction or EvaluationResult from the verified run.""}",Tracked source bytes match the SHA-256 declared by the frozen audit record.
RES281,results/benchmarks/iid_latent_capacity_change_with_transient_expression_forecasting/public-native-temporal-expert/ensemble.predictions.jsonl,sha256:f6fb260feac851845f584bcd96a290ec046234f78a7596221aba5453aecc006d,sha256:f6fb260feac851845f584bcd96a290ec046234f78a7596221aba5453aecc006d,VERIFIED_TRACKED_INPUT,9,"{""access_conditions"":null,""copyright_holder"":""Powerlifting State Research contributors"",""license_expression"":""MIT"",""redistribution_status"":""GENERATED_PUBLIC_ARTIFACT: Byte-identical PUBLIC_NATIVE IID prediction or EvaluationResult from the verified run.""}",Tracked source bytes match the SHA-256 declared by the frozen audit record.
RES281,results/benchmarks/iid_latent_capacity_change_with_transient_expression_forecasting/public-native-temporal-expert/seed-383001.evaluation-result.json,sha256:50d9377522cc05795eccb9572fe58ed4363f60535789d13a78399830d6cb292d,sha256:50d9377522cc05795eccb9572fe58ed4363f60535789d13a78399830d6cb292d,VERIFIED_TRACKED_INPUT,9,"{""access_conditions"":null,""copyright_holder"":""Powerlifting State Research contributors"",""license_expression"":""MIT"",""redistribution_status"":""GENERATED_PUBLIC_ARTIFACT: Byte-identical PUBLIC_NATIVE IID prediction or EvaluationResult from the verified run.""}",Tracked source bytes match the SHA-256 declared by the frozen audit record.
RES281,results/benchmarks/iid_latent_capacity_change_with_transient_expression_forecasting/public-native-temporal-expert/seed-383001.predictions.jsonl,sha256:eb1bf322ba1783d0c70f59d13016421736fd6447c2f6827079f713d31332f50c,sha256:eb1bf322ba1783d0c70f59d13016421736fd6447c2f6827079f713d31332f50c,VERIFIED_TRACKED_INPUT,9,"{""access_conditions"":null,""copyright_holder"":""Powerlifting State Research contributors"",""license_expression"":""MIT"",""redistribution_status"":""GENERATED_PUBLIC_ARTIFACT: Byte-identical PUBLIC_NATIVE IID prediction or EvaluationResult from the verified run.""}",Tracked source bytes match the SHA-256 declared by the frozen audit record.
RES281,results/benchmarks/iid_latent_capacity_change_with_transient_expression_forecasting/public-native-temporal-expert/seed-383002.evaluation-result.json,sha256:ba2cdd57bfd521ce9cf3d845cd7b5a1a876bb10d84dc7dc6d24c435beffc4fe4,sha256:ba2cdd57bfd521ce9cf3d845cd7b5a1a876bb10d84dc7dc6d24c435beffc4fe4,VERIFIED_TRACKED_INPUT,9,"{""access_conditions"":null,""copyright_holder"":""Powerlifting State Research contributors"",""license_expression"":""MIT"",""redistribution_status"":""GENERATED_PUBLIC_ARTIFACT: Byte-identical PUBLIC_NATIVE IID prediction or EvaluationResult from the verified run.""}",Tracked source bytes match the SHA-256 declared by the frozen audit record.
RES281,results/benchmarks/iid_latent_capacity_change_with_transient_expression_forecasting/public-native-temporal-expert/seed-383002.predictions.jsonl,sha256:2373889b26646731eafc88907fada38aaf2982d0cfb464b7cfb4f728fb854e89,sha256:2373889b26646731eafc88907fada38aaf2982d0cfb464b7cfb4f728fb854e89,VERIFIED_TRACKED_INPUT,9,"{""access_conditions"":null,""copyright_holder"":""Powerlifting State Research contributors"",""license_expression"":""MIT"",""redistribution_status"":""GENERATED_PUBLIC_ARTIFACT: Byte-identical PUBLIC_NATIVE IID prediction or EvaluationResult from the verified run.""}",Tracked source bytes match the SHA-256 declared by the frozen audit record.
RES281,results/benchmarks/iid_latent_capacity_change_with_transient_expression_forecasting/public-native-temporal-expert/seed-383003.evaluation-result.json,sha256:bc8de2622e05f1a130cdec78f263c789e07d0125b38958d17d95ff7019f9e8aa,sha256:bc8de2622e05f1a130cdec78f263c789e07d0125b38958d17d95ff7019f9e8aa,VERIFIED_TRACKED_INPUT,9,"{""access_conditions"":null,""copyright_holder"":""Powerlifting State Research contributors"",""license_expression"":""MIT"",""redistribution_status"":""GENERATED_PUBLIC_ARTIFACT: Byte-identical PUBLIC_NATIVE IID prediction or EvaluationResult from the verified run.""}",Tracked source bytes match the SHA-256 declared by the frozen audit record.
RES281,results/benchmarks/iid_latent_capacity_change_with_transient_expression_forecasting/public-native-temporal-expert/seed-383003.predictions.jsonl,sha256:472fe8e81648672af3d93e17caaabe433026ab0d1725e384c370eb35f6d45944,sha256:472fe8e81648672af3d93e17caaabe433026ab0d1725e384c370eb35f6d45944,VERIFIED_TRACKED_INPUT,9,"{""access_conditions"":null,""copyright_holder"":""Powerlifting State Research contributors"",""license_expression"":""MIT"",""redistribution_status"":""GENERATED_PUBLIC_ARTIFACT: Byte-identical PUBLIC_NATIVE IID prediction or EvaluationResult from the verified run.""}",Tracked source bytes match the SHA-256 declared by the frozen audit record.
RES281,results/manifests/public-native-temporal-expert-source-inventory.json,sha256:416a7cfb2f0a7bef3a6865a3649f49859f1108db1f98aafc09529f447855e616,sha256:416a7cfb2f0a7bef3a6865a3649f49859f1108db1f98aafc09529f447855e616,VERIFIED_TRACKED_INPUT,9,"{""access_conditions"":null,""copyright_holder"":""Powerlifting State Research contributors"",""license_expression"":""MIT"",""redistribution_status"":""GENERATED_PUBLIC_ARTIFACT: Exact Gate-B final SHA-256 inventory copied from the verified bundle for Drive-independent CI checks.""}",Tracked source bytes match the SHA-256 declared by the frozen audit record.
RES281,results/manifests/public-native-temporal-expert-verification-receipt.json,sha256:fd11790ea0f4b461f38d6cb96f6fb925ec9917128b53a54e0a6f053197771273,sha256:fd11790ea0f4b461f38d6cb96f6fb925ec9917128b53a54e0a6f053197771273,VERIFIED_TRACKED_INPUT,9,"{""access_conditions"":null,""copyright_holder"":""Powerlifting State Research contributors"",""license_expression"":""MIT"",""redistribution_status"":""GENERATED_PUBLIC_ARTIFACT: Exact PASS receipt copied from the independent Gate-B verifier.""}",Tracked source bytes match the SHA-256 declared by the frozen audit record.
RES281,results/manifests/public-native-temporal-expert.json,sha256:ff939961f54a431563de90de7d47e1a8f63ae90778eb176793b18bac7edbf168,sha256:ff939961f54a431563de90de7d47e1a8f63ae90778eb176793b18bac7edbf168,VERIFIED_TRACKED_INPUT,9,"{""access_conditions"":null,""copyright_holder"":""Powerlifting State Research contributors"",""license_expression"":""MIT"",""redistribution_status"":""GENERATED_PUBLIC_ARTIFACT: Public-safe manifest binding Gate-C scientific identities, runtime, validation isolation, and results.""}",Tracked source bytes match the SHA-256 declared by the frozen audit record.
RES281,results/audits/res281/realizations/res281-observation-noise-perturbation-seed-281105/baseline.jsonl,sha256:44a1154d31c7fe36c956c5d33f83ce414a60f56ab80ce928d8fb5dcefa076792,sha256:44a1154d31c7fe36c956c5d33f83ce414a60f56ab80ce928d8fb5dcefa076792,VERIFIED_TRACKED_INPUT,1,"{""access_conditions"":null,""copyright_holder"":""Powerlifting State Research contributors"",""license_expression"":""CC-BY-4.0"",""redistribution_status"":""Public redistribution permitted with attribution.""}",Tracked source bytes match the SHA-256 declared by the frozen audit record.
RES281,results/audits/res281/realizations/res281-observation-noise-perturbation-seed-281105/noise-replicate-1.jsonl,sha256:4acb897f528e538e8902bcc98bb0951e5f31b8bfcc44b7673cc791ddcf08ab35,sha256:4acb897f528e538e8902bcc98bb0951e5f31b8bfcc44b7673cc791ddcf08ab35,VERIFIED_TRACKED_INPUT,1,"{""access_conditions"":null,""copyright_holder"":""Powerlifting State Research contributors"",""license_expression"":""CC-BY-4.0"",""redistribution_status"":""Public redistribution permitted with attribution.""}",Tracked source bytes match the SHA-256 declared by the frozen audit record.
RES281,results/audits/res281/realizations/res281-observation-noise-perturbation-seed-281105/noise-replicate-2.jsonl,sha256:8e809f816b23c2046a9bf2b26d576fecbeabf552e5048ea244c08e6fc599ba8c,sha256:8e809f816b23c2046a9bf2b26d576fecbeabf552e5048ea244c08e6fc599ba8c,VERIFIED_TRACKED_INPUT,1,"{""access_conditions"":null,""copyright_holder"":""Powerlifting State Research contributors"",""license_expression"":""CC-BY-4.0"",""redistribution_status"":""Public redistribution permitted with attribution.""}",Tracked source bytes match the SHA-256 declared by the frozen audit record.
RES281,results/audits/res281/realizations/res281-observation-noise-perturbation-seed-281105/noise-replicate-3.jsonl,sha256:039eed11ccaf443c3fff4bccdb92b4327158e2c46ed8f63943504dc07d13177d,sha256:039eed11ccaf443c3fff4bccdb92b4327158e2c46ed8f63943504dc07d13177d,VERIFIED_TRACKED_INPUT,1,"{""access_conditions"":null,""copyright_holder"":""Powerlifting State Research contributors"",""license_expression"":""CC-BY-4.0"",""redistribution_status"":""Public redistribution permitted with attribution.""}",Tracked source bytes match the SHA-256 declared by the frozen audit record.
RES281,results/audits/res281/realizations/res281-observation-noise-perturbation-seed-281105/manifest.json,sha256:cf2a71231eeb4d03aca1203b43a5569fc3525a5f0adfa3c074bc2ffd8ddba2b0,sha256:cf2a71231eeb4d03aca1203b43a5569fc3525a5f0adfa3c074bc2ffd8ddba2b0,VERIFIED_TRACKED_INPUT,1,"{""access_conditions"":null,""copyright_holder"":""Powerlifting State Research contributors"",""license_expression"":""CC-BY-4.0"",""redistribution_status"":""Public redistribution permitted with attribution.""}",Tracked source bytes match the SHA-256 declared by the frozen audit record.
RES281,results/audits/res281/realizations/res281-participant-input-leakage-seed-281101/baseline.jsonl,sha256:f9243a152b31b5dfe0f8ed8d91bd9ea377cb19f5b1754cd8f89dd06dad9c3e92,sha256:f9243a152b31b5dfe0f8ed8d91bd9ea377cb19f5b1754cd8f89dd06dad9c3e92,VERIFIED_TRACKED_INPUT,1,"{""access_conditions"":null,""copyright_holder"":""Powerlifting State Research contributors"",""license_expression"":""CC-BY-4.0"",""redistribution_status"":""Public redistribution permitted with attribution.""}",Tracked source bytes match the SHA-256 declared by the frozen audit record.
RES281,results/audits/res281/realizations/res281-participant-input-leakage-seed-281101/key-relabelled.jsonl,sha256:fe7157cadfcc6c2bc6a4fac887fd3dca79a01a369a931b2403365a3be3e9055d,sha256:fe7157cadfcc6c2bc6a4fac887fd3dca79a01a369a931b2403365a3be3e9055d,VERIFIED_TRACKED_INPUT,1,"{""access_conditions"":null,""copyright_holder"":""Powerlifting State Research contributors"",""license_expression"":""CC-BY-4.0"",""redistribution_status"":""Public redistribution permitted with attribution.""}",Tracked source bytes match the SHA-256 declared by the frozen audit record.
RES281,results/audits/res281/realizations/res281-participant-input-leakage-seed-281101/manifest.json,sha256:8bf577386db13b4223590fb23463868c89e256d1ed69fa2613702edcab205c65,sha256:8bf577386db13b4223590fb23463868c89e256d1ed69fa2613702edcab205c65,VERIFIED_TRACKED_INPUT,1,"{""access_conditions"":null,""copyright_holder"":""Powerlifting State Research contributors"",""license_expression"":""CC-BY-4.0"",""redistribution_status"":""Public redistribution permitted with attribution.""}",Tracked source bytes match the SHA-256 declared by the frozen audit record.
RES281,data/synthetic/latent_capacity_change_with_transient_expression_forecasting/iid-production/train.jsonl,sha256:914dc51fcf9a0dca30224a8093431e97fe29272bf830160bf46a78396026d550,,UNAVAILABLE_UNTRACKED_GENERATED_INPUT,1,"{""access_conditions"":null,""copyright_holder"":""Powerlifting State Research contributors"",""license_expression"":""CC-BY-4.0"",""redistribution_status"":""Public redistribution permitted with attribution""}","The generated IID source file is not tracked; its declared hash is retained, but the file was not read or regenerated."
RES281,data/synthetic/latent_capacity_change_with_transient_expression_forecasting/iid-production/validation.jsonl,sha256:0d7bd0c9291e7af5627ec18e2b82025aa1f5f3d46de07d502f7df90eace24b9a,,UNAVAILABLE_UNTRACKED_GENERATED_INPUT,1,"{""access_conditions"":null,""copyright_holder"":""Powerlifting State Research contributors"",""license_expression"":""CC-BY-4.0"",""redistribution_status"":""Public redistribution permitted with attribution""}","The generated IID source file is not tracked; its declared hash is retained, but the file was not read or regenerated."
RES281,src/powerlifting_state_research/benchmarks/latent_capacity_change_with_transient_expression_forecasting/dynamics.py,sha256:28234fff0385b0294e98053211315a5c12327bec0dd8f07965899f33bd170992,sha256:28234fff0385b0294e98053211315a5c12327bec0dd8f07965899f33bd170992,VERIFIED_TRACKED_INPUT,1,"{""access_conditions"":null,""copyright_holder"":""world-mechanics"",""license_expression"":""MIT"",""redistribution_status"":""NEWLY_AUTHORED: Bounded stimulus and lift-specific latent-state transitions.""}",Tracked source bytes match the SHA-256 declared by the frozen audit record.
RES281,src/powerlifting_state_research/benchmarks/latent_capacity_change_with_transient_expression_forecasting/population.py,sha256:f349dc6b8f6abdf76c8d93747d6a92710d2de9f25366a7d697bdafae13356f84,sha256:f349dc6b8f6abdf76c8d93747d6a92710d2de9f25366a7d697bdafae13356f84,VERIFIED_TRACKED_INPUT,1,"{""access_conditions"":null,""copyright_holder"":""population-construction"",""license_expression"":""MIT"",""redistribution_status"":""NEWLY_AUTHORED: Seeded synthetic athlete and lift parameter sampling.""}",Tracked source bytes match the SHA-256 declared by the frozen audit record.
RES281,src/powerlifting_state_research/benchmarks/latent_capacity_change_with_transient_expression_forecasting/interventions.py,sha256:f04500db820b9a08408a67efa89a0bc8c0ac4cb9574c265f70b357aa8a413fb5,sha256:f04500db820b9a08408a67efa89a0bc8c0ac4cb9574c265f70b357aa8a413fb5,VERIFIED_TRACKED_INPUT,1,"{""access_conditions"":null,""copyright_holder"":""benchmark-interventions"",""license_expression"":""MIT"",""redistribution_status"":""NEWLY_AUTHORED: Seeded per-lift session and declared-plan construction.""}",Tracked source bytes match the SHA-256 declared by the frozen audit record.
RES281,src/powerlifting_state_research/benchmarks/latent_capacity_change_with_transient_expression_forecasting/observations.py,sha256:8888a476cab856c3266b53dfbf6519223697768af8512dac7b6983771c2fcf9e,sha256:8888a476cab856c3266b53dfbf6519223697768af8512dac7b6983771c2fcf9e,VERIFIED_TRACKED_INPUT,1,"{""access_conditions"":null,""copyright_holder"":""observation-model"",""license_expression"":""MIT"",""redistribution_status"":""NEWLY_AUTHORED: Seeded noise over transiently expressed performance history.""}",Tracked source bytes match the SHA-256 declared by the frozen audit record.
RES281,src/powerlifting_state_research/benchmarks/latent_capacity_change_with_transient_expression_forecasting/dataset.py,sha256:273feab777b054928955c05ec9b93dcae57bb789cde231fd5e75664d2442b16f,sha256:273feab777b054928955c05ec9b93dcae57bb789cde231fd5e75664d2442b16f,VERIFIED_TRACKED_INPUT,1,"{""access_conditions"":null,""copyright_holder"":""dataset-generator"",""license_expression"":""MIT"",""redistribution_status"":""NEWLY_AUTHORED: Public row construction; leakage validation; deterministic serialization; realization manifest.""}",Tracked source bytes match the SHA-256 declared by the frozen audit record.
RES281,src/powerlifting_state_research/contracts/serialization.py,sha256:11599efed9d21c4d186c3bbfb2ec3edea38bc5ac18da871423e79093872515a1,sha256:11599efed9d21c4d186c3bbfb2ec3edea38bc5ac18da871423e79093872515a1,VERIFIED_TRACKED_INPUT,1,"{""access_conditions"":null,""copyright_holder"":""research-core"",""license_expression"":""MIT"",""redistribution_status"":""NEWLY_AUTHORED: Canonical JSON serialization for identities and content hashes.""}",Tracked source bytes match the SHA-256 declared by the frozen audit record.
RES281,artifacts/schemas/public-forecast-row.schema.json,sha256:5d4148dd5f758c3c4c07b72e10d1bd3769519e7f488e4268588318e1ec5d58c6,sha256:5d4148dd5f758c3c4c07b72e10d1bd3769519e7f488e4268588318e1ec5d58c6,VERIFIED_TRACKED_INPUT,1,"{""access_conditions"":null,""copyright_holder"":""python-export"",""license_expression"":""MIT"",""redistribution_status"":""GENERATED_PUBLIC_ARTIFACT: JSON Schema generated from the authoritative Python PublicForecastRow type.""}",Tracked source bytes match the SHA-256 declared by the frozen audit record.
RES281,src/powerlifting_state_research/models/temporal_expert.py,sha256:4ac7144d3bfd3b4fe9edc6bc672a2fa7aceb2bd1b00fd9bfc168c224969a42a7,sha256:4ac7144d3bfd3b4fe9edc6bc672a2fa7aceb2bd1b00fd9bfc168c224969a42a7,VERIFIED_TRACKED_INPUT,1,"{""access_conditions"":null,""copyright_holder"":""model-implementation"",""license_expression"":""MIT"",""redistribution_status"":""NEWLY_AUTHORED: Clean-room PUBLIC_NATIVE temporal model, typed input, preprocessing, normalization, and inference.""}",Tracked source bytes match the SHA-256 declared by the frozen audit record.
RES281,results/audits/res281/realizations/res281-target-identity-contamination-seed-281102/baseline.jsonl,sha256:6cb3584686f467748a122d8c376bfbbbe6bc4f48d58d589314a133176c3d8fba,sha256:6cb3584686f467748a122d8c376bfbbbe6bc4f48d58d589314a133176c3d8fba,VERIFIED_TRACKED_INPUT,1,"{""access_conditions"":null,""copyright_holder"":""Powerlifting State Research contributors"",""license_expression"":""CC-BY-4.0"",""redistribution_status"":""Public redistribution permitted with attribution.""}",Tracked source bytes match the SHA-256 declared by the frozen audit record.
RES281,results/audits/res281/realizations/res281-target-identity-contamination-seed-281102/target-canary.jsonl,sha256:0cc69f14e508974c45a8d79f1904b1034e81885d50b2de38b0b3238348534d85,sha256:0cc69f14e508974c45a8d79f1904b1034e81885d50b2de38b0b3238348534d85,VERIFIED_TRACKED_INPUT,1,"{""access_conditions"":null,""copyright_holder"":""Powerlifting State Research contributors"",""license_expression"":""CC-BY-4.0"",""redistribution_status"":""Public redistribution permitted with attribution.""}",Tracked source bytes match the SHA-256 declared by the frozen audit record.
RES281,results/audits/res281/realizations/res281-target-identity-contamination-seed-281102/manifest.json,sha256:c9f36e35fa95f489fdbd3d7078208a13a50655be8fba46af7afb45ebfb9d70de,sha256:c9f36e35fa95f489fdbd3d7078208a13a50655be8fba46af7afb45ebfb9d70de,VERIFIED_TRACKED_INPUT,1,"{""access_conditions"":null,""copyright_holder"":""Powerlifting State Research contributors"",""license_expression"":""CC-BY-4.0"",""redistribution_status"":""Public redistribution permitted with attribution.""}",Tracked source bytes match the SHA-256 declared by the frozen audit record.
RES281,results/audits/res281/realizations/res281-temporal-history-disruption-seed-281103/baseline.jsonl,sha256:4539078dcd3a6fa7570952aebd9d98a97efefaf2e67ab534a1ffa6c891c10a20,sha256:4539078dcd3a6fa7570952aebd9d98a97efefaf2e67ab534a1ffa6c891c10a20,VERIFIED_TRACKED_INPUT,1,"{""access_conditions"":null,""copyright_holder"":""Powerlifting State Research contributors"",""license_expression"":""CC-BY-4.0"",""redistribution_status"":""Public redistribution permitted with attribution.""}",Tracked source bytes match the SHA-256 declared by the frozen audit record.
RES281,results/audits/res281/realizations/res281-temporal-history-disruption-seed-281103/reversed-history.jsonl,sha256:f5bedd38b52cb854f0231b9d79d63a215cdac4e0a51b5343e78dd5de2a94d68a,sha256:f5bedd38b52cb854f0231b9d79d63a215cdac4e0a51b5343e78dd5de2a94d68a,VERIFIED_TRACKED_INPUT,1,"{""access_conditions"":null,""copyright_holder"":""Powerlifting State Research contributors"",""license_expression"":""CC-BY-4.0"",""redistribution_status"":""Public redistribution permitted with attribution.""}",Tracked source bytes match the SHA-256 declared by the frozen audit record.
RES281,results/audits/res281/realizations/res281-temporal-history-disruption-seed-281103/manifest.json,sha256:f43a63786c49891d05566b4d14f00a6d496ebca87281da9917fa746c0a666b6a,sha256:f43a63786c49891d05566b4d14f00a6d496ebca87281da9917fa746c0a666b6a,VERIFIED_TRACKED_INPUT,1,"{""access_conditions"":null,""copyright_holder"":""Powerlifting State Research contributors"",""license_expression"":""CC-BY-4.0"",""redistribution_status"":""Public redistribution permitted with attribution.""}",Tracked source bytes match the SHA-256 declared by the frozen audit record.
RES281,results/audits/res281/realizations/res281-training-plan-counterfactual-sensitivity-seed-281104/baseline.jsonl,sha256:39248992584f86966a1735a752526afc6a73f82fd872d9e5175ffcba4a6517a0,sha256:39248992584f86966a1735a752526afc6a73f82fd872d9e5175ffcba4a6517a0,VERIFIED_TRACKED_INPUT,1,"{""access_conditions"":null,""copyright_holder"":""Powerlifting State Research contributors"",""license_expression"":""CC-BY-4.0"",""redistribution_status"":""Public redistribution permitted with attribution.""}",Tracked source bytes match the SHA-256 declared by the frozen audit record.
RES281,results/audits/res281/realizations/res281-training-plan-counterfactual-sensitivity-seed-281104/supported-plan-counterfactual.jsonl,sha256:83c9e4c634ad01fc9f47ffd29e366a4de91a05990f74e46ada29072027bde25e,sha256:83c9e4c634ad01fc9f47ffd29e366a4de91a05990f74e46ada29072027bde25e,VERIFIED_TRACKED_INPUT,1,"{""access_conditions"":null,""copyright_holder"":""Powerlifting State Research contributors"",""license_expression"":""CC-BY-4.0"",""redistribution_status"":""Public redistribution permitted with attribution.""}",Tracked source bytes match the SHA-256 declared by the frozen audit record.
RES281,results/audits/res281/realizations/res281-training-plan-counterfactual-sensitivity-seed-281104/manifest.json,sha256:d96d53e2be57a00d0df40ca894d68ebab6687a24d155a023ab2834cb3b32dfbe,sha256:d96d53e2be57a00d0df40ca894d68ebab6687a24d155a023ab2834cb3b32dfbe,VERIFIED_TRACKED_INPUT,1,"{""access_conditions"":null,""copyright_holder"":""Powerlifting State Research contributors"",""license_expression"":""CC-BY-4.0"",""redistribution_status"":""Public redistribution permitted with attribution.""}",Tracked source bytes match the SHA-256 declared by the frozen audit record.
RES281,docs/benchmarks/latent-capacity-change-with-transient-expression-forecasting.md,sha256:1a61741235a39f4f5a0e7644acd569a1bc2f13910afb067546dcb544a225517d,sha256:1a61741235a39f4f5a0e7644acd569a1bc2f13910afb067546dcb544a225517d,VERIFIED_TRACKED_INPUT,14,"{""access_conditions"":null,""copyright_holder"":""public-documentation"",""license_expression"":""CC-BY-4.0"",""redistribution_status"":""PUBLIC_PROJECTION_OF_FROZEN_SPEC: Research card for Latent Capacity-Change Forecasting with Transient Performance Expression.""}",Tracked source bytes match the SHA-256 declared by the frozen audit record.
RES281,docs/benchmarks/latent-origin-capacity-change-forecasting.md,sha256:3609fa54262d40fab7563ccbe6f7853a8bb8e74d102fbe860a7114e6e59e4216,sha256:3609fa54262d40fab7563ccbe6f7853a8bb8e74d102fbe860a7114e6e59e4216,VERIFIED_TRACKED_INPUT,14,"{""access_conditions"":null,""copyright_holder"":""public-documentation"",""license_expression"":""CC-BY-4.0"",""redistribution_status"":""PUBLIC_PROJECTION_OF_FROZEN_SPEC: Research card for Latent-Origin Capacity-Change Forecasting.""}",Tracked source bytes match the SHA-256 declared by the frozen audit record.
RES281,docs/benchmarks/observed-origin-referenced-capacity-change-forecasting.md,sha256:e4fab119ce0b338b6afab10b39adeb1cc014da2936a13e3a4baa599792d29846,sha256:e4fab119ce0b338b6afab10b39adeb1cc014da2936a13e3a4baa599792d29846,VERIFIED_TRACKED_INPUT,14,"{""access_conditions"":null,""copyright_holder"":""public-documentation"",""license_expression"":""CC-BY-4.0"",""redistribution_status"":""PUBLIC_PROJECTION_OF_FROZEN_SPEC: Research card for Observed-Origin-Referenced Capacity-Change Forecasting.""}",Tracked source bytes match the SHA-256 declared by the frozen audit record.
RES281,docs/benchmarks/performance-forecasting-under-schedule-exposure-reporting-heterogeneity.md,sha256:74568cd0fe7a956e3cb3135e8e81e0ae0784f2f8bd4f6d6201adbea938305c91,sha256:74568cd0fe7a956e3cb3135e8e81e0ae0784f2f8bd4f6d6201adbea938305c91,VERIFIED_TRACKED_INPUT,14,"{""access_conditions"":null,""copyright_holder"":""public-documentation"",""license_expression"":""CC-BY-4.0"",""redistribution_status"":""PUBLIC_PROJECTION_OF_FROZEN_SPEC: Research card for Performance Forecasting Under Schedule, Exposure, and Reporting Heterogeneity.""}",Tracked source bytes match the SHA-256 declared by the frozen audit record.
RES281,docs/benchmarks/seasonal-five-target-load-velocity-performance-forecasting.md,sha256:4f44246fb3fe9cab6084114ccf227e1ff27bd478b6750a6ec038259273212202,sha256:4f44246fb3fe9cab6084114ccf227e1ff27bd478b6750a6ec038259273212202,VERIFIED_TRACKED_INPUT,14,"{""access_conditions"":null,""copyright_holder"":""public-documentation"",""license_expression"":""CC-BY-4.0"",""redistribution_status"":""PUBLIC_PROJECTION_OF_FROZEN_SPEC: Research card for Seasonal Five-Target Load–Velocity and Performance Forecasting.""}",Tracked source bytes match the SHA-256 declared by the frozen audit record.
