target,metric,model_family_a,model_family_b,candidate_ids_a,candidate_ids_b,family_a_ranks_by_seed,family_b_ranks_by_seed,ordered_seed_pairs,pairwise_seed_rank_reversals,tied_seed_labels,inference_status
squat_delta_capacity_kg,RMSE,compact_neural,context_mean,"{""383001"":""compact_neural:383001"",""383002"":""compact_neural:383002"",""383003"":""compact_neural:383003""}","{""383001"":""context_mean:383001"",""383002"":""context_mean:383002"",""383003"":""context_mean:383003""}","{""383001"":2.0,""383002"":2.0,""383003"":2.0}","{""383001"":5.0,""383002"":5.0,""383003"":5.0}",3,0,,INCONCLUSIVE_NO_PREDECLARED_PRACTICAL_THRESHOLD
squat_delta_capacity_kg,RMSE,compact_neural,histogram_boosted_stumps,"{""383001"":""compact_neural:383001"",""383002"":""compact_neural:383002"",""383003"":""compact_neural:383003""}","{""383001"":""histogram_boosted_stumps:383001"",""383002"":""histogram_boosted_stumps:383002"",""383003"":""histogram_boosted_stumps:383003""}","{""383001"":2.0,""383002"":2.0,""383003"":2.0}","{""383001"":7.0,""383002"":7.0,""383003"":7.0}",3,0,,INCONCLUSIVE_NO_PREDECLARED_PRACTICAL_THRESHOLD
squat_delta_capacity_kg,RMSE,compact_neural,mechanistic_midpoint,"{""383001"":""compact_neural:383001"",""383002"":""compact_neural:383002"",""383003"":""compact_neural:383003""}","{""383001"":""mechanistic_midpoint:383001"",""383002"":""mechanistic_midpoint:383002"",""383003"":""mechanistic_midpoint:383003""}","{""383001"":2.0,""383002"":2.0,""383003"":2.0}","{""383001"":4.0,""383002"":4.0,""383003"":4.0}",3,0,,INCONCLUSIVE_NO_PREDECLARED_PRACTICAL_THRESHOLD
squat_delta_capacity_kg,RMSE,compact_neural,mechanistic_ridge_residual,"{""383001"":""compact_neural:383001"",""383002"":""compact_neural:383002"",""383003"":""compact_neural:383003""}","{""383001"":""mechanistic_ridge_residual:383001"",""383002"":""mechanistic_ridge_residual:383002"",""383003"":""mechanistic_ridge_residual:383003""}","{""383001"":2.0,""383002"":2.0,""383003"":2.0}","{""383001"":3.0,""383002"":3.0,""383003"":3.0}",3,0,,INCONCLUSIVE_NO_PREDECLARED_PRACTICAL_THRESHOLD
squat_delta_capacity_kg,RMSE,compact_neural,public-native-temporal-expert,"{""383001"":""compact_neural:383001"",""383002"":""compact_neural:383002"",""383003"":""compact_neural:383003""}","{""383001"":""public-native-temporal-expert:383001"",""383002"":""public-native-temporal-expert:383002"",""383003"":""public-native-temporal-expert:383003""}","{""383001"":2.0,""383002"":2.0,""383003"":2.0}","{""383001"":1.0,""383002"":1.0,""383003"":1.0}",3,0,,INCONCLUSIVE_NO_PREDECLARED_PRACTICAL_THRESHOLD
squat_delta_capacity_kg,RMSE,compact_neural,ridge,"{""383001"":""compact_neural:383001"",""383002"":""compact_neural:383002"",""383003"":""compact_neural:383003""}","{""383001"":""ridge:383001"",""383002"":""ridge:383002"",""383003"":""ridge:383003""}","{""383001"":2.0,""383002"":2.0,""383003"":2.0}","{""383001"":6.0,""383002"":6.0,""383003"":6.0}",3,0,,INCONCLUSIVE_NO_PREDECLARED_PRACTICAL_THRESHOLD
squat_delta_capacity_kg,RMSE,context_mean,histogram_boosted_stumps,"{""383001"":""context_mean:383001"",""383002"":""context_mean:383002"",""383003"":""context_mean:383003""}","{""383001"":""histogram_boosted_stumps:383001"",""383002"":""histogram_boosted_stumps:383002"",""383003"":""histogram_boosted_stumps:383003""}","{""383001"":5.0,""383002"":5.0,""383003"":5.0}","{""383001"":7.0,""383002"":7.0,""383003"":7.0}",3,0,,INCONCLUSIVE_NO_PREDECLARED_PRACTICAL_THRESHOLD
squat_delta_capacity_kg,RMSE,context_mean,mechanistic_midpoint,"{""383001"":""context_mean:383001"",""383002"":""context_mean:383002"",""383003"":""context_mean:383003""}","{""383001"":""mechanistic_midpoint:383001"",""383002"":""mechanistic_midpoint:383002"",""383003"":""mechanistic_midpoint:383003""}","{""383001"":5.0,""383002"":5.0,""383003"":5.0}","{""383001"":4.0,""383002"":4.0,""383003"":4.0}",3,0,,INCONCLUSIVE_NO_PREDECLARED_PRACTICAL_THRESHOLD
squat_delta_capacity_kg,RMSE,context_mean,mechanistic_ridge_residual,"{""383001"":""context_mean:383001"",""383002"":""context_mean:383002"",""383003"":""context_mean:383003""}","{""383001"":""mechanistic_ridge_residual:383001"",""383002"":""mechanistic_ridge_residual:383002"",""383003"":""mechanistic_ridge_residual:383003""}","{""383001"":5.0,""383002"":5.0,""383003"":5.0}","{""383001"":3.0,""383002"":3.0,""383003"":3.0}",3,0,,INCONCLUSIVE_NO_PREDECLARED_PRACTICAL_THRESHOLD
squat_delta_capacity_kg,RMSE,context_mean,public-native-temporal-expert,"{""383001"":""context_mean:383001"",""383002"":""context_mean:383002"",""383003"":""context_mean:383003""}","{""383001"":""public-native-temporal-expert:383001"",""383002"":""public-native-temporal-expert:383002"",""383003"":""public-native-temporal-expert:383003""}","{""383001"":5.0,""383002"":5.0,""383003"":5.0}","{""383001"":1.0,""383002"":1.0,""383003"":1.0}",3,0,,INCONCLUSIVE_NO_PREDECLARED_PRACTICAL_THRESHOLD
squat_delta_capacity_kg,RMSE,context_mean,ridge,"{""383001"":""context_mean:383001"",""383002"":""context_mean:383002"",""383003"":""context_mean:383003""}","{""383001"":""ridge:383001"",""383002"":""ridge:383002"",""383003"":""ridge:383003""}","{""383001"":5.0,""383002"":5.0,""383003"":5.0}","{""383001"":6.0,""383002"":6.0,""383003"":6.0}",3,0,,INCONCLUSIVE_NO_PREDECLARED_PRACTICAL_THRESHOLD
squat_delta_capacity_kg,RMSE,histogram_boosted_stumps,mechanistic_midpoint,"{""383001"":""histogram_boosted_stumps:383001"",""383002"":""histogram_boosted_stumps:383002"",""383003"":""histogram_boosted_stumps:383003""}","{""383001"":""mechanistic_midpoint:383001"",""383002"":""mechanistic_midpoint:383002"",""383003"":""mechanistic_midpoint:383003""}","{""383001"":7.0,""383002"":7.0,""383003"":7.0}","{""383001"":4.0,""383002"":4.0,""383003"":4.0}",3,0,,INCONCLUSIVE_NO_PREDECLARED_PRACTICAL_THRESHOLD
squat_delta_capacity_kg,RMSE,histogram_boosted_stumps,mechanistic_ridge_residual,"{""383001"":""histogram_boosted_stumps:383001"",""383002"":""histogram_boosted_stumps:383002"",""383003"":""histogram_boosted_stumps:383003""}","{""383001"":""mechanistic_ridge_residual:383001"",""383002"":""mechanistic_ridge_residual:383002"",""383003"":""mechanistic_ridge_residual:383003""}","{""383001"":7.0,""383002"":7.0,""383003"":7.0}","{""383001"":3.0,""383002"":3.0,""383003"":3.0}",3,0,,INCONCLUSIVE_NO_PREDECLARED_PRACTICAL_THRESHOLD
squat_delta_capacity_kg,RMSE,histogram_boosted_stumps,public-native-temporal-expert,"{""383001"":""histogram_boosted_stumps:383001"",""383002"":""histogram_boosted_stumps:383002"",""383003"":""histogram_boosted_stumps:383003""}","{""383001"":""public-native-temporal-expert:383001"",""383002"":""public-native-temporal-expert:383002"",""383003"":""public-native-temporal-expert:383003""}","{""383001"":7.0,""383002"":7.0,""383003"":7.0}","{""383001"":1.0,""383002"":1.0,""383003"":1.0}",3,0,,INCONCLUSIVE_NO_PREDECLARED_PRACTICAL_THRESHOLD
squat_delta_capacity_kg,RMSE,histogram_boosted_stumps,ridge,"{""383001"":""histogram_boosted_stumps:383001"",""383002"":""histogram_boosted_stumps:383002"",""383003"":""histogram_boosted_stumps:383003""}","{""383001"":""ridge:383001"",""383002"":""ridge:383002"",""383003"":""ridge:383003""}","{""383001"":7.0,""383002"":7.0,""383003"":7.0}","{""383001"":6.0,""383002"":6.0,""383003"":6.0}",3,0,,INCONCLUSIVE_NO_PREDECLARED_PRACTICAL_THRESHOLD
squat_delta_capacity_kg,RMSE,mechanistic_midpoint,mechanistic_ridge_residual,"{""383001"":""mechanistic_midpoint:383001"",""383002"":""mechanistic_midpoint:383002"",""383003"":""mechanistic_midpoint:383003""}","{""383001"":""mechanistic_ridge_residual:383001"",""383002"":""mechanistic_ridge_residual:383002"",""383003"":""mechanistic_ridge_residual:383003""}","{""383001"":4.0,""383002"":4.0,""383003"":4.0}","{""383001"":3.0,""383002"":3.0,""383003"":3.0}",3,0,,INCONCLUSIVE_NO_PREDECLARED_PRACTICAL_THRESHOLD
squat_delta_capacity_kg,RMSE,mechanistic_midpoint,public-native-temporal-expert,"{""383001"":""mechanistic_midpoint:383001"",""383002"":""mechanistic_midpoint:383002"",""383003"":""mechanistic_midpoint:383003""}","{""383001"":""public-native-temporal-expert:383001"",""383002"":""public-native-temporal-expert:383002"",""383003"":""public-native-temporal-expert:383003""}","{""383001"":4.0,""383002"":4.0,""383003"":4.0}","{""383001"":1.0,""383002"":1.0,""383003"":1.0}",3,0,,INCONCLUSIVE_NO_PREDECLARED_PRACTICAL_THRESHOLD
squat_delta_capacity_kg,RMSE,mechanistic_midpoint,ridge,"{""383001"":""mechanistic_midpoint:383001"",""383002"":""mechanistic_midpoint:383002"",""383003"":""mechanistic_midpoint:383003""}","{""383001"":""ridge:383001"",""383002"":""ridge:383002"",""383003"":""ridge:383003""}","{""383001"":4.0,""383002"":4.0,""383003"":4.0}","{""383001"":6.0,""383002"":6.0,""383003"":6.0}",3,0,,INCONCLUSIVE_NO_PREDECLARED_PRACTICAL_THRESHOLD
squat_delta_capacity_kg,RMSE,mechanistic_ridge_residual,public-native-temporal-expert,"{""383001"":""mechanistic_ridge_residual:383001"",""383002"":""mechanistic_ridge_residual:383002"",""383003"":""mechanistic_ridge_residual:383003""}","{""383001"":""public-native-temporal-expert:383001"",""383002"":""public-native-temporal-expert:383002"",""383003"":""public-native-temporal-expert:383003""}","{""383001"":3.0,""383002"":3.0,""383003"":3.0}","{""383001"":1.0,""383002"":1.0,""383003"":1.0}",3,0,,INCONCLUSIVE_NO_PREDECLARED_PRACTICAL_THRESHOLD
squat_delta_capacity_kg,RMSE,mechanistic_ridge_residual,ridge,"{""383001"":""mechanistic_ridge_residual:383001"",""383002"":""mechanistic_ridge_residual:383002"",""383003"":""mechanistic_ridge_residual:383003""}","{""383001"":""ridge:383001"",""383002"":""ridge:383002"",""383003"":""ridge:383003""}","{""383001"":3.0,""383002"":3.0,""383003"":3.0}","{""383001"":6.0,""383002"":6.0,""383003"":6.0}",3,0,,INCONCLUSIVE_NO_PREDECLARED_PRACTICAL_THRESHOLD
squat_delta_capacity_kg,RMSE,public-native-temporal-expert,ridge,"{""383001"":""public-native-temporal-expert:383001"",""383002"":""public-native-temporal-expert:383002"",""383003"":""public-native-temporal-expert:383003""}","{""383001"":""ridge:383001"",""383002"":""ridge:383002"",""383003"":""ridge:383003""}","{""383001"":1.0,""383002"":1.0,""383003"":1.0}","{""383001"":6.0,""383002"":6.0,""383003"":6.0}",3,0,,INCONCLUSIVE_NO_PREDECLARED_PRACTICAL_THRESHOLD
squat_delta_capacity_kg,MAE,compact_neural,context_mean,"{""383001"":""compact_neural:383001"",""383002"":""compact_neural:383002"",""383003"":""compact_neural:383003""}","{""383001"":""context_mean:383001"",""383002"":""context_mean:383002"",""383003"":""context_mean:383003""}","{""383001"":2.0,""383002"":2.0,""383003"":2.0}","{""383001"":5.0,""383002"":5.0,""383003"":5.0}",3,0,,INCONCLUSIVE_NO_PREDECLARED_PRACTICAL_THRESHOLD
squat_delta_capacity_kg,MAE,compact_neural,histogram_boosted_stumps,"{""383001"":""compact_neural:383001"",""383002"":""compact_neural:383002"",""383003"":""compact_neural:383003""}","{""383001"":""histogram_boosted_stumps:383001"",""383002"":""histogram_boosted_stumps:383002"",""383003"":""histogram_boosted_stumps:383003""}","{""383001"":2.0,""383002"":2.0,""383003"":2.0}","{""383001"":6.0,""383002"":6.0,""383003"":6.0}",3,0,,INCONCLUSIVE_NO_PREDECLARED_PRACTICAL_THRESHOLD
squat_delta_capacity_kg,MAE,compact_neural,mechanistic_midpoint,"{""383001"":""compact_neural:383001"",""383002"":""compact_neural:383002"",""383003"":""compact_neural:383003""}","{""383001"":""mechanistic_midpoint:383001"",""383002"":""mechanistic_midpoint:383002"",""383003"":""mechanistic_midpoint:383003""}","{""383001"":2.0,""383002"":2.0,""383003"":2.0}","{""383001"":3.0,""383002"":3.0,""383003"":3.0}",3,0,,INCONCLUSIVE_NO_PREDECLARED_PRACTICAL_THRESHOLD
squat_delta_capacity_kg,MAE,compact_neural,mechanistic_ridge_residual,"{""383001"":""compact_neural:383001"",""383002"":""compact_neural:383002"",""383003"":""compact_neural:383003""}","{""383001"":""mechanistic_ridge_residual:383001"",""383002"":""mechanistic_ridge_residual:383002"",""383003"":""mechanistic_ridge_residual:383003""}","{""383001"":2.0,""383002"":2.0,""383003"":2.0}","{""383001"":4.0,""383002"":4.0,""383003"":4.0}",3,0,,INCONCLUSIVE_NO_PREDECLARED_PRACTICAL_THRESHOLD
squat_delta_capacity_kg,MAE,compact_neural,public-native-temporal-expert,"{""383001"":""compact_neural:383001"",""383002"":""compact_neural:383002"",""383003"":""compact_neural:383003""}","{""383001"":""public-native-temporal-expert:383001"",""383002"":""public-native-temporal-expert:383002"",""383003"":""public-native-temporal-expert:383003""}","{""383001"":2.0,""383002"":2.0,""383003"":2.0}","{""383001"":1.0,""383002"":1.0,""383003"":1.0}",3,0,,INCONCLUSIVE_NO_PREDECLARED_PRACTICAL_THRESHOLD
squat_delta_capacity_kg,MAE,compact_neural,ridge,"{""383001"":""compact_neural:383001"",""383002"":""compact_neural:383002"",""383003"":""compact_neural:383003""}","{""383001"":""ridge:383001"",""383002"":""ridge:383002"",""383003"":""ridge:383003""}","{""383001"":2.0,""383002"":2.0,""383003"":2.0}","{""383001"":7.0,""383002"":7.0,""383003"":7.0}",3,0,,INCONCLUSIVE_NO_PREDECLARED_PRACTICAL_THRESHOLD
squat_delta_capacity_kg,MAE,context_mean,histogram_boosted_stumps,"{""383001"":""context_mean:383001"",""383002"":""context_mean:383002"",""383003"":""context_mean:383003""}","{""383001"":""histogram_boosted_stumps:383001"",""383002"":""histogram_boosted_stumps:383002"",""383003"":""histogram_boosted_stumps:383003""}","{""383001"":5.0,""383002"":5.0,""383003"":5.0}","{""383001"":6.0,""383002"":6.0,""383003"":6.0}",3,0,,INCONCLUSIVE_NO_PREDECLARED_PRACTICAL_THRESHOLD
squat_delta_capacity_kg,MAE,context_mean,mechanistic_midpoint,"{""383001"":""context_mean:383001"",""383002"":""context_mean:383002"",""383003"":""context_mean:383003""}","{""383001"":""mechanistic_midpoint:383001"",""383002"":""mechanistic_midpoint:383002"",""383003"":""mechanistic_midpoint:383003""}","{""383001"":5.0,""383002"":5.0,""383003"":5.0}","{""383001"":3.0,""383002"":3.0,""383003"":3.0}",3,0,,INCONCLUSIVE_NO_PREDECLARED_PRACTICAL_THRESHOLD
squat_delta_capacity_kg,MAE,context_mean,mechanistic_ridge_residual,"{""383001"":""context_mean:383001"",""383002"":""context_mean:383002"",""383003"":""context_mean:383003""}","{""383001"":""mechanistic_ridge_residual:383001"",""383002"":""mechanistic_ridge_residual:383002"",""383003"":""mechanistic_ridge_residual:383003""}","{""383001"":5.0,""383002"":5.0,""383003"":5.0}","{""383001"":4.0,""383002"":4.0,""383003"":4.0}",3,0,,INCONCLUSIVE_NO_PREDECLARED_PRACTICAL_THRESHOLD
squat_delta_capacity_kg,MAE,context_mean,public-native-temporal-expert,"{""383001"":""context_mean:383001"",""383002"":""context_mean:383002"",""383003"":""context_mean:383003""}","{""383001"":""public-native-temporal-expert:383001"",""383002"":""public-native-temporal-expert:383002"",""383003"":""public-native-temporal-expert:383003""}","{""383001"":5.0,""383002"":5.0,""383003"":5.0}","{""383001"":1.0,""383002"":1.0,""383003"":1.0}",3,0,,INCONCLUSIVE_NO_PREDECLARED_PRACTICAL_THRESHOLD
squat_delta_capacity_kg,MAE,context_mean,ridge,"{""383001"":""context_mean:383001"",""383002"":""context_mean:383002"",""383003"":""context_mean:383003""}","{""383001"":""ridge:383001"",""383002"":""ridge:383002"",""383003"":""ridge:383003""}","{""383001"":5.0,""383002"":5.0,""383003"":5.0}","{""383001"":7.0,""383002"":7.0,""383003"":7.0}",3,0,,INCONCLUSIVE_NO_PREDECLARED_PRACTICAL_THRESHOLD
squat_delta_capacity_kg,MAE,histogram_boosted_stumps,mechanistic_midpoint,"{""383001"":""histogram_boosted_stumps:383001"",""383002"":""histogram_boosted_stumps:383002"",""383003"":""histogram_boosted_stumps:383003""}","{""383001"":""mechanistic_midpoint:383001"",""383002"":""mechanistic_midpoint:383002"",""383003"":""mechanistic_midpoint:383003""}","{""383001"":6.0,""383002"":6.0,""383003"":6.0}","{""383001"":3.0,""383002"":3.0,""383003"":3.0}",3,0,,INCONCLUSIVE_NO_PREDECLARED_PRACTICAL_THRESHOLD
squat_delta_capacity_kg,MAE,histogram_boosted_stumps,mechanistic_ridge_residual,"{""383001"":""histogram_boosted_stumps:383001"",""383002"":""histogram_boosted_stumps:383002"",""383003"":""histogram_boosted_stumps:383003""}","{""383001"":""mechanistic_ridge_residual:383001"",""383002"":""mechanistic_ridge_residual:383002"",""383003"":""mechanistic_ridge_residual:383003""}","{""383001"":6.0,""383002"":6.0,""383003"":6.0}","{""383001"":4.0,""383002"":4.0,""383003"":4.0}",3,0,,INCONCLUSIVE_NO_PREDECLARED_PRACTICAL_THRESHOLD
squat_delta_capacity_kg,MAE,histogram_boosted_stumps,public-native-temporal-expert,"{""383001"":""histogram_boosted_stumps:383001"",""383002"":""histogram_boosted_stumps:383002"",""383003"":""histogram_boosted_stumps:383003""}","{""383001"":""public-native-temporal-expert:383001"",""383002"":""public-native-temporal-expert:383002"",""383003"":""public-native-temporal-expert:383003""}","{""383001"":6.0,""383002"":6.0,""383003"":6.0}","{""383001"":1.0,""383002"":1.0,""383003"":1.0}",3,0,,INCONCLUSIVE_NO_PREDECLARED_PRACTICAL_THRESHOLD
squat_delta_capacity_kg,MAE,histogram_boosted_stumps,ridge,"{""383001"":""histogram_boosted_stumps:383001"",""383002"":""histogram_boosted_stumps:383002"",""383003"":""histogram_boosted_stumps:383003""}","{""383001"":""ridge:383001"",""383002"":""ridge:383002"",""383003"":""ridge:383003""}","{""383001"":6.0,""383002"":6.0,""383003"":6.0}","{""383001"":7.0,""383002"":7.0,""383003"":7.0}",3,0,,INCONCLUSIVE_NO_PREDECLARED_PRACTICAL_THRESHOLD
squat_delta_capacity_kg,MAE,mechanistic_midpoint,mechanistic_ridge_residual,"{""383001"":""mechanistic_midpoint:383001"",""383002"":""mechanistic_midpoint:383002"",""383003"":""mechanistic_midpoint:383003""}","{""383001"":""mechanistic_ridge_residual:383001"",""383002"":""mechanistic_ridge_residual:383002"",""383003"":""mechanistic_ridge_residual:383003""}","{""383001"":3.0,""383002"":3.0,""383003"":3.0}","{""383001"":4.0,""383002"":4.0,""383003"":4.0}",3,0,,INCONCLUSIVE_NO_PREDECLARED_PRACTICAL_THRESHOLD
squat_delta_capacity_kg,MAE,mechanistic_midpoint,public-native-temporal-expert,"{""383001"":""mechanistic_midpoint:383001"",""383002"":""mechanistic_midpoint:383002"",""383003"":""mechanistic_midpoint:383003""}","{""383001"":""public-native-temporal-expert:383001"",""383002"":""public-native-temporal-expert:383002"",""383003"":""public-native-temporal-expert:383003""}","{""383001"":3.0,""383002"":3.0,""383003"":3.0}","{""383001"":1.0,""383002"":1.0,""383003"":1.0}",3,0,,INCONCLUSIVE_NO_PREDECLARED_PRACTICAL_THRESHOLD
squat_delta_capacity_kg,MAE,mechanistic_midpoint,ridge,"{""383001"":""mechanistic_midpoint:383001"",""383002"":""mechanistic_midpoint:383002"",""383003"":""mechanistic_midpoint:383003""}","{""383001"":""ridge:383001"",""383002"":""ridge:383002"",""383003"":""ridge:383003""}","{""383001"":3.0,""383002"":3.0,""383003"":3.0}","{""383001"":7.0,""383002"":7.0,""383003"":7.0}",3,0,,INCONCLUSIVE_NO_PREDECLARED_PRACTICAL_THRESHOLD
squat_delta_capacity_kg,MAE,mechanistic_ridge_residual,public-native-temporal-expert,"{""383001"":""mechanistic_ridge_residual:383001"",""383002"":""mechanistic_ridge_residual:383002"",""383003"":""mechanistic_ridge_residual:383003""}","{""383001"":""public-native-temporal-expert:383001"",""383002"":""public-native-temporal-expert:383002"",""383003"":""public-native-temporal-expert:383003""}","{""383001"":4.0,""383002"":4.0,""383003"":4.0}","{""383001"":1.0,""383002"":1.0,""383003"":1.0}",3,0,,INCONCLUSIVE_NO_PREDECLARED_PRACTICAL_THRESHOLD
squat_delta_capacity_kg,MAE,mechanistic_ridge_residual,ridge,"{""383001"":""mechanistic_ridge_residual:383001"",""383002"":""mechanistic_ridge_residual:383002"",""383003"":""mechanistic_ridge_residual:383003""}","{""383001"":""ridge:383001"",""383002"":""ridge:383002"",""383003"":""ridge:383003""}","{""383001"":4.0,""383002"":4.0,""383003"":4.0}","{""383001"":7.0,""383002"":7.0,""383003"":7.0}",3,0,,INCONCLUSIVE_NO_PREDECLARED_PRACTICAL_THRESHOLD
squat_delta_capacity_kg,MAE,public-native-temporal-expert,ridge,"{""383001"":""public-native-temporal-expert:383001"",""383002"":""public-native-temporal-expert:383002"",""383003"":""public-native-temporal-expert:383003""}","{""383001"":""ridge:383001"",""383002"":""ridge:383002"",""383003"":""ridge:383003""}","{""383001"":1.0,""383002"":1.0,""383003"":1.0}","{""383001"":7.0,""383002"":7.0,""383003"":7.0}",3,0,,INCONCLUSIVE_NO_PREDECLARED_PRACTICAL_THRESHOLD
squat_delta_capacity_kg,R²,compact_neural,context_mean,"{""383001"":""compact_neural:383001"",""383002"":""compact_neural:383002"",""383003"":""compact_neural:383003""}","{""383001"":""context_mean:383001"",""383002"":""context_mean:383002"",""383003"":""context_mean:383003""}","{""383001"":2.0,""383002"":2.0,""383003"":2.0}","{""383001"":5.0,""383002"":5.0,""383003"":5.0}",3,0,,INCONCLUSIVE_NO_PREDECLARED_PRACTICAL_THRESHOLD
squat_delta_capacity_kg,R²,compact_neural,histogram_boosted_stumps,"{""383001"":""compact_neural:383001"",""383002"":""compact_neural:383002"",""383003"":""compact_neural:383003""}","{""383001"":""histogram_boosted_stumps:383001"",""383002"":""histogram_boosted_stumps:383002"",""383003"":""histogram_boosted_stumps:383003""}","{""383001"":2.0,""383002"":2.0,""383003"":2.0}","{""383001"":7.0,""383002"":7.0,""383003"":7.0}",3,0,,INCONCLUSIVE_NO_PREDECLARED_PRACTICAL_THRESHOLD
squat_delta_capacity_kg,R²,compact_neural,mechanistic_midpoint,"{""383001"":""compact_neural:383001"",""383002"":""compact_neural:383002"",""383003"":""compact_neural:383003""}","{""383001"":""mechanistic_midpoint:383001"",""383002"":""mechanistic_midpoint:383002"",""383003"":""mechanistic_midpoint:383003""}","{""383001"":2.0,""383002"":2.0,""383003"":2.0}","{""383001"":4.0,""383002"":4.0,""383003"":4.0}",3,0,,INCONCLUSIVE_NO_PREDECLARED_PRACTICAL_THRESHOLD
squat_delta_capacity_kg,R²,compact_neural,mechanistic_ridge_residual,"{""383001"":""compact_neural:383001"",""383002"":""compact_neural:383002"",""383003"":""compact_neural:383003""}","{""383001"":""mechanistic_ridge_residual:383001"",""383002"":""mechanistic_ridge_residual:383002"",""383003"":""mechanistic_ridge_residual:383003""}","{""383001"":2.0,""383002"":2.0,""383003"":2.0}","{""383001"":3.0,""383002"":3.0,""383003"":3.0}",3,0,,INCONCLUSIVE_NO_PREDECLARED_PRACTICAL_THRESHOLD
squat_delta_capacity_kg,R²,compact_neural,public-native-temporal-expert,"{""383001"":""compact_neural:383001"",""383002"":""compact_neural:383002"",""383003"":""compact_neural:383003""}","{""383001"":""public-native-temporal-expert:383001"",""383002"":""public-native-temporal-expert:383002"",""383003"":""public-native-temporal-expert:383003""}","{""383001"":2.0,""383002"":2.0,""383003"":2.0}","{""383001"":1.0,""383002"":1.0,""383003"":1.0}",3,0,,INCONCLUSIVE_NO_PREDECLARED_PRACTICAL_THRESHOLD
squat_delta_capacity_kg,R²,compact_neural,ridge,"{""383001"":""compact_neural:383001"",""383002"":""compact_neural:383002"",""383003"":""compact_neural:383003""}","{""383001"":""ridge:383001"",""383002"":""ridge:383002"",""383003"":""ridge:383003""}","{""383001"":2.0,""383002"":2.0,""383003"":2.0}","{""383001"":6.0,""383002"":6.0,""383003"":6.0}",3,0,,INCONCLUSIVE_NO_PREDECLARED_PRACTICAL_THRESHOLD
squat_delta_capacity_kg,R²,context_mean,histogram_boosted_stumps,"{""383001"":""context_mean:383001"",""383002"":""context_mean:383002"",""383003"":""context_mean:383003""}","{""383001"":""histogram_boosted_stumps:383001"",""383002"":""histogram_boosted_stumps:383002"",""383003"":""histogram_boosted_stumps:383003""}","{""383001"":5.0,""383002"":5.0,""383003"":5.0}","{""383001"":7.0,""383002"":7.0,""383003"":7.0}",3,0,,INCONCLUSIVE_NO_PREDECLARED_PRACTICAL_THRESHOLD
squat_delta_capacity_kg,R²,context_mean,mechanistic_midpoint,"{""383001"":""context_mean:383001"",""383002"":""context_mean:383002"",""383003"":""context_mean:383003""}","{""383001"":""mechanistic_midpoint:383001"",""383002"":""mechanistic_midpoint:383002"",""383003"":""mechanistic_midpoint:383003""}","{""383001"":5.0,""383002"":5.0,""383003"":5.0}","{""383001"":4.0,""383002"":4.0,""383003"":4.0}",3,0,,INCONCLUSIVE_NO_PREDECLARED_PRACTICAL_THRESHOLD
squat_delta_capacity_kg,R²,context_mean,mechanistic_ridge_residual,"{""383001"":""context_mean:383001"",""383002"":""context_mean:383002"",""383003"":""context_mean:383003""}","{""383001"":""mechanistic_ridge_residual:383001"",""383002"":""mechanistic_ridge_residual:383002"",""383003"":""mechanistic_ridge_residual:383003""}","{""383001"":5.0,""383002"":5.0,""383003"":5.0}","{""383001"":3.0,""383002"":3.0,""383003"":3.0}",3,0,,INCONCLUSIVE_NO_PREDECLARED_PRACTICAL_THRESHOLD
squat_delta_capacity_kg,R²,context_mean,public-native-temporal-expert,"{""383001"":""context_mean:383001"",""383002"":""context_mean:383002"",""383003"":""context_mean:383003""}","{""383001"":""public-native-temporal-expert:383001"",""383002"":""public-native-temporal-expert:383002"",""383003"":""public-native-temporal-expert:383003""}","{""383001"":5.0,""383002"":5.0,""383003"":5.0}","{""383001"":1.0,""383002"":1.0,""383003"":1.0}",3,0,,INCONCLUSIVE_NO_PREDECLARED_PRACTICAL_THRESHOLD
squat_delta_capacity_kg,R²,context_mean,ridge,"{""383001"":""context_mean:383001"",""383002"":""context_mean:383002"",""383003"":""context_mean:383003""}","{""383001"":""ridge:383001"",""383002"":""ridge:383002"",""383003"":""ridge:383003""}","{""383001"":5.0,""383002"":5.0,""383003"":5.0}","{""383001"":6.0,""383002"":6.0,""383003"":6.0}",3,0,,INCONCLUSIVE_NO_PREDECLARED_PRACTICAL_THRESHOLD
squat_delta_capacity_kg,R²,histogram_boosted_stumps,mechanistic_midpoint,"{""383001"":""histogram_boosted_stumps:383001"",""383002"":""histogram_boosted_stumps:383002"",""383003"":""histogram_boosted_stumps:383003""}","{""383001"":""mechanistic_midpoint:383001"",""383002"":""mechanistic_midpoint:383002"",""383003"":""mechanistic_midpoint:383003""}","{""383001"":7.0,""383002"":7.0,""383003"":7.0}","{""383001"":4.0,""383002"":4.0,""383003"":4.0}",3,0,,INCONCLUSIVE_NO_PREDECLARED_PRACTICAL_THRESHOLD
squat_delta_capacity_kg,R²,histogram_boosted_stumps,mechanistic_ridge_residual,"{""383001"":""histogram_boosted_stumps:383001"",""383002"":""histogram_boosted_stumps:383002"",""383003"":""histogram_boosted_stumps:383003""}","{""383001"":""mechanistic_ridge_residual:383001"",""383002"":""mechanistic_ridge_residual:383002"",""383003"":""mechanistic_ridge_residual:383003""}","{""383001"":7.0,""383002"":7.0,""383003"":7.0}","{""383001"":3.0,""383002"":3.0,""383003"":3.0}",3,0,,INCONCLUSIVE_NO_PREDECLARED_PRACTICAL_THRESHOLD
squat_delta_capacity_kg,R²,histogram_boosted_stumps,public-native-temporal-expert,"{""383001"":""histogram_boosted_stumps:383001"",""383002"":""histogram_boosted_stumps:383002"",""383003"":""histogram_boosted_stumps:383003""}","{""383001"":""public-native-temporal-expert:383001"",""383002"":""public-native-temporal-expert:383002"",""383003"":""public-native-temporal-expert:383003""}","{""383001"":7.0,""383002"":7.0,""383003"":7.0}","{""383001"":1.0,""383002"":1.0,""383003"":1.0}",3,0,,INCONCLUSIVE_NO_PREDECLARED_PRACTICAL_THRESHOLD
squat_delta_capacity_kg,R²,histogram_boosted_stumps,ridge,"{""383001"":""histogram_boosted_stumps:383001"",""383002"":""histogram_boosted_stumps:383002"",""383003"":""histogram_boosted_stumps:383003""}","{""383001"":""ridge:383001"",""383002"":""ridge:383002"",""383003"":""ridge:383003""}","{""383001"":7.0,""383002"":7.0,""383003"":7.0}","{""383001"":6.0,""383002"":6.0,""383003"":6.0}",3,0,,INCONCLUSIVE_NO_PREDECLARED_PRACTICAL_THRESHOLD
squat_delta_capacity_kg,R²,mechanistic_midpoint,mechanistic_ridge_residual,"{""383001"":""mechanistic_midpoint:383001"",""383002"":""mechanistic_midpoint:383002"",""383003"":""mechanistic_midpoint:383003""}","{""383001"":""mechanistic_ridge_residual:383001"",""383002"":""mechanistic_ridge_residual:383002"",""383003"":""mechanistic_ridge_residual:383003""}","{""383001"":4.0,""383002"":4.0,""383003"":4.0}","{""383001"":3.0,""383002"":3.0,""383003"":3.0}",3,0,,INCONCLUSIVE_NO_PREDECLARED_PRACTICAL_THRESHOLD
squat_delta_capacity_kg,R²,mechanistic_midpoint,public-native-temporal-expert,"{""383001"":""mechanistic_midpoint:383001"",""383002"":""mechanistic_midpoint:383002"",""383003"":""mechanistic_midpoint:383003""}","{""383001"":""public-native-temporal-expert:383001"",""383002"":""public-native-temporal-expert:383002"",""383003"":""public-native-temporal-expert:383003""}","{""383001"":4.0,""383002"":4.0,""383003"":4.0}","{""383001"":1.0,""383002"":1.0,""383003"":1.0}",3,0,,INCONCLUSIVE_NO_PREDECLARED_PRACTICAL_THRESHOLD
squat_delta_capacity_kg,R²,mechanistic_midpoint,ridge,"{""383001"":""mechanistic_midpoint:383001"",""383002"":""mechanistic_midpoint:383002"",""383003"":""mechanistic_midpoint:383003""}","{""383001"":""ridge:383001"",""383002"":""ridge:383002"",""383003"":""ridge:383003""}","{""383001"":4.0,""383002"":4.0,""383003"":4.0}","{""383001"":6.0,""383002"":6.0,""383003"":6.0}",3,0,,INCONCLUSIVE_NO_PREDECLARED_PRACTICAL_THRESHOLD
squat_delta_capacity_kg,R²,mechanistic_ridge_residual,public-native-temporal-expert,"{""383001"":""mechanistic_ridge_residual:383001"",""383002"":""mechanistic_ridge_residual:383002"",""383003"":""mechanistic_ridge_residual:383003""}","{""383001"":""public-native-temporal-expert:383001"",""383002"":""public-native-temporal-expert:383002"",""383003"":""public-native-temporal-expert:383003""}","{""383001"":3.0,""383002"":3.0,""383003"":3.0}","{""383001"":1.0,""383002"":1.0,""383003"":1.0}",3,0,,INCONCLUSIVE_NO_PREDECLARED_PRACTICAL_THRESHOLD
squat_delta_capacity_kg,R²,mechanistic_ridge_residual,ridge,"{""383001"":""mechanistic_ridge_residual:383001"",""383002"":""mechanistic_ridge_residual:383002"",""383003"":""mechanistic_ridge_residual:383003""}","{""383001"":""ridge:383001"",""383002"":""ridge:383002"",""383003"":""ridge:383003""}","{""383001"":3.0,""383002"":3.0,""383003"":3.0}","{""383001"":6.0,""383002"":6.0,""383003"":6.0}",3,0,,INCONCLUSIVE_NO_PREDECLARED_PRACTICAL_THRESHOLD
squat_delta_capacity_kg,R²,public-native-temporal-expert,ridge,"{""383001"":""public-native-temporal-expert:383001"",""383002"":""public-native-temporal-expert:383002"",""383003"":""public-native-temporal-expert:383003""}","{""383001"":""ridge:383001"",""383002"":""ridge:383002"",""383003"":""ridge:383003""}","{""383001"":1.0,""383002"":1.0,""383003"":1.0}","{""383001"":6.0,""383002"":6.0,""383003"":6.0}",3,0,,INCONCLUSIVE_NO_PREDECLARED_PRACTICAL_THRESHOLD
squat_delta_capacity_kg,SRE(ddof=0),compact_neural,context_mean,"{""383001"":""compact_neural:383001"",""383002"":""compact_neural:383002"",""383003"":""compact_neural:383003""}","{""383001"":""context_mean:383001"",""383002"":""context_mean:383002"",""383003"":""context_mean:383003""}","{""383001"":2.0,""383002"":2.0,""383003"":2.0}","{""383001"":5.0,""383002"":5.0,""383003"":5.0}",3,0,,INCONCLUSIVE_NO_PREDECLARED_PRACTICAL_THRESHOLD
squat_delta_capacity_kg,SRE(ddof=0),compact_neural,histogram_boosted_stumps,"{""383001"":""compact_neural:383001"",""383002"":""compact_neural:383002"",""383003"":""compact_neural:383003""}","{""383001"":""histogram_boosted_stumps:383001"",""383002"":""histogram_boosted_stumps:383002"",""383003"":""histogram_boosted_stumps:383003""}","{""383001"":2.0,""383002"":2.0,""383003"":2.0}","{""383001"":7.0,""383002"":7.0,""383003"":7.0}",3,0,,INCONCLUSIVE_NO_PREDECLARED_PRACTICAL_THRESHOLD
squat_delta_capacity_kg,SRE(ddof=0),compact_neural,mechanistic_midpoint,"{""383001"":""compact_neural:383001"",""383002"":""compact_neural:383002"",""383003"":""compact_neural:383003""}","{""383001"":""mechanistic_midpoint:383001"",""383002"":""mechanistic_midpoint:383002"",""383003"":""mechanistic_midpoint:383003""}","{""383001"":2.0,""383002"":2.0,""383003"":2.0}","{""383001"":4.0,""383002"":4.0,""383003"":4.0}",3,0,,INCONCLUSIVE_NO_PREDECLARED_PRACTICAL_THRESHOLD
squat_delta_capacity_kg,SRE(ddof=0),compact_neural,mechanistic_ridge_residual,"{""383001"":""compact_neural:383001"",""383002"":""compact_neural:383002"",""383003"":""compact_neural:383003""}","{""383001"":""mechanistic_ridge_residual:383001"",""383002"":""mechanistic_ridge_residual:383002"",""383003"":""mechanistic_ridge_residual:383003""}","{""383001"":2.0,""383002"":2.0,""383003"":2.0}","{""383001"":3.0,""383002"":3.0,""383003"":3.0}",3,0,,INCONCLUSIVE_NO_PREDECLARED_PRACTICAL_THRESHOLD
squat_delta_capacity_kg,SRE(ddof=0),compact_neural,public-native-temporal-expert,"{""383001"":""compact_neural:383001"",""383002"":""compact_neural:383002"",""383003"":""compact_neural:383003""}","{""383001"":""public-native-temporal-expert:383001"",""383002"":""public-native-temporal-expert:383002"",""383003"":""public-native-temporal-expert:383003""}","{""383001"":2.0,""383002"":2.0,""383003"":2.0}","{""383001"":1.0,""383002"":1.0,""383003"":1.0}",3,0,,INCONCLUSIVE_NO_PREDECLARED_PRACTICAL_THRESHOLD
squat_delta_capacity_kg,SRE(ddof=0),compact_neural,ridge,"{""383001"":""compact_neural:383001"",""383002"":""compact_neural:383002"",""383003"":""compact_neural:383003""}","{""383001"":""ridge:383001"",""383002"":""ridge:383002"",""383003"":""ridge:383003""}","{""383001"":2.0,""383002"":2.0,""383003"":2.0}","{""383001"":6.0,""383002"":6.0,""383003"":6.0}",3,0,,INCONCLUSIVE_NO_PREDECLARED_PRACTICAL_THRESHOLD
squat_delta_capacity_kg,SRE(ddof=0),context_mean,histogram_boosted_stumps,"{""383001"":""context_mean:383001"",""383002"":""context_mean:383002"",""383003"":""context_mean:383003""}","{""383001"":""histogram_boosted_stumps:383001"",""383002"":""histogram_boosted_stumps:383002"",""383003"":""histogram_boosted_stumps:383003""}","{""383001"":5.0,""383002"":5.0,""383003"":5.0}","{""383001"":7.0,""383002"":7.0,""383003"":7.0}",3,0,,INCONCLUSIVE_NO_PREDECLARED_PRACTICAL_THRESHOLD
squat_delta_capacity_kg,SRE(ddof=0),context_mean,mechanistic_midpoint,"{""383001"":""context_mean:383001"",""383002"":""context_mean:383002"",""383003"":""context_mean:383003""}","{""383001"":""mechanistic_midpoint:383001"",""383002"":""mechanistic_midpoint:383002"",""383003"":""mechanistic_midpoint:383003""}","{""383001"":5.0,""383002"":5.0,""383003"":5.0}","{""383001"":4.0,""383002"":4.0,""383003"":4.0}",3,0,,INCONCLUSIVE_NO_PREDECLARED_PRACTICAL_THRESHOLD
squat_delta_capacity_kg,SRE(ddof=0),context_mean,mechanistic_ridge_residual,"{""383001"":""context_mean:383001"",""383002"":""context_mean:383002"",""383003"":""context_mean:383003""}","{""383001"":""mechanistic_ridge_residual:383001"",""383002"":""mechanistic_ridge_residual:383002"",""383003"":""mechanistic_ridge_residual:383003""}","{""383001"":5.0,""383002"":5.0,""383003"":5.0}","{""383001"":3.0,""383002"":3.0,""383003"":3.0}",3,0,,INCONCLUSIVE_NO_PREDECLARED_PRACTICAL_THRESHOLD
squat_delta_capacity_kg,SRE(ddof=0),context_mean,public-native-temporal-expert,"{""383001"":""context_mean:383001"",""383002"":""context_mean:383002"",""383003"":""context_mean:383003""}","{""383001"":""public-native-temporal-expert:383001"",""383002"":""public-native-temporal-expert:383002"",""383003"":""public-native-temporal-expert:383003""}","{""383001"":5.0,""383002"":5.0,""383003"":5.0}","{""383001"":1.0,""383002"":1.0,""383003"":1.0}",3,0,,INCONCLUSIVE_NO_PREDECLARED_PRACTICAL_THRESHOLD
squat_delta_capacity_kg,SRE(ddof=0),context_mean,ridge,"{""383001"":""context_mean:383001"",""383002"":""context_mean:383002"",""383003"":""context_mean:383003""}","{""383001"":""ridge:383001"",""383002"":""ridge:383002"",""383003"":""ridge:383003""}","{""383001"":5.0,""383002"":5.0,""383003"":5.0}","{""383001"":6.0,""383002"":6.0,""383003"":6.0}",3,0,,INCONCLUSIVE_NO_PREDECLARED_PRACTICAL_THRESHOLD
squat_delta_capacity_kg,SRE(ddof=0),histogram_boosted_stumps,mechanistic_midpoint,"{""383001"":""histogram_boosted_stumps:383001"",""383002"":""histogram_boosted_stumps:383002"",""383003"":""histogram_boosted_stumps:383003""}","{""383001"":""mechanistic_midpoint:383001"",""383002"":""mechanistic_midpoint:383002"",""383003"":""mechanistic_midpoint:383003""}","{""383001"":7.0,""383002"":7.0,""383003"":7.0}","{""383001"":4.0,""383002"":4.0,""383003"":4.0}",3,0,,INCONCLUSIVE_NO_PREDECLARED_PRACTICAL_THRESHOLD
squat_delta_capacity_kg,SRE(ddof=0),histogram_boosted_stumps,mechanistic_ridge_residual,"{""383001"":""histogram_boosted_stumps:383001"",""383002"":""histogram_boosted_stumps:383002"",""383003"":""histogram_boosted_stumps:383003""}","{""383001"":""mechanistic_ridge_residual:383001"",""383002"":""mechanistic_ridge_residual:383002"",""383003"":""mechanistic_ridge_residual:383003""}","{""383001"":7.0,""383002"":7.0,""383003"":7.0}","{""383001"":3.0,""383002"":3.0,""383003"":3.0}",3,0,,INCONCLUSIVE_NO_PREDECLARED_PRACTICAL_THRESHOLD
squat_delta_capacity_kg,SRE(ddof=0),histogram_boosted_stumps,public-native-temporal-expert,"{""383001"":""histogram_boosted_stumps:383001"",""383002"":""histogram_boosted_stumps:383002"",""383003"":""histogram_boosted_stumps:383003""}","{""383001"":""public-native-temporal-expert:383001"",""383002"":""public-native-temporal-expert:383002"",""383003"":""public-native-temporal-expert:383003""}","{""383001"":7.0,""383002"":7.0,""383003"":7.0}","{""383001"":1.0,""383002"":1.0,""383003"":1.0}",3,0,,INCONCLUSIVE_NO_PREDECLARED_PRACTICAL_THRESHOLD
squat_delta_capacity_kg,SRE(ddof=0),histogram_boosted_stumps,ridge,"{""383001"":""histogram_boosted_stumps:383001"",""383002"":""histogram_boosted_stumps:383002"",""383003"":""histogram_boosted_stumps:383003""}","{""383001"":""ridge:383001"",""383002"":""ridge:383002"",""383003"":""ridge:383003""}","{""383001"":7.0,""383002"":7.0,""383003"":7.0}","{""383001"":6.0,""383002"":6.0,""383003"":6.0}",3,0,,INCONCLUSIVE_NO_PREDECLARED_PRACTICAL_THRESHOLD
squat_delta_capacity_kg,SRE(ddof=0),mechanistic_midpoint,mechanistic_ridge_residual,"{""383001"":""mechanistic_midpoint:383001"",""383002"":""mechanistic_midpoint:383002"",""383003"":""mechanistic_midpoint:383003""}","{""383001"":""mechanistic_ridge_residual:383001"",""383002"":""mechanistic_ridge_residual:383002"",""383003"":""mechanistic_ridge_residual:383003""}","{""383001"":4.0,""383002"":4.0,""383003"":4.0}","{""383001"":3.0,""383002"":3.0,""383003"":3.0}",3,0,,INCONCLUSIVE_NO_PREDECLARED_PRACTICAL_THRESHOLD
squat_delta_capacity_kg,SRE(ddof=0),mechanistic_midpoint,public-native-temporal-expert,"{""383001"":""mechanistic_midpoint:383001"",""383002"":""mechanistic_midpoint:383002"",""383003"":""mechanistic_midpoint:383003""}","{""383001"":""public-native-temporal-expert:383001"",""383002"":""public-native-temporal-expert:383002"",""383003"":""public-native-temporal-expert:383003""}","{""383001"":4.0,""383002"":4.0,""383003"":4.0}","{""383001"":1.0,""383002"":1.0,""383003"":1.0}",3,0,,INCONCLUSIVE_NO_PREDECLARED_PRACTICAL_THRESHOLD
squat_delta_capacity_kg,SRE(ddof=0),mechanistic_midpoint,ridge,"{""383001"":""mechanistic_midpoint:383001"",""383002"":""mechanistic_midpoint:383002"",""383003"":""mechanistic_midpoint:383003""}","{""383001"":""ridge:383001"",""383002"":""ridge:383002"",""383003"":""ridge:383003""}","{""383001"":4.0,""383002"":4.0,""383003"":4.0}","{""383001"":6.0,""383002"":6.0,""383003"":6.0}",3,0,,INCONCLUSIVE_NO_PREDECLARED_PRACTICAL_THRESHOLD
squat_delta_capacity_kg,SRE(ddof=0),mechanistic_ridge_residual,public-native-temporal-expert,"{""383001"":""mechanistic_ridge_residual:383001"",""383002"":""mechanistic_ridge_residual:383002"",""383003"":""mechanistic_ridge_residual:383003""}","{""383001"":""public-native-temporal-expert:383001"",""383002"":""public-native-temporal-expert:383002"",""383003"":""public-native-temporal-expert:383003""}","{""383001"":3.0,""383002"":3.0,""383003"":3.0}","{""383001"":1.0,""383002"":1.0,""383003"":1.0}",3,0,,INCONCLUSIVE_NO_PREDECLARED_PRACTICAL_THRESHOLD
squat_delta_capacity_kg,SRE(ddof=0),mechanistic_ridge_residual,ridge,"{""383001"":""mechanistic_ridge_residual:383001"",""383002"":""mechanistic_ridge_residual:383002"",""383003"":""mechanistic_ridge_residual:383003""}","{""383001"":""ridge:383001"",""383002"":""ridge:383002"",""383003"":""ridge:383003""}","{""383001"":3.0,""383002"":3.0,""383003"":3.0}","{""383001"":6.0,""383002"":6.0,""383003"":6.0}",3,0,,INCONCLUSIVE_NO_PREDECLARED_PRACTICAL_THRESHOLD
squat_delta_capacity_kg,SRE(ddof=0),public-native-temporal-expert,ridge,"{""383001"":""public-native-temporal-expert:383001"",""383002"":""public-native-temporal-expert:383002"",""383003"":""public-native-temporal-expert:383003""}","{""383001"":""ridge:383001"",""383002"":""ridge:383002"",""383003"":""ridge:383003""}","{""383001"":1.0,""383002"":1.0,""383003"":1.0}","{""383001"":6.0,""383002"":6.0,""383003"":6.0}",3,0,,INCONCLUSIVE_NO_PREDECLARED_PRACTICAL_THRESHOLD
bench_press_delta_capacity_kg,RMSE,compact_neural,context_mean,"{""383001"":""compact_neural:383001"",""383002"":""compact_neural:383002"",""383003"":""compact_neural:383003""}","{""383001"":""context_mean:383001"",""383002"":""context_mean:383002"",""383003"":""context_mean:383003""}","{""383001"":2.0,""383002"":2.0,""383003"":2.0}","{""383001"":5.0,""383002"":5.0,""383003"":5.0}",3,0,,INCONCLUSIVE_NO_PREDECLARED_PRACTICAL_THRESHOLD
bench_press_delta_capacity_kg,RMSE,compact_neural,histogram_boosted_stumps,"{""383001"":""compact_neural:383001"",""383002"":""compact_neural:383002"",""383003"":""compact_neural:383003""}","{""383001"":""histogram_boosted_stumps:383001"",""383002"":""histogram_boosted_stumps:383002"",""383003"":""histogram_boosted_stumps:383003""}","{""383001"":2.0,""383002"":2.0,""383003"":2.0}","{""383001"":7.0,""383002"":7.0,""383003"":7.0}",3,0,,INCONCLUSIVE_NO_PREDECLARED_PRACTICAL_THRESHOLD
bench_press_delta_capacity_kg,RMSE,compact_neural,mechanistic_midpoint,"{""383001"":""compact_neural:383001"",""383002"":""compact_neural:383002"",""383003"":""compact_neural:383003""}","{""383001"":""mechanistic_midpoint:383001"",""383002"":""mechanistic_midpoint:383002"",""383003"":""mechanistic_midpoint:383003""}","{""383001"":2.0,""383002"":2.0,""383003"":2.0}","{""383001"":4.0,""383002"":4.0,""383003"":4.0}",3,0,,INCONCLUSIVE_NO_PREDECLARED_PRACTICAL_THRESHOLD
bench_press_delta_capacity_kg,RMSE,compact_neural,mechanistic_ridge_residual,"{""383001"":""compact_neural:383001"",""383002"":""compact_neural:383002"",""383003"":""compact_neural:383003""}","{""383001"":""mechanistic_ridge_residual:383001"",""383002"":""mechanistic_ridge_residual:383002"",""383003"":""mechanistic_ridge_residual:383003""}","{""383001"":2.0,""383002"":2.0,""383003"":2.0}","{""383001"":3.0,""383002"":3.0,""383003"":3.0}",3,0,,INCONCLUSIVE_NO_PREDECLARED_PRACTICAL_THRESHOLD
bench_press_delta_capacity_kg,RMSE,compact_neural,public-native-temporal-expert,"{""383001"":""compact_neural:383001"",""383002"":""compact_neural:383002"",""383003"":""compact_neural:383003""}","{""383001"":""public-native-temporal-expert:383001"",""383002"":""public-native-temporal-expert:383002"",""383003"":""public-native-temporal-expert:383003""}","{""383001"":2.0,""383002"":2.0,""383003"":2.0}","{""383001"":1.0,""383002"":1.0,""383003"":1.0}",3,0,,INCONCLUSIVE_NO_PREDECLARED_PRACTICAL_THRESHOLD
bench_press_delta_capacity_kg,RMSE,compact_neural,ridge,"{""383001"":""compact_neural:383001"",""383002"":""compact_neural:383002"",""383003"":""compact_neural:383003""}","{""383001"":""ridge:383001"",""383002"":""ridge:383002"",""383003"":""ridge:383003""}","{""383001"":2.0,""383002"":2.0,""383003"":2.0}","{""383001"":6.0,""383002"":6.0,""383003"":6.0}",3,0,,INCONCLUSIVE_NO_PREDECLARED_PRACTICAL_THRESHOLD
bench_press_delta_capacity_kg,RMSE,context_mean,histogram_boosted_stumps,"{""383001"":""context_mean:383001"",""383002"":""context_mean:383002"",""383003"":""context_mean:383003""}","{""383001"":""histogram_boosted_stumps:383001"",""383002"":""histogram_boosted_stumps:383002"",""383003"":""histogram_boosted_stumps:383003""}","{""383001"":5.0,""383002"":5.0,""383003"":5.0}","{""383001"":7.0,""383002"":7.0,""383003"":7.0}",3,0,,INCONCLUSIVE_NO_PREDECLARED_PRACTICAL_THRESHOLD
bench_press_delta_capacity_kg,RMSE,context_mean,mechanistic_midpoint,"{""383001"":""context_mean:383001"",""383002"":""context_mean:383002"",""383003"":""context_mean:383003""}","{""383001"":""mechanistic_midpoint:383001"",""383002"":""mechanistic_midpoint:383002"",""383003"":""mechanistic_midpoint:383003""}","{""383001"":5.0,""383002"":5.0,""383003"":5.0}","{""383001"":4.0,""383002"":4.0,""383003"":4.0}",3,0,,INCONCLUSIVE_NO_PREDECLARED_PRACTICAL_THRESHOLD
bench_press_delta_capacity_kg,RMSE,context_mean,mechanistic_ridge_residual,"{""383001"":""context_mean:383001"",""383002"":""context_mean:383002"",""383003"":""context_mean:383003""}","{""383001"":""mechanistic_ridge_residual:383001"",""383002"":""mechanistic_ridge_residual:383002"",""383003"":""mechanistic_ridge_residual:383003""}","{""383001"":5.0,""383002"":5.0,""383003"":5.0}","{""383001"":3.0,""383002"":3.0,""383003"":3.0}",3,0,,INCONCLUSIVE_NO_PREDECLARED_PRACTICAL_THRESHOLD
bench_press_delta_capacity_kg,RMSE,context_mean,public-native-temporal-expert,"{""383001"":""context_mean:383001"",""383002"":""context_mean:383002"",""383003"":""context_mean:383003""}","{""383001"":""public-native-temporal-expert:383001"",""383002"":""public-native-temporal-expert:383002"",""383003"":""public-native-temporal-expert:383003""}","{""383001"":5.0,""383002"":5.0,""383003"":5.0}","{""383001"":1.0,""383002"":1.0,""383003"":1.0}",3,0,,INCONCLUSIVE_NO_PREDECLARED_PRACTICAL_THRESHOLD
bench_press_delta_capacity_kg,RMSE,context_mean,ridge,"{""383001"":""context_mean:383001"",""383002"":""context_mean:383002"",""383003"":""context_mean:383003""}","{""383001"":""ridge:383001"",""383002"":""ridge:383002"",""383003"":""ridge:383003""}","{""383001"":5.0,""383002"":5.0,""383003"":5.0}","{""383001"":6.0,""383002"":6.0,""383003"":6.0}",3,0,,INCONCLUSIVE_NO_PREDECLARED_PRACTICAL_THRESHOLD
bench_press_delta_capacity_kg,RMSE,histogram_boosted_stumps,mechanistic_midpoint,"{""383001"":""histogram_boosted_stumps:383001"",""383002"":""histogram_boosted_stumps:383002"",""383003"":""histogram_boosted_stumps:383003""}","{""383001"":""mechanistic_midpoint:383001"",""383002"":""mechanistic_midpoint:383002"",""383003"":""mechanistic_midpoint:383003""}","{""383001"":7.0,""383002"":7.0,""383003"":7.0}","{""383001"":4.0,""383002"":4.0,""383003"":4.0}",3,0,,INCONCLUSIVE_NO_PREDECLARED_PRACTICAL_THRESHOLD
bench_press_delta_capacity_kg,RMSE,histogram_boosted_stumps,mechanistic_ridge_residual,"{""383001"":""histogram_boosted_stumps:383001"",""383002"":""histogram_boosted_stumps:383002"",""383003"":""histogram_boosted_stumps:383003""}","{""383001"":""mechanistic_ridge_residual:383001"",""383002"":""mechanistic_ridge_residual:383002"",""383003"":""mechanistic_ridge_residual:383003""}","{""383001"":7.0,""383002"":7.0,""383003"":7.0}","{""383001"":3.0,""383002"":3.0,""383003"":3.0}",3,0,,INCONCLUSIVE_NO_PREDECLARED_PRACTICAL_THRESHOLD
bench_press_delta_capacity_kg,RMSE,histogram_boosted_stumps,public-native-temporal-expert,"{""383001"":""histogram_boosted_stumps:383001"",""383002"":""histogram_boosted_stumps:383002"",""383003"":""histogram_boosted_stumps:383003""}","{""383001"":""public-native-temporal-expert:383001"",""383002"":""public-native-temporal-expert:383002"",""383003"":""public-native-temporal-expert:383003""}","{""383001"":7.0,""383002"":7.0,""383003"":7.0}","{""383001"":1.0,""383002"":1.0,""383003"":1.0}",3,0,,INCONCLUSIVE_NO_PREDECLARED_PRACTICAL_THRESHOLD
bench_press_delta_capacity_kg,RMSE,histogram_boosted_stumps,ridge,"{""383001"":""histogram_boosted_stumps:383001"",""383002"":""histogram_boosted_stumps:383002"",""383003"":""histogram_boosted_stumps:383003""}","{""383001"":""ridge:383001"",""383002"":""ridge:383002"",""383003"":""ridge:383003""}","{""383001"":7.0,""383002"":7.0,""383003"":7.0}","{""383001"":6.0,""383002"":6.0,""383003"":6.0}",3,0,,INCONCLUSIVE_NO_PREDECLARED_PRACTICAL_THRESHOLD
bench_press_delta_capacity_kg,RMSE,mechanistic_midpoint,mechanistic_ridge_residual,"{""383001"":""mechanistic_midpoint:383001"",""383002"":""mechanistic_midpoint:383002"",""383003"":""mechanistic_midpoint:383003""}","{""383001"":""mechanistic_ridge_residual:383001"",""383002"":""mechanistic_ridge_residual:383002"",""383003"":""mechanistic_ridge_residual:383003""}","{""383001"":4.0,""383002"":4.0,""383003"":4.0}","{""383001"":3.0,""383002"":3.0,""383003"":3.0}",3,0,,INCONCLUSIVE_NO_PREDECLARED_PRACTICAL_THRESHOLD
bench_press_delta_capacity_kg,RMSE,mechanistic_midpoint,public-native-temporal-expert,"{""383001"":""mechanistic_midpoint:383001"",""383002"":""mechanistic_midpoint:383002"",""383003"":""mechanistic_midpoint:383003""}","{""383001"":""public-native-temporal-expert:383001"",""383002"":""public-native-temporal-expert:383002"",""383003"":""public-native-temporal-expert:383003""}","{""383001"":4.0,""383002"":4.0,""383003"":4.0}","{""383001"":1.0,""383002"":1.0,""383003"":1.0}",3,0,,INCONCLUSIVE_NO_PREDECLARED_PRACTICAL_THRESHOLD
bench_press_delta_capacity_kg,RMSE,mechanistic_midpoint,ridge,"{""383001"":""mechanistic_midpoint:383001"",""383002"":""mechanistic_midpoint:383002"",""383003"":""mechanistic_midpoint:383003""}","{""383001"":""ridge:383001"",""383002"":""ridge:383002"",""383003"":""ridge:383003""}","{""383001"":4.0,""383002"":4.0,""383003"":4.0}","{""383001"":6.0,""383002"":6.0,""383003"":6.0}",3,0,,INCONCLUSIVE_NO_PREDECLARED_PRACTICAL_THRESHOLD
bench_press_delta_capacity_kg,RMSE,mechanistic_ridge_residual,public-native-temporal-expert,"{""383001"":""mechanistic_ridge_residual:383001"",""383002"":""mechanistic_ridge_residual:383002"",""383003"":""mechanistic_ridge_residual:383003""}","{""383001"":""public-native-temporal-expert:383001"",""383002"":""public-native-temporal-expert:383002"",""383003"":""public-native-temporal-expert:383003""}","{""383001"":3.0,""383002"":3.0,""383003"":3.0}","{""383001"":1.0,""383002"":1.0,""383003"":1.0}",3,0,,INCONCLUSIVE_NO_PREDECLARED_PRACTICAL_THRESHOLD
bench_press_delta_capacity_kg,RMSE,mechanistic_ridge_residual,ridge,"{""383001"":""mechanistic_ridge_residual:383001"",""383002"":""mechanistic_ridge_residual:383002"",""383003"":""mechanistic_ridge_residual:383003""}","{""383001"":""ridge:383001"",""383002"":""ridge:383002"",""383003"":""ridge:383003""}","{""383001"":3.0,""383002"":3.0,""383003"":3.0}","{""383001"":6.0,""383002"":6.0,""383003"":6.0}",3,0,,INCONCLUSIVE_NO_PREDECLARED_PRACTICAL_THRESHOLD
bench_press_delta_capacity_kg,RMSE,public-native-temporal-expert,ridge,"{""383001"":""public-native-temporal-expert:383001"",""383002"":""public-native-temporal-expert:383002"",""383003"":""public-native-temporal-expert:383003""}","{""383001"":""ridge:383001"",""383002"":""ridge:383002"",""383003"":""ridge:383003""}","{""383001"":1.0,""383002"":1.0,""383003"":1.0}","{""383001"":6.0,""383002"":6.0,""383003"":6.0}",3,0,,INCONCLUSIVE_NO_PREDECLARED_PRACTICAL_THRESHOLD
bench_press_delta_capacity_kg,MAE,compact_neural,context_mean,"{""383001"":""compact_neural:383001"",""383002"":""compact_neural:383002"",""383003"":""compact_neural:383003""}","{""383001"":""context_mean:383001"",""383002"":""context_mean:383002"",""383003"":""context_mean:383003""}","{""383001"":2.0,""383002"":2.0,""383003"":2.0}","{""383001"":5.0,""383002"":5.0,""383003"":5.0}",3,0,,INCONCLUSIVE_NO_PREDECLARED_PRACTICAL_THRESHOLD
bench_press_delta_capacity_kg,MAE,compact_neural,histogram_boosted_stumps,"{""383001"":""compact_neural:383001"",""383002"":""compact_neural:383002"",""383003"":""compact_neural:383003""}","{""383001"":""histogram_boosted_stumps:383001"",""383002"":""histogram_boosted_stumps:383002"",""383003"":""histogram_boosted_stumps:383003""}","{""383001"":2.0,""383002"":2.0,""383003"":2.0}","{""383001"":6.0,""383002"":6.0,""383003"":6.0}",3,0,,INCONCLUSIVE_NO_PREDECLARED_PRACTICAL_THRESHOLD
bench_press_delta_capacity_kg,MAE,compact_neural,mechanistic_midpoint,"{""383001"":""compact_neural:383001"",""383002"":""compact_neural:383002"",""383003"":""compact_neural:383003""}","{""383001"":""mechanistic_midpoint:383001"",""383002"":""mechanistic_midpoint:383002"",""383003"":""mechanistic_midpoint:383003""}","{""383001"":2.0,""383002"":2.0,""383003"":2.0}","{""383001"":3.0,""383002"":3.0,""383003"":3.0}",3,0,,INCONCLUSIVE_NO_PREDECLARED_PRACTICAL_THRESHOLD
bench_press_delta_capacity_kg,MAE,compact_neural,mechanistic_ridge_residual,"{""383001"":""compact_neural:383001"",""383002"":""compact_neural:383002"",""383003"":""compact_neural:383003""}","{""383001"":""mechanistic_ridge_residual:383001"",""383002"":""mechanistic_ridge_residual:383002"",""383003"":""mechanistic_ridge_residual:383003""}","{""383001"":2.0,""383002"":2.0,""383003"":2.0}","{""383001"":4.0,""383002"":4.0,""383003"":4.0}",3,0,,INCONCLUSIVE_NO_PREDECLARED_PRACTICAL_THRESHOLD
bench_press_delta_capacity_kg,MAE,compact_neural,public-native-temporal-expert,"{""383001"":""compact_neural:383001"",""383002"":""compact_neural:383002"",""383003"":""compact_neural:383003""}","{""383001"":""public-native-temporal-expert:383001"",""383002"":""public-native-temporal-expert:383002"",""383003"":""public-native-temporal-expert:383003""}","{""383001"":2.0,""383002"":2.0,""383003"":2.0}","{""383001"":1.0,""383002"":1.0,""383003"":1.0}",3,0,,INCONCLUSIVE_NO_PREDECLARED_PRACTICAL_THRESHOLD
bench_press_delta_capacity_kg,MAE,compact_neural,ridge,"{""383001"":""compact_neural:383001"",""383002"":""compact_neural:383002"",""383003"":""compact_neural:383003""}","{""383001"":""ridge:383001"",""383002"":""ridge:383002"",""383003"":""ridge:383003""}","{""383001"":2.0,""383002"":2.0,""383003"":2.0}","{""383001"":7.0,""383002"":7.0,""383003"":7.0}",3,0,,INCONCLUSIVE_NO_PREDECLARED_PRACTICAL_THRESHOLD
bench_press_delta_capacity_kg,MAE,context_mean,histogram_boosted_stumps,"{""383001"":""context_mean:383001"",""383002"":""context_mean:383002"",""383003"":""context_mean:383003""}","{""383001"":""histogram_boosted_stumps:383001"",""383002"":""histogram_boosted_stumps:383002"",""383003"":""histogram_boosted_stumps:383003""}","{""383001"":5.0,""383002"":5.0,""383003"":5.0}","{""383001"":6.0,""383002"":6.0,""383003"":6.0}",3,0,,INCONCLUSIVE_NO_PREDECLARED_PRACTICAL_THRESHOLD
bench_press_delta_capacity_kg,MAE,context_mean,mechanistic_midpoint,"{""383001"":""context_mean:383001"",""383002"":""context_mean:383002"",""383003"":""context_mean:383003""}","{""383001"":""mechanistic_midpoint:383001"",""383002"":""mechanistic_midpoint:383002"",""383003"":""mechanistic_midpoint:383003""}","{""383001"":5.0,""383002"":5.0,""383003"":5.0}","{""383001"":3.0,""383002"":3.0,""383003"":3.0}",3,0,,INCONCLUSIVE_NO_PREDECLARED_PRACTICAL_THRESHOLD
bench_press_delta_capacity_kg,MAE,context_mean,mechanistic_ridge_residual,"{""383001"":""context_mean:383001"",""383002"":""context_mean:383002"",""383003"":""context_mean:383003""}","{""383001"":""mechanistic_ridge_residual:383001"",""383002"":""mechanistic_ridge_residual:383002"",""383003"":""mechanistic_ridge_residual:383003""}","{""383001"":5.0,""383002"":5.0,""383003"":5.0}","{""383001"":4.0,""383002"":4.0,""383003"":4.0}",3,0,,INCONCLUSIVE_NO_PREDECLARED_PRACTICAL_THRESHOLD
bench_press_delta_capacity_kg,MAE,context_mean,public-native-temporal-expert,"{""383001"":""context_mean:383001"",""383002"":""context_mean:383002"",""383003"":""context_mean:383003""}","{""383001"":""public-native-temporal-expert:383001"",""383002"":""public-native-temporal-expert:383002"",""383003"":""public-native-temporal-expert:383003""}","{""383001"":5.0,""383002"":5.0,""383003"":5.0}","{""383001"":1.0,""383002"":1.0,""383003"":1.0}",3,0,,INCONCLUSIVE_NO_PREDECLARED_PRACTICAL_THRESHOLD
bench_press_delta_capacity_kg,MAE,context_mean,ridge,"{""383001"":""context_mean:383001"",""383002"":""context_mean:383002"",""383003"":""context_mean:383003""}","{""383001"":""ridge:383001"",""383002"":""ridge:383002"",""383003"":""ridge:383003""}","{""383001"":5.0,""383002"":5.0,""383003"":5.0}","{""383001"":7.0,""383002"":7.0,""383003"":7.0}",3,0,,INCONCLUSIVE_NO_PREDECLARED_PRACTICAL_THRESHOLD
bench_press_delta_capacity_kg,MAE,histogram_boosted_stumps,mechanistic_midpoint,"{""383001"":""histogram_boosted_stumps:383001"",""383002"":""histogram_boosted_stumps:383002"",""383003"":""histogram_boosted_stumps:383003""}","{""383001"":""mechanistic_midpoint:383001"",""383002"":""mechanistic_midpoint:383002"",""383003"":""mechanistic_midpoint:383003""}","{""383001"":6.0,""383002"":6.0,""383003"":6.0}","{""383001"":3.0,""383002"":3.0,""383003"":3.0}",3,0,,INCONCLUSIVE_NO_PREDECLARED_PRACTICAL_THRESHOLD
bench_press_delta_capacity_kg,MAE,histogram_boosted_stumps,mechanistic_ridge_residual,"{""383001"":""histogram_boosted_stumps:383001"",""383002"":""histogram_boosted_stumps:383002"",""383003"":""histogram_boosted_stumps:383003""}","{""383001"":""mechanistic_ridge_residual:383001"",""383002"":""mechanistic_ridge_residual:383002"",""383003"":""mechanistic_ridge_residual:383003""}","{""383001"":6.0,""383002"":6.0,""383003"":6.0}","{""383001"":4.0,""383002"":4.0,""383003"":4.0}",3,0,,INCONCLUSIVE_NO_PREDECLARED_PRACTICAL_THRESHOLD
bench_press_delta_capacity_kg,MAE,histogram_boosted_stumps,public-native-temporal-expert,"{""383001"":""histogram_boosted_stumps:383001"",""383002"":""histogram_boosted_stumps:383002"",""383003"":""histogram_boosted_stumps:383003""}","{""383001"":""public-native-temporal-expert:383001"",""383002"":""public-native-temporal-expert:383002"",""383003"":""public-native-temporal-expert:383003""}","{""383001"":6.0,""383002"":6.0,""383003"":6.0}","{""383001"":1.0,""383002"":1.0,""383003"":1.0}",3,0,,INCONCLUSIVE_NO_PREDECLARED_PRACTICAL_THRESHOLD
bench_press_delta_capacity_kg,MAE,histogram_boosted_stumps,ridge,"{""383001"":""histogram_boosted_stumps:383001"",""383002"":""histogram_boosted_stumps:383002"",""383003"":""histogram_boosted_stumps:383003""}","{""383001"":""ridge:383001"",""383002"":""ridge:383002"",""383003"":""ridge:383003""}","{""383001"":6.0,""383002"":6.0,""383003"":6.0}","{""383001"":7.0,""383002"":7.0,""383003"":7.0}",3,0,,INCONCLUSIVE_NO_PREDECLARED_PRACTICAL_THRESHOLD
bench_press_delta_capacity_kg,MAE,mechanistic_midpoint,mechanistic_ridge_residual,"{""383001"":""mechanistic_midpoint:383001"",""383002"":""mechanistic_midpoint:383002"",""383003"":""mechanistic_midpoint:383003""}","{""383001"":""mechanistic_ridge_residual:383001"",""383002"":""mechanistic_ridge_residual:383002"",""383003"":""mechanistic_ridge_residual:383003""}","{""383001"":3.0,""383002"":3.0,""383003"":3.0}","{""383001"":4.0,""383002"":4.0,""383003"":4.0}",3,0,,INCONCLUSIVE_NO_PREDECLARED_PRACTICAL_THRESHOLD
bench_press_delta_capacity_kg,MAE,mechanistic_midpoint,public-native-temporal-expert,"{""383001"":""mechanistic_midpoint:383001"",""383002"":""mechanistic_midpoint:383002"",""383003"":""mechanistic_midpoint:383003""}","{""383001"":""public-native-temporal-expert:383001"",""383002"":""public-native-temporal-expert:383002"",""383003"":""public-native-temporal-expert:383003""}","{""383001"":3.0,""383002"":3.0,""383003"":3.0}","{""383001"":1.0,""383002"":1.0,""383003"":1.0}",3,0,,INCONCLUSIVE_NO_PREDECLARED_PRACTICAL_THRESHOLD
bench_press_delta_capacity_kg,MAE,mechanistic_midpoint,ridge,"{""383001"":""mechanistic_midpoint:383001"",""383002"":""mechanistic_midpoint:383002"",""383003"":""mechanistic_midpoint:383003""}","{""383001"":""ridge:383001"",""383002"":""ridge:383002"",""383003"":""ridge:383003""}","{""383001"":3.0,""383002"":3.0,""383003"":3.0}","{""383001"":7.0,""383002"":7.0,""383003"":7.0}",3,0,,INCONCLUSIVE_NO_PREDECLARED_PRACTICAL_THRESHOLD
bench_press_delta_capacity_kg,MAE,mechanistic_ridge_residual,public-native-temporal-expert,"{""383001"":""mechanistic_ridge_residual:383001"",""383002"":""mechanistic_ridge_residual:383002"",""383003"":""mechanistic_ridge_residual:383003""}","{""383001"":""public-native-temporal-expert:383001"",""383002"":""public-native-temporal-expert:383002"",""383003"":""public-native-temporal-expert:383003""}","{""383001"":4.0,""383002"":4.0,""383003"":4.0}","{""383001"":1.0,""383002"":1.0,""383003"":1.0}",3,0,,INCONCLUSIVE_NO_PREDECLARED_PRACTICAL_THRESHOLD
bench_press_delta_capacity_kg,MAE,mechanistic_ridge_residual,ridge,"{""383001"":""mechanistic_ridge_residual:383001"",""383002"":""mechanistic_ridge_residual:383002"",""383003"":""mechanistic_ridge_residual:383003""}","{""383001"":""ridge:383001"",""383002"":""ridge:383002"",""383003"":""ridge:383003""}","{""383001"":4.0,""383002"":4.0,""383003"":4.0}","{""383001"":7.0,""383002"":7.0,""383003"":7.0}",3,0,,INCONCLUSIVE_NO_PREDECLARED_PRACTICAL_THRESHOLD
bench_press_delta_capacity_kg,MAE,public-native-temporal-expert,ridge,"{""383001"":""public-native-temporal-expert:383001"",""383002"":""public-native-temporal-expert:383002"",""383003"":""public-native-temporal-expert:383003""}","{""383001"":""ridge:383001"",""383002"":""ridge:383002"",""383003"":""ridge:383003""}","{""383001"":1.0,""383002"":1.0,""383003"":1.0}","{""383001"":7.0,""383002"":7.0,""383003"":7.0}",3,0,,INCONCLUSIVE_NO_PREDECLARED_PRACTICAL_THRESHOLD
bench_press_delta_capacity_kg,R²,compact_neural,context_mean,"{""383001"":""compact_neural:383001"",""383002"":""compact_neural:383002"",""383003"":""compact_neural:383003""}","{""383001"":""context_mean:383001"",""383002"":""context_mean:383002"",""383003"":""context_mean:383003""}","{""383001"":2.0,""383002"":2.0,""383003"":2.0}","{""383001"":5.0,""383002"":5.0,""383003"":5.0}",3,0,,INCONCLUSIVE_NO_PREDECLARED_PRACTICAL_THRESHOLD
bench_press_delta_capacity_kg,R²,compact_neural,histogram_boosted_stumps,"{""383001"":""compact_neural:383001"",""383002"":""compact_neural:383002"",""383003"":""compact_neural:383003""}","{""383001"":""histogram_boosted_stumps:383001"",""383002"":""histogram_boosted_stumps:383002"",""383003"":""histogram_boosted_stumps:383003""}","{""383001"":2.0,""383002"":2.0,""383003"":2.0}","{""383001"":7.0,""383002"":7.0,""383003"":7.0}",3,0,,INCONCLUSIVE_NO_PREDECLARED_PRACTICAL_THRESHOLD
bench_press_delta_capacity_kg,R²,compact_neural,mechanistic_midpoint,"{""383001"":""compact_neural:383001"",""383002"":""compact_neural:383002"",""383003"":""compact_neural:383003""}","{""383001"":""mechanistic_midpoint:383001"",""383002"":""mechanistic_midpoint:383002"",""383003"":""mechanistic_midpoint:383003""}","{""383001"":2.0,""383002"":2.0,""383003"":2.0}","{""383001"":4.0,""383002"":4.0,""383003"":4.0}",3,0,,INCONCLUSIVE_NO_PREDECLARED_PRACTICAL_THRESHOLD
bench_press_delta_capacity_kg,R²,compact_neural,mechanistic_ridge_residual,"{""383001"":""compact_neural:383001"",""383002"":""compact_neural:383002"",""383003"":""compact_neural:383003""}","{""383001"":""mechanistic_ridge_residual:383001"",""383002"":""mechanistic_ridge_residual:383002"",""383003"":""mechanistic_ridge_residual:383003""}","{""383001"":2.0,""383002"":2.0,""383003"":2.0}","{""383001"":3.0,""383002"":3.0,""383003"":3.0}",3,0,,INCONCLUSIVE_NO_PREDECLARED_PRACTICAL_THRESHOLD
bench_press_delta_capacity_kg,R²,compact_neural,public-native-temporal-expert,"{""383001"":""compact_neural:383001"",""383002"":""compact_neural:383002"",""383003"":""compact_neural:383003""}","{""383001"":""public-native-temporal-expert:383001"",""383002"":""public-native-temporal-expert:383002"",""383003"":""public-native-temporal-expert:383003""}","{""383001"":2.0,""383002"":2.0,""383003"":2.0}","{""383001"":1.0,""383002"":1.0,""383003"":1.0}",3,0,,INCONCLUSIVE_NO_PREDECLARED_PRACTICAL_THRESHOLD
bench_press_delta_capacity_kg,R²,compact_neural,ridge,"{""383001"":""compact_neural:383001"",""383002"":""compact_neural:383002"",""383003"":""compact_neural:383003""}","{""383001"":""ridge:383001"",""383002"":""ridge:383002"",""383003"":""ridge:383003""}","{""383001"":2.0,""383002"":2.0,""383003"":2.0}","{""383001"":6.0,""383002"":6.0,""383003"":6.0}",3,0,,INCONCLUSIVE_NO_PREDECLARED_PRACTICAL_THRESHOLD
bench_press_delta_capacity_kg,R²,context_mean,histogram_boosted_stumps,"{""383001"":""context_mean:383001"",""383002"":""context_mean:383002"",""383003"":""context_mean:383003""}","{""383001"":""histogram_boosted_stumps:383001"",""383002"":""histogram_boosted_stumps:383002"",""383003"":""histogram_boosted_stumps:383003""}","{""383001"":5.0,""383002"":5.0,""383003"":5.0}","{""383001"":7.0,""383002"":7.0,""383003"":7.0}",3,0,,INCONCLUSIVE_NO_PREDECLARED_PRACTICAL_THRESHOLD
bench_press_delta_capacity_kg,R²,context_mean,mechanistic_midpoint,"{""383001"":""context_mean:383001"",""383002"":""context_mean:383002"",""383003"":""context_mean:383003""}","{""383001"":""mechanistic_midpoint:383001"",""383002"":""mechanistic_midpoint:383002"",""383003"":""mechanistic_midpoint:383003""}","{""383001"":5.0,""383002"":5.0,""383003"":5.0}","{""383001"":4.0,""383002"":4.0,""383003"":4.0}",3,0,,INCONCLUSIVE_NO_PREDECLARED_PRACTICAL_THRESHOLD
bench_press_delta_capacity_kg,R²,context_mean,mechanistic_ridge_residual,"{""383001"":""context_mean:383001"",""383002"":""context_mean:383002"",""383003"":""context_mean:383003""}","{""383001"":""mechanistic_ridge_residual:383001"",""383002"":""mechanistic_ridge_residual:383002"",""383003"":""mechanistic_ridge_residual:383003""}","{""383001"":5.0,""383002"":5.0,""383003"":5.0}","{""383001"":3.0,""383002"":3.0,""383003"":3.0}",3,0,,INCONCLUSIVE_NO_PREDECLARED_PRACTICAL_THRESHOLD
bench_press_delta_capacity_kg,R²,context_mean,public-native-temporal-expert,"{""383001"":""context_mean:383001"",""383002"":""context_mean:383002"",""383003"":""context_mean:383003""}","{""383001"":""public-native-temporal-expert:383001"",""383002"":""public-native-temporal-expert:383002"",""383003"":""public-native-temporal-expert:383003""}","{""383001"":5.0,""383002"":5.0,""383003"":5.0}","{""383001"":1.0,""383002"":1.0,""383003"":1.0}",3,0,,INCONCLUSIVE_NO_PREDECLARED_PRACTICAL_THRESHOLD
bench_press_delta_capacity_kg,R²,context_mean,ridge,"{""383001"":""context_mean:383001"",""383002"":""context_mean:383002"",""383003"":""context_mean:383003""}","{""383001"":""ridge:383001"",""383002"":""ridge:383002"",""383003"":""ridge:383003""}","{""383001"":5.0,""383002"":5.0,""383003"":5.0}","{""383001"":6.0,""383002"":6.0,""383003"":6.0}",3,0,,INCONCLUSIVE_NO_PREDECLARED_PRACTICAL_THRESHOLD
bench_press_delta_capacity_kg,R²,histogram_boosted_stumps,mechanistic_midpoint,"{""383001"":""histogram_boosted_stumps:383001"",""383002"":""histogram_boosted_stumps:383002"",""383003"":""histogram_boosted_stumps:383003""}","{""383001"":""mechanistic_midpoint:383001"",""383002"":""mechanistic_midpoint:383002"",""383003"":""mechanistic_midpoint:383003""}","{""383001"":7.0,""383002"":7.0,""383003"":7.0}","{""383001"":4.0,""383002"":4.0,""383003"":4.0}",3,0,,INCONCLUSIVE_NO_PREDECLARED_PRACTICAL_THRESHOLD
bench_press_delta_capacity_kg,R²,histogram_boosted_stumps,mechanistic_ridge_residual,"{""383001"":""histogram_boosted_stumps:383001"",""383002"":""histogram_boosted_stumps:383002"",""383003"":""histogram_boosted_stumps:383003""}","{""383001"":""mechanistic_ridge_residual:383001"",""383002"":""mechanistic_ridge_residual:383002"",""383003"":""mechanistic_ridge_residual:383003""}","{""383001"":7.0,""383002"":7.0,""383003"":7.0}","{""383001"":3.0,""383002"":3.0,""383003"":3.0}",3,0,,INCONCLUSIVE_NO_PREDECLARED_PRACTICAL_THRESHOLD
bench_press_delta_capacity_kg,R²,histogram_boosted_stumps,public-native-temporal-expert,"{""383001"":""histogram_boosted_stumps:383001"",""383002"":""histogram_boosted_stumps:383002"",""383003"":""histogram_boosted_stumps:383003""}","{""383001"":""public-native-temporal-expert:383001"",""383002"":""public-native-temporal-expert:383002"",""383003"":""public-native-temporal-expert:383003""}","{""383001"":7.0,""383002"":7.0,""383003"":7.0}","{""383001"":1.0,""383002"":1.0,""383003"":1.0}",3,0,,INCONCLUSIVE_NO_PREDECLARED_PRACTICAL_THRESHOLD
bench_press_delta_capacity_kg,R²,histogram_boosted_stumps,ridge,"{""383001"":""histogram_boosted_stumps:383001"",""383002"":""histogram_boosted_stumps:383002"",""383003"":""histogram_boosted_stumps:383003""}","{""383001"":""ridge:383001"",""383002"":""ridge:383002"",""383003"":""ridge:383003""}","{""383001"":7.0,""383002"":7.0,""383003"":7.0}","{""383001"":6.0,""383002"":6.0,""383003"":6.0}",3,0,,INCONCLUSIVE_NO_PREDECLARED_PRACTICAL_THRESHOLD
bench_press_delta_capacity_kg,R²,mechanistic_midpoint,mechanistic_ridge_residual,"{""383001"":""mechanistic_midpoint:383001"",""383002"":""mechanistic_midpoint:383002"",""383003"":""mechanistic_midpoint:383003""}","{""383001"":""mechanistic_ridge_residual:383001"",""383002"":""mechanistic_ridge_residual:383002"",""383003"":""mechanistic_ridge_residual:383003""}","{""383001"":4.0,""383002"":4.0,""383003"":4.0}","{""383001"":3.0,""383002"":3.0,""383003"":3.0}",3,0,,INCONCLUSIVE_NO_PREDECLARED_PRACTICAL_THRESHOLD
bench_press_delta_capacity_kg,R²,mechanistic_midpoint,public-native-temporal-expert,"{""383001"":""mechanistic_midpoint:383001"",""383002"":""mechanistic_midpoint:383002"",""383003"":""mechanistic_midpoint:383003""}","{""383001"":""public-native-temporal-expert:383001"",""383002"":""public-native-temporal-expert:383002"",""383003"":""public-native-temporal-expert:383003""}","{""383001"":4.0,""383002"":4.0,""383003"":4.0}","{""383001"":1.0,""383002"":1.0,""383003"":1.0}",3,0,,INCONCLUSIVE_NO_PREDECLARED_PRACTICAL_THRESHOLD
bench_press_delta_capacity_kg,R²,mechanistic_midpoint,ridge,"{""383001"":""mechanistic_midpoint:383001"",""383002"":""mechanistic_midpoint:383002"",""383003"":""mechanistic_midpoint:383003""}","{""383001"":""ridge:383001"",""383002"":""ridge:383002"",""383003"":""ridge:383003""}","{""383001"":4.0,""383002"":4.0,""383003"":4.0}","{""383001"":6.0,""383002"":6.0,""383003"":6.0}",3,0,,INCONCLUSIVE_NO_PREDECLARED_PRACTICAL_THRESHOLD
bench_press_delta_capacity_kg,R²,mechanistic_ridge_residual,public-native-temporal-expert,"{""383001"":""mechanistic_ridge_residual:383001"",""383002"":""mechanistic_ridge_residual:383002"",""383003"":""mechanistic_ridge_residual:383003""}","{""383001"":""public-native-temporal-expert:383001"",""383002"":""public-native-temporal-expert:383002"",""383003"":""public-native-temporal-expert:383003""}","{""383001"":3.0,""383002"":3.0,""383003"":3.0}","{""383001"":1.0,""383002"":1.0,""383003"":1.0}",3,0,,INCONCLUSIVE_NO_PREDECLARED_PRACTICAL_THRESHOLD
bench_press_delta_capacity_kg,R²,mechanistic_ridge_residual,ridge,"{""383001"":""mechanistic_ridge_residual:383001"",""383002"":""mechanistic_ridge_residual:383002"",""383003"":""mechanistic_ridge_residual:383003""}","{""383001"":""ridge:383001"",""383002"":""ridge:383002"",""383003"":""ridge:383003""}","{""383001"":3.0,""383002"":3.0,""383003"":3.0}","{""383001"":6.0,""383002"":6.0,""383003"":6.0}",3,0,,INCONCLUSIVE_NO_PREDECLARED_PRACTICAL_THRESHOLD
bench_press_delta_capacity_kg,R²,public-native-temporal-expert,ridge,"{""383001"":""public-native-temporal-expert:383001"",""383002"":""public-native-temporal-expert:383002"",""383003"":""public-native-temporal-expert:383003""}","{""383001"":""ridge:383001"",""383002"":""ridge:383002"",""383003"":""ridge:383003""}","{""383001"":1.0,""383002"":1.0,""383003"":1.0}","{""383001"":6.0,""383002"":6.0,""383003"":6.0}",3,0,,INCONCLUSIVE_NO_PREDECLARED_PRACTICAL_THRESHOLD
bench_press_delta_capacity_kg,SRE(ddof=0),compact_neural,context_mean,"{""383001"":""compact_neural:383001"",""383002"":""compact_neural:383002"",""383003"":""compact_neural:383003""}","{""383001"":""context_mean:383001"",""383002"":""context_mean:383002"",""383003"":""context_mean:383003""}","{""383001"":2.0,""383002"":2.0,""383003"":2.0}","{""383001"":5.0,""383002"":5.0,""383003"":5.0}",3,0,,INCONCLUSIVE_NO_PREDECLARED_PRACTICAL_THRESHOLD
bench_press_delta_capacity_kg,SRE(ddof=0),compact_neural,histogram_boosted_stumps,"{""383001"":""compact_neural:383001"",""383002"":""compact_neural:383002"",""383003"":""compact_neural:383003""}","{""383001"":""histogram_boosted_stumps:383001"",""383002"":""histogram_boosted_stumps:383002"",""383003"":""histogram_boosted_stumps:383003""}","{""383001"":2.0,""383002"":2.0,""383003"":2.0}","{""383001"":7.0,""383002"":7.0,""383003"":7.0}",3,0,,INCONCLUSIVE_NO_PREDECLARED_PRACTICAL_THRESHOLD
bench_press_delta_capacity_kg,SRE(ddof=0),compact_neural,mechanistic_midpoint,"{""383001"":""compact_neural:383001"",""383002"":""compact_neural:383002"",""383003"":""compact_neural:383003""}","{""383001"":""mechanistic_midpoint:383001"",""383002"":""mechanistic_midpoint:383002"",""383003"":""mechanistic_midpoint:383003""}","{""383001"":2.0,""383002"":2.0,""383003"":2.0}","{""383001"":4.0,""383002"":4.0,""383003"":4.0}",3,0,,INCONCLUSIVE_NO_PREDECLARED_PRACTICAL_THRESHOLD
bench_press_delta_capacity_kg,SRE(ddof=0),compact_neural,mechanistic_ridge_residual,"{""383001"":""compact_neural:383001"",""383002"":""compact_neural:383002"",""383003"":""compact_neural:383003""}","{""383001"":""mechanistic_ridge_residual:383001"",""383002"":""mechanistic_ridge_residual:383002"",""383003"":""mechanistic_ridge_residual:383003""}","{""383001"":2.0,""383002"":2.0,""383003"":2.0}","{""383001"":3.0,""383002"":3.0,""383003"":3.0}",3,0,,INCONCLUSIVE_NO_PREDECLARED_PRACTICAL_THRESHOLD
bench_press_delta_capacity_kg,SRE(ddof=0),compact_neural,public-native-temporal-expert,"{""383001"":""compact_neural:383001"",""383002"":""compact_neural:383002"",""383003"":""compact_neural:383003""}","{""383001"":""public-native-temporal-expert:383001"",""383002"":""public-native-temporal-expert:383002"",""383003"":""public-native-temporal-expert:383003""}","{""383001"":2.0,""383002"":2.0,""383003"":2.0}","{""383001"":1.0,""383002"":1.0,""383003"":1.0}",3,0,,INCONCLUSIVE_NO_PREDECLARED_PRACTICAL_THRESHOLD
bench_press_delta_capacity_kg,SRE(ddof=0),compact_neural,ridge,"{""383001"":""compact_neural:383001"",""383002"":""compact_neural:383002"",""383003"":""compact_neural:383003""}","{""383001"":""ridge:383001"",""383002"":""ridge:383002"",""383003"":""ridge:383003""}","{""383001"":2.0,""383002"":2.0,""383003"":2.0}","{""383001"":6.0,""383002"":6.0,""383003"":6.0}",3,0,,INCONCLUSIVE_NO_PREDECLARED_PRACTICAL_THRESHOLD
bench_press_delta_capacity_kg,SRE(ddof=0),context_mean,histogram_boosted_stumps,"{""383001"":""context_mean:383001"",""383002"":""context_mean:383002"",""383003"":""context_mean:383003""}","{""383001"":""histogram_boosted_stumps:383001"",""383002"":""histogram_boosted_stumps:383002"",""383003"":""histogram_boosted_stumps:383003""}","{""383001"":5.0,""383002"":5.0,""383003"":5.0}","{""383001"":7.0,""383002"":7.0,""383003"":7.0}",3,0,,INCONCLUSIVE_NO_PREDECLARED_PRACTICAL_THRESHOLD
bench_press_delta_capacity_kg,SRE(ddof=0),context_mean,mechanistic_midpoint,"{""383001"":""context_mean:383001"",""383002"":""context_mean:383002"",""383003"":""context_mean:383003""}","{""383001"":""mechanistic_midpoint:383001"",""383002"":""mechanistic_midpoint:383002"",""383003"":""mechanistic_midpoint:383003""}","{""383001"":5.0,""383002"":5.0,""383003"":5.0}","{""383001"":4.0,""383002"":4.0,""383003"":4.0}",3,0,,INCONCLUSIVE_NO_PREDECLARED_PRACTICAL_THRESHOLD
bench_press_delta_capacity_kg,SRE(ddof=0),context_mean,mechanistic_ridge_residual,"{""383001"":""context_mean:383001"",""383002"":""context_mean:383002"",""383003"":""context_mean:383003""}","{""383001"":""mechanistic_ridge_residual:383001"",""383002"":""mechanistic_ridge_residual:383002"",""383003"":""mechanistic_ridge_residual:383003""}","{""383001"":5.0,""383002"":5.0,""383003"":5.0}","{""383001"":3.0,""383002"":3.0,""383003"":3.0}",3,0,,INCONCLUSIVE_NO_PREDECLARED_PRACTICAL_THRESHOLD
bench_press_delta_capacity_kg,SRE(ddof=0),context_mean,public-native-temporal-expert,"{""383001"":""context_mean:383001"",""383002"":""context_mean:383002"",""383003"":""context_mean:383003""}","{""383001"":""public-native-temporal-expert:383001"",""383002"":""public-native-temporal-expert:383002"",""383003"":""public-native-temporal-expert:383003""}","{""383001"":5.0,""383002"":5.0,""383003"":5.0}","{""383001"":1.0,""383002"":1.0,""383003"":1.0}",3,0,,INCONCLUSIVE_NO_PREDECLARED_PRACTICAL_THRESHOLD
bench_press_delta_capacity_kg,SRE(ddof=0),context_mean,ridge,"{""383001"":""context_mean:383001"",""383002"":""context_mean:383002"",""383003"":""context_mean:383003""}","{""383001"":""ridge:383001"",""383002"":""ridge:383002"",""383003"":""ridge:383003""}","{""383001"":5.0,""383002"":5.0,""383003"":5.0}","{""383001"":6.0,""383002"":6.0,""383003"":6.0}",3,0,,INCONCLUSIVE_NO_PREDECLARED_PRACTICAL_THRESHOLD
bench_press_delta_capacity_kg,SRE(ddof=0),histogram_boosted_stumps,mechanistic_midpoint,"{""383001"":""histogram_boosted_stumps:383001"",""383002"":""histogram_boosted_stumps:383002"",""383003"":""histogram_boosted_stumps:383003""}","{""383001"":""mechanistic_midpoint:383001"",""383002"":""mechanistic_midpoint:383002"",""383003"":""mechanistic_midpoint:383003""}","{""383001"":7.0,""383002"":7.0,""383003"":7.0}","{""383001"":4.0,""383002"":4.0,""383003"":4.0}",3,0,,INCONCLUSIVE_NO_PREDECLARED_PRACTICAL_THRESHOLD
bench_press_delta_capacity_kg,SRE(ddof=0),histogram_boosted_stumps,mechanistic_ridge_residual,"{""383001"":""histogram_boosted_stumps:383001"",""383002"":""histogram_boosted_stumps:383002"",""383003"":""histogram_boosted_stumps:383003""}","{""383001"":""mechanistic_ridge_residual:383001"",""383002"":""mechanistic_ridge_residual:383002"",""383003"":""mechanistic_ridge_residual:383003""}","{""383001"":7.0,""383002"":7.0,""383003"":7.0}","{""383001"":3.0,""383002"":3.0,""383003"":3.0}",3,0,,INCONCLUSIVE_NO_PREDECLARED_PRACTICAL_THRESHOLD
bench_press_delta_capacity_kg,SRE(ddof=0),histogram_boosted_stumps,public-native-temporal-expert,"{""383001"":""histogram_boosted_stumps:383001"",""383002"":""histogram_boosted_stumps:383002"",""383003"":""histogram_boosted_stumps:383003""}","{""383001"":""public-native-temporal-expert:383001"",""383002"":""public-native-temporal-expert:383002"",""383003"":""public-native-temporal-expert:383003""}","{""383001"":7.0,""383002"":7.0,""383003"":7.0}","{""383001"":1.0,""383002"":1.0,""383003"":1.0}",3,0,,INCONCLUSIVE_NO_PREDECLARED_PRACTICAL_THRESHOLD
bench_press_delta_capacity_kg,SRE(ddof=0),histogram_boosted_stumps,ridge,"{""383001"":""histogram_boosted_stumps:383001"",""383002"":""histogram_boosted_stumps:383002"",""383003"":""histogram_boosted_stumps:383003""}","{""383001"":""ridge:383001"",""383002"":""ridge:383002"",""383003"":""ridge:383003""}","{""383001"":7.0,""383002"":7.0,""383003"":7.0}","{""383001"":6.0,""383002"":6.0,""383003"":6.0}",3,0,,INCONCLUSIVE_NO_PREDECLARED_PRACTICAL_THRESHOLD
bench_press_delta_capacity_kg,SRE(ddof=0),mechanistic_midpoint,mechanistic_ridge_residual,"{""383001"":""mechanistic_midpoint:383001"",""383002"":""mechanistic_midpoint:383002"",""383003"":""mechanistic_midpoint:383003""}","{""383001"":""mechanistic_ridge_residual:383001"",""383002"":""mechanistic_ridge_residual:383002"",""383003"":""mechanistic_ridge_residual:383003""}","{""383001"":4.0,""383002"":4.0,""383003"":4.0}","{""383001"":3.0,""383002"":3.0,""383003"":3.0}",3,0,,INCONCLUSIVE_NO_PREDECLARED_PRACTICAL_THRESHOLD
bench_press_delta_capacity_kg,SRE(ddof=0),mechanistic_midpoint,public-native-temporal-expert,"{""383001"":""mechanistic_midpoint:383001"",""383002"":""mechanistic_midpoint:383002"",""383003"":""mechanistic_midpoint:383003""}","{""383001"":""public-native-temporal-expert:383001"",""383002"":""public-native-temporal-expert:383002"",""383003"":""public-native-temporal-expert:383003""}","{""383001"":4.0,""383002"":4.0,""383003"":4.0}","{""383001"":1.0,""383002"":1.0,""383003"":1.0}",3,0,,INCONCLUSIVE_NO_PREDECLARED_PRACTICAL_THRESHOLD
bench_press_delta_capacity_kg,SRE(ddof=0),mechanistic_midpoint,ridge,"{""383001"":""mechanistic_midpoint:383001"",""383002"":""mechanistic_midpoint:383002"",""383003"":""mechanistic_midpoint:383003""}","{""383001"":""ridge:383001"",""383002"":""ridge:383002"",""383003"":""ridge:383003""}","{""383001"":4.0,""383002"":4.0,""383003"":4.0}","{""383001"":6.0,""383002"":6.0,""383003"":6.0}",3,0,,INCONCLUSIVE_NO_PREDECLARED_PRACTICAL_THRESHOLD
bench_press_delta_capacity_kg,SRE(ddof=0),mechanistic_ridge_residual,public-native-temporal-expert,"{""383001"":""mechanistic_ridge_residual:383001"",""383002"":""mechanistic_ridge_residual:383002"",""383003"":""mechanistic_ridge_residual:383003""}","{""383001"":""public-native-temporal-expert:383001"",""383002"":""public-native-temporal-expert:383002"",""383003"":""public-native-temporal-expert:383003""}","{""383001"":3.0,""383002"":3.0,""383003"":3.0}","{""383001"":1.0,""383002"":1.0,""383003"":1.0}",3,0,,INCONCLUSIVE_NO_PREDECLARED_PRACTICAL_THRESHOLD
bench_press_delta_capacity_kg,SRE(ddof=0),mechanistic_ridge_residual,ridge,"{""383001"":""mechanistic_ridge_residual:383001"",""383002"":""mechanistic_ridge_residual:383002"",""383003"":""mechanistic_ridge_residual:383003""}","{""383001"":""ridge:383001"",""383002"":""ridge:383002"",""383003"":""ridge:383003""}","{""383001"":3.0,""383002"":3.0,""383003"":3.0}","{""383001"":6.0,""383002"":6.0,""383003"":6.0}",3,0,,INCONCLUSIVE_NO_PREDECLARED_PRACTICAL_THRESHOLD
bench_press_delta_capacity_kg,SRE(ddof=0),public-native-temporal-expert,ridge,"{""383001"":""public-native-temporal-expert:383001"",""383002"":""public-native-temporal-expert:383002"",""383003"":""public-native-temporal-expert:383003""}","{""383001"":""ridge:383001"",""383002"":""ridge:383002"",""383003"":""ridge:383003""}","{""383001"":1.0,""383002"":1.0,""383003"":1.0}","{""383001"":6.0,""383002"":6.0,""383003"":6.0}",3,0,,INCONCLUSIVE_NO_PREDECLARED_PRACTICAL_THRESHOLD
deadlift_delta_capacity_kg,RMSE,compact_neural,context_mean,"{""383001"":""compact_neural:383001"",""383002"":""compact_neural:383002"",""383003"":""compact_neural:383003""}","{""383001"":""context_mean:383001"",""383002"":""context_mean:383002"",""383003"":""context_mean:383003""}","{""383001"":2.0,""383002"":2.0,""383003"":2.0}","{""383001"":5.0,""383002"":5.0,""383003"":5.0}",3,0,,INCONCLUSIVE_NO_PREDECLARED_PRACTICAL_THRESHOLD
deadlift_delta_capacity_kg,RMSE,compact_neural,histogram_boosted_stumps,"{""383001"":""compact_neural:383001"",""383002"":""compact_neural:383002"",""383003"":""compact_neural:383003""}","{""383001"":""histogram_boosted_stumps:383001"",""383002"":""histogram_boosted_stumps:383002"",""383003"":""histogram_boosted_stumps:383003""}","{""383001"":2.0,""383002"":2.0,""383003"":2.0}","{""383001"":7.0,""383002"":7.0,""383003"":7.0}",3,0,,INCONCLUSIVE_NO_PREDECLARED_PRACTICAL_THRESHOLD
deadlift_delta_capacity_kg,RMSE,compact_neural,mechanistic_midpoint,"{""383001"":""compact_neural:383001"",""383002"":""compact_neural:383002"",""383003"":""compact_neural:383003""}","{""383001"":""mechanistic_midpoint:383001"",""383002"":""mechanistic_midpoint:383002"",""383003"":""mechanistic_midpoint:383003""}","{""383001"":2.0,""383002"":2.0,""383003"":2.0}","{""383001"":4.0,""383002"":4.0,""383003"":4.0}",3,0,,INCONCLUSIVE_NO_PREDECLARED_PRACTICAL_THRESHOLD
deadlift_delta_capacity_kg,RMSE,compact_neural,mechanistic_ridge_residual,"{""383001"":""compact_neural:383001"",""383002"":""compact_neural:383002"",""383003"":""compact_neural:383003""}","{""383001"":""mechanistic_ridge_residual:383001"",""383002"":""mechanistic_ridge_residual:383002"",""383003"":""mechanistic_ridge_residual:383003""}","{""383001"":2.0,""383002"":2.0,""383003"":2.0}","{""383001"":3.0,""383002"":3.0,""383003"":3.0}",3,0,,INCONCLUSIVE_NO_PREDECLARED_PRACTICAL_THRESHOLD
deadlift_delta_capacity_kg,RMSE,compact_neural,public-native-temporal-expert,"{""383001"":""compact_neural:383001"",""383002"":""compact_neural:383002"",""383003"":""compact_neural:383003""}","{""383001"":""public-native-temporal-expert:383001"",""383002"":""public-native-temporal-expert:383002"",""383003"":""public-native-temporal-expert:383003""}","{""383001"":2.0,""383002"":2.0,""383003"":2.0}","{""383001"":1.0,""383002"":1.0,""383003"":1.0}",3,0,,INCONCLUSIVE_NO_PREDECLARED_PRACTICAL_THRESHOLD
deadlift_delta_capacity_kg,RMSE,compact_neural,ridge,"{""383001"":""compact_neural:383001"",""383002"":""compact_neural:383002"",""383003"":""compact_neural:383003""}","{""383001"":""ridge:383001"",""383002"":""ridge:383002"",""383003"":""ridge:383003""}","{""383001"":2.0,""383002"":2.0,""383003"":2.0}","{""383001"":6.0,""383002"":6.0,""383003"":6.0}",3,0,,INCONCLUSIVE_NO_PREDECLARED_PRACTICAL_THRESHOLD
deadlift_delta_capacity_kg,RMSE,context_mean,histogram_boosted_stumps,"{""383001"":""context_mean:383001"",""383002"":""context_mean:383002"",""383003"":""context_mean:383003""}","{""383001"":""histogram_boosted_stumps:383001"",""383002"":""histogram_boosted_stumps:383002"",""383003"":""histogram_boosted_stumps:383003""}","{""383001"":5.0,""383002"":5.0,""383003"":5.0}","{""383001"":7.0,""383002"":7.0,""383003"":7.0}",3,0,,INCONCLUSIVE_NO_PREDECLARED_PRACTICAL_THRESHOLD
deadlift_delta_capacity_kg,RMSE,context_mean,mechanistic_midpoint,"{""383001"":""context_mean:383001"",""383002"":""context_mean:383002"",""383003"":""context_mean:383003""}","{""383001"":""mechanistic_midpoint:383001"",""383002"":""mechanistic_midpoint:383002"",""383003"":""mechanistic_midpoint:383003""}","{""383001"":5.0,""383002"":5.0,""383003"":5.0}","{""383001"":4.0,""383002"":4.0,""383003"":4.0}",3,0,,INCONCLUSIVE_NO_PREDECLARED_PRACTICAL_THRESHOLD
deadlift_delta_capacity_kg,RMSE,context_mean,mechanistic_ridge_residual,"{""383001"":""context_mean:383001"",""383002"":""context_mean:383002"",""383003"":""context_mean:383003""}","{""383001"":""mechanistic_ridge_residual:383001"",""383002"":""mechanistic_ridge_residual:383002"",""383003"":""mechanistic_ridge_residual:383003""}","{""383001"":5.0,""383002"":5.0,""383003"":5.0}","{""383001"":3.0,""383002"":3.0,""383003"":3.0}",3,0,,INCONCLUSIVE_NO_PREDECLARED_PRACTICAL_THRESHOLD
deadlift_delta_capacity_kg,RMSE,context_mean,public-native-temporal-expert,"{""383001"":""context_mean:383001"",""383002"":""context_mean:383002"",""383003"":""context_mean:383003""}","{""383001"":""public-native-temporal-expert:383001"",""383002"":""public-native-temporal-expert:383002"",""383003"":""public-native-temporal-expert:383003""}","{""383001"":5.0,""383002"":5.0,""383003"":5.0}","{""383001"":1.0,""383002"":1.0,""383003"":1.0}",3,0,,INCONCLUSIVE_NO_PREDECLARED_PRACTICAL_THRESHOLD
deadlift_delta_capacity_kg,RMSE,context_mean,ridge,"{""383001"":""context_mean:383001"",""383002"":""context_mean:383002"",""383003"":""context_mean:383003""}","{""383001"":""ridge:383001"",""383002"":""ridge:383002"",""383003"":""ridge:383003""}","{""383001"":5.0,""383002"":5.0,""383003"":5.0}","{""383001"":6.0,""383002"":6.0,""383003"":6.0}",3,0,,INCONCLUSIVE_NO_PREDECLARED_PRACTICAL_THRESHOLD
deadlift_delta_capacity_kg,RMSE,histogram_boosted_stumps,mechanistic_midpoint,"{""383001"":""histogram_boosted_stumps:383001"",""383002"":""histogram_boosted_stumps:383002"",""383003"":""histogram_boosted_stumps:383003""}","{""383001"":""mechanistic_midpoint:383001"",""383002"":""mechanistic_midpoint:383002"",""383003"":""mechanistic_midpoint:383003""}","{""383001"":7.0,""383002"":7.0,""383003"":7.0}","{""383001"":4.0,""383002"":4.0,""383003"":4.0}",3,0,,INCONCLUSIVE_NO_PREDECLARED_PRACTICAL_THRESHOLD
deadlift_delta_capacity_kg,RMSE,histogram_boosted_stumps,mechanistic_ridge_residual,"{""383001"":""histogram_boosted_stumps:383001"",""383002"":""histogram_boosted_stumps:383002"",""383003"":""histogram_boosted_stumps:383003""}","{""383001"":""mechanistic_ridge_residual:383001"",""383002"":""mechanistic_ridge_residual:383002"",""383003"":""mechanistic_ridge_residual:383003""}","{""383001"":7.0,""383002"":7.0,""383003"":7.0}","{""383001"":3.0,""383002"":3.0,""383003"":3.0}",3,0,,INCONCLUSIVE_NO_PREDECLARED_PRACTICAL_THRESHOLD
deadlift_delta_capacity_kg,RMSE,histogram_boosted_stumps,public-native-temporal-expert,"{""383001"":""histogram_boosted_stumps:383001"",""383002"":""histogram_boosted_stumps:383002"",""383003"":""histogram_boosted_stumps:383003""}","{""383001"":""public-native-temporal-expert:383001"",""383002"":""public-native-temporal-expert:383002"",""383003"":""public-native-temporal-expert:383003""}","{""383001"":7.0,""383002"":7.0,""383003"":7.0}","{""383001"":1.0,""383002"":1.0,""383003"":1.0}",3,0,,INCONCLUSIVE_NO_PREDECLARED_PRACTICAL_THRESHOLD
deadlift_delta_capacity_kg,RMSE,histogram_boosted_stumps,ridge,"{""383001"":""histogram_boosted_stumps:383001"",""383002"":""histogram_boosted_stumps:383002"",""383003"":""histogram_boosted_stumps:383003""}","{""383001"":""ridge:383001"",""383002"":""ridge:383002"",""383003"":""ridge:383003""}","{""383001"":7.0,""383002"":7.0,""383003"":7.0}","{""383001"":6.0,""383002"":6.0,""383003"":6.0}",3,0,,INCONCLUSIVE_NO_PREDECLARED_PRACTICAL_THRESHOLD
deadlift_delta_capacity_kg,RMSE,mechanistic_midpoint,mechanistic_ridge_residual,"{""383001"":""mechanistic_midpoint:383001"",""383002"":""mechanistic_midpoint:383002"",""383003"":""mechanistic_midpoint:383003""}","{""383001"":""mechanistic_ridge_residual:383001"",""383002"":""mechanistic_ridge_residual:383002"",""383003"":""mechanistic_ridge_residual:383003""}","{""383001"":4.0,""383002"":4.0,""383003"":4.0}","{""383001"":3.0,""383002"":3.0,""383003"":3.0}",3,0,,INCONCLUSIVE_NO_PREDECLARED_PRACTICAL_THRESHOLD
deadlift_delta_capacity_kg,RMSE,mechanistic_midpoint,public-native-temporal-expert,"{""383001"":""mechanistic_midpoint:383001"",""383002"":""mechanistic_midpoint:383002"",""383003"":""mechanistic_midpoint:383003""}","{""383001"":""public-native-temporal-expert:383001"",""383002"":""public-native-temporal-expert:383002"",""383003"":""public-native-temporal-expert:383003""}","{""383001"":4.0,""383002"":4.0,""383003"":4.0}","{""383001"":1.0,""383002"":1.0,""383003"":1.0}",3,0,,INCONCLUSIVE_NO_PREDECLARED_PRACTICAL_THRESHOLD
deadlift_delta_capacity_kg,RMSE,mechanistic_midpoint,ridge,"{""383001"":""mechanistic_midpoint:383001"",""383002"":""mechanistic_midpoint:383002"",""383003"":""mechanistic_midpoint:383003""}","{""383001"":""ridge:383001"",""383002"":""ridge:383002"",""383003"":""ridge:383003""}","{""383001"":4.0,""383002"":4.0,""383003"":4.0}","{""383001"":6.0,""383002"":6.0,""383003"":6.0}",3,0,,INCONCLUSIVE_NO_PREDECLARED_PRACTICAL_THRESHOLD
deadlift_delta_capacity_kg,RMSE,mechanistic_ridge_residual,public-native-temporal-expert,"{""383001"":""mechanistic_ridge_residual:383001"",""383002"":""mechanistic_ridge_residual:383002"",""383003"":""mechanistic_ridge_residual:383003""}","{""383001"":""public-native-temporal-expert:383001"",""383002"":""public-native-temporal-expert:383002"",""383003"":""public-native-temporal-expert:383003""}","{""383001"":3.0,""383002"":3.0,""383003"":3.0}","{""383001"":1.0,""383002"":1.0,""383003"":1.0}",3,0,,INCONCLUSIVE_NO_PREDECLARED_PRACTICAL_THRESHOLD
deadlift_delta_capacity_kg,RMSE,mechanistic_ridge_residual,ridge,"{""383001"":""mechanistic_ridge_residual:383001"",""383002"":""mechanistic_ridge_residual:383002"",""383003"":""mechanistic_ridge_residual:383003""}","{""383001"":""ridge:383001"",""383002"":""ridge:383002"",""383003"":""ridge:383003""}","{""383001"":3.0,""383002"":3.0,""383003"":3.0}","{""383001"":6.0,""383002"":6.0,""383003"":6.0}",3,0,,INCONCLUSIVE_NO_PREDECLARED_PRACTICAL_THRESHOLD
deadlift_delta_capacity_kg,RMSE,public-native-temporal-expert,ridge,"{""383001"":""public-native-temporal-expert:383001"",""383002"":""public-native-temporal-expert:383002"",""383003"":""public-native-temporal-expert:383003""}","{""383001"":""ridge:383001"",""383002"":""ridge:383002"",""383003"":""ridge:383003""}","{""383001"":1.0,""383002"":1.0,""383003"":1.0}","{""383001"":6.0,""383002"":6.0,""383003"":6.0}",3,0,,INCONCLUSIVE_NO_PREDECLARED_PRACTICAL_THRESHOLD
deadlift_delta_capacity_kg,MAE,compact_neural,context_mean,"{""383001"":""compact_neural:383001"",""383002"":""compact_neural:383002"",""383003"":""compact_neural:383003""}","{""383001"":""context_mean:383001"",""383002"":""context_mean:383002"",""383003"":""context_mean:383003""}","{""383001"":2.0,""383002"":2.0,""383003"":2.0}","{""383001"":5.0,""383002"":5.0,""383003"":5.0}",3,0,,INCONCLUSIVE_NO_PREDECLARED_PRACTICAL_THRESHOLD
deadlift_delta_capacity_kg,MAE,compact_neural,histogram_boosted_stumps,"{""383001"":""compact_neural:383001"",""383002"":""compact_neural:383002"",""383003"":""compact_neural:383003""}","{""383001"":""histogram_boosted_stumps:383001"",""383002"":""histogram_boosted_stumps:383002"",""383003"":""histogram_boosted_stumps:383003""}","{""383001"":2.0,""383002"":2.0,""383003"":2.0}","{""383001"":6.0,""383002"":6.0,""383003"":6.0}",3,0,,INCONCLUSIVE_NO_PREDECLARED_PRACTICAL_THRESHOLD
deadlift_delta_capacity_kg,MAE,compact_neural,mechanistic_midpoint,"{""383001"":""compact_neural:383001"",""383002"":""compact_neural:383002"",""383003"":""compact_neural:383003""}","{""383001"":""mechanistic_midpoint:383001"",""383002"":""mechanistic_midpoint:383002"",""383003"":""mechanistic_midpoint:383003""}","{""383001"":2.0,""383002"":2.0,""383003"":2.0}","{""383001"":3.0,""383002"":3.0,""383003"":3.0}",3,0,,INCONCLUSIVE_NO_PREDECLARED_PRACTICAL_THRESHOLD
deadlift_delta_capacity_kg,MAE,compact_neural,mechanistic_ridge_residual,"{""383001"":""compact_neural:383001"",""383002"":""compact_neural:383002"",""383003"":""compact_neural:383003""}","{""383001"":""mechanistic_ridge_residual:383001"",""383002"":""mechanistic_ridge_residual:383002"",""383003"":""mechanistic_ridge_residual:383003""}","{""383001"":2.0,""383002"":2.0,""383003"":2.0}","{""383001"":4.0,""383002"":4.0,""383003"":4.0}",3,0,,INCONCLUSIVE_NO_PREDECLARED_PRACTICAL_THRESHOLD
deadlift_delta_capacity_kg,MAE,compact_neural,public-native-temporal-expert,"{""383001"":""compact_neural:383001"",""383002"":""compact_neural:383002"",""383003"":""compact_neural:383003""}","{""383001"":""public-native-temporal-expert:383001"",""383002"":""public-native-temporal-expert:383002"",""383003"":""public-native-temporal-expert:383003""}","{""383001"":2.0,""383002"":2.0,""383003"":2.0}","{""383001"":1.0,""383002"":1.0,""383003"":1.0}",3,0,,INCONCLUSIVE_NO_PREDECLARED_PRACTICAL_THRESHOLD
deadlift_delta_capacity_kg,MAE,compact_neural,ridge,"{""383001"":""compact_neural:383001"",""383002"":""compact_neural:383002"",""383003"":""compact_neural:383003""}","{""383001"":""ridge:383001"",""383002"":""ridge:383002"",""383003"":""ridge:383003""}","{""383001"":2.0,""383002"":2.0,""383003"":2.0}","{""383001"":7.0,""383002"":7.0,""383003"":7.0}",3,0,,INCONCLUSIVE_NO_PREDECLARED_PRACTICAL_THRESHOLD
deadlift_delta_capacity_kg,MAE,context_mean,histogram_boosted_stumps,"{""383001"":""context_mean:383001"",""383002"":""context_mean:383002"",""383003"":""context_mean:383003""}","{""383001"":""histogram_boosted_stumps:383001"",""383002"":""histogram_boosted_stumps:383002"",""383003"":""histogram_boosted_stumps:383003""}","{""383001"":5.0,""383002"":5.0,""383003"":5.0}","{""383001"":6.0,""383002"":6.0,""383003"":6.0}",3,0,,INCONCLUSIVE_NO_PREDECLARED_PRACTICAL_THRESHOLD
deadlift_delta_capacity_kg,MAE,context_mean,mechanistic_midpoint,"{""383001"":""context_mean:383001"",""383002"":""context_mean:383002"",""383003"":""context_mean:383003""}","{""383001"":""mechanistic_midpoint:383001"",""383002"":""mechanistic_midpoint:383002"",""383003"":""mechanistic_midpoint:383003""}","{""383001"":5.0,""383002"":5.0,""383003"":5.0}","{""383001"":3.0,""383002"":3.0,""383003"":3.0}",3,0,,INCONCLUSIVE_NO_PREDECLARED_PRACTICAL_THRESHOLD
deadlift_delta_capacity_kg,MAE,context_mean,mechanistic_ridge_residual,"{""383001"":""context_mean:383001"",""383002"":""context_mean:383002"",""383003"":""context_mean:383003""}","{""383001"":""mechanistic_ridge_residual:383001"",""383002"":""mechanistic_ridge_residual:383002"",""383003"":""mechanistic_ridge_residual:383003""}","{""383001"":5.0,""383002"":5.0,""383003"":5.0}","{""383001"":4.0,""383002"":4.0,""383003"":4.0}",3,0,,INCONCLUSIVE_NO_PREDECLARED_PRACTICAL_THRESHOLD
deadlift_delta_capacity_kg,MAE,context_mean,public-native-temporal-expert,"{""383001"":""context_mean:383001"",""383002"":""context_mean:383002"",""383003"":""context_mean:383003""}","{""383001"":""public-native-temporal-expert:383001"",""383002"":""public-native-temporal-expert:383002"",""383003"":""public-native-temporal-expert:383003""}","{""383001"":5.0,""383002"":5.0,""383003"":5.0}","{""383001"":1.0,""383002"":1.0,""383003"":1.0}",3,0,,INCONCLUSIVE_NO_PREDECLARED_PRACTICAL_THRESHOLD
deadlift_delta_capacity_kg,MAE,context_mean,ridge,"{""383001"":""context_mean:383001"",""383002"":""context_mean:383002"",""383003"":""context_mean:383003""}","{""383001"":""ridge:383001"",""383002"":""ridge:383002"",""383003"":""ridge:383003""}","{""383001"":5.0,""383002"":5.0,""383003"":5.0}","{""383001"":7.0,""383002"":7.0,""383003"":7.0}",3,0,,INCONCLUSIVE_NO_PREDECLARED_PRACTICAL_THRESHOLD
deadlift_delta_capacity_kg,MAE,histogram_boosted_stumps,mechanistic_midpoint,"{""383001"":""histogram_boosted_stumps:383001"",""383002"":""histogram_boosted_stumps:383002"",""383003"":""histogram_boosted_stumps:383003""}","{""383001"":""mechanistic_midpoint:383001"",""383002"":""mechanistic_midpoint:383002"",""383003"":""mechanistic_midpoint:383003""}","{""383001"":6.0,""383002"":6.0,""383003"":6.0}","{""383001"":3.0,""383002"":3.0,""383003"":3.0}",3,0,,INCONCLUSIVE_NO_PREDECLARED_PRACTICAL_THRESHOLD
deadlift_delta_capacity_kg,MAE,histogram_boosted_stumps,mechanistic_ridge_residual,"{""383001"":""histogram_boosted_stumps:383001"",""383002"":""histogram_boosted_stumps:383002"",""383003"":""histogram_boosted_stumps:383003""}","{""383001"":""mechanistic_ridge_residual:383001"",""383002"":""mechanistic_ridge_residual:383002"",""383003"":""mechanistic_ridge_residual:383003""}","{""383001"":6.0,""383002"":6.0,""383003"":6.0}","{""383001"":4.0,""383002"":4.0,""383003"":4.0}",3,0,,INCONCLUSIVE_NO_PREDECLARED_PRACTICAL_THRESHOLD
deadlift_delta_capacity_kg,MAE,histogram_boosted_stumps,public-native-temporal-expert,"{""383001"":""histogram_boosted_stumps:383001"",""383002"":""histogram_boosted_stumps:383002"",""383003"":""histogram_boosted_stumps:383003""}","{""383001"":""public-native-temporal-expert:383001"",""383002"":""public-native-temporal-expert:383002"",""383003"":""public-native-temporal-expert:383003""}","{""383001"":6.0,""383002"":6.0,""383003"":6.0}","{""383001"":1.0,""383002"":1.0,""383003"":1.0}",3,0,,INCONCLUSIVE_NO_PREDECLARED_PRACTICAL_THRESHOLD
deadlift_delta_capacity_kg,MAE,histogram_boosted_stumps,ridge,"{""383001"":""histogram_boosted_stumps:383001"",""383002"":""histogram_boosted_stumps:383002"",""383003"":""histogram_boosted_stumps:383003""}","{""383001"":""ridge:383001"",""383002"":""ridge:383002"",""383003"":""ridge:383003""}","{""383001"":6.0,""383002"":6.0,""383003"":6.0}","{""383001"":7.0,""383002"":7.0,""383003"":7.0}",3,0,,INCONCLUSIVE_NO_PREDECLARED_PRACTICAL_THRESHOLD
deadlift_delta_capacity_kg,MAE,mechanistic_midpoint,mechanistic_ridge_residual,"{""383001"":""mechanistic_midpoint:383001"",""383002"":""mechanistic_midpoint:383002"",""383003"":""mechanistic_midpoint:383003""}","{""383001"":""mechanistic_ridge_residual:383001"",""383002"":""mechanistic_ridge_residual:383002"",""383003"":""mechanistic_ridge_residual:383003""}","{""383001"":3.0,""383002"":3.0,""383003"":3.0}","{""383001"":4.0,""383002"":4.0,""383003"":4.0}",3,0,,INCONCLUSIVE_NO_PREDECLARED_PRACTICAL_THRESHOLD
deadlift_delta_capacity_kg,MAE,mechanistic_midpoint,public-native-temporal-expert,"{""383001"":""mechanistic_midpoint:383001"",""383002"":""mechanistic_midpoint:383002"",""383003"":""mechanistic_midpoint:383003""}","{""383001"":""public-native-temporal-expert:383001"",""383002"":""public-native-temporal-expert:383002"",""383003"":""public-native-temporal-expert:383003""}","{""383001"":3.0,""383002"":3.0,""383003"":3.0}","{""383001"":1.0,""383002"":1.0,""383003"":1.0}",3,0,,INCONCLUSIVE_NO_PREDECLARED_PRACTICAL_THRESHOLD
deadlift_delta_capacity_kg,MAE,mechanistic_midpoint,ridge,"{""383001"":""mechanistic_midpoint:383001"",""383002"":""mechanistic_midpoint:383002"",""383003"":""mechanistic_midpoint:383003""}","{""383001"":""ridge:383001"",""383002"":""ridge:383002"",""383003"":""ridge:383003""}","{""383001"":3.0,""383002"":3.0,""383003"":3.0}","{""383001"":7.0,""383002"":7.0,""383003"":7.0}",3,0,,INCONCLUSIVE_NO_PREDECLARED_PRACTICAL_THRESHOLD
deadlift_delta_capacity_kg,MAE,mechanistic_ridge_residual,public-native-temporal-expert,"{""383001"":""mechanistic_ridge_residual:383001"",""383002"":""mechanistic_ridge_residual:383002"",""383003"":""mechanistic_ridge_residual:383003""}","{""383001"":""public-native-temporal-expert:383001"",""383002"":""public-native-temporal-expert:383002"",""383003"":""public-native-temporal-expert:383003""}","{""383001"":4.0,""383002"":4.0,""383003"":4.0}","{""383001"":1.0,""383002"":1.0,""383003"":1.0}",3,0,,INCONCLUSIVE_NO_PREDECLARED_PRACTICAL_THRESHOLD
deadlift_delta_capacity_kg,MAE,mechanistic_ridge_residual,ridge,"{""383001"":""mechanistic_ridge_residual:383001"",""383002"":""mechanistic_ridge_residual:383002"",""383003"":""mechanistic_ridge_residual:383003""}","{""383001"":""ridge:383001"",""383002"":""ridge:383002"",""383003"":""ridge:383003""}","{""383001"":4.0,""383002"":4.0,""383003"":4.0}","{""383001"":7.0,""383002"":7.0,""383003"":7.0}",3,0,,INCONCLUSIVE_NO_PREDECLARED_PRACTICAL_THRESHOLD
deadlift_delta_capacity_kg,MAE,public-native-temporal-expert,ridge,"{""383001"":""public-native-temporal-expert:383001"",""383002"":""public-native-temporal-expert:383002"",""383003"":""public-native-temporal-expert:383003""}","{""383001"":""ridge:383001"",""383002"":""ridge:383002"",""383003"":""ridge:383003""}","{""383001"":1.0,""383002"":1.0,""383003"":1.0}","{""383001"":7.0,""383002"":7.0,""383003"":7.0}",3,0,,INCONCLUSIVE_NO_PREDECLARED_PRACTICAL_THRESHOLD
deadlift_delta_capacity_kg,R²,compact_neural,context_mean,"{""383001"":""compact_neural:383001"",""383002"":""compact_neural:383002"",""383003"":""compact_neural:383003""}","{""383001"":""context_mean:383001"",""383002"":""context_mean:383002"",""383003"":""context_mean:383003""}","{""383001"":2.0,""383002"":2.0,""383003"":2.0}","{""383001"":5.0,""383002"":5.0,""383003"":5.0}",3,0,,INCONCLUSIVE_NO_PREDECLARED_PRACTICAL_THRESHOLD
deadlift_delta_capacity_kg,R²,compact_neural,histogram_boosted_stumps,"{""383001"":""compact_neural:383001"",""383002"":""compact_neural:383002"",""383003"":""compact_neural:383003""}","{""383001"":""histogram_boosted_stumps:383001"",""383002"":""histogram_boosted_stumps:383002"",""383003"":""histogram_boosted_stumps:383003""}","{""383001"":2.0,""383002"":2.0,""383003"":2.0}","{""383001"":7.0,""383002"":7.0,""383003"":7.0}",3,0,,INCONCLUSIVE_NO_PREDECLARED_PRACTICAL_THRESHOLD
deadlift_delta_capacity_kg,R²,compact_neural,mechanistic_midpoint,"{""383001"":""compact_neural:383001"",""383002"":""compact_neural:383002"",""383003"":""compact_neural:383003""}","{""383001"":""mechanistic_midpoint:383001"",""383002"":""mechanistic_midpoint:383002"",""383003"":""mechanistic_midpoint:383003""}","{""383001"":2.0,""383002"":2.0,""383003"":2.0}","{""383001"":4.0,""383002"":4.0,""383003"":4.0}",3,0,,INCONCLUSIVE_NO_PREDECLARED_PRACTICAL_THRESHOLD
deadlift_delta_capacity_kg,R²,compact_neural,mechanistic_ridge_residual,"{""383001"":""compact_neural:383001"",""383002"":""compact_neural:383002"",""383003"":""compact_neural:383003""}","{""383001"":""mechanistic_ridge_residual:383001"",""383002"":""mechanistic_ridge_residual:383002"",""383003"":""mechanistic_ridge_residual:383003""}","{""383001"":2.0,""383002"":2.0,""383003"":2.0}","{""383001"":3.0,""383002"":3.0,""383003"":3.0}",3,0,,INCONCLUSIVE_NO_PREDECLARED_PRACTICAL_THRESHOLD
deadlift_delta_capacity_kg,R²,compact_neural,public-native-temporal-expert,"{""383001"":""compact_neural:383001"",""383002"":""compact_neural:383002"",""383003"":""compact_neural:383003""}","{""383001"":""public-native-temporal-expert:383001"",""383002"":""public-native-temporal-expert:383002"",""383003"":""public-native-temporal-expert:383003""}","{""383001"":2.0,""383002"":2.0,""383003"":2.0}","{""383001"":1.0,""383002"":1.0,""383003"":1.0}",3,0,,INCONCLUSIVE_NO_PREDECLARED_PRACTICAL_THRESHOLD
deadlift_delta_capacity_kg,R²,compact_neural,ridge,"{""383001"":""compact_neural:383001"",""383002"":""compact_neural:383002"",""383003"":""compact_neural:383003""}","{""383001"":""ridge:383001"",""383002"":""ridge:383002"",""383003"":""ridge:383003""}","{""383001"":2.0,""383002"":2.0,""383003"":2.0}","{""383001"":6.0,""383002"":6.0,""383003"":6.0}",3,0,,INCONCLUSIVE_NO_PREDECLARED_PRACTICAL_THRESHOLD
deadlift_delta_capacity_kg,R²,context_mean,histogram_boosted_stumps,"{""383001"":""context_mean:383001"",""383002"":""context_mean:383002"",""383003"":""context_mean:383003""}","{""383001"":""histogram_boosted_stumps:383001"",""383002"":""histogram_boosted_stumps:383002"",""383003"":""histogram_boosted_stumps:383003""}","{""383001"":5.0,""383002"":5.0,""383003"":5.0}","{""383001"":7.0,""383002"":7.0,""383003"":7.0}",3,0,,INCONCLUSIVE_NO_PREDECLARED_PRACTICAL_THRESHOLD
deadlift_delta_capacity_kg,R²,context_mean,mechanistic_midpoint,"{""383001"":""context_mean:383001"",""383002"":""context_mean:383002"",""383003"":""context_mean:383003""}","{""383001"":""mechanistic_midpoint:383001"",""383002"":""mechanistic_midpoint:383002"",""383003"":""mechanistic_midpoint:383003""}","{""383001"":5.0,""383002"":5.0,""383003"":5.0}","{""383001"":4.0,""383002"":4.0,""383003"":4.0}",3,0,,INCONCLUSIVE_NO_PREDECLARED_PRACTICAL_THRESHOLD
deadlift_delta_capacity_kg,R²,context_mean,mechanistic_ridge_residual,"{""383001"":""context_mean:383001"",""383002"":""context_mean:383002"",""383003"":""context_mean:383003""}","{""383001"":""mechanistic_ridge_residual:383001"",""383002"":""mechanistic_ridge_residual:383002"",""383003"":""mechanistic_ridge_residual:383003""}","{""383001"":5.0,""383002"":5.0,""383003"":5.0}","{""383001"":3.0,""383002"":3.0,""383003"":3.0}",3,0,,INCONCLUSIVE_NO_PREDECLARED_PRACTICAL_THRESHOLD
deadlift_delta_capacity_kg,R²,context_mean,public-native-temporal-expert,"{""383001"":""context_mean:383001"",""383002"":""context_mean:383002"",""383003"":""context_mean:383003""}","{""383001"":""public-native-temporal-expert:383001"",""383002"":""public-native-temporal-expert:383002"",""383003"":""public-native-temporal-expert:383003""}","{""383001"":5.0,""383002"":5.0,""383003"":5.0}","{""383001"":1.0,""383002"":1.0,""383003"":1.0}",3,0,,INCONCLUSIVE_NO_PREDECLARED_PRACTICAL_THRESHOLD
deadlift_delta_capacity_kg,R²,context_mean,ridge,"{""383001"":""context_mean:383001"",""383002"":""context_mean:383002"",""383003"":""context_mean:383003""}","{""383001"":""ridge:383001"",""383002"":""ridge:383002"",""383003"":""ridge:383003""}","{""383001"":5.0,""383002"":5.0,""383003"":5.0}","{""383001"":6.0,""383002"":6.0,""383003"":6.0}",3,0,,INCONCLUSIVE_NO_PREDECLARED_PRACTICAL_THRESHOLD
deadlift_delta_capacity_kg,R²,histogram_boosted_stumps,mechanistic_midpoint,"{""383001"":""histogram_boosted_stumps:383001"",""383002"":""histogram_boosted_stumps:383002"",""383003"":""histogram_boosted_stumps:383003""}","{""383001"":""mechanistic_midpoint:383001"",""383002"":""mechanistic_midpoint:383002"",""383003"":""mechanistic_midpoint:383003""}","{""383001"":7.0,""383002"":7.0,""383003"":7.0}","{""383001"":4.0,""383002"":4.0,""383003"":4.0}",3,0,,INCONCLUSIVE_NO_PREDECLARED_PRACTICAL_THRESHOLD
deadlift_delta_capacity_kg,R²,histogram_boosted_stumps,mechanistic_ridge_residual,"{""383001"":""histogram_boosted_stumps:383001"",""383002"":""histogram_boosted_stumps:383002"",""383003"":""histogram_boosted_stumps:383003""}","{""383001"":""mechanistic_ridge_residual:383001"",""383002"":""mechanistic_ridge_residual:383002"",""383003"":""mechanistic_ridge_residual:383003""}","{""383001"":7.0,""383002"":7.0,""383003"":7.0}","{""383001"":3.0,""383002"":3.0,""383003"":3.0}",3,0,,INCONCLUSIVE_NO_PREDECLARED_PRACTICAL_THRESHOLD
deadlift_delta_capacity_kg,R²,histogram_boosted_stumps,public-native-temporal-expert,"{""383001"":""histogram_boosted_stumps:383001"",""383002"":""histogram_boosted_stumps:383002"",""383003"":""histogram_boosted_stumps:383003""}","{""383001"":""public-native-temporal-expert:383001"",""383002"":""public-native-temporal-expert:383002"",""383003"":""public-native-temporal-expert:383003""}","{""383001"":7.0,""383002"":7.0,""383003"":7.0}","{""383001"":1.0,""383002"":1.0,""383003"":1.0}",3,0,,INCONCLUSIVE_NO_PREDECLARED_PRACTICAL_THRESHOLD
deadlift_delta_capacity_kg,R²,histogram_boosted_stumps,ridge,"{""383001"":""histogram_boosted_stumps:383001"",""383002"":""histogram_boosted_stumps:383002"",""383003"":""histogram_boosted_stumps:383003""}","{""383001"":""ridge:383001"",""383002"":""ridge:383002"",""383003"":""ridge:383003""}","{""383001"":7.0,""383002"":7.0,""383003"":7.0}","{""383001"":6.0,""383002"":6.0,""383003"":6.0}",3,0,,INCONCLUSIVE_NO_PREDECLARED_PRACTICAL_THRESHOLD
deadlift_delta_capacity_kg,R²,mechanistic_midpoint,mechanistic_ridge_residual,"{""383001"":""mechanistic_midpoint:383001"",""383002"":""mechanistic_midpoint:383002"",""383003"":""mechanistic_midpoint:383003""}","{""383001"":""mechanistic_ridge_residual:383001"",""383002"":""mechanistic_ridge_residual:383002"",""383003"":""mechanistic_ridge_residual:383003""}","{""383001"":4.0,""383002"":4.0,""383003"":4.0}","{""383001"":3.0,""383002"":3.0,""383003"":3.0}",3,0,,INCONCLUSIVE_NO_PREDECLARED_PRACTICAL_THRESHOLD
deadlift_delta_capacity_kg,R²,mechanistic_midpoint,public-native-temporal-expert,"{""383001"":""mechanistic_midpoint:383001"",""383002"":""mechanistic_midpoint:383002"",""383003"":""mechanistic_midpoint:383003""}","{""383001"":""public-native-temporal-expert:383001"",""383002"":""public-native-temporal-expert:383002"",""383003"":""public-native-temporal-expert:383003""}","{""383001"":4.0,""383002"":4.0,""383003"":4.0}","{""383001"":1.0,""383002"":1.0,""383003"":1.0}",3,0,,INCONCLUSIVE_NO_PREDECLARED_PRACTICAL_THRESHOLD
deadlift_delta_capacity_kg,R²,mechanistic_midpoint,ridge,"{""383001"":""mechanistic_midpoint:383001"",""383002"":""mechanistic_midpoint:383002"",""383003"":""mechanistic_midpoint:383003""}","{""383001"":""ridge:383001"",""383002"":""ridge:383002"",""383003"":""ridge:383003""}","{""383001"":4.0,""383002"":4.0,""383003"":4.0}","{""383001"":6.0,""383002"":6.0,""383003"":6.0}",3,0,,INCONCLUSIVE_NO_PREDECLARED_PRACTICAL_THRESHOLD
deadlift_delta_capacity_kg,R²,mechanistic_ridge_residual,public-native-temporal-expert,"{""383001"":""mechanistic_ridge_residual:383001"",""383002"":""mechanistic_ridge_residual:383002"",""383003"":""mechanistic_ridge_residual:383003""}","{""383001"":""public-native-temporal-expert:383001"",""383002"":""public-native-temporal-expert:383002"",""383003"":""public-native-temporal-expert:383003""}","{""383001"":3.0,""383002"":3.0,""383003"":3.0}","{""383001"":1.0,""383002"":1.0,""383003"":1.0}",3,0,,INCONCLUSIVE_NO_PREDECLARED_PRACTICAL_THRESHOLD
deadlift_delta_capacity_kg,R²,mechanistic_ridge_residual,ridge,"{""383001"":""mechanistic_ridge_residual:383001"",""383002"":""mechanistic_ridge_residual:383002"",""383003"":""mechanistic_ridge_residual:383003""}","{""383001"":""ridge:383001"",""383002"":""ridge:383002"",""383003"":""ridge:383003""}","{""383001"":3.0,""383002"":3.0,""383003"":3.0}","{""383001"":6.0,""383002"":6.0,""383003"":6.0}",3,0,,INCONCLUSIVE_NO_PREDECLARED_PRACTICAL_THRESHOLD
deadlift_delta_capacity_kg,R²,public-native-temporal-expert,ridge,"{""383001"":""public-native-temporal-expert:383001"",""383002"":""public-native-temporal-expert:383002"",""383003"":""public-native-temporal-expert:383003""}","{""383001"":""ridge:383001"",""383002"":""ridge:383002"",""383003"":""ridge:383003""}","{""383001"":1.0,""383002"":1.0,""383003"":1.0}","{""383001"":6.0,""383002"":6.0,""383003"":6.0}",3,0,,INCONCLUSIVE_NO_PREDECLARED_PRACTICAL_THRESHOLD
deadlift_delta_capacity_kg,SRE(ddof=0),compact_neural,context_mean,"{""383001"":""compact_neural:383001"",""383002"":""compact_neural:383002"",""383003"":""compact_neural:383003""}","{""383001"":""context_mean:383001"",""383002"":""context_mean:383002"",""383003"":""context_mean:383003""}","{""383001"":2.0,""383002"":2.0,""383003"":2.0}","{""383001"":5.0,""383002"":5.0,""383003"":5.0}",3,0,,INCONCLUSIVE_NO_PREDECLARED_PRACTICAL_THRESHOLD
deadlift_delta_capacity_kg,SRE(ddof=0),compact_neural,histogram_boosted_stumps,"{""383001"":""compact_neural:383001"",""383002"":""compact_neural:383002"",""383003"":""compact_neural:383003""}","{""383001"":""histogram_boosted_stumps:383001"",""383002"":""histogram_boosted_stumps:383002"",""383003"":""histogram_boosted_stumps:383003""}","{""383001"":2.0,""383002"":2.0,""383003"":2.0}","{""383001"":7.0,""383002"":7.0,""383003"":7.0}",3,0,,INCONCLUSIVE_NO_PREDECLARED_PRACTICAL_THRESHOLD
deadlift_delta_capacity_kg,SRE(ddof=0),compact_neural,mechanistic_midpoint,"{""383001"":""compact_neural:383001"",""383002"":""compact_neural:383002"",""383003"":""compact_neural:383003""}","{""383001"":""mechanistic_midpoint:383001"",""383002"":""mechanistic_midpoint:383002"",""383003"":""mechanistic_midpoint:383003""}","{""383001"":2.0,""383002"":2.0,""383003"":2.0}","{""383001"":4.0,""383002"":4.0,""383003"":4.0}",3,0,,INCONCLUSIVE_NO_PREDECLARED_PRACTICAL_THRESHOLD
deadlift_delta_capacity_kg,SRE(ddof=0),compact_neural,mechanistic_ridge_residual,"{""383001"":""compact_neural:383001"",""383002"":""compact_neural:383002"",""383003"":""compact_neural:383003""}","{""383001"":""mechanistic_ridge_residual:383001"",""383002"":""mechanistic_ridge_residual:383002"",""383003"":""mechanistic_ridge_residual:383003""}","{""383001"":2.0,""383002"":2.0,""383003"":2.0}","{""383001"":3.0,""383002"":3.0,""383003"":3.0}",3,0,,INCONCLUSIVE_NO_PREDECLARED_PRACTICAL_THRESHOLD
deadlift_delta_capacity_kg,SRE(ddof=0),compact_neural,public-native-temporal-expert,"{""383001"":""compact_neural:383001"",""383002"":""compact_neural:383002"",""383003"":""compact_neural:383003""}","{""383001"":""public-native-temporal-expert:383001"",""383002"":""public-native-temporal-expert:383002"",""383003"":""public-native-temporal-expert:383003""}","{""383001"":2.0,""383002"":2.0,""383003"":2.0}","{""383001"":1.0,""383002"":1.0,""383003"":1.0}",3,0,,INCONCLUSIVE_NO_PREDECLARED_PRACTICAL_THRESHOLD
deadlift_delta_capacity_kg,SRE(ddof=0),compact_neural,ridge,"{""383001"":""compact_neural:383001"",""383002"":""compact_neural:383002"",""383003"":""compact_neural:383003""}","{""383001"":""ridge:383001"",""383002"":""ridge:383002"",""383003"":""ridge:383003""}","{""383001"":2.0,""383002"":2.0,""383003"":2.0}","{""383001"":6.0,""383002"":6.0,""383003"":6.0}",3,0,,INCONCLUSIVE_NO_PREDECLARED_PRACTICAL_THRESHOLD
deadlift_delta_capacity_kg,SRE(ddof=0),context_mean,histogram_boosted_stumps,"{""383001"":""context_mean:383001"",""383002"":""context_mean:383002"",""383003"":""context_mean:383003""}","{""383001"":""histogram_boosted_stumps:383001"",""383002"":""histogram_boosted_stumps:383002"",""383003"":""histogram_boosted_stumps:383003""}","{""383001"":5.0,""383002"":5.0,""383003"":5.0}","{""383001"":7.0,""383002"":7.0,""383003"":7.0}",3,0,,INCONCLUSIVE_NO_PREDECLARED_PRACTICAL_THRESHOLD
deadlift_delta_capacity_kg,SRE(ddof=0),context_mean,mechanistic_midpoint,"{""383001"":""context_mean:383001"",""383002"":""context_mean:383002"",""383003"":""context_mean:383003""}","{""383001"":""mechanistic_midpoint:383001"",""383002"":""mechanistic_midpoint:383002"",""383003"":""mechanistic_midpoint:383003""}","{""383001"":5.0,""383002"":5.0,""383003"":5.0}","{""383001"":4.0,""383002"":4.0,""383003"":4.0}",3,0,,INCONCLUSIVE_NO_PREDECLARED_PRACTICAL_THRESHOLD
deadlift_delta_capacity_kg,SRE(ddof=0),context_mean,mechanistic_ridge_residual,"{""383001"":""context_mean:383001"",""383002"":""context_mean:383002"",""383003"":""context_mean:383003""}","{""383001"":""mechanistic_ridge_residual:383001"",""383002"":""mechanistic_ridge_residual:383002"",""383003"":""mechanistic_ridge_residual:383003""}","{""383001"":5.0,""383002"":5.0,""383003"":5.0}","{""383001"":3.0,""383002"":3.0,""383003"":3.0}",3,0,,INCONCLUSIVE_NO_PREDECLARED_PRACTICAL_THRESHOLD
deadlift_delta_capacity_kg,SRE(ddof=0),context_mean,public-native-temporal-expert,"{""383001"":""context_mean:383001"",""383002"":""context_mean:383002"",""383003"":""context_mean:383003""}","{""383001"":""public-native-temporal-expert:383001"",""383002"":""public-native-temporal-expert:383002"",""383003"":""public-native-temporal-expert:383003""}","{""383001"":5.0,""383002"":5.0,""383003"":5.0}","{""383001"":1.0,""383002"":1.0,""383003"":1.0}",3,0,,INCONCLUSIVE_NO_PREDECLARED_PRACTICAL_THRESHOLD
deadlift_delta_capacity_kg,SRE(ddof=0),context_mean,ridge,"{""383001"":""context_mean:383001"",""383002"":""context_mean:383002"",""383003"":""context_mean:383003""}","{""383001"":""ridge:383001"",""383002"":""ridge:383002"",""383003"":""ridge:383003""}","{""383001"":5.0,""383002"":5.0,""383003"":5.0}","{""383001"":6.0,""383002"":6.0,""383003"":6.0}",3,0,,INCONCLUSIVE_NO_PREDECLARED_PRACTICAL_THRESHOLD
deadlift_delta_capacity_kg,SRE(ddof=0),histogram_boosted_stumps,mechanistic_midpoint,"{""383001"":""histogram_boosted_stumps:383001"",""383002"":""histogram_boosted_stumps:383002"",""383003"":""histogram_boosted_stumps:383003""}","{""383001"":""mechanistic_midpoint:383001"",""383002"":""mechanistic_midpoint:383002"",""383003"":""mechanistic_midpoint:383003""}","{""383001"":7.0,""383002"":7.0,""383003"":7.0}","{""383001"":4.0,""383002"":4.0,""383003"":4.0}",3,0,,INCONCLUSIVE_NO_PREDECLARED_PRACTICAL_THRESHOLD
deadlift_delta_capacity_kg,SRE(ddof=0),histogram_boosted_stumps,mechanistic_ridge_residual,"{""383001"":""histogram_boosted_stumps:383001"",""383002"":""histogram_boosted_stumps:383002"",""383003"":""histogram_boosted_stumps:383003""}","{""383001"":""mechanistic_ridge_residual:383001"",""383002"":""mechanistic_ridge_residual:383002"",""383003"":""mechanistic_ridge_residual:383003""}","{""383001"":7.0,""383002"":7.0,""383003"":7.0}","{""383001"":3.0,""383002"":3.0,""383003"":3.0}",3,0,,INCONCLUSIVE_NO_PREDECLARED_PRACTICAL_THRESHOLD
deadlift_delta_capacity_kg,SRE(ddof=0),histogram_boosted_stumps,public-native-temporal-expert,"{""383001"":""histogram_boosted_stumps:383001"",""383002"":""histogram_boosted_stumps:383002"",""383003"":""histogram_boosted_stumps:383003""}","{""383001"":""public-native-temporal-expert:383001"",""383002"":""public-native-temporal-expert:383002"",""383003"":""public-native-temporal-expert:383003""}","{""383001"":7.0,""383002"":7.0,""383003"":7.0}","{""383001"":1.0,""383002"":1.0,""383003"":1.0}",3,0,,INCONCLUSIVE_NO_PREDECLARED_PRACTICAL_THRESHOLD
deadlift_delta_capacity_kg,SRE(ddof=0),histogram_boosted_stumps,ridge,"{""383001"":""histogram_boosted_stumps:383001"",""383002"":""histogram_boosted_stumps:383002"",""383003"":""histogram_boosted_stumps:383003""}","{""383001"":""ridge:383001"",""383002"":""ridge:383002"",""383003"":""ridge:383003""}","{""383001"":7.0,""383002"":7.0,""383003"":7.0}","{""383001"":6.0,""383002"":6.0,""383003"":6.0}",3,0,,INCONCLUSIVE_NO_PREDECLARED_PRACTICAL_THRESHOLD
deadlift_delta_capacity_kg,SRE(ddof=0),mechanistic_midpoint,mechanistic_ridge_residual,"{""383001"":""mechanistic_midpoint:383001"",""383002"":""mechanistic_midpoint:383002"",""383003"":""mechanistic_midpoint:383003""}","{""383001"":""mechanistic_ridge_residual:383001"",""383002"":""mechanistic_ridge_residual:383002"",""383003"":""mechanistic_ridge_residual:383003""}","{""383001"":4.0,""383002"":4.0,""383003"":4.0}","{""383001"":3.0,""383002"":3.0,""383003"":3.0}",3,0,,INCONCLUSIVE_NO_PREDECLARED_PRACTICAL_THRESHOLD
deadlift_delta_capacity_kg,SRE(ddof=0),mechanistic_midpoint,public-native-temporal-expert,"{""383001"":""mechanistic_midpoint:383001"",""383002"":""mechanistic_midpoint:383002"",""383003"":""mechanistic_midpoint:383003""}","{""383001"":""public-native-temporal-expert:383001"",""383002"":""public-native-temporal-expert:383002"",""383003"":""public-native-temporal-expert:383003""}","{""383001"":4.0,""383002"":4.0,""383003"":4.0}","{""383001"":1.0,""383002"":1.0,""383003"":1.0}",3,0,,INCONCLUSIVE_NO_PREDECLARED_PRACTICAL_THRESHOLD
deadlift_delta_capacity_kg,SRE(ddof=0),mechanistic_midpoint,ridge,"{""383001"":""mechanistic_midpoint:383001"",""383002"":""mechanistic_midpoint:383002"",""383003"":""mechanistic_midpoint:383003""}","{""383001"":""ridge:383001"",""383002"":""ridge:383002"",""383003"":""ridge:383003""}","{""383001"":4.0,""383002"":4.0,""383003"":4.0}","{""383001"":6.0,""383002"":6.0,""383003"":6.0}",3,0,,INCONCLUSIVE_NO_PREDECLARED_PRACTICAL_THRESHOLD
deadlift_delta_capacity_kg,SRE(ddof=0),mechanistic_ridge_residual,public-native-temporal-expert,"{""383001"":""mechanistic_ridge_residual:383001"",""383002"":""mechanistic_ridge_residual:383002"",""383003"":""mechanistic_ridge_residual:383003""}","{""383001"":""public-native-temporal-expert:383001"",""383002"":""public-native-temporal-expert:383002"",""383003"":""public-native-temporal-expert:383003""}","{""383001"":3.0,""383002"":3.0,""383003"":3.0}","{""383001"":1.0,""383002"":1.0,""383003"":1.0}",3,0,,INCONCLUSIVE_NO_PREDECLARED_PRACTICAL_THRESHOLD
deadlift_delta_capacity_kg,SRE(ddof=0),mechanistic_ridge_residual,ridge,"{""383001"":""mechanistic_ridge_residual:383001"",""383002"":""mechanistic_ridge_residual:383002"",""383003"":""mechanistic_ridge_residual:383003""}","{""383001"":""ridge:383001"",""383002"":""ridge:383002"",""383003"":""ridge:383003""}","{""383001"":3.0,""383002"":3.0,""383003"":3.0}","{""383001"":6.0,""383002"":6.0,""383003"":6.0}",3,0,,INCONCLUSIVE_NO_PREDECLARED_PRACTICAL_THRESHOLD
deadlift_delta_capacity_kg,SRE(ddof=0),public-native-temporal-expert,ridge,"{""383001"":""public-native-temporal-expert:383001"",""383002"":""public-native-temporal-expert:383002"",""383003"":""public-native-temporal-expert:383003""}","{""383001"":""ridge:383001"",""383002"":""ridge:383002"",""383003"":""ridge:383003""}","{""383001"":1.0,""383002"":1.0,""383003"":1.0}","{""383001"":6.0,""383002"":6.0,""383003"":6.0}",3,0,,INCONCLUSIVE_NO_PREDECLARED_PRACTICAL_THRESHOLD
