execution,benchmark_version,attack_spec_ref,status,run_id,diagnostic,value,source_result_identity
RES-278,iid_latent_capacity_change_with_transient_expression_forecasting@1.0.0,observation_noise_perturbation@1.0.0,INCONCLUSIVE,res278-observation_noise_perturbation-dae69b13a574,audit_row_count,96,psr:audit-result:iid_latent_capacity_change_with_transient_expression_forecasting-observation_noise_perturbation@1.0.0~8e9b3453e1eb
RES-278,iid_latent_capacity_change_with_transient_expression_forecasting@1.0.0,observation_noise_perturbation@1.0.0,INCONCLUSIVE,res278-observation_noise_perturbation-dae69b13a574,fitted_comparator_instance_count,18,psr:audit-result:iid_latent_capacity_change_with_transient_expression_forecasting-observation_noise_perturbation@1.0.0~8e9b3453e1eb
RES-278,iid_latent_capacity_change_with_transient_expression_forecasting@1.0.0,observation_noise_perturbation@1.0.0,INCONCLUSIVE,res278-observation_noise_perturbation-dae69b13a574,mean_abs_prediction_delta::compact_neural::383001::bench_press_delta_capacity_kg,1.0842482421410948,psr:audit-result:iid_latent_capacity_change_with_transient_expression_forecasting-observation_noise_perturbation@1.0.0~8e9b3453e1eb
RES-278,iid_latent_capacity_change_with_transient_expression_forecasting@1.0.0,observation_noise_perturbation@1.0.0,INCONCLUSIVE,res278-observation_noise_perturbation-dae69b13a574,mean_abs_prediction_delta::compact_neural::383001::deadlift_delta_capacity_kg,1.528386960559427,psr:audit-result:iid_latent_capacity_change_with_transient_expression_forecasting-observation_noise_perturbation@1.0.0~8e9b3453e1eb
RES-278,iid_latent_capacity_change_with_transient_expression_forecasting@1.0.0,observation_noise_perturbation@1.0.0,INCONCLUSIVE,res278-observation_noise_perturbation-dae69b13a574,mean_abs_prediction_delta::compact_neural::383001::squat_delta_capacity_kg,1.3392103958710448,psr:audit-result:iid_latent_capacity_change_with_transient_expression_forecasting-observation_noise_perturbation@1.0.0~8e9b3453e1eb
RES-278,iid_latent_capacity_change_with_transient_expression_forecasting@1.0.0,observation_noise_perturbation@1.0.0,INCONCLUSIVE,res278-observation_noise_perturbation-dae69b13a574,mean_abs_prediction_delta::compact_neural::383002::bench_press_delta_capacity_kg,1.0987370493135409,psr:audit-result:iid_latent_capacity_change_with_transient_expression_forecasting-observation_noise_perturbation@1.0.0~8e9b3453e1eb
RES-278,iid_latent_capacity_change_with_transient_expression_forecasting@1.0.0,observation_noise_perturbation@1.0.0,INCONCLUSIVE,res278-observation_noise_perturbation-dae69b13a574,mean_abs_prediction_delta::compact_neural::383002::deadlift_delta_capacity_kg,1.6737663189492462,psr:audit-result:iid_latent_capacity_change_with_transient_expression_forecasting-observation_noise_perturbation@1.0.0~8e9b3453e1eb
RES-278,iid_latent_capacity_change_with_transient_expression_forecasting@1.0.0,observation_noise_perturbation@1.0.0,INCONCLUSIVE,res278-observation_noise_perturbation-dae69b13a574,mean_abs_prediction_delta::compact_neural::383002::squat_delta_capacity_kg,1.308432403154216,psr:audit-result:iid_latent_capacity_change_with_transient_expression_forecasting-observation_noise_perturbation@1.0.0~8e9b3453e1eb
RES-278,iid_latent_capacity_change_with_transient_expression_forecasting@1.0.0,observation_noise_perturbation@1.0.0,INCONCLUSIVE,res278-observation_noise_perturbation-dae69b13a574,mean_abs_prediction_delta::compact_neural::383003::bench_press_delta_capacity_kg,1.186655283377279,psr:audit-result:iid_latent_capacity_change_with_transient_expression_forecasting-observation_noise_perturbation@1.0.0~8e9b3453e1eb
RES-278,iid_latent_capacity_change_with_transient_expression_forecasting@1.0.0,observation_noise_perturbation@1.0.0,INCONCLUSIVE,res278-observation_noise_perturbation-dae69b13a574,mean_abs_prediction_delta::compact_neural::383003::deadlift_delta_capacity_kg,1.5672048275373638,psr:audit-result:iid_latent_capacity_change_with_transient_expression_forecasting-observation_noise_perturbation@1.0.0~8e9b3453e1eb
RES-278,iid_latent_capacity_change_with_transient_expression_forecasting@1.0.0,observation_noise_perturbation@1.0.0,INCONCLUSIVE,res278-observation_noise_perturbation-dae69b13a574,mean_abs_prediction_delta::compact_neural::383003::squat_delta_capacity_kg,1.4442371050554483,psr:audit-result:iid_latent_capacity_change_with_transient_expression_forecasting-observation_noise_perturbation@1.0.0~8e9b3453e1eb
RES-278,iid_latent_capacity_change_with_transient_expression_forecasting@1.0.0,observation_noise_perturbation@1.0.0,INCONCLUSIVE,res278-observation_noise_perturbation-dae69b13a574,mean_abs_prediction_delta::context_mean::383001::bench_press_delta_capacity_kg,0.0,psr:audit-result:iid_latent_capacity_change_with_transient_expression_forecasting-observation_noise_perturbation@1.0.0~8e9b3453e1eb
RES-278,iid_latent_capacity_change_with_transient_expression_forecasting@1.0.0,observation_noise_perturbation@1.0.0,INCONCLUSIVE,res278-observation_noise_perturbation-dae69b13a574,mean_abs_prediction_delta::context_mean::383001::deadlift_delta_capacity_kg,0.0,psr:audit-result:iid_latent_capacity_change_with_transient_expression_forecasting-observation_noise_perturbation@1.0.0~8e9b3453e1eb
RES-278,iid_latent_capacity_change_with_transient_expression_forecasting@1.0.0,observation_noise_perturbation@1.0.0,INCONCLUSIVE,res278-observation_noise_perturbation-dae69b13a574,mean_abs_prediction_delta::context_mean::383001::squat_delta_capacity_kg,0.0,psr:audit-result:iid_latent_capacity_change_with_transient_expression_forecasting-observation_noise_perturbation@1.0.0~8e9b3453e1eb
RES-278,iid_latent_capacity_change_with_transient_expression_forecasting@1.0.0,observation_noise_perturbation@1.0.0,INCONCLUSIVE,res278-observation_noise_perturbation-dae69b13a574,mean_abs_prediction_delta::context_mean::383002::bench_press_delta_capacity_kg,0.0,psr:audit-result:iid_latent_capacity_change_with_transient_expression_forecasting-observation_noise_perturbation@1.0.0~8e9b3453e1eb
RES-278,iid_latent_capacity_change_with_transient_expression_forecasting@1.0.0,observation_noise_perturbation@1.0.0,INCONCLUSIVE,res278-observation_noise_perturbation-dae69b13a574,mean_abs_prediction_delta::context_mean::383002::deadlift_delta_capacity_kg,0.0,psr:audit-result:iid_latent_capacity_change_with_transient_expression_forecasting-observation_noise_perturbation@1.0.0~8e9b3453e1eb
RES-278,iid_latent_capacity_change_with_transient_expression_forecasting@1.0.0,observation_noise_perturbation@1.0.0,INCONCLUSIVE,res278-observation_noise_perturbation-dae69b13a574,mean_abs_prediction_delta::context_mean::383002::squat_delta_capacity_kg,0.0,psr:audit-result:iid_latent_capacity_change_with_transient_expression_forecasting-observation_noise_perturbation@1.0.0~8e9b3453e1eb
RES-278,iid_latent_capacity_change_with_transient_expression_forecasting@1.0.0,observation_noise_perturbation@1.0.0,INCONCLUSIVE,res278-observation_noise_perturbation-dae69b13a574,mean_abs_prediction_delta::context_mean::383003::bench_press_delta_capacity_kg,0.0,psr:audit-result:iid_latent_capacity_change_with_transient_expression_forecasting-observation_noise_perturbation@1.0.0~8e9b3453e1eb
RES-278,iid_latent_capacity_change_with_transient_expression_forecasting@1.0.0,observation_noise_perturbation@1.0.0,INCONCLUSIVE,res278-observation_noise_perturbation-dae69b13a574,mean_abs_prediction_delta::context_mean::383003::deadlift_delta_capacity_kg,0.0,psr:audit-result:iid_latent_capacity_change_with_transient_expression_forecasting-observation_noise_perturbation@1.0.0~8e9b3453e1eb
RES-278,iid_latent_capacity_change_with_transient_expression_forecasting@1.0.0,observation_noise_perturbation@1.0.0,INCONCLUSIVE,res278-observation_noise_perturbation-dae69b13a574,mean_abs_prediction_delta::context_mean::383003::squat_delta_capacity_kg,0.0,psr:audit-result:iid_latent_capacity_change_with_transient_expression_forecasting-observation_noise_perturbation@1.0.0~8e9b3453e1eb
RES-278,iid_latent_capacity_change_with_transient_expression_forecasting@1.0.0,observation_noise_perturbation@1.0.0,INCONCLUSIVE,res278-observation_noise_perturbation-dae69b13a574,mean_abs_prediction_delta::histogram_boosted_stumps::383001::bench_press_delta_capacity_kg,0.0,psr:audit-result:iid_latent_capacity_change_with_transient_expression_forecasting-observation_noise_perturbation@1.0.0~8e9b3453e1eb
RES-278,iid_latent_capacity_change_with_transient_expression_forecasting@1.0.0,observation_noise_perturbation@1.0.0,INCONCLUSIVE,res278-observation_noise_perturbation-dae69b13a574,mean_abs_prediction_delta::histogram_boosted_stumps::383001::deadlift_delta_capacity_kg,0.0,psr:audit-result:iid_latent_capacity_change_with_transient_expression_forecasting-observation_noise_perturbation@1.0.0~8e9b3453e1eb
RES-278,iid_latent_capacity_change_with_transient_expression_forecasting@1.0.0,observation_noise_perturbation@1.0.0,INCONCLUSIVE,res278-observation_noise_perturbation-dae69b13a574,mean_abs_prediction_delta::histogram_boosted_stumps::383001::squat_delta_capacity_kg,0.0,psr:audit-result:iid_latent_capacity_change_with_transient_expression_forecasting-observation_noise_perturbation@1.0.0~8e9b3453e1eb
RES-278,iid_latent_capacity_change_with_transient_expression_forecasting@1.0.0,observation_noise_perturbation@1.0.0,INCONCLUSIVE,res278-observation_noise_perturbation-dae69b13a574,mean_abs_prediction_delta::histogram_boosted_stumps::383002::bench_press_delta_capacity_kg,0.0,psr:audit-result:iid_latent_capacity_change_with_transient_expression_forecasting-observation_noise_perturbation@1.0.0~8e9b3453e1eb
RES-278,iid_latent_capacity_change_with_transient_expression_forecasting@1.0.0,observation_noise_perturbation@1.0.0,INCONCLUSIVE,res278-observation_noise_perturbation-dae69b13a574,mean_abs_prediction_delta::histogram_boosted_stumps::383002::deadlift_delta_capacity_kg,0.0,psr:audit-result:iid_latent_capacity_change_with_transient_expression_forecasting-observation_noise_perturbation@1.0.0~8e9b3453e1eb
RES-278,iid_latent_capacity_change_with_transient_expression_forecasting@1.0.0,observation_noise_perturbation@1.0.0,INCONCLUSIVE,res278-observation_noise_perturbation-dae69b13a574,mean_abs_prediction_delta::histogram_boosted_stumps::383002::squat_delta_capacity_kg,0.0,psr:audit-result:iid_latent_capacity_change_with_transient_expression_forecasting-observation_noise_perturbation@1.0.0~8e9b3453e1eb
RES-278,iid_latent_capacity_change_with_transient_expression_forecasting@1.0.0,observation_noise_perturbation@1.0.0,INCONCLUSIVE,res278-observation_noise_perturbation-dae69b13a574,mean_abs_prediction_delta::histogram_boosted_stumps::383003::bench_press_delta_capacity_kg,0.0,psr:audit-result:iid_latent_capacity_change_with_transient_expression_forecasting-observation_noise_perturbation@1.0.0~8e9b3453e1eb
RES-278,iid_latent_capacity_change_with_transient_expression_forecasting@1.0.0,observation_noise_perturbation@1.0.0,INCONCLUSIVE,res278-observation_noise_perturbation-dae69b13a574,mean_abs_prediction_delta::histogram_boosted_stumps::383003::deadlift_delta_capacity_kg,0.0,psr:audit-result:iid_latent_capacity_change_with_transient_expression_forecasting-observation_noise_perturbation@1.0.0~8e9b3453e1eb
RES-278,iid_latent_capacity_change_with_transient_expression_forecasting@1.0.0,observation_noise_perturbation@1.0.0,INCONCLUSIVE,res278-observation_noise_perturbation-dae69b13a574,mean_abs_prediction_delta::histogram_boosted_stumps::383003::squat_delta_capacity_kg,0.0,psr:audit-result:iid_latent_capacity_change_with_transient_expression_forecasting-observation_noise_perturbation@1.0.0~8e9b3453e1eb
RES-278,iid_latent_capacity_change_with_transient_expression_forecasting@1.0.0,observation_noise_perturbation@1.0.0,INCONCLUSIVE,res278-observation_noise_perturbation-dae69b13a574,mean_abs_prediction_delta::mechanistic_midpoint::383001::bench_press_delta_capacity_kg,0.16625229209794046,psr:audit-result:iid_latent_capacity_change_with_transient_expression_forecasting-observation_noise_perturbation@1.0.0~8e9b3453e1eb
RES-278,iid_latent_capacity_change_with_transient_expression_forecasting@1.0.0,observation_noise_perturbation@1.0.0,INCONCLUSIVE,res278-observation_noise_perturbation-dae69b13a574,mean_abs_prediction_delta::mechanistic_midpoint::383001::deadlift_delta_capacity_kg,0.2976003391972772,psr:audit-result:iid_latent_capacity_change_with_transient_expression_forecasting-observation_noise_perturbation@1.0.0~8e9b3453e1eb
RES-278,iid_latent_capacity_change_with_transient_expression_forecasting@1.0.0,observation_noise_perturbation@1.0.0,INCONCLUSIVE,res278-observation_noise_perturbation-dae69b13a574,mean_abs_prediction_delta::mechanistic_midpoint::383001::squat_delta_capacity_kg,0.2893901450583067,psr:audit-result:iid_latent_capacity_change_with_transient_expression_forecasting-observation_noise_perturbation@1.0.0~8e9b3453e1eb
RES-278,iid_latent_capacity_change_with_transient_expression_forecasting@1.0.0,observation_noise_perturbation@1.0.0,INCONCLUSIVE,res278-observation_noise_perturbation-dae69b13a574,mean_abs_prediction_delta::mechanistic_midpoint::383002::bench_press_delta_capacity_kg,0.16625229209794046,psr:audit-result:iid_latent_capacity_change_with_transient_expression_forecasting-observation_noise_perturbation@1.0.0~8e9b3453e1eb
RES-278,iid_latent_capacity_change_with_transient_expression_forecasting@1.0.0,observation_noise_perturbation@1.0.0,INCONCLUSIVE,res278-observation_noise_perturbation-dae69b13a574,mean_abs_prediction_delta::mechanistic_midpoint::383002::deadlift_delta_capacity_kg,0.2976003391972772,psr:audit-result:iid_latent_capacity_change_with_transient_expression_forecasting-observation_noise_perturbation@1.0.0~8e9b3453e1eb
RES-278,iid_latent_capacity_change_with_transient_expression_forecasting@1.0.0,observation_noise_perturbation@1.0.0,INCONCLUSIVE,res278-observation_noise_perturbation-dae69b13a574,mean_abs_prediction_delta::mechanistic_midpoint::383002::squat_delta_capacity_kg,0.2893901450583067,psr:audit-result:iid_latent_capacity_change_with_transient_expression_forecasting-observation_noise_perturbation@1.0.0~8e9b3453e1eb
RES-278,iid_latent_capacity_change_with_transient_expression_forecasting@1.0.0,observation_noise_perturbation@1.0.0,INCONCLUSIVE,res278-observation_noise_perturbation-dae69b13a574,mean_abs_prediction_delta::mechanistic_midpoint::383003::bench_press_delta_capacity_kg,0.16625229209794046,psr:audit-result:iid_latent_capacity_change_with_transient_expression_forecasting-observation_noise_perturbation@1.0.0~8e9b3453e1eb
RES-278,iid_latent_capacity_change_with_transient_expression_forecasting@1.0.0,observation_noise_perturbation@1.0.0,INCONCLUSIVE,res278-observation_noise_perturbation-dae69b13a574,mean_abs_prediction_delta::mechanistic_midpoint::383003::deadlift_delta_capacity_kg,0.2976003391972772,psr:audit-result:iid_latent_capacity_change_with_transient_expression_forecasting-observation_noise_perturbation@1.0.0~8e9b3453e1eb
RES-278,iid_latent_capacity_change_with_transient_expression_forecasting@1.0.0,observation_noise_perturbation@1.0.0,INCONCLUSIVE,res278-observation_noise_perturbation-dae69b13a574,mean_abs_prediction_delta::mechanistic_midpoint::383003::squat_delta_capacity_kg,0.2893901450583067,psr:audit-result:iid_latent_capacity_change_with_transient_expression_forecasting-observation_noise_perturbation@1.0.0~8e9b3453e1eb
RES-278,iid_latent_capacity_change_with_transient_expression_forecasting@1.0.0,observation_noise_perturbation@1.0.0,INCONCLUSIVE,res278-observation_noise_perturbation-dae69b13a574,mean_abs_prediction_delta::mechanistic_ridge_residual::383001::bench_press_delta_capacity_kg,0.3598871581406197,psr:audit-result:iid_latent_capacity_change_with_transient_expression_forecasting-observation_noise_perturbation@1.0.0~8e9b3453e1eb
RES-278,iid_latent_capacity_change_with_transient_expression_forecasting@1.0.0,observation_noise_perturbation@1.0.0,INCONCLUSIVE,res278-observation_noise_perturbation-dae69b13a574,mean_abs_prediction_delta::mechanistic_ridge_residual::383001::deadlift_delta_capacity_kg,0.5678701679594708,psr:audit-result:iid_latent_capacity_change_with_transient_expression_forecasting-observation_noise_perturbation@1.0.0~8e9b3453e1eb
RES-278,iid_latent_capacity_change_with_transient_expression_forecasting@1.0.0,observation_noise_perturbation@1.0.0,INCONCLUSIVE,res278-observation_noise_perturbation-dae69b13a574,mean_abs_prediction_delta::mechanistic_ridge_residual::383001::squat_delta_capacity_kg,0.4862777401915614,psr:audit-result:iid_latent_capacity_change_with_transient_expression_forecasting-observation_noise_perturbation@1.0.0~8e9b3453e1eb
RES-278,iid_latent_capacity_change_with_transient_expression_forecasting@1.0.0,observation_noise_perturbation@1.0.0,INCONCLUSIVE,res278-observation_noise_perturbation-dae69b13a574,mean_abs_prediction_delta::mechanistic_ridge_residual::383002::bench_press_delta_capacity_kg,0.3598871581406197,psr:audit-result:iid_latent_capacity_change_with_transient_expression_forecasting-observation_noise_perturbation@1.0.0~8e9b3453e1eb
RES-278,iid_latent_capacity_change_with_transient_expression_forecasting@1.0.0,observation_noise_perturbation@1.0.0,INCONCLUSIVE,res278-observation_noise_perturbation-dae69b13a574,mean_abs_prediction_delta::mechanistic_ridge_residual::383002::deadlift_delta_capacity_kg,0.5678701679594708,psr:audit-result:iid_latent_capacity_change_with_transient_expression_forecasting-observation_noise_perturbation@1.0.0~8e9b3453e1eb
RES-278,iid_latent_capacity_change_with_transient_expression_forecasting@1.0.0,observation_noise_perturbation@1.0.0,INCONCLUSIVE,res278-observation_noise_perturbation-dae69b13a574,mean_abs_prediction_delta::mechanistic_ridge_residual::383002::squat_delta_capacity_kg,0.4862777401915614,psr:audit-result:iid_latent_capacity_change_with_transient_expression_forecasting-observation_noise_perturbation@1.0.0~8e9b3453e1eb
RES-278,iid_latent_capacity_change_with_transient_expression_forecasting@1.0.0,observation_noise_perturbation@1.0.0,INCONCLUSIVE,res278-observation_noise_perturbation-dae69b13a574,mean_abs_prediction_delta::mechanistic_ridge_residual::383003::bench_press_delta_capacity_kg,0.3598871581406197,psr:audit-result:iid_latent_capacity_change_with_transient_expression_forecasting-observation_noise_perturbation@1.0.0~8e9b3453e1eb
RES-278,iid_latent_capacity_change_with_transient_expression_forecasting@1.0.0,observation_noise_perturbation@1.0.0,INCONCLUSIVE,res278-observation_noise_perturbation-dae69b13a574,mean_abs_prediction_delta::mechanistic_ridge_residual::383003::deadlift_delta_capacity_kg,0.5678701679594708,psr:audit-result:iid_latent_capacity_change_with_transient_expression_forecasting-observation_noise_perturbation@1.0.0~8e9b3453e1eb
RES-278,iid_latent_capacity_change_with_transient_expression_forecasting@1.0.0,observation_noise_perturbation@1.0.0,INCONCLUSIVE,res278-observation_noise_perturbation-dae69b13a574,mean_abs_prediction_delta::mechanistic_ridge_residual::383003::squat_delta_capacity_kg,0.4862777401915614,psr:audit-result:iid_latent_capacity_change_with_transient_expression_forecasting-observation_noise_perturbation@1.0.0~8e9b3453e1eb
RES-278,iid_latent_capacity_change_with_transient_expression_forecasting@1.0.0,observation_noise_perturbation@1.0.0,INCONCLUSIVE,res278-observation_noise_perturbation-dae69b13a574,mean_abs_prediction_delta::ridge::383001::bench_press_delta_capacity_kg,0.3342674208335126,psr:audit-result:iid_latent_capacity_change_with_transient_expression_forecasting-observation_noise_perturbation@1.0.0~8e9b3453e1eb
RES-278,iid_latent_capacity_change_with_transient_expression_forecasting@1.0.0,observation_noise_perturbation@1.0.0,INCONCLUSIVE,res278-observation_noise_perturbation-dae69b13a574,mean_abs_prediction_delta::ridge::383001::deadlift_delta_capacity_kg,0.6112570936704782,psr:audit-result:iid_latent_capacity_change_with_transient_expression_forecasting-observation_noise_perturbation@1.0.0~8e9b3453e1eb
RES-278,iid_latent_capacity_change_with_transient_expression_forecasting@1.0.0,observation_noise_perturbation@1.0.0,INCONCLUSIVE,res278-observation_noise_perturbation-dae69b13a574,mean_abs_prediction_delta::ridge::383001::squat_delta_capacity_kg,0.42184267421232424,psr:audit-result:iid_latent_capacity_change_with_transient_expression_forecasting-observation_noise_perturbation@1.0.0~8e9b3453e1eb
RES-278,iid_latent_capacity_change_with_transient_expression_forecasting@1.0.0,observation_noise_perturbation@1.0.0,INCONCLUSIVE,res278-observation_noise_perturbation-dae69b13a574,mean_abs_prediction_delta::ridge::383002::bench_press_delta_capacity_kg,0.3342674208335126,psr:audit-result:iid_latent_capacity_change_with_transient_expression_forecasting-observation_noise_perturbation@1.0.0~8e9b3453e1eb
RES-278,iid_latent_capacity_change_with_transient_expression_forecasting@1.0.0,observation_noise_perturbation@1.0.0,INCONCLUSIVE,res278-observation_noise_perturbation-dae69b13a574,mean_abs_prediction_delta::ridge::383002::deadlift_delta_capacity_kg,0.6112570936704782,psr:audit-result:iid_latent_capacity_change_with_transient_expression_forecasting-observation_noise_perturbation@1.0.0~8e9b3453e1eb
RES-278,iid_latent_capacity_change_with_transient_expression_forecasting@1.0.0,observation_noise_perturbation@1.0.0,INCONCLUSIVE,res278-observation_noise_perturbation-dae69b13a574,mean_abs_prediction_delta::ridge::383002::squat_delta_capacity_kg,0.42184267421232424,psr:audit-result:iid_latent_capacity_change_with_transient_expression_forecasting-observation_noise_perturbation@1.0.0~8e9b3453e1eb
RES-278,iid_latent_capacity_change_with_transient_expression_forecasting@1.0.0,observation_noise_perturbation@1.0.0,INCONCLUSIVE,res278-observation_noise_perturbation-dae69b13a574,mean_abs_prediction_delta::ridge::383003::bench_press_delta_capacity_kg,0.3342674208335126,psr:audit-result:iid_latent_capacity_change_with_transient_expression_forecasting-observation_noise_perturbation@1.0.0~8e9b3453e1eb
RES-278,iid_latent_capacity_change_with_transient_expression_forecasting@1.0.0,observation_noise_perturbation@1.0.0,INCONCLUSIVE,res278-observation_noise_perturbation-dae69b13a574,mean_abs_prediction_delta::ridge::383003::deadlift_delta_capacity_kg,0.6112570936704782,psr:audit-result:iid_latent_capacity_change_with_transient_expression_forecasting-observation_noise_perturbation@1.0.0~8e9b3453e1eb
RES-278,iid_latent_capacity_change_with_transient_expression_forecasting@1.0.0,observation_noise_perturbation@1.0.0,INCONCLUSIVE,res278-observation_noise_perturbation-dae69b13a574,mean_abs_prediction_delta::ridge::383003::squat_delta_capacity_kg,0.42184267421232424,psr:audit-result:iid_latent_capacity_change_with_transient_expression_forecasting-observation_noise_perturbation@1.0.0~8e9b3453e1eb
RES-278,iid_latent_capacity_change_with_transient_expression_forecasting@1.0.0,observation_noise_perturbation@1.0.0,INCONCLUSIVE,res278-observation_noise_perturbation-dae69b13a574,mean_prediction_variance::compact_neural::383001::bench_press_delta_capacity_kg,0.8194405131045713,psr:audit-result:iid_latent_capacity_change_with_transient_expression_forecasting-observation_noise_perturbation@1.0.0~8e9b3453e1eb
RES-278,iid_latent_capacity_change_with_transient_expression_forecasting@1.0.0,observation_noise_perturbation@1.0.0,INCONCLUSIVE,res278-observation_noise_perturbation-dae69b13a574,mean_prediction_variance::compact_neural::383001::deadlift_delta_capacity_kg,1.4676139278790208,psr:audit-result:iid_latent_capacity_change_with_transient_expression_forecasting-observation_noise_perturbation@1.0.0~8e9b3453e1eb
RES-278,iid_latent_capacity_change_with_transient_expression_forecasting@1.0.0,observation_noise_perturbation@1.0.0,INCONCLUSIVE,res278-observation_noise_perturbation-dae69b13a574,mean_prediction_variance::compact_neural::383001::squat_delta_capacity_kg,1.3242767865599583,psr:audit-result:iid_latent_capacity_change_with_transient_expression_forecasting-observation_noise_perturbation@1.0.0~8e9b3453e1eb
RES-278,iid_latent_capacity_change_with_transient_expression_forecasting@1.0.0,observation_noise_perturbation@1.0.0,INCONCLUSIVE,res278-observation_noise_perturbation-dae69b13a574,mean_prediction_variance::compact_neural::383002::bench_press_delta_capacity_kg,0.8452128537583179,psr:audit-result:iid_latent_capacity_change_with_transient_expression_forecasting-observation_noise_perturbation@1.0.0~8e9b3453e1eb
RES-278,iid_latent_capacity_change_with_transient_expression_forecasting@1.0.0,observation_noise_perturbation@1.0.0,INCONCLUSIVE,res278-observation_noise_perturbation-dae69b13a574,mean_prediction_variance::compact_neural::383002::deadlift_delta_capacity_kg,1.5706981978659096,psr:audit-result:iid_latent_capacity_change_with_transient_expression_forecasting-observation_noise_perturbation@1.0.0~8e9b3453e1eb
RES-278,iid_latent_capacity_change_with_transient_expression_forecasting@1.0.0,observation_noise_perturbation@1.0.0,INCONCLUSIVE,res278-observation_noise_perturbation-dae69b13a574,mean_prediction_variance::compact_neural::383002::squat_delta_capacity_kg,1.3081824563448594,psr:audit-result:iid_latent_capacity_change_with_transient_expression_forecasting-observation_noise_perturbation@1.0.0~8e9b3453e1eb
RES-278,iid_latent_capacity_change_with_transient_expression_forecasting@1.0.0,observation_noise_perturbation@1.0.0,INCONCLUSIVE,res278-observation_noise_perturbation-dae69b13a574,mean_prediction_variance::compact_neural::383003::bench_press_delta_capacity_kg,0.8529763392852395,psr:audit-result:iid_latent_capacity_change_with_transient_expression_forecasting-observation_noise_perturbation@1.0.0~8e9b3453e1eb
RES-278,iid_latent_capacity_change_with_transient_expression_forecasting@1.0.0,observation_noise_perturbation@1.0.0,INCONCLUSIVE,res278-observation_noise_perturbation-dae69b13a574,mean_prediction_variance::compact_neural::383003::deadlift_delta_capacity_kg,1.5401326246380762,psr:audit-result:iid_latent_capacity_change_with_transient_expression_forecasting-observation_noise_perturbation@1.0.0~8e9b3453e1eb
RES-278,iid_latent_capacity_change_with_transient_expression_forecasting@1.0.0,observation_noise_perturbation@1.0.0,INCONCLUSIVE,res278-observation_noise_perturbation-dae69b13a574,mean_prediction_variance::compact_neural::383003::squat_delta_capacity_kg,1.2589501727215218,psr:audit-result:iid_latent_capacity_change_with_transient_expression_forecasting-observation_noise_perturbation@1.0.0~8e9b3453e1eb
RES-278,iid_latent_capacity_change_with_transient_expression_forecasting@1.0.0,observation_noise_perturbation@1.0.0,INCONCLUSIVE,res278-observation_noise_perturbation-dae69b13a574,mean_prediction_variance::context_mean::383001::bench_press_delta_capacity_kg,4.108650548026103e-33,psr:audit-result:iid_latent_capacity_change_with_transient_expression_forecasting-observation_noise_perturbation@1.0.0~8e9b3453e1eb
RES-278,iid_latent_capacity_change_with_transient_expression_forecasting@1.0.0,observation_noise_perturbation@1.0.0,INCONCLUSIVE,res278-observation_noise_perturbation-dae69b13a574,mean_prediction_variance::context_mean::383001::deadlift_delta_capacity_kg,4.108650548026103e-33,psr:audit-result:iid_latent_capacity_change_with_transient_expression_forecasting-observation_noise_perturbation@1.0.0~8e9b3453e1eb
RES-278,iid_latent_capacity_change_with_transient_expression_forecasting@1.0.0,observation_noise_perturbation@1.0.0,INCONCLUSIVE,res278-observation_noise_perturbation-dae69b13a574,mean_prediction_variance::context_mean::383001::squat_delta_capacity_kg,3.697785493223493e-32,psr:audit-result:iid_latent_capacity_change_with_transient_expression_forecasting-observation_noise_perturbation@1.0.0~8e9b3453e1eb
RES-278,iid_latent_capacity_change_with_transient_expression_forecasting@1.0.0,observation_noise_perturbation@1.0.0,INCONCLUSIVE,res278-observation_noise_perturbation-dae69b13a574,mean_prediction_variance::context_mean::383002::bench_press_delta_capacity_kg,4.108650548026103e-33,psr:audit-result:iid_latent_capacity_change_with_transient_expression_forecasting-observation_noise_perturbation@1.0.0~8e9b3453e1eb
RES-278,iid_latent_capacity_change_with_transient_expression_forecasting@1.0.0,observation_noise_perturbation@1.0.0,INCONCLUSIVE,res278-observation_noise_perturbation-dae69b13a574,mean_prediction_variance::context_mean::383002::deadlift_delta_capacity_kg,4.108650548026103e-33,psr:audit-result:iid_latent_capacity_change_with_transient_expression_forecasting-observation_noise_perturbation@1.0.0~8e9b3453e1eb
RES-278,iid_latent_capacity_change_with_transient_expression_forecasting@1.0.0,observation_noise_perturbation@1.0.0,INCONCLUSIVE,res278-observation_noise_perturbation-dae69b13a574,mean_prediction_variance::context_mean::383002::squat_delta_capacity_kg,3.697785493223493e-32,psr:audit-result:iid_latent_capacity_change_with_transient_expression_forecasting-observation_noise_perturbation@1.0.0~8e9b3453e1eb
RES-278,iid_latent_capacity_change_with_transient_expression_forecasting@1.0.0,observation_noise_perturbation@1.0.0,INCONCLUSIVE,res278-observation_noise_perturbation-dae69b13a574,mean_prediction_variance::context_mean::383003::bench_press_delta_capacity_kg,4.108650548026103e-33,psr:audit-result:iid_latent_capacity_change_with_transient_expression_forecasting-observation_noise_perturbation@1.0.0~8e9b3453e1eb
RES-278,iid_latent_capacity_change_with_transient_expression_forecasting@1.0.0,observation_noise_perturbation@1.0.0,INCONCLUSIVE,res278-observation_noise_perturbation-dae69b13a574,mean_prediction_variance::context_mean::383003::deadlift_delta_capacity_kg,4.108650548026103e-33,psr:audit-result:iid_latent_capacity_change_with_transient_expression_forecasting-observation_noise_perturbation@1.0.0~8e9b3453e1eb
RES-278,iid_latent_capacity_change_with_transient_expression_forecasting@1.0.0,observation_noise_perturbation@1.0.0,INCONCLUSIVE,res278-observation_noise_perturbation-dae69b13a574,mean_prediction_variance::context_mean::383003::squat_delta_capacity_kg,3.697785493223493e-32,psr:audit-result:iid_latent_capacity_change_with_transient_expression_forecasting-observation_noise_perturbation@1.0.0~8e9b3453e1eb
RES-278,iid_latent_capacity_change_with_transient_expression_forecasting@1.0.0,observation_noise_perturbation@1.0.0,INCONCLUSIVE,res278-observation_noise_perturbation-dae69b13a574,mean_prediction_variance::histogram_boosted_stumps::383001::bench_press_delta_capacity_kg,2.0029671421627253e-31,psr:audit-result:iid_latent_capacity_change_with_transient_expression_forecasting-observation_noise_perturbation@1.0.0~8e9b3453e1eb
RES-278,iid_latent_capacity_change_with_transient_expression_forecasting@1.0.0,observation_noise_perturbation@1.0.0,INCONCLUSIVE,res278-observation_noise_perturbation-dae69b13a574,mean_prediction_variance::histogram_boosted_stumps::383001::deadlift_delta_capacity_kg,0.0,psr:audit-result:iid_latent_capacity_change_with_transient_expression_forecasting-observation_noise_perturbation@1.0.0~8e9b3453e1eb
RES-278,iid_latent_capacity_change_with_transient_expression_forecasting@1.0.0,observation_noise_perturbation@1.0.0,INCONCLUSIVE,res278-observation_noise_perturbation-dae69b13a574,mean_prediction_variance::histogram_boosted_stumps::383001::squat_delta_capacity_kg,0.0,psr:audit-result:iid_latent_capacity_change_with_transient_expression_forecasting-observation_noise_perturbation@1.0.0~8e9b3453e1eb
RES-278,iid_latent_capacity_change_with_transient_expression_forecasting@1.0.0,observation_noise_perturbation@1.0.0,INCONCLUSIVE,res278-observation_noise_perturbation-dae69b13a574,mean_prediction_variance::histogram_boosted_stumps::383002::bench_press_delta_capacity_kg,2.0029671421627253e-31,psr:audit-result:iid_latent_capacity_change_with_transient_expression_forecasting-observation_noise_perturbation@1.0.0~8e9b3453e1eb
RES-278,iid_latent_capacity_change_with_transient_expression_forecasting@1.0.0,observation_noise_perturbation@1.0.0,INCONCLUSIVE,res278-observation_noise_perturbation-dae69b13a574,mean_prediction_variance::histogram_boosted_stumps::383002::deadlift_delta_capacity_kg,0.0,psr:audit-result:iid_latent_capacity_change_with_transient_expression_forecasting-observation_noise_perturbation@1.0.0~8e9b3453e1eb
RES-278,iid_latent_capacity_change_with_transient_expression_forecasting@1.0.0,observation_noise_perturbation@1.0.0,INCONCLUSIVE,res278-observation_noise_perturbation-dae69b13a574,mean_prediction_variance::histogram_boosted_stumps::383002::squat_delta_capacity_kg,0.0,psr:audit-result:iid_latent_capacity_change_with_transient_expression_forecasting-observation_noise_perturbation@1.0.0~8e9b3453e1eb
RES-278,iid_latent_capacity_change_with_transient_expression_forecasting@1.0.0,observation_noise_perturbation@1.0.0,INCONCLUSIVE,res278-observation_noise_perturbation-dae69b13a574,mean_prediction_variance::histogram_boosted_stumps::383003::bench_press_delta_capacity_kg,2.0029671421627253e-31,psr:audit-result:iid_latent_capacity_change_with_transient_expression_forecasting-observation_noise_perturbation@1.0.0~8e9b3453e1eb
RES-278,iid_latent_capacity_change_with_transient_expression_forecasting@1.0.0,observation_noise_perturbation@1.0.0,INCONCLUSIVE,res278-observation_noise_perturbation-dae69b13a574,mean_prediction_variance::histogram_boosted_stumps::383003::deadlift_delta_capacity_kg,0.0,psr:audit-result:iid_latent_capacity_change_with_transient_expression_forecasting-observation_noise_perturbation@1.0.0~8e9b3453e1eb
RES-278,iid_latent_capacity_change_with_transient_expression_forecasting@1.0.0,observation_noise_perturbation@1.0.0,INCONCLUSIVE,res278-observation_noise_perturbation-dae69b13a574,mean_prediction_variance::histogram_boosted_stumps::383003::squat_delta_capacity_kg,0.0,psr:audit-result:iid_latent_capacity_change_with_transient_expression_forecasting-observation_noise_perturbation@1.0.0~8e9b3453e1eb
RES-278,iid_latent_capacity_change_with_transient_expression_forecasting@1.0.0,observation_noise_perturbation@1.0.0,INCONCLUSIVE,res278-observation_noise_perturbation-dae69b13a574,mean_prediction_variance::mechanistic_midpoint::383001::bench_press_delta_capacity_kg,0.04034626492545986,psr:audit-result:iid_latent_capacity_change_with_transient_expression_forecasting-observation_noise_perturbation@1.0.0~8e9b3453e1eb
RES-278,iid_latent_capacity_change_with_transient_expression_forecasting@1.0.0,observation_noise_perturbation@1.0.0,INCONCLUSIVE,res278-observation_noise_perturbation-dae69b13a574,mean_prediction_variance::mechanistic_midpoint::383001::deadlift_delta_capacity_kg,0.08671359706342967,psr:audit-result:iid_latent_capacity_change_with_transient_expression_forecasting-observation_noise_perturbation@1.0.0~8e9b3453e1eb
RES-278,iid_latent_capacity_change_with_transient_expression_forecasting@1.0.0,observation_noise_perturbation@1.0.0,INCONCLUSIVE,res278-observation_noise_perturbation-dae69b13a574,mean_prediction_variance::mechanistic_midpoint::383001::squat_delta_capacity_kg,0.05825599959404656,psr:audit-result:iid_latent_capacity_change_with_transient_expression_forecasting-observation_noise_perturbation@1.0.0~8e9b3453e1eb
RES-278,iid_latent_capacity_change_with_transient_expression_forecasting@1.0.0,observation_noise_perturbation@1.0.0,INCONCLUSIVE,res278-observation_noise_perturbation-dae69b13a574,mean_prediction_variance::mechanistic_midpoint::383002::bench_press_delta_capacity_kg,0.04034626492545986,psr:audit-result:iid_latent_capacity_change_with_transient_expression_forecasting-observation_noise_perturbation@1.0.0~8e9b3453e1eb
RES-278,iid_latent_capacity_change_with_transient_expression_forecasting@1.0.0,observation_noise_perturbation@1.0.0,INCONCLUSIVE,res278-observation_noise_perturbation-dae69b13a574,mean_prediction_variance::mechanistic_midpoint::383002::deadlift_delta_capacity_kg,0.08671359706342967,psr:audit-result:iid_latent_capacity_change_with_transient_expression_forecasting-observation_noise_perturbation@1.0.0~8e9b3453e1eb
RES-278,iid_latent_capacity_change_with_transient_expression_forecasting@1.0.0,observation_noise_perturbation@1.0.0,INCONCLUSIVE,res278-observation_noise_perturbation-dae69b13a574,mean_prediction_variance::mechanistic_midpoint::383002::squat_delta_capacity_kg,0.05825599959404656,psr:audit-result:iid_latent_capacity_change_with_transient_expression_forecasting-observation_noise_perturbation@1.0.0~8e9b3453e1eb
RES-278,iid_latent_capacity_change_with_transient_expression_forecasting@1.0.0,observation_noise_perturbation@1.0.0,INCONCLUSIVE,res278-observation_noise_perturbation-dae69b13a574,mean_prediction_variance::mechanistic_midpoint::383003::bench_press_delta_capacity_kg,0.04034626492545986,psr:audit-result:iid_latent_capacity_change_with_transient_expression_forecasting-observation_noise_perturbation@1.0.0~8e9b3453e1eb
RES-278,iid_latent_capacity_change_with_transient_expression_forecasting@1.0.0,observation_noise_perturbation@1.0.0,INCONCLUSIVE,res278-observation_noise_perturbation-dae69b13a574,mean_prediction_variance::mechanistic_midpoint::383003::deadlift_delta_capacity_kg,0.08671359706342967,psr:audit-result:iid_latent_capacity_change_with_transient_expression_forecasting-observation_noise_perturbation@1.0.0~8e9b3453e1eb
RES-278,iid_latent_capacity_change_with_transient_expression_forecasting@1.0.0,observation_noise_perturbation@1.0.0,INCONCLUSIVE,res278-observation_noise_perturbation-dae69b13a574,mean_prediction_variance::mechanistic_midpoint::383003::squat_delta_capacity_kg,0.05825599959404656,psr:audit-result:iid_latent_capacity_change_with_transient_expression_forecasting-observation_noise_perturbation@1.0.0~8e9b3453e1eb
RES-278,iid_latent_capacity_change_with_transient_expression_forecasting@1.0.0,observation_noise_perturbation@1.0.0,INCONCLUSIVE,res278-observation_noise_perturbation-dae69b13a574,mean_prediction_variance::mechanistic_ridge_residual::383001::bench_press_delta_capacity_kg,0.07013872565629152,psr:audit-result:iid_latent_capacity_change_with_transient_expression_forecasting-observation_noise_perturbation@1.0.0~8e9b3453e1eb
RES-278,iid_latent_capacity_change_with_transient_expression_forecasting@1.0.0,observation_noise_perturbation@1.0.0,INCONCLUSIVE,res278-observation_noise_perturbation-dae69b13a574,mean_prediction_variance::mechanistic_ridge_residual::383001::deadlift_delta_capacity_kg,0.23214647062325341,psr:audit-result:iid_latent_capacity_change_with_transient_expression_forecasting-observation_noise_perturbation@1.0.0~8e9b3453e1eb
RES-278,iid_latent_capacity_change_with_transient_expression_forecasting@1.0.0,observation_noise_perturbation@1.0.0,INCONCLUSIVE,res278-observation_noise_perturbation-dae69b13a574,mean_prediction_variance::mechanistic_ridge_residual::383001::squat_delta_capacity_kg,0.1382567376946034,psr:audit-result:iid_latent_capacity_change_with_transient_expression_forecasting-observation_noise_perturbation@1.0.0~8e9b3453e1eb
RES-278,iid_latent_capacity_change_with_transient_expression_forecasting@1.0.0,observation_noise_perturbation@1.0.0,INCONCLUSIVE,res278-observation_noise_perturbation-dae69b13a574,mean_prediction_variance::mechanistic_ridge_residual::383002::bench_press_delta_capacity_kg,0.07013872565629152,psr:audit-result:iid_latent_capacity_change_with_transient_expression_forecasting-observation_noise_perturbation@1.0.0~8e9b3453e1eb
RES-278,iid_latent_capacity_change_with_transient_expression_forecasting@1.0.0,observation_noise_perturbation@1.0.0,INCONCLUSIVE,res278-observation_noise_perturbation-dae69b13a574,mean_prediction_variance::mechanistic_ridge_residual::383002::deadlift_delta_capacity_kg,0.23214647062325341,psr:audit-result:iid_latent_capacity_change_with_transient_expression_forecasting-observation_noise_perturbation@1.0.0~8e9b3453e1eb
RES-278,iid_latent_capacity_change_with_transient_expression_forecasting@1.0.0,observation_noise_perturbation@1.0.0,INCONCLUSIVE,res278-observation_noise_perturbation-dae69b13a574,mean_prediction_variance::mechanistic_ridge_residual::383002::squat_delta_capacity_kg,0.1382567376946034,psr:audit-result:iid_latent_capacity_change_with_transient_expression_forecasting-observation_noise_perturbation@1.0.0~8e9b3453e1eb
RES-278,iid_latent_capacity_change_with_transient_expression_forecasting@1.0.0,observation_noise_perturbation@1.0.0,INCONCLUSIVE,res278-observation_noise_perturbation-dae69b13a574,mean_prediction_variance::mechanistic_ridge_residual::383003::bench_press_delta_capacity_kg,0.07013872565629152,psr:audit-result:iid_latent_capacity_change_with_transient_expression_forecasting-observation_noise_perturbation@1.0.0~8e9b3453e1eb
RES-278,iid_latent_capacity_change_with_transient_expression_forecasting@1.0.0,observation_noise_perturbation@1.0.0,INCONCLUSIVE,res278-observation_noise_perturbation-dae69b13a574,mean_prediction_variance::mechanistic_ridge_residual::383003::deadlift_delta_capacity_kg,0.23214647062325341,psr:audit-result:iid_latent_capacity_change_with_transient_expression_forecasting-observation_noise_perturbation@1.0.0~8e9b3453e1eb
RES-278,iid_latent_capacity_change_with_transient_expression_forecasting@1.0.0,observation_noise_perturbation@1.0.0,INCONCLUSIVE,res278-observation_noise_perturbation-dae69b13a574,mean_prediction_variance::mechanistic_ridge_residual::383003::squat_delta_capacity_kg,0.1382567376946034,psr:audit-result:iid_latent_capacity_change_with_transient_expression_forecasting-observation_noise_perturbation@1.0.0~8e9b3453e1eb
RES-278,iid_latent_capacity_change_with_transient_expression_forecasting@1.0.0,observation_noise_perturbation@1.0.0,INCONCLUSIVE,res278-observation_noise_perturbation-dae69b13a574,mean_prediction_variance::ridge::383001::bench_press_delta_capacity_kg,0.062421764800692274,psr:audit-result:iid_latent_capacity_change_with_transient_expression_forecasting-observation_noise_perturbation@1.0.0~8e9b3453e1eb
RES-278,iid_latent_capacity_change_with_transient_expression_forecasting@1.0.0,observation_noise_perturbation@1.0.0,INCONCLUSIVE,res278-observation_noise_perturbation-dae69b13a574,mean_prediction_variance::ridge::383001::deadlift_delta_capacity_kg,0.20982949359894873,psr:audit-result:iid_latent_capacity_change_with_transient_expression_forecasting-observation_noise_perturbation@1.0.0~8e9b3453e1eb
RES-278,iid_latent_capacity_change_with_transient_expression_forecasting@1.0.0,observation_noise_perturbation@1.0.0,INCONCLUSIVE,res278-observation_noise_perturbation-dae69b13a574,mean_prediction_variance::ridge::383001::squat_delta_capacity_kg,0.12325757705610585,psr:audit-result:iid_latent_capacity_change_with_transient_expression_forecasting-observation_noise_perturbation@1.0.0~8e9b3453e1eb
RES-278,iid_latent_capacity_change_with_transient_expression_forecasting@1.0.0,observation_noise_perturbation@1.0.0,INCONCLUSIVE,res278-observation_noise_perturbation-dae69b13a574,mean_prediction_variance::ridge::383002::bench_press_delta_capacity_kg,0.062421764800692274,psr:audit-result:iid_latent_capacity_change_with_transient_expression_forecasting-observation_noise_perturbation@1.0.0~8e9b3453e1eb
RES-278,iid_latent_capacity_change_with_transient_expression_forecasting@1.0.0,observation_noise_perturbation@1.0.0,INCONCLUSIVE,res278-observation_noise_perturbation-dae69b13a574,mean_prediction_variance::ridge::383002::deadlift_delta_capacity_kg,0.20982949359894873,psr:audit-result:iid_latent_capacity_change_with_transient_expression_forecasting-observation_noise_perturbation@1.0.0~8e9b3453e1eb
RES-278,iid_latent_capacity_change_with_transient_expression_forecasting@1.0.0,observation_noise_perturbation@1.0.0,INCONCLUSIVE,res278-observation_noise_perturbation-dae69b13a574,mean_prediction_variance::ridge::383002::squat_delta_capacity_kg,0.12325757705610585,psr:audit-result:iid_latent_capacity_change_with_transient_expression_forecasting-observation_noise_perturbation@1.0.0~8e9b3453e1eb
RES-278,iid_latent_capacity_change_with_transient_expression_forecasting@1.0.0,observation_noise_perturbation@1.0.0,INCONCLUSIVE,res278-observation_noise_perturbation-dae69b13a574,mean_prediction_variance::ridge::383003::bench_press_delta_capacity_kg,0.062421764800692274,psr:audit-result:iid_latent_capacity_change_with_transient_expression_forecasting-observation_noise_perturbation@1.0.0~8e9b3453e1eb
RES-278,iid_latent_capacity_change_with_transient_expression_forecasting@1.0.0,observation_noise_perturbation@1.0.0,INCONCLUSIVE,res278-observation_noise_perturbation-dae69b13a574,mean_prediction_variance::ridge::383003::deadlift_delta_capacity_kg,0.20982949359894873,psr:audit-result:iid_latent_capacity_change_with_transient_expression_forecasting-observation_noise_perturbation@1.0.0~8e9b3453e1eb
RES-278,iid_latent_capacity_change_with_transient_expression_forecasting@1.0.0,observation_noise_perturbation@1.0.0,INCONCLUSIVE,res278-observation_noise_perturbation-dae69b13a574,mean_prediction_variance::ridge::383003::squat_delta_capacity_kg,0.12325757705610585,psr:audit-result:iid_latent_capacity_change_with_transient_expression_forecasting-observation_noise_perturbation@1.0.0~8e9b3453e1eb
RES-278,iid_latent_capacity_change_with_transient_expression_forecasting@1.0.0,temporal_history_disruption@1.0.0,INCONCLUSIVE,res278-temporal_history_disruption-d4e3df1b6eed,audit_row_count,96,psr:audit-result:iid_latent_capacity_change_with_transient_expression_forecasting-temporal_history_disruption@1.0.0~f11fdb14e311
RES-278,iid_latent_capacity_change_with_transient_expression_forecasting@1.0.0,temporal_history_disruption@1.0.0,INCONCLUSIVE,res278-temporal_history_disruption-d4e3df1b6eed,fitted_comparator_instance_count,18,psr:audit-result:iid_latent_capacity_change_with_transient_expression_forecasting-temporal_history_disruption@1.0.0~f11fdb14e311
RES-278,iid_latent_capacity_change_with_transient_expression_forecasting@1.0.0,temporal_history_disruption@1.0.0,INCONCLUSIVE,res278-temporal_history_disruption-d4e3df1b6eed,max_abs_prediction_delta::reversed-history::compact_neural::383001,7.239851774987235,psr:audit-result:iid_latent_capacity_change_with_transient_expression_forecasting-temporal_history_disruption@1.0.0~f11fdb14e311
RES-278,iid_latent_capacity_change_with_transient_expression_forecasting@1.0.0,temporal_history_disruption@1.0.0,INCONCLUSIVE,res278-temporal_history_disruption-d4e3df1b6eed,max_abs_prediction_delta::reversed-history::compact_neural::383002,8.629238425973831,psr:audit-result:iid_latent_capacity_change_with_transient_expression_forecasting-temporal_history_disruption@1.0.0~f11fdb14e311
RES-278,iid_latent_capacity_change_with_transient_expression_forecasting@1.0.0,temporal_history_disruption@1.0.0,INCONCLUSIVE,res278-temporal_history_disruption-d4e3df1b6eed,max_abs_prediction_delta::reversed-history::compact_neural::383003,10.26976726456079,psr:audit-result:iid_latent_capacity_change_with_transient_expression_forecasting-temporal_history_disruption@1.0.0~f11fdb14e311
RES-278,iid_latent_capacity_change_with_transient_expression_forecasting@1.0.0,temporal_history_disruption@1.0.0,INCONCLUSIVE,res278-temporal_history_disruption-d4e3df1b6eed,max_abs_prediction_delta::reversed-history::context_mean::383001,0.0,psr:audit-result:iid_latent_capacity_change_with_transient_expression_forecasting-temporal_history_disruption@1.0.0~f11fdb14e311
RES-278,iid_latent_capacity_change_with_transient_expression_forecasting@1.0.0,temporal_history_disruption@1.0.0,INCONCLUSIVE,res278-temporal_history_disruption-d4e3df1b6eed,max_abs_prediction_delta::reversed-history::context_mean::383002,0.0,psr:audit-result:iid_latent_capacity_change_with_transient_expression_forecasting-temporal_history_disruption@1.0.0~f11fdb14e311
RES-278,iid_latent_capacity_change_with_transient_expression_forecasting@1.0.0,temporal_history_disruption@1.0.0,INCONCLUSIVE,res278-temporal_history_disruption-d4e3df1b6eed,max_abs_prediction_delta::reversed-history::context_mean::383003,0.0,psr:audit-result:iid_latent_capacity_change_with_transient_expression_forecasting-temporal_history_disruption@1.0.0~f11fdb14e311
RES-278,iid_latent_capacity_change_with_transient_expression_forecasting@1.0.0,temporal_history_disruption@1.0.0,INCONCLUSIVE,res278-temporal_history_disruption-d4e3df1b6eed,max_abs_prediction_delta::reversed-history::histogram_boosted_stumps::383001,0.0,psr:audit-result:iid_latent_capacity_change_with_transient_expression_forecasting-temporal_history_disruption@1.0.0~f11fdb14e311
RES-278,iid_latent_capacity_change_with_transient_expression_forecasting@1.0.0,temporal_history_disruption@1.0.0,INCONCLUSIVE,res278-temporal_history_disruption-d4e3df1b6eed,max_abs_prediction_delta::reversed-history::histogram_boosted_stumps::383002,0.0,psr:audit-result:iid_latent_capacity_change_with_transient_expression_forecasting-temporal_history_disruption@1.0.0~f11fdb14e311
RES-278,iid_latent_capacity_change_with_transient_expression_forecasting@1.0.0,temporal_history_disruption@1.0.0,INCONCLUSIVE,res278-temporal_history_disruption-d4e3df1b6eed,max_abs_prediction_delta::reversed-history::histogram_boosted_stumps::383003,0.0,psr:audit-result:iid_latent_capacity_change_with_transient_expression_forecasting-temporal_history_disruption@1.0.0~f11fdb14e311
RES-278,iid_latent_capacity_change_with_transient_expression_forecasting@1.0.0,temporal_history_disruption@1.0.0,INCONCLUSIVE,res278-temporal_history_disruption-d4e3df1b6eed,max_abs_prediction_delta::reversed-history::mechanistic_midpoint::383001,3.6130830856868315,psr:audit-result:iid_latent_capacity_change_with_transient_expression_forecasting-temporal_history_disruption@1.0.0~f11fdb14e311
RES-278,iid_latent_capacity_change_with_transient_expression_forecasting@1.0.0,temporal_history_disruption@1.0.0,INCONCLUSIVE,res278-temporal_history_disruption-d4e3df1b6eed,max_abs_prediction_delta::reversed-history::mechanistic_midpoint::383002,3.6130830856868315,psr:audit-result:iid_latent_capacity_change_with_transient_expression_forecasting-temporal_history_disruption@1.0.0~f11fdb14e311
RES-278,iid_latent_capacity_change_with_transient_expression_forecasting@1.0.0,temporal_history_disruption@1.0.0,INCONCLUSIVE,res278-temporal_history_disruption-d4e3df1b6eed,max_abs_prediction_delta::reversed-history::mechanistic_midpoint::383003,3.6130830856868315,psr:audit-result:iid_latent_capacity_change_with_transient_expression_forecasting-temporal_history_disruption@1.0.0~f11fdb14e311
RES-278,iid_latent_capacity_change_with_transient_expression_forecasting@1.0.0,temporal_history_disruption@1.0.0,INCONCLUSIVE,res278-temporal_history_disruption-d4e3df1b6eed,max_abs_prediction_delta::reversed-history::mechanistic_ridge_residual::383001,3.808200440519256,psr:audit-result:iid_latent_capacity_change_with_transient_expression_forecasting-temporal_history_disruption@1.0.0~f11fdb14e311
RES-278,iid_latent_capacity_change_with_transient_expression_forecasting@1.0.0,temporal_history_disruption@1.0.0,INCONCLUSIVE,res278-temporal_history_disruption-d4e3df1b6eed,max_abs_prediction_delta::reversed-history::mechanistic_ridge_residual::383002,3.808200440519256,psr:audit-result:iid_latent_capacity_change_with_transient_expression_forecasting-temporal_history_disruption@1.0.0~f11fdb14e311
RES-278,iid_latent_capacity_change_with_transient_expression_forecasting@1.0.0,temporal_history_disruption@1.0.0,INCONCLUSIVE,res278-temporal_history_disruption-d4e3df1b6eed,max_abs_prediction_delta::reversed-history::mechanistic_ridge_residual::383003,3.808200440519256,psr:audit-result:iid_latent_capacity_change_with_transient_expression_forecasting-temporal_history_disruption@1.0.0~f11fdb14e311
RES-278,iid_latent_capacity_change_with_transient_expression_forecasting@1.0.0,temporal_history_disruption@1.0.0,INCONCLUSIVE,res278-temporal_history_disruption-d4e3df1b6eed,max_abs_prediction_delta::reversed-history::ridge::383001,2.8786090541983604,psr:audit-result:iid_latent_capacity_change_with_transient_expression_forecasting-temporal_history_disruption@1.0.0~f11fdb14e311
RES-278,iid_latent_capacity_change_with_transient_expression_forecasting@1.0.0,temporal_history_disruption@1.0.0,INCONCLUSIVE,res278-temporal_history_disruption-d4e3df1b6eed,max_abs_prediction_delta::reversed-history::ridge::383002,2.8786090541983604,psr:audit-result:iid_latent_capacity_change_with_transient_expression_forecasting-temporal_history_disruption@1.0.0~f11fdb14e311
RES-278,iid_latent_capacity_change_with_transient_expression_forecasting@1.0.0,temporal_history_disruption@1.0.0,INCONCLUSIVE,res278-temporal_history_disruption-d4e3df1b6eed,max_abs_prediction_delta::reversed-history::ridge::383003,2.8786090541983604,psr:audit-result:iid_latent_capacity_change_with_transient_expression_forecasting-temporal_history_disruption@1.0.0~f11fdb14e311
RES-278,iid_latent_capacity_change_with_transient_expression_forecasting@1.0.0,temporal_history_disruption@1.0.0,INCONCLUSIVE,res278-temporal_history_disruption-d4e3df1b6eed,rmse_delta::reversed-history::compact_neural::383001::bench_press_delta_capacity_kg,0.4175987562975654,psr:audit-result:iid_latent_capacity_change_with_transient_expression_forecasting-temporal_history_disruption@1.0.0~f11fdb14e311
RES-278,iid_latent_capacity_change_with_transient_expression_forecasting@1.0.0,temporal_history_disruption@1.0.0,INCONCLUSIVE,res278-temporal_history_disruption-d4e3df1b6eed,rmse_delta::reversed-history::compact_neural::383001::deadlift_delta_capacity_kg,0.2971971039459662,psr:audit-result:iid_latent_capacity_change_with_transient_expression_forecasting-temporal_history_disruption@1.0.0~f11fdb14e311
RES-278,iid_latent_capacity_change_with_transient_expression_forecasting@1.0.0,temporal_history_disruption@1.0.0,INCONCLUSIVE,res278-temporal_history_disruption-d4e3df1b6eed,rmse_delta::reversed-history::compact_neural::383001::squat_delta_capacity_kg,0.8655390557884015,psr:audit-result:iid_latent_capacity_change_with_transient_expression_forecasting-temporal_history_disruption@1.0.0~f11fdb14e311
RES-278,iid_latent_capacity_change_with_transient_expression_forecasting@1.0.0,temporal_history_disruption@1.0.0,INCONCLUSIVE,res278-temporal_history_disruption-d4e3df1b6eed,rmse_delta::reversed-history::compact_neural::383002::bench_press_delta_capacity_kg,0.5883514823263547,psr:audit-result:iid_latent_capacity_change_with_transient_expression_forecasting-temporal_history_disruption@1.0.0~f11fdb14e311
RES-278,iid_latent_capacity_change_with_transient_expression_forecasting@1.0.0,temporal_history_disruption@1.0.0,INCONCLUSIVE,res278-temporal_history_disruption-d4e3df1b6eed,rmse_delta::reversed-history::compact_neural::383002::deadlift_delta_capacity_kg,0.7458506759625347,psr:audit-result:iid_latent_capacity_change_with_transient_expression_forecasting-temporal_history_disruption@1.0.0~f11fdb14e311
RES-278,iid_latent_capacity_change_with_transient_expression_forecasting@1.0.0,temporal_history_disruption@1.0.0,INCONCLUSIVE,res278-temporal_history_disruption-d4e3df1b6eed,rmse_delta::reversed-history::compact_neural::383002::squat_delta_capacity_kg,1.0493231828581764,psr:audit-result:iid_latent_capacity_change_with_transient_expression_forecasting-temporal_history_disruption@1.0.0~f11fdb14e311
RES-278,iid_latent_capacity_change_with_transient_expression_forecasting@1.0.0,temporal_history_disruption@1.0.0,INCONCLUSIVE,res278-temporal_history_disruption-d4e3df1b6eed,rmse_delta::reversed-history::compact_neural::383003::bench_press_delta_capacity_kg,0.47697445563063035,psr:audit-result:iid_latent_capacity_change_with_transient_expression_forecasting-temporal_history_disruption@1.0.0~f11fdb14e311
RES-278,iid_latent_capacity_change_with_transient_expression_forecasting@1.0.0,temporal_history_disruption@1.0.0,INCONCLUSIVE,res278-temporal_history_disruption-d4e3df1b6eed,rmse_delta::reversed-history::compact_neural::383003::deadlift_delta_capacity_kg,0.6720574491412394,psr:audit-result:iid_latent_capacity_change_with_transient_expression_forecasting-temporal_history_disruption@1.0.0~f11fdb14e311
RES-278,iid_latent_capacity_change_with_transient_expression_forecasting@1.0.0,temporal_history_disruption@1.0.0,INCONCLUSIVE,res278-temporal_history_disruption-d4e3df1b6eed,rmse_delta::reversed-history::compact_neural::383003::squat_delta_capacity_kg,0.9050571047264517,psr:audit-result:iid_latent_capacity_change_with_transient_expression_forecasting-temporal_history_disruption@1.0.0~f11fdb14e311
RES-278,iid_latent_capacity_change_with_transient_expression_forecasting@1.0.0,temporal_history_disruption@1.0.0,INCONCLUSIVE,res278-temporal_history_disruption-d4e3df1b6eed,rmse_delta::reversed-history::context_mean::383001::bench_press_delta_capacity_kg,0.0,psr:audit-result:iid_latent_capacity_change_with_transient_expression_forecasting-temporal_history_disruption@1.0.0~f11fdb14e311
RES-278,iid_latent_capacity_change_with_transient_expression_forecasting@1.0.0,temporal_history_disruption@1.0.0,INCONCLUSIVE,res278-temporal_history_disruption-d4e3df1b6eed,rmse_delta::reversed-history::context_mean::383001::deadlift_delta_capacity_kg,0.0,psr:audit-result:iid_latent_capacity_change_with_transient_expression_forecasting-temporal_history_disruption@1.0.0~f11fdb14e311
RES-278,iid_latent_capacity_change_with_transient_expression_forecasting@1.0.0,temporal_history_disruption@1.0.0,INCONCLUSIVE,res278-temporal_history_disruption-d4e3df1b6eed,rmse_delta::reversed-history::context_mean::383001::squat_delta_capacity_kg,0.0,psr:audit-result:iid_latent_capacity_change_with_transient_expression_forecasting-temporal_history_disruption@1.0.0~f11fdb14e311
RES-278,iid_latent_capacity_change_with_transient_expression_forecasting@1.0.0,temporal_history_disruption@1.0.0,INCONCLUSIVE,res278-temporal_history_disruption-d4e3df1b6eed,rmse_delta::reversed-history::context_mean::383002::bench_press_delta_capacity_kg,0.0,psr:audit-result:iid_latent_capacity_change_with_transient_expression_forecasting-temporal_history_disruption@1.0.0~f11fdb14e311
RES-278,iid_latent_capacity_change_with_transient_expression_forecasting@1.0.0,temporal_history_disruption@1.0.0,INCONCLUSIVE,res278-temporal_history_disruption-d4e3df1b6eed,rmse_delta::reversed-history::context_mean::383002::deadlift_delta_capacity_kg,0.0,psr:audit-result:iid_latent_capacity_change_with_transient_expression_forecasting-temporal_history_disruption@1.0.0~f11fdb14e311
RES-278,iid_latent_capacity_change_with_transient_expression_forecasting@1.0.0,temporal_history_disruption@1.0.0,INCONCLUSIVE,res278-temporal_history_disruption-d4e3df1b6eed,rmse_delta::reversed-history::context_mean::383002::squat_delta_capacity_kg,0.0,psr:audit-result:iid_latent_capacity_change_with_transient_expression_forecasting-temporal_history_disruption@1.0.0~f11fdb14e311
RES-278,iid_latent_capacity_change_with_transient_expression_forecasting@1.0.0,temporal_history_disruption@1.0.0,INCONCLUSIVE,res278-temporal_history_disruption-d4e3df1b6eed,rmse_delta::reversed-history::context_mean::383003::bench_press_delta_capacity_kg,0.0,psr:audit-result:iid_latent_capacity_change_with_transient_expression_forecasting-temporal_history_disruption@1.0.0~f11fdb14e311
RES-278,iid_latent_capacity_change_with_transient_expression_forecasting@1.0.0,temporal_history_disruption@1.0.0,INCONCLUSIVE,res278-temporal_history_disruption-d4e3df1b6eed,rmse_delta::reversed-history::context_mean::383003::deadlift_delta_capacity_kg,0.0,psr:audit-result:iid_latent_capacity_change_with_transient_expression_forecasting-temporal_history_disruption@1.0.0~f11fdb14e311
RES-278,iid_latent_capacity_change_with_transient_expression_forecasting@1.0.0,temporal_history_disruption@1.0.0,INCONCLUSIVE,res278-temporal_history_disruption-d4e3df1b6eed,rmse_delta::reversed-history::context_mean::383003::squat_delta_capacity_kg,0.0,psr:audit-result:iid_latent_capacity_change_with_transient_expression_forecasting-temporal_history_disruption@1.0.0~f11fdb14e311
RES-278,iid_latent_capacity_change_with_transient_expression_forecasting@1.0.0,temporal_history_disruption@1.0.0,INCONCLUSIVE,res278-temporal_history_disruption-d4e3df1b6eed,rmse_delta::reversed-history::histogram_boosted_stumps::383001::bench_press_delta_capacity_kg,0.0,psr:audit-result:iid_latent_capacity_change_with_transient_expression_forecasting-temporal_history_disruption@1.0.0~f11fdb14e311
RES-278,iid_latent_capacity_change_with_transient_expression_forecasting@1.0.0,temporal_history_disruption@1.0.0,INCONCLUSIVE,res278-temporal_history_disruption-d4e3df1b6eed,rmse_delta::reversed-history::histogram_boosted_stumps::383001::deadlift_delta_capacity_kg,0.0,psr:audit-result:iid_latent_capacity_change_with_transient_expression_forecasting-temporal_history_disruption@1.0.0~f11fdb14e311
RES-278,iid_latent_capacity_change_with_transient_expression_forecasting@1.0.0,temporal_history_disruption@1.0.0,INCONCLUSIVE,res278-temporal_history_disruption-d4e3df1b6eed,rmse_delta::reversed-history::histogram_boosted_stumps::383001::squat_delta_capacity_kg,0.0,psr:audit-result:iid_latent_capacity_change_with_transient_expression_forecasting-temporal_history_disruption@1.0.0~f11fdb14e311
RES-278,iid_latent_capacity_change_with_transient_expression_forecasting@1.0.0,temporal_history_disruption@1.0.0,INCONCLUSIVE,res278-temporal_history_disruption-d4e3df1b6eed,rmse_delta::reversed-history::histogram_boosted_stumps::383002::bench_press_delta_capacity_kg,0.0,psr:audit-result:iid_latent_capacity_change_with_transient_expression_forecasting-temporal_history_disruption@1.0.0~f11fdb14e311
RES-278,iid_latent_capacity_change_with_transient_expression_forecasting@1.0.0,temporal_history_disruption@1.0.0,INCONCLUSIVE,res278-temporal_history_disruption-d4e3df1b6eed,rmse_delta::reversed-history::histogram_boosted_stumps::383002::deadlift_delta_capacity_kg,0.0,psr:audit-result:iid_latent_capacity_change_with_transient_expression_forecasting-temporal_history_disruption@1.0.0~f11fdb14e311
RES-278,iid_latent_capacity_change_with_transient_expression_forecasting@1.0.0,temporal_history_disruption@1.0.0,INCONCLUSIVE,res278-temporal_history_disruption-d4e3df1b6eed,rmse_delta::reversed-history::histogram_boosted_stumps::383002::squat_delta_capacity_kg,0.0,psr:audit-result:iid_latent_capacity_change_with_transient_expression_forecasting-temporal_history_disruption@1.0.0~f11fdb14e311
RES-278,iid_latent_capacity_change_with_transient_expression_forecasting@1.0.0,temporal_history_disruption@1.0.0,INCONCLUSIVE,res278-temporal_history_disruption-d4e3df1b6eed,rmse_delta::reversed-history::histogram_boosted_stumps::383003::bench_press_delta_capacity_kg,0.0,psr:audit-result:iid_latent_capacity_change_with_transient_expression_forecasting-temporal_history_disruption@1.0.0~f11fdb14e311
RES-278,iid_latent_capacity_change_with_transient_expression_forecasting@1.0.0,temporal_history_disruption@1.0.0,INCONCLUSIVE,res278-temporal_history_disruption-d4e3df1b6eed,rmse_delta::reversed-history::histogram_boosted_stumps::383003::deadlift_delta_capacity_kg,0.0,psr:audit-result:iid_latent_capacity_change_with_transient_expression_forecasting-temporal_history_disruption@1.0.0~f11fdb14e311
RES-278,iid_latent_capacity_change_with_transient_expression_forecasting@1.0.0,temporal_history_disruption@1.0.0,INCONCLUSIVE,res278-temporal_history_disruption-d4e3df1b6eed,rmse_delta::reversed-history::histogram_boosted_stumps::383003::squat_delta_capacity_kg,0.0,psr:audit-result:iid_latent_capacity_change_with_transient_expression_forecasting-temporal_history_disruption@1.0.0~f11fdb14e311
RES-278,iid_latent_capacity_change_with_transient_expression_forecasting@1.0.0,temporal_history_disruption@1.0.0,INCONCLUSIVE,res278-temporal_history_disruption-d4e3df1b6eed,rmse_delta::reversed-history::mechanistic_midpoint::383001::bench_press_delta_capacity_kg,-0.04716198176436359,psr:audit-result:iid_latent_capacity_change_with_transient_expression_forecasting-temporal_history_disruption@1.0.0~f11fdb14e311
RES-278,iid_latent_capacity_change_with_transient_expression_forecasting@1.0.0,temporal_history_disruption@1.0.0,INCONCLUSIVE,res278-temporal_history_disruption-d4e3df1b6eed,rmse_delta::reversed-history::mechanistic_midpoint::383001::deadlift_delta_capacity_kg,0.05775710180149218,psr:audit-result:iid_latent_capacity_change_with_transient_expression_forecasting-temporal_history_disruption@1.0.0~f11fdb14e311
RES-278,iid_latent_capacity_change_with_transient_expression_forecasting@1.0.0,temporal_history_disruption@1.0.0,INCONCLUSIVE,res278-temporal_history_disruption-d4e3df1b6eed,rmse_delta::reversed-history::mechanistic_midpoint::383001::squat_delta_capacity_kg,-0.06430073413538384,psr:audit-result:iid_latent_capacity_change_with_transient_expression_forecasting-temporal_history_disruption@1.0.0~f11fdb14e311
RES-278,iid_latent_capacity_change_with_transient_expression_forecasting@1.0.0,temporal_history_disruption@1.0.0,INCONCLUSIVE,res278-temporal_history_disruption-d4e3df1b6eed,rmse_delta::reversed-history::mechanistic_midpoint::383002::bench_press_delta_capacity_kg,-0.04716198176436359,psr:audit-result:iid_latent_capacity_change_with_transient_expression_forecasting-temporal_history_disruption@1.0.0~f11fdb14e311
RES-278,iid_latent_capacity_change_with_transient_expression_forecasting@1.0.0,temporal_history_disruption@1.0.0,INCONCLUSIVE,res278-temporal_history_disruption-d4e3df1b6eed,rmse_delta::reversed-history::mechanistic_midpoint::383002::deadlift_delta_capacity_kg,0.05775710180149218,psr:audit-result:iid_latent_capacity_change_with_transient_expression_forecasting-temporal_history_disruption@1.0.0~f11fdb14e311
RES-278,iid_latent_capacity_change_with_transient_expression_forecasting@1.0.0,temporal_history_disruption@1.0.0,INCONCLUSIVE,res278-temporal_history_disruption-d4e3df1b6eed,rmse_delta::reversed-history::mechanistic_midpoint::383002::squat_delta_capacity_kg,-0.06430073413538384,psr:audit-result:iid_latent_capacity_change_with_transient_expression_forecasting-temporal_history_disruption@1.0.0~f11fdb14e311
RES-278,iid_latent_capacity_change_with_transient_expression_forecasting@1.0.0,temporal_history_disruption@1.0.0,INCONCLUSIVE,res278-temporal_history_disruption-d4e3df1b6eed,rmse_delta::reversed-history::mechanistic_midpoint::383003::bench_press_delta_capacity_kg,-0.04716198176436359,psr:audit-result:iid_latent_capacity_change_with_transient_expression_forecasting-temporal_history_disruption@1.0.0~f11fdb14e311
RES-278,iid_latent_capacity_change_with_transient_expression_forecasting@1.0.0,temporal_history_disruption@1.0.0,INCONCLUSIVE,res278-temporal_history_disruption-d4e3df1b6eed,rmse_delta::reversed-history::mechanistic_midpoint::383003::deadlift_delta_capacity_kg,0.05775710180149218,psr:audit-result:iid_latent_capacity_change_with_transient_expression_forecasting-temporal_history_disruption@1.0.0~f11fdb14e311
RES-278,iid_latent_capacity_change_with_transient_expression_forecasting@1.0.0,temporal_history_disruption@1.0.0,INCONCLUSIVE,res278-temporal_history_disruption-d4e3df1b6eed,rmse_delta::reversed-history::mechanistic_midpoint::383003::squat_delta_capacity_kg,-0.06430073413538384,psr:audit-result:iid_latent_capacity_change_with_transient_expression_forecasting-temporal_history_disruption@1.0.0~f11fdb14e311
RES-278,iid_latent_capacity_change_with_transient_expression_forecasting@1.0.0,temporal_history_disruption@1.0.0,INCONCLUSIVE,res278-temporal_history_disruption-d4e3df1b6eed,rmse_delta::reversed-history::mechanistic_ridge_residual::383001::bench_press_delta_capacity_kg,-0.04206099858833401,psr:audit-result:iid_latent_capacity_change_with_transient_expression_forecasting-temporal_history_disruption@1.0.0~f11fdb14e311
RES-278,iid_latent_capacity_change_with_transient_expression_forecasting@1.0.0,temporal_history_disruption@1.0.0,INCONCLUSIVE,res278-temporal_history_disruption-d4e3df1b6eed,rmse_delta::reversed-history::mechanistic_ridge_residual::383001::deadlift_delta_capacity_kg,0.06729609757113675,psr:audit-result:iid_latent_capacity_change_with_transient_expression_forecasting-temporal_history_disruption@1.0.0~f11fdb14e311
RES-278,iid_latent_capacity_change_with_transient_expression_forecasting@1.0.0,temporal_history_disruption@1.0.0,INCONCLUSIVE,res278-temporal_history_disruption-d4e3df1b6eed,rmse_delta::reversed-history::mechanistic_ridge_residual::383001::squat_delta_capacity_kg,-0.08042198168653147,psr:audit-result:iid_latent_capacity_change_with_transient_expression_forecasting-temporal_history_disruption@1.0.0~f11fdb14e311
RES-278,iid_latent_capacity_change_with_transient_expression_forecasting@1.0.0,temporal_history_disruption@1.0.0,INCONCLUSIVE,res278-temporal_history_disruption-d4e3df1b6eed,rmse_delta::reversed-history::mechanistic_ridge_residual::383002::bench_press_delta_capacity_kg,-0.04206099858833401,psr:audit-result:iid_latent_capacity_change_with_transient_expression_forecasting-temporal_history_disruption@1.0.0~f11fdb14e311
RES-278,iid_latent_capacity_change_with_transient_expression_forecasting@1.0.0,temporal_history_disruption@1.0.0,INCONCLUSIVE,res278-temporal_history_disruption-d4e3df1b6eed,rmse_delta::reversed-history::mechanistic_ridge_residual::383002::deadlift_delta_capacity_kg,0.06729609757113675,psr:audit-result:iid_latent_capacity_change_with_transient_expression_forecasting-temporal_history_disruption@1.0.0~f11fdb14e311
RES-278,iid_latent_capacity_change_with_transient_expression_forecasting@1.0.0,temporal_history_disruption@1.0.0,INCONCLUSIVE,res278-temporal_history_disruption-d4e3df1b6eed,rmse_delta::reversed-history::mechanistic_ridge_residual::383002::squat_delta_capacity_kg,-0.08042198168653147,psr:audit-result:iid_latent_capacity_change_with_transient_expression_forecasting-temporal_history_disruption@1.0.0~f11fdb14e311
RES-278,iid_latent_capacity_change_with_transient_expression_forecasting@1.0.0,temporal_history_disruption@1.0.0,INCONCLUSIVE,res278-temporal_history_disruption-d4e3df1b6eed,rmse_delta::reversed-history::mechanistic_ridge_residual::383003::bench_press_delta_capacity_kg,-0.04206099858833401,psr:audit-result:iid_latent_capacity_change_with_transient_expression_forecasting-temporal_history_disruption@1.0.0~f11fdb14e311
RES-278,iid_latent_capacity_change_with_transient_expression_forecasting@1.0.0,temporal_history_disruption@1.0.0,INCONCLUSIVE,res278-temporal_history_disruption-d4e3df1b6eed,rmse_delta::reversed-history::mechanistic_ridge_residual::383003::deadlift_delta_capacity_kg,0.06729609757113675,psr:audit-result:iid_latent_capacity_change_with_transient_expression_forecasting-temporal_history_disruption@1.0.0~f11fdb14e311
RES-278,iid_latent_capacity_change_with_transient_expression_forecasting@1.0.0,temporal_history_disruption@1.0.0,INCONCLUSIVE,res278-temporal_history_disruption-d4e3df1b6eed,rmse_delta::reversed-history::mechanistic_ridge_residual::383003::squat_delta_capacity_kg,-0.08042198168653147,psr:audit-result:iid_latent_capacity_change_with_transient_expression_forecasting-temporal_history_disruption@1.0.0~f11fdb14e311
RES-278,iid_latent_capacity_change_with_transient_expression_forecasting@1.0.0,temporal_history_disruption@1.0.0,INCONCLUSIVE,res278-temporal_history_disruption-d4e3df1b6eed,rmse_delta::reversed-history::ridge::383001::bench_press_delta_capacity_kg,-0.02983177601054976,psr:audit-result:iid_latent_capacity_change_with_transient_expression_forecasting-temporal_history_disruption@1.0.0~f11fdb14e311
RES-278,iid_latent_capacity_change_with_transient_expression_forecasting@1.0.0,temporal_history_disruption@1.0.0,INCONCLUSIVE,res278-temporal_history_disruption-d4e3df1b6eed,rmse_delta::reversed-history::ridge::383001::deadlift_delta_capacity_kg,0.003759637919735326,psr:audit-result:iid_latent_capacity_change_with_transient_expression_forecasting-temporal_history_disruption@1.0.0~f11fdb14e311
RES-278,iid_latent_capacity_change_with_transient_expression_forecasting@1.0.0,temporal_history_disruption@1.0.0,INCONCLUSIVE,res278-temporal_history_disruption-d4e3df1b6eed,rmse_delta::reversed-history::ridge::383001::squat_delta_capacity_kg,0.0007852948831024165,psr:audit-result:iid_latent_capacity_change_with_transient_expression_forecasting-temporal_history_disruption@1.0.0~f11fdb14e311
RES-278,iid_latent_capacity_change_with_transient_expression_forecasting@1.0.0,temporal_history_disruption@1.0.0,INCONCLUSIVE,res278-temporal_history_disruption-d4e3df1b6eed,rmse_delta::reversed-history::ridge::383002::bench_press_delta_capacity_kg,-0.02983177601054976,psr:audit-result:iid_latent_capacity_change_with_transient_expression_forecasting-temporal_history_disruption@1.0.0~f11fdb14e311
RES-278,iid_latent_capacity_change_with_transient_expression_forecasting@1.0.0,temporal_history_disruption@1.0.0,INCONCLUSIVE,res278-temporal_history_disruption-d4e3df1b6eed,rmse_delta::reversed-history::ridge::383002::deadlift_delta_capacity_kg,0.003759637919735326,psr:audit-result:iid_latent_capacity_change_with_transient_expression_forecasting-temporal_history_disruption@1.0.0~f11fdb14e311
RES-278,iid_latent_capacity_change_with_transient_expression_forecasting@1.0.0,temporal_history_disruption@1.0.0,INCONCLUSIVE,res278-temporal_history_disruption-d4e3df1b6eed,rmse_delta::reversed-history::ridge::383002::squat_delta_capacity_kg,0.0007852948831024165,psr:audit-result:iid_latent_capacity_change_with_transient_expression_forecasting-temporal_history_disruption@1.0.0~f11fdb14e311
RES-278,iid_latent_capacity_change_with_transient_expression_forecasting@1.0.0,temporal_history_disruption@1.0.0,INCONCLUSIVE,res278-temporal_history_disruption-d4e3df1b6eed,rmse_delta::reversed-history::ridge::383003::bench_press_delta_capacity_kg,-0.02983177601054976,psr:audit-result:iid_latent_capacity_change_with_transient_expression_forecasting-temporal_history_disruption@1.0.0~f11fdb14e311
RES-278,iid_latent_capacity_change_with_transient_expression_forecasting@1.0.0,temporal_history_disruption@1.0.0,INCONCLUSIVE,res278-temporal_history_disruption-d4e3df1b6eed,rmse_delta::reversed-history::ridge::383003::deadlift_delta_capacity_kg,0.003759637919735326,psr:audit-result:iid_latent_capacity_change_with_transient_expression_forecasting-temporal_history_disruption@1.0.0~f11fdb14e311
RES-278,iid_latent_capacity_change_with_transient_expression_forecasting@1.0.0,temporal_history_disruption@1.0.0,INCONCLUSIVE,res278-temporal_history_disruption-d4e3df1b6eed,rmse_delta::reversed-history::ridge::383003::squat_delta_capacity_kg,0.0007852948831024165,psr:audit-result:iid_latent_capacity_change_with_transient_expression_forecasting-temporal_history_disruption@1.0.0~f11fdb14e311
RES-278,iid_latent_capacity_change_with_transient_expression_forecasting@1.0.0,training_plan_counterfactual_sensitivity@1.0.0,INCONCLUSIVE,res278-training_plan_counterfactual_sensitivity-ab560d067060,audit_row_count,96,psr:audit-result:iid_latent_capacity_change_with_transient_expression_forecasting-training_plan_counterfactual_sensitivity@1.0.0~688f99f078ff
RES-278,iid_latent_capacity_change_with_transient_expression_forecasting@1.0.0,training_plan_counterfactual_sensitivity@1.0.0,INCONCLUSIVE,res278-training_plan_counterfactual_sensitivity-ab560d067060,fitted_comparator_instance_count,18,psr:audit-result:iid_latent_capacity_change_with_transient_expression_forecasting-training_plan_counterfactual_sensitivity@1.0.0~688f99f078ff
RES-278,iid_latent_capacity_change_with_transient_expression_forecasting@1.0.0,training_plan_counterfactual_sensitivity@1.0.0,INCONCLUSIVE,res278-training_plan_counterfactual_sensitivity-ab560d067060,max_abs_prediction_delta::supported-plan-swap::compact_neural::383001,34.422618394960594,psr:audit-result:iid_latent_capacity_change_with_transient_expression_forecasting-training_plan_counterfactual_sensitivity@1.0.0~688f99f078ff
RES-278,iid_latent_capacity_change_with_transient_expression_forecasting@1.0.0,training_plan_counterfactual_sensitivity@1.0.0,INCONCLUSIVE,res278-training_plan_counterfactual_sensitivity-ab560d067060,max_abs_prediction_delta::supported-plan-swap::compact_neural::383002,35.127372885028244,psr:audit-result:iid_latent_capacity_change_with_transient_expression_forecasting-training_plan_counterfactual_sensitivity@1.0.0~688f99f078ff
RES-278,iid_latent_capacity_change_with_transient_expression_forecasting@1.0.0,training_plan_counterfactual_sensitivity@1.0.0,INCONCLUSIVE,res278-training_plan_counterfactual_sensitivity-ab560d067060,max_abs_prediction_delta::supported-plan-swap::compact_neural::383003,33.869743738037926,psr:audit-result:iid_latent_capacity_change_with_transient_expression_forecasting-training_plan_counterfactual_sensitivity@1.0.0~688f99f078ff
RES-278,iid_latent_capacity_change_with_transient_expression_forecasting@1.0.0,training_plan_counterfactual_sensitivity@1.0.0,INCONCLUSIVE,res278-training_plan_counterfactual_sensitivity-ab560d067060,max_abs_prediction_delta::supported-plan-swap::context_mean::383001,21.20550223853819,psr:audit-result:iid_latent_capacity_change_with_transient_expression_forecasting-training_plan_counterfactual_sensitivity@1.0.0~688f99f078ff
RES-278,iid_latent_capacity_change_with_transient_expression_forecasting@1.0.0,training_plan_counterfactual_sensitivity@1.0.0,INCONCLUSIVE,res278-training_plan_counterfactual_sensitivity-ab560d067060,max_abs_prediction_delta::supported-plan-swap::context_mean::383002,21.20550223853819,psr:audit-result:iid_latent_capacity_change_with_transient_expression_forecasting-training_plan_counterfactual_sensitivity@1.0.0~688f99f078ff
RES-278,iid_latent_capacity_change_with_transient_expression_forecasting@1.0.0,training_plan_counterfactual_sensitivity@1.0.0,INCONCLUSIVE,res278-training_plan_counterfactual_sensitivity-ab560d067060,max_abs_prediction_delta::supported-plan-swap::context_mean::383003,21.20550223853819,psr:audit-result:iid_latent_capacity_change_with_transient_expression_forecasting-training_plan_counterfactual_sensitivity@1.0.0~688f99f078ff
RES-278,iid_latent_capacity_change_with_transient_expression_forecasting@1.0.0,training_plan_counterfactual_sensitivity@1.0.0,INCONCLUSIVE,res278-training_plan_counterfactual_sensitivity-ab560d067060,max_abs_prediction_delta::supported-plan-swap::histogram_boosted_stumps::383001,12.332192517320795,psr:audit-result:iid_latent_capacity_change_with_transient_expression_forecasting-training_plan_counterfactual_sensitivity@1.0.0~688f99f078ff
RES-278,iid_latent_capacity_change_with_transient_expression_forecasting@1.0.0,training_plan_counterfactual_sensitivity@1.0.0,INCONCLUSIVE,res278-training_plan_counterfactual_sensitivity-ab560d067060,max_abs_prediction_delta::supported-plan-swap::histogram_boosted_stumps::383002,12.332192517320795,psr:audit-result:iid_latent_capacity_change_with_transient_expression_forecasting-training_plan_counterfactual_sensitivity@1.0.0~688f99f078ff
RES-278,iid_latent_capacity_change_with_transient_expression_forecasting@1.0.0,training_plan_counterfactual_sensitivity@1.0.0,INCONCLUSIVE,res278-training_plan_counterfactual_sensitivity-ab560d067060,max_abs_prediction_delta::supported-plan-swap::histogram_boosted_stumps::383003,12.332192517320795,psr:audit-result:iid_latent_capacity_change_with_transient_expression_forecasting-training_plan_counterfactual_sensitivity@1.0.0~688f99f078ff
RES-278,iid_latent_capacity_change_with_transient_expression_forecasting@1.0.0,training_plan_counterfactual_sensitivity@1.0.0,INCONCLUSIVE,res278-training_plan_counterfactual_sensitivity-ab560d067060,max_abs_prediction_delta::supported-plan-swap::mechanistic_midpoint::383001,34.96007001399869,psr:audit-result:iid_latent_capacity_change_with_transient_expression_forecasting-training_plan_counterfactual_sensitivity@1.0.0~688f99f078ff
RES-278,iid_latent_capacity_change_with_transient_expression_forecasting@1.0.0,training_plan_counterfactual_sensitivity@1.0.0,INCONCLUSIVE,res278-training_plan_counterfactual_sensitivity-ab560d067060,max_abs_prediction_delta::supported-plan-swap::mechanistic_midpoint::383002,34.96007001399869,psr:audit-result:iid_latent_capacity_change_with_transient_expression_forecasting-training_plan_counterfactual_sensitivity@1.0.0~688f99f078ff
RES-278,iid_latent_capacity_change_with_transient_expression_forecasting@1.0.0,training_plan_counterfactual_sensitivity@1.0.0,INCONCLUSIVE,res278-training_plan_counterfactual_sensitivity-ab560d067060,max_abs_prediction_delta::supported-plan-swap::mechanistic_midpoint::383003,34.96007001399869,psr:audit-result:iid_latent_capacity_change_with_transient_expression_forecasting-training_plan_counterfactual_sensitivity@1.0.0~688f99f078ff
RES-278,iid_latent_capacity_change_with_transient_expression_forecasting@1.0.0,training_plan_counterfactual_sensitivity@1.0.0,INCONCLUSIVE,res278-training_plan_counterfactual_sensitivity-ab560d067060,max_abs_prediction_delta::supported-plan-swap::mechanistic_ridge_residual::383001,34.536794251307676,psr:audit-result:iid_latent_capacity_change_with_transient_expression_forecasting-training_plan_counterfactual_sensitivity@1.0.0~688f99f078ff
RES-278,iid_latent_capacity_change_with_transient_expression_forecasting@1.0.0,training_plan_counterfactual_sensitivity@1.0.0,INCONCLUSIVE,res278-training_plan_counterfactual_sensitivity-ab560d067060,max_abs_prediction_delta::supported-plan-swap::mechanistic_ridge_residual::383002,34.536794251307676,psr:audit-result:iid_latent_capacity_change_with_transient_expression_forecasting-training_plan_counterfactual_sensitivity@1.0.0~688f99f078ff
RES-278,iid_latent_capacity_change_with_transient_expression_forecasting@1.0.0,training_plan_counterfactual_sensitivity@1.0.0,INCONCLUSIVE,res278-training_plan_counterfactual_sensitivity-ab560d067060,max_abs_prediction_delta::supported-plan-swap::mechanistic_ridge_residual::383003,34.536794251307676,psr:audit-result:iid_latent_capacity_change_with_transient_expression_forecasting-training_plan_counterfactual_sensitivity@1.0.0~688f99f078ff
RES-278,iid_latent_capacity_change_with_transient_expression_forecasting@1.0.0,training_plan_counterfactual_sensitivity@1.0.0,INCONCLUSIVE,res278-training_plan_counterfactual_sensitivity-ab560d067060,max_abs_prediction_delta::supported-plan-swap::ridge::383001,15.024921916538002,psr:audit-result:iid_latent_capacity_change_with_transient_expression_forecasting-training_plan_counterfactual_sensitivity@1.0.0~688f99f078ff
RES-278,iid_latent_capacity_change_with_transient_expression_forecasting@1.0.0,training_plan_counterfactual_sensitivity@1.0.0,INCONCLUSIVE,res278-training_plan_counterfactual_sensitivity-ab560d067060,max_abs_prediction_delta::supported-plan-swap::ridge::383002,15.024921916538002,psr:audit-result:iid_latent_capacity_change_with_transient_expression_forecasting-training_plan_counterfactual_sensitivity@1.0.0~688f99f078ff
RES-278,iid_latent_capacity_change_with_transient_expression_forecasting@1.0.0,training_plan_counterfactual_sensitivity@1.0.0,INCONCLUSIVE,res278-training_plan_counterfactual_sensitivity-ab560d067060,max_abs_prediction_delta::supported-plan-swap::ridge::383003,15.024921916538002,psr:audit-result:iid_latent_capacity_change_with_transient_expression_forecasting-training_plan_counterfactual_sensitivity@1.0.0~688f99f078ff
RES-278,iid_latent_capacity_change_with_transient_expression_forecasting@1.0.0,training_plan_counterfactual_sensitivity@1.0.0,INCONCLUSIVE,res278-training_plan_counterfactual_sensitivity-ab560d067060,mean_abs_regenerated_target_delta::bench_press_delta_capacity_kg,8.446195951671335,psr:audit-result:iid_latent_capacity_change_with_transient_expression_forecasting-training_plan_counterfactual_sensitivity@1.0.0~688f99f078ff
RES-278,iid_latent_capacity_change_with_transient_expression_forecasting@1.0.0,training_plan_counterfactual_sensitivity@1.0.0,INCONCLUSIVE,res278-training_plan_counterfactual_sensitivity-ab560d067060,mean_abs_regenerated_target_delta::deadlift_delta_capacity_kg,11.987974532870277,psr:audit-result:iid_latent_capacity_change_with_transient_expression_forecasting-training_plan_counterfactual_sensitivity@1.0.0~688f99f078ff
RES-278,iid_latent_capacity_change_with_transient_expression_forecasting@1.0.0,training_plan_counterfactual_sensitivity@1.0.0,INCONCLUSIVE,res278-training_plan_counterfactual_sensitivity-ab560d067060,mean_abs_regenerated_target_delta::squat_delta_capacity_kg,10.63575539170501,psr:audit-result:iid_latent_capacity_change_with_transient_expression_forecasting-training_plan_counterfactual_sensitivity@1.0.0~688f99f078ff
RES-278,iid_latent_capacity_change_with_transient_expression_forecasting@1.0.0,training_plan_counterfactual_sensitivity@1.0.0,INCONCLUSIVE,res278-training_plan_counterfactual_sensitivity-ab560d067060,rmse_delta::supported-plan-swap::compact_neural::383001::bench_press_delta_capacity_kg,-0.3691376147204686,psr:audit-result:iid_latent_capacity_change_with_transient_expression_forecasting-training_plan_counterfactual_sensitivity@1.0.0~688f99f078ff
RES-278,iid_latent_capacity_change_with_transient_expression_forecasting@1.0.0,training_plan_counterfactual_sensitivity@1.0.0,INCONCLUSIVE,res278-training_plan_counterfactual_sensitivity-ab560d067060,rmse_delta::supported-plan-swap::compact_neural::383001::deadlift_delta_capacity_kg,0.007401992179026706,psr:audit-result:iid_latent_capacity_change_with_transient_expression_forecasting-training_plan_counterfactual_sensitivity@1.0.0~688f99f078ff
RES-278,iid_latent_capacity_change_with_transient_expression_forecasting@1.0.0,training_plan_counterfactual_sensitivity@1.0.0,INCONCLUSIVE,res278-training_plan_counterfactual_sensitivity-ab560d067060,rmse_delta::supported-plan-swap::compact_neural::383001::squat_delta_capacity_kg,-0.3487373529417708,psr:audit-result:iid_latent_capacity_change_with_transient_expression_forecasting-training_plan_counterfactual_sensitivity@1.0.0~688f99f078ff
RES-278,iid_latent_capacity_change_with_transient_expression_forecasting@1.0.0,training_plan_counterfactual_sensitivity@1.0.0,INCONCLUSIVE,res278-training_plan_counterfactual_sensitivity-ab560d067060,rmse_delta::supported-plan-swap::compact_neural::383002::bench_press_delta_capacity_kg,-0.3369746124605433,psr:audit-result:iid_latent_capacity_change_with_transient_expression_forecasting-training_plan_counterfactual_sensitivity@1.0.0~688f99f078ff
RES-278,iid_latent_capacity_change_with_transient_expression_forecasting@1.0.0,training_plan_counterfactual_sensitivity@1.0.0,INCONCLUSIVE,res278-training_plan_counterfactual_sensitivity-ab560d067060,rmse_delta::supported-plan-swap::compact_neural::383002::deadlift_delta_capacity_kg,-0.08287324116221928,psr:audit-result:iid_latent_capacity_change_with_transient_expression_forecasting-training_plan_counterfactual_sensitivity@1.0.0~688f99f078ff
RES-278,iid_latent_capacity_change_with_transient_expression_forecasting@1.0.0,training_plan_counterfactual_sensitivity@1.0.0,INCONCLUSIVE,res278-training_plan_counterfactual_sensitivity-ab560d067060,rmse_delta::supported-plan-swap::compact_neural::383002::squat_delta_capacity_kg,-0.46597968330334494,psr:audit-result:iid_latent_capacity_change_with_transient_expression_forecasting-training_plan_counterfactual_sensitivity@1.0.0~688f99f078ff
RES-278,iid_latent_capacity_change_with_transient_expression_forecasting@1.0.0,training_plan_counterfactual_sensitivity@1.0.0,INCONCLUSIVE,res278-training_plan_counterfactual_sensitivity-ab560d067060,rmse_delta::supported-plan-swap::compact_neural::383003::bench_press_delta_capacity_kg,-0.3380831469887031,psr:audit-result:iid_latent_capacity_change_with_transient_expression_forecasting-training_plan_counterfactual_sensitivity@1.0.0~688f99f078ff
RES-278,iid_latent_capacity_change_with_transient_expression_forecasting@1.0.0,training_plan_counterfactual_sensitivity@1.0.0,INCONCLUSIVE,res278-training_plan_counterfactual_sensitivity-ab560d067060,rmse_delta::supported-plan-swap::compact_neural::383003::deadlift_delta_capacity_kg,-0.24462477106706704,psr:audit-result:iid_latent_capacity_change_with_transient_expression_forecasting-training_plan_counterfactual_sensitivity@1.0.0~688f99f078ff
RES-278,iid_latent_capacity_change_with_transient_expression_forecasting@1.0.0,training_plan_counterfactual_sensitivity@1.0.0,INCONCLUSIVE,res278-training_plan_counterfactual_sensitivity-ab560d067060,rmse_delta::supported-plan-swap::compact_neural::383003::squat_delta_capacity_kg,0.038145746854850504,psr:audit-result:iid_latent_capacity_change_with_transient_expression_forecasting-training_plan_counterfactual_sensitivity@1.0.0~688f99f078ff
RES-278,iid_latent_capacity_change_with_transient_expression_forecasting@1.0.0,training_plan_counterfactual_sensitivity@1.0.0,INCONCLUSIVE,res278-training_plan_counterfactual_sensitivity-ab560d067060,rmse_delta::supported-plan-swap::context_mean::383001::bench_press_delta_capacity_kg,-0.06772074808906225,psr:audit-result:iid_latent_capacity_change_with_transient_expression_forecasting-training_plan_counterfactual_sensitivity@1.0.0~688f99f078ff
RES-278,iid_latent_capacity_change_with_transient_expression_forecasting@1.0.0,training_plan_counterfactual_sensitivity@1.0.0,INCONCLUSIVE,res278-training_plan_counterfactual_sensitivity-ab560d067060,rmse_delta::supported-plan-swap::context_mean::383001::deadlift_delta_capacity_kg,-0.3648074553578189,psr:audit-result:iid_latent_capacity_change_with_transient_expression_forecasting-training_plan_counterfactual_sensitivity@1.0.0~688f99f078ff
RES-278,iid_latent_capacity_change_with_transient_expression_forecasting@1.0.0,training_plan_counterfactual_sensitivity@1.0.0,INCONCLUSIVE,res278-training_plan_counterfactual_sensitivity-ab560d067060,rmse_delta::supported-plan-swap::context_mean::383001::squat_delta_capacity_kg,-0.9976572778544144,psr:audit-result:iid_latent_capacity_change_with_transient_expression_forecasting-training_plan_counterfactual_sensitivity@1.0.0~688f99f078ff
RES-278,iid_latent_capacity_change_with_transient_expression_forecasting@1.0.0,training_plan_counterfactual_sensitivity@1.0.0,INCONCLUSIVE,res278-training_plan_counterfactual_sensitivity-ab560d067060,rmse_delta::supported-plan-swap::context_mean::383002::bench_press_delta_capacity_kg,-0.06772074808906225,psr:audit-result:iid_latent_capacity_change_with_transient_expression_forecasting-training_plan_counterfactual_sensitivity@1.0.0~688f99f078ff
RES-278,iid_latent_capacity_change_with_transient_expression_forecasting@1.0.0,training_plan_counterfactual_sensitivity@1.0.0,INCONCLUSIVE,res278-training_plan_counterfactual_sensitivity-ab560d067060,rmse_delta::supported-plan-swap::context_mean::383002::deadlift_delta_capacity_kg,-0.3648074553578189,psr:audit-result:iid_latent_capacity_change_with_transient_expression_forecasting-training_plan_counterfactual_sensitivity@1.0.0~688f99f078ff
RES-278,iid_latent_capacity_change_with_transient_expression_forecasting@1.0.0,training_plan_counterfactual_sensitivity@1.0.0,INCONCLUSIVE,res278-training_plan_counterfactual_sensitivity-ab560d067060,rmse_delta::supported-plan-swap::context_mean::383002::squat_delta_capacity_kg,-0.9976572778544144,psr:audit-result:iid_latent_capacity_change_with_transient_expression_forecasting-training_plan_counterfactual_sensitivity@1.0.0~688f99f078ff
RES-278,iid_latent_capacity_change_with_transient_expression_forecasting@1.0.0,training_plan_counterfactual_sensitivity@1.0.0,INCONCLUSIVE,res278-training_plan_counterfactual_sensitivity-ab560d067060,rmse_delta::supported-plan-swap::context_mean::383003::bench_press_delta_capacity_kg,-0.06772074808906225,psr:audit-result:iid_latent_capacity_change_with_transient_expression_forecasting-training_plan_counterfactual_sensitivity@1.0.0~688f99f078ff
RES-278,iid_latent_capacity_change_with_transient_expression_forecasting@1.0.0,training_plan_counterfactual_sensitivity@1.0.0,INCONCLUSIVE,res278-training_plan_counterfactual_sensitivity-ab560d067060,rmse_delta::supported-plan-swap::context_mean::383003::deadlift_delta_capacity_kg,-0.3648074553578189,psr:audit-result:iid_latent_capacity_change_with_transient_expression_forecasting-training_plan_counterfactual_sensitivity@1.0.0~688f99f078ff
RES-278,iid_latent_capacity_change_with_transient_expression_forecasting@1.0.0,training_plan_counterfactual_sensitivity@1.0.0,INCONCLUSIVE,res278-training_plan_counterfactual_sensitivity-ab560d067060,rmse_delta::supported-plan-swap::context_mean::383003::squat_delta_capacity_kg,-0.9976572778544144,psr:audit-result:iid_latent_capacity_change_with_transient_expression_forecasting-training_plan_counterfactual_sensitivity@1.0.0~688f99f078ff
RES-278,iid_latent_capacity_change_with_transient_expression_forecasting@1.0.0,training_plan_counterfactual_sensitivity@1.0.0,INCONCLUSIVE,res278-training_plan_counterfactual_sensitivity-ab560d067060,rmse_delta::supported-plan-swap::histogram_boosted_stumps::383001::bench_press_delta_capacity_kg,-0.01614365536368556,psr:audit-result:iid_latent_capacity_change_with_transient_expression_forecasting-training_plan_counterfactual_sensitivity@1.0.0~688f99f078ff
RES-278,iid_latent_capacity_change_with_transient_expression_forecasting@1.0.0,training_plan_counterfactual_sensitivity@1.0.0,INCONCLUSIVE,res278-training_plan_counterfactual_sensitivity-ab560d067060,rmse_delta::supported-plan-swap::histogram_boosted_stumps::383001::deadlift_delta_capacity_kg,-0.6067516567893918,psr:audit-result:iid_latent_capacity_change_with_transient_expression_forecasting-training_plan_counterfactual_sensitivity@1.0.0~688f99f078ff
RES-278,iid_latent_capacity_change_with_transient_expression_forecasting@1.0.0,training_plan_counterfactual_sensitivity@1.0.0,INCONCLUSIVE,res278-training_plan_counterfactual_sensitivity-ab560d067060,rmse_delta::supported-plan-swap::histogram_boosted_stumps::383001::squat_delta_capacity_kg,-1.198485956174622,psr:audit-result:iid_latent_capacity_change_with_transient_expression_forecasting-training_plan_counterfactual_sensitivity@1.0.0~688f99f078ff
RES-278,iid_latent_capacity_change_with_transient_expression_forecasting@1.0.0,training_plan_counterfactual_sensitivity@1.0.0,INCONCLUSIVE,res278-training_plan_counterfactual_sensitivity-ab560d067060,rmse_delta::supported-plan-swap::histogram_boosted_stumps::383002::bench_press_delta_capacity_kg,-0.01614365536368556,psr:audit-result:iid_latent_capacity_change_with_transient_expression_forecasting-training_plan_counterfactual_sensitivity@1.0.0~688f99f078ff
RES-278,iid_latent_capacity_change_with_transient_expression_forecasting@1.0.0,training_plan_counterfactual_sensitivity@1.0.0,INCONCLUSIVE,res278-training_plan_counterfactual_sensitivity-ab560d067060,rmse_delta::supported-plan-swap::histogram_boosted_stumps::383002::deadlift_delta_capacity_kg,-0.6067516567893918,psr:audit-result:iid_latent_capacity_change_with_transient_expression_forecasting-training_plan_counterfactual_sensitivity@1.0.0~688f99f078ff
RES-278,iid_latent_capacity_change_with_transient_expression_forecasting@1.0.0,training_plan_counterfactual_sensitivity@1.0.0,INCONCLUSIVE,res278-training_plan_counterfactual_sensitivity-ab560d067060,rmse_delta::supported-plan-swap::histogram_boosted_stumps::383002::squat_delta_capacity_kg,-1.198485956174622,psr:audit-result:iid_latent_capacity_change_with_transient_expression_forecasting-training_plan_counterfactual_sensitivity@1.0.0~688f99f078ff
RES-278,iid_latent_capacity_change_with_transient_expression_forecasting@1.0.0,training_plan_counterfactual_sensitivity@1.0.0,INCONCLUSIVE,res278-training_plan_counterfactual_sensitivity-ab560d067060,rmse_delta::supported-plan-swap::histogram_boosted_stumps::383003::bench_press_delta_capacity_kg,-0.01614365536368556,psr:audit-result:iid_latent_capacity_change_with_transient_expression_forecasting-training_plan_counterfactual_sensitivity@1.0.0~688f99f078ff
RES-278,iid_latent_capacity_change_with_transient_expression_forecasting@1.0.0,training_plan_counterfactual_sensitivity@1.0.0,INCONCLUSIVE,res278-training_plan_counterfactual_sensitivity-ab560d067060,rmse_delta::supported-plan-swap::histogram_boosted_stumps::383003::deadlift_delta_capacity_kg,-0.6067516567893918,psr:audit-result:iid_latent_capacity_change_with_transient_expression_forecasting-training_plan_counterfactual_sensitivity@1.0.0~688f99f078ff
RES-278,iid_latent_capacity_change_with_transient_expression_forecasting@1.0.0,training_plan_counterfactual_sensitivity@1.0.0,INCONCLUSIVE,res278-training_plan_counterfactual_sensitivity-ab560d067060,rmse_delta::supported-plan-swap::histogram_boosted_stumps::383003::squat_delta_capacity_kg,-1.198485956174622,psr:audit-result:iid_latent_capacity_change_with_transient_expression_forecasting-training_plan_counterfactual_sensitivity@1.0.0~688f99f078ff
RES-278,iid_latent_capacity_change_with_transient_expression_forecasting@1.0.0,training_plan_counterfactual_sensitivity@1.0.0,INCONCLUSIVE,res278-training_plan_counterfactual_sensitivity-ab560d067060,rmse_delta::supported-plan-swap::mechanistic_midpoint::383001::bench_press_delta_capacity_kg,-0.026731571205293125,psr:audit-result:iid_latent_capacity_change_with_transient_expression_forecasting-training_plan_counterfactual_sensitivity@1.0.0~688f99f078ff
RES-278,iid_latent_capacity_change_with_transient_expression_forecasting@1.0.0,training_plan_counterfactual_sensitivity@1.0.0,INCONCLUSIVE,res278-training_plan_counterfactual_sensitivity-ab560d067060,rmse_delta::supported-plan-swap::mechanistic_midpoint::383001::deadlift_delta_capacity_kg,0.4305331260336729,psr:audit-result:iid_latent_capacity_change_with_transient_expression_forecasting-training_plan_counterfactual_sensitivity@1.0.0~688f99f078ff
RES-278,iid_latent_capacity_change_with_transient_expression_forecasting@1.0.0,training_plan_counterfactual_sensitivity@1.0.0,INCONCLUSIVE,res278-training_plan_counterfactual_sensitivity-ab560d067060,rmse_delta::supported-plan-swap::mechanistic_midpoint::383001::squat_delta_capacity_kg,-0.27936282595900064,psr:audit-result:iid_latent_capacity_change_with_transient_expression_forecasting-training_plan_counterfactual_sensitivity@1.0.0~688f99f078ff
RES-278,iid_latent_capacity_change_with_transient_expression_forecasting@1.0.0,training_plan_counterfactual_sensitivity@1.0.0,INCONCLUSIVE,res278-training_plan_counterfactual_sensitivity-ab560d067060,rmse_delta::supported-plan-swap::mechanistic_midpoint::383002::bench_press_delta_capacity_kg,-0.026731571205293125,psr:audit-result:iid_latent_capacity_change_with_transient_expression_forecasting-training_plan_counterfactual_sensitivity@1.0.0~688f99f078ff
RES-278,iid_latent_capacity_change_with_transient_expression_forecasting@1.0.0,training_plan_counterfactual_sensitivity@1.0.0,INCONCLUSIVE,res278-training_plan_counterfactual_sensitivity-ab560d067060,rmse_delta::supported-plan-swap::mechanistic_midpoint::383002::deadlift_delta_capacity_kg,0.4305331260336729,psr:audit-result:iid_latent_capacity_change_with_transient_expression_forecasting-training_plan_counterfactual_sensitivity@1.0.0~688f99f078ff
RES-278,iid_latent_capacity_change_with_transient_expression_forecasting@1.0.0,training_plan_counterfactual_sensitivity@1.0.0,INCONCLUSIVE,res278-training_plan_counterfactual_sensitivity-ab560d067060,rmse_delta::supported-plan-swap::mechanistic_midpoint::383002::squat_delta_capacity_kg,-0.27936282595900064,psr:audit-result:iid_latent_capacity_change_with_transient_expression_forecasting-training_plan_counterfactual_sensitivity@1.0.0~688f99f078ff
RES-278,iid_latent_capacity_change_with_transient_expression_forecasting@1.0.0,training_plan_counterfactual_sensitivity@1.0.0,INCONCLUSIVE,res278-training_plan_counterfactual_sensitivity-ab560d067060,rmse_delta::supported-plan-swap::mechanistic_midpoint::383003::bench_press_delta_capacity_kg,-0.026731571205293125,psr:audit-result:iid_latent_capacity_change_with_transient_expression_forecasting-training_plan_counterfactual_sensitivity@1.0.0~688f99f078ff
RES-278,iid_latent_capacity_change_with_transient_expression_forecasting@1.0.0,training_plan_counterfactual_sensitivity@1.0.0,INCONCLUSIVE,res278-training_plan_counterfactual_sensitivity-ab560d067060,rmse_delta::supported-plan-swap::mechanistic_midpoint::383003::deadlift_delta_capacity_kg,0.4305331260336729,psr:audit-result:iid_latent_capacity_change_with_transient_expression_forecasting-training_plan_counterfactual_sensitivity@1.0.0~688f99f078ff
RES-278,iid_latent_capacity_change_with_transient_expression_forecasting@1.0.0,training_plan_counterfactual_sensitivity@1.0.0,INCONCLUSIVE,res278-training_plan_counterfactual_sensitivity-ab560d067060,rmse_delta::supported-plan-swap::mechanistic_midpoint::383003::squat_delta_capacity_kg,-0.27936282595900064,psr:audit-result:iid_latent_capacity_change_with_transient_expression_forecasting-training_plan_counterfactual_sensitivity@1.0.0~688f99f078ff
RES-278,iid_latent_capacity_change_with_transient_expression_forecasting@1.0.0,training_plan_counterfactual_sensitivity@1.0.0,INCONCLUSIVE,res278-training_plan_counterfactual_sensitivity-ab560d067060,rmse_delta::supported-plan-swap::mechanistic_ridge_residual::383001::bench_press_delta_capacity_kg,-0.1749173932085819,psr:audit-result:iid_latent_capacity_change_with_transient_expression_forecasting-training_plan_counterfactual_sensitivity@1.0.0~688f99f078ff
RES-278,iid_latent_capacity_change_with_transient_expression_forecasting@1.0.0,training_plan_counterfactual_sensitivity@1.0.0,INCONCLUSIVE,res278-training_plan_counterfactual_sensitivity-ab560d067060,rmse_delta::supported-plan-swap::mechanistic_ridge_residual::383001::deadlift_delta_capacity_kg,0.38742179098602847,psr:audit-result:iid_latent_capacity_change_with_transient_expression_forecasting-training_plan_counterfactual_sensitivity@1.0.0~688f99f078ff
RES-278,iid_latent_capacity_change_with_transient_expression_forecasting@1.0.0,training_plan_counterfactual_sensitivity@1.0.0,INCONCLUSIVE,res278-training_plan_counterfactual_sensitivity-ab560d067060,rmse_delta::supported-plan-swap::mechanistic_ridge_residual::383001::squat_delta_capacity_kg,-0.2217933753848147,psr:audit-result:iid_latent_capacity_change_with_transient_expression_forecasting-training_plan_counterfactual_sensitivity@1.0.0~688f99f078ff
RES-278,iid_latent_capacity_change_with_transient_expression_forecasting@1.0.0,training_plan_counterfactual_sensitivity@1.0.0,INCONCLUSIVE,res278-training_plan_counterfactual_sensitivity-ab560d067060,rmse_delta::supported-plan-swap::mechanistic_ridge_residual::383002::bench_press_delta_capacity_kg,-0.1749173932085819,psr:audit-result:iid_latent_capacity_change_with_transient_expression_forecasting-training_plan_counterfactual_sensitivity@1.0.0~688f99f078ff
RES-278,iid_latent_capacity_change_with_transient_expression_forecasting@1.0.0,training_plan_counterfactual_sensitivity@1.0.0,INCONCLUSIVE,res278-training_plan_counterfactual_sensitivity-ab560d067060,rmse_delta::supported-plan-swap::mechanistic_ridge_residual::383002::deadlift_delta_capacity_kg,0.38742179098602847,psr:audit-result:iid_latent_capacity_change_with_transient_expression_forecasting-training_plan_counterfactual_sensitivity@1.0.0~688f99f078ff
RES-278,iid_latent_capacity_change_with_transient_expression_forecasting@1.0.0,training_plan_counterfactual_sensitivity@1.0.0,INCONCLUSIVE,res278-training_plan_counterfactual_sensitivity-ab560d067060,rmse_delta::supported-plan-swap::mechanistic_ridge_residual::383002::squat_delta_capacity_kg,-0.2217933753848147,psr:audit-result:iid_latent_capacity_change_with_transient_expression_forecasting-training_plan_counterfactual_sensitivity@1.0.0~688f99f078ff
RES-278,iid_latent_capacity_change_with_transient_expression_forecasting@1.0.0,training_plan_counterfactual_sensitivity@1.0.0,INCONCLUSIVE,res278-training_plan_counterfactual_sensitivity-ab560d067060,rmse_delta::supported-plan-swap::mechanistic_ridge_residual::383003::bench_press_delta_capacity_kg,-0.1749173932085819,psr:audit-result:iid_latent_capacity_change_with_transient_expression_forecasting-training_plan_counterfactual_sensitivity@1.0.0~688f99f078ff
RES-278,iid_latent_capacity_change_with_transient_expression_forecasting@1.0.0,training_plan_counterfactual_sensitivity@1.0.0,INCONCLUSIVE,res278-training_plan_counterfactual_sensitivity-ab560d067060,rmse_delta::supported-plan-swap::mechanistic_ridge_residual::383003::deadlift_delta_capacity_kg,0.38742179098602847,psr:audit-result:iid_latent_capacity_change_with_transient_expression_forecasting-training_plan_counterfactual_sensitivity@1.0.0~688f99f078ff
RES-278,iid_latent_capacity_change_with_transient_expression_forecasting@1.0.0,training_plan_counterfactual_sensitivity@1.0.0,INCONCLUSIVE,res278-training_plan_counterfactual_sensitivity-ab560d067060,rmse_delta::supported-plan-swap::mechanistic_ridge_residual::383003::squat_delta_capacity_kg,-0.2217933753848147,psr:audit-result:iid_latent_capacity_change_with_transient_expression_forecasting-training_plan_counterfactual_sensitivity@1.0.0~688f99f078ff
RES-278,iid_latent_capacity_change_with_transient_expression_forecasting@1.0.0,training_plan_counterfactual_sensitivity@1.0.0,INCONCLUSIVE,res278-training_plan_counterfactual_sensitivity-ab560d067060,rmse_delta::supported-plan-swap::ridge::383001::bench_press_delta_capacity_kg,-0.24839573064444442,psr:audit-result:iid_latent_capacity_change_with_transient_expression_forecasting-training_plan_counterfactual_sensitivity@1.0.0~688f99f078ff
RES-278,iid_latent_capacity_change_with_transient_expression_forecasting@1.0.0,training_plan_counterfactual_sensitivity@1.0.0,INCONCLUSIVE,res278-training_plan_counterfactual_sensitivity-ab560d067060,rmse_delta::supported-plan-swap::ridge::383001::deadlift_delta_capacity_kg,-0.621601827245871,psr:audit-result:iid_latent_capacity_change_with_transient_expression_forecasting-training_plan_counterfactual_sensitivity@1.0.0~688f99f078ff
RES-278,iid_latent_capacity_change_with_transient_expression_forecasting@1.0.0,training_plan_counterfactual_sensitivity@1.0.0,INCONCLUSIVE,res278-training_plan_counterfactual_sensitivity-ab560d067060,rmse_delta::supported-plan-swap::ridge::383001::squat_delta_capacity_kg,-1.171711795716205,psr:audit-result:iid_latent_capacity_change_with_transient_expression_forecasting-training_plan_counterfactual_sensitivity@1.0.0~688f99f078ff
RES-278,iid_latent_capacity_change_with_transient_expression_forecasting@1.0.0,training_plan_counterfactual_sensitivity@1.0.0,INCONCLUSIVE,res278-training_plan_counterfactual_sensitivity-ab560d067060,rmse_delta::supported-plan-swap::ridge::383002::bench_press_delta_capacity_kg,-0.24839573064444442,psr:audit-result:iid_latent_capacity_change_with_transient_expression_forecasting-training_plan_counterfactual_sensitivity@1.0.0~688f99f078ff
RES-278,iid_latent_capacity_change_with_transient_expression_forecasting@1.0.0,training_plan_counterfactual_sensitivity@1.0.0,INCONCLUSIVE,res278-training_plan_counterfactual_sensitivity-ab560d067060,rmse_delta::supported-plan-swap::ridge::383002::deadlift_delta_capacity_kg,-0.621601827245871,psr:audit-result:iid_latent_capacity_change_with_transient_expression_forecasting-training_plan_counterfactual_sensitivity@1.0.0~688f99f078ff
RES-278,iid_latent_capacity_change_with_transient_expression_forecasting@1.0.0,training_plan_counterfactual_sensitivity@1.0.0,INCONCLUSIVE,res278-training_plan_counterfactual_sensitivity-ab560d067060,rmse_delta::supported-plan-swap::ridge::383002::squat_delta_capacity_kg,-1.171711795716205,psr:audit-result:iid_latent_capacity_change_with_transient_expression_forecasting-training_plan_counterfactual_sensitivity@1.0.0~688f99f078ff
RES-278,iid_latent_capacity_change_with_transient_expression_forecasting@1.0.0,training_plan_counterfactual_sensitivity@1.0.0,INCONCLUSIVE,res278-training_plan_counterfactual_sensitivity-ab560d067060,rmse_delta::supported-plan-swap::ridge::383003::bench_press_delta_capacity_kg,-0.24839573064444442,psr:audit-result:iid_latent_capacity_change_with_transient_expression_forecasting-training_plan_counterfactual_sensitivity@1.0.0~688f99f078ff
RES-278,iid_latent_capacity_change_with_transient_expression_forecasting@1.0.0,training_plan_counterfactual_sensitivity@1.0.0,INCONCLUSIVE,res278-training_plan_counterfactual_sensitivity-ab560d067060,rmse_delta::supported-plan-swap::ridge::383003::deadlift_delta_capacity_kg,-0.621601827245871,psr:audit-result:iid_latent_capacity_change_with_transient_expression_forecasting-training_plan_counterfactual_sensitivity@1.0.0~688f99f078ff
RES-278,iid_latent_capacity_change_with_transient_expression_forecasting@1.0.0,training_plan_counterfactual_sensitivity@1.0.0,INCONCLUSIVE,res278-training_plan_counterfactual_sensitivity-ab560d067060,rmse_delta::supported-plan-swap::ridge::383003::squat_delta_capacity_kg,-1.171711795716205,psr:audit-result:iid_latent_capacity_change_with_transient_expression_forecasting-training_plan_counterfactual_sensitivity@1.0.0~688f99f078ff
RES-281,iid_latent_capacity_change_with_transient_expression_forecasting@1.0.0,observation_noise_perturbation@1.0.0,INCONCLUSIVE,res281-observation_noise_perturbation-d4264790cdb1,audit_row_count,96,psr:audit-result:iid_latent_capacity_change_with_transient_expression_forecasting-observation_noise_perturbation@1.0.0~6e7b24969811
RES-281,iid_latent_capacity_change_with_transient_expression_forecasting@1.0.0,observation_noise_perturbation@1.0.0,INCONCLUSIVE,res281-observation_noise_perturbation-d4264790cdb1,fitted_comparator_instance_count,18,psr:audit-result:iid_latent_capacity_change_with_transient_expression_forecasting-observation_noise_perturbation@1.0.0~6e7b24969811
RES-281,iid_latent_capacity_change_with_transient_expression_forecasting@1.0.0,observation_noise_perturbation@1.0.0,INCONCLUSIVE,res281-observation_noise_perturbation-d4264790cdb1,mean_abs_prediction_delta::compact_neural::383001::bench_press_delta_capacity_kg,1.211972387134483,psr:audit-result:iid_latent_capacity_change_with_transient_expression_forecasting-observation_noise_perturbation@1.0.0~6e7b24969811
RES-281,iid_latent_capacity_change_with_transient_expression_forecasting@1.0.0,observation_noise_perturbation@1.0.0,INCONCLUSIVE,res281-observation_noise_perturbation-d4264790cdb1,mean_abs_prediction_delta::compact_neural::383001::deadlift_delta_capacity_kg,1.7229090848578557,psr:audit-result:iid_latent_capacity_change_with_transient_expression_forecasting-observation_noise_perturbation@1.0.0~6e7b24969811
RES-281,iid_latent_capacity_change_with_transient_expression_forecasting@1.0.0,observation_noise_perturbation@1.0.0,INCONCLUSIVE,res281-observation_noise_perturbation-d4264790cdb1,mean_abs_prediction_delta::compact_neural::383001::squat_delta_capacity_kg,1.592328915645022,psr:audit-result:iid_latent_capacity_change_with_transient_expression_forecasting-observation_noise_perturbation@1.0.0~6e7b24969811
RES-281,iid_latent_capacity_change_with_transient_expression_forecasting@1.0.0,observation_noise_perturbation@1.0.0,INCONCLUSIVE,res281-observation_noise_perturbation-d4264790cdb1,mean_abs_prediction_delta::compact_neural::383002::bench_press_delta_capacity_kg,1.2699033806732638,psr:audit-result:iid_latent_capacity_change_with_transient_expression_forecasting-observation_noise_perturbation@1.0.0~6e7b24969811
RES-281,iid_latent_capacity_change_with_transient_expression_forecasting@1.0.0,observation_noise_perturbation@1.0.0,INCONCLUSIVE,res281-observation_noise_perturbation-d4264790cdb1,mean_abs_prediction_delta::compact_neural::383002::deadlift_delta_capacity_kg,1.7173497581228179,psr:audit-result:iid_latent_capacity_change_with_transient_expression_forecasting-observation_noise_perturbation@1.0.0~6e7b24969811
RES-281,iid_latent_capacity_change_with_transient_expression_forecasting@1.0.0,observation_noise_perturbation@1.0.0,INCONCLUSIVE,res281-observation_noise_perturbation-d4264790cdb1,mean_abs_prediction_delta::compact_neural::383002::squat_delta_capacity_kg,1.56079581555466,psr:audit-result:iid_latent_capacity_change_with_transient_expression_forecasting-observation_noise_perturbation@1.0.0~6e7b24969811
RES-281,iid_latent_capacity_change_with_transient_expression_forecasting@1.0.0,observation_noise_perturbation@1.0.0,INCONCLUSIVE,res281-observation_noise_perturbation-d4264790cdb1,mean_abs_prediction_delta::compact_neural::383003::bench_press_delta_capacity_kg,1.3430185417624827,psr:audit-result:iid_latent_capacity_change_with_transient_expression_forecasting-observation_noise_perturbation@1.0.0~6e7b24969811
RES-281,iid_latent_capacity_change_with_transient_expression_forecasting@1.0.0,observation_noise_perturbation@1.0.0,INCONCLUSIVE,res281-observation_noise_perturbation-d4264790cdb1,mean_abs_prediction_delta::compact_neural::383003::deadlift_delta_capacity_kg,1.8543638587005076,psr:audit-result:iid_latent_capacity_change_with_transient_expression_forecasting-observation_noise_perturbation@1.0.0~6e7b24969811
RES-281,iid_latent_capacity_change_with_transient_expression_forecasting@1.0.0,observation_noise_perturbation@1.0.0,INCONCLUSIVE,res281-observation_noise_perturbation-d4264790cdb1,mean_abs_prediction_delta::compact_neural::383003::squat_delta_capacity_kg,1.6813134598482646,psr:audit-result:iid_latent_capacity_change_with_transient_expression_forecasting-observation_noise_perturbation@1.0.0~6e7b24969811
RES-281,iid_latent_capacity_change_with_transient_expression_forecasting@1.0.0,observation_noise_perturbation@1.0.0,INCONCLUSIVE,res281-observation_noise_perturbation-d4264790cdb1,mean_abs_prediction_delta::context_mean::383001::bench_press_delta_capacity_kg,0.0,psr:audit-result:iid_latent_capacity_change_with_transient_expression_forecasting-observation_noise_perturbation@1.0.0~6e7b24969811
RES-281,iid_latent_capacity_change_with_transient_expression_forecasting@1.0.0,observation_noise_perturbation@1.0.0,INCONCLUSIVE,res281-observation_noise_perturbation-d4264790cdb1,mean_abs_prediction_delta::context_mean::383001::deadlift_delta_capacity_kg,0.0,psr:audit-result:iid_latent_capacity_change_with_transient_expression_forecasting-observation_noise_perturbation@1.0.0~6e7b24969811
RES-281,iid_latent_capacity_change_with_transient_expression_forecasting@1.0.0,observation_noise_perturbation@1.0.0,INCONCLUSIVE,res281-observation_noise_perturbation-d4264790cdb1,mean_abs_prediction_delta::context_mean::383001::squat_delta_capacity_kg,0.0,psr:audit-result:iid_latent_capacity_change_with_transient_expression_forecasting-observation_noise_perturbation@1.0.0~6e7b24969811
RES-281,iid_latent_capacity_change_with_transient_expression_forecasting@1.0.0,observation_noise_perturbation@1.0.0,INCONCLUSIVE,res281-observation_noise_perturbation-d4264790cdb1,mean_abs_prediction_delta::context_mean::383002::bench_press_delta_capacity_kg,0.0,psr:audit-result:iid_latent_capacity_change_with_transient_expression_forecasting-observation_noise_perturbation@1.0.0~6e7b24969811
RES-281,iid_latent_capacity_change_with_transient_expression_forecasting@1.0.0,observation_noise_perturbation@1.0.0,INCONCLUSIVE,res281-observation_noise_perturbation-d4264790cdb1,mean_abs_prediction_delta::context_mean::383002::deadlift_delta_capacity_kg,0.0,psr:audit-result:iid_latent_capacity_change_with_transient_expression_forecasting-observation_noise_perturbation@1.0.0~6e7b24969811
RES-281,iid_latent_capacity_change_with_transient_expression_forecasting@1.0.0,observation_noise_perturbation@1.0.0,INCONCLUSIVE,res281-observation_noise_perturbation-d4264790cdb1,mean_abs_prediction_delta::context_mean::383002::squat_delta_capacity_kg,0.0,psr:audit-result:iid_latent_capacity_change_with_transient_expression_forecasting-observation_noise_perturbation@1.0.0~6e7b24969811
RES-281,iid_latent_capacity_change_with_transient_expression_forecasting@1.0.0,observation_noise_perturbation@1.0.0,INCONCLUSIVE,res281-observation_noise_perturbation-d4264790cdb1,mean_abs_prediction_delta::context_mean::383003::bench_press_delta_capacity_kg,0.0,psr:audit-result:iid_latent_capacity_change_with_transient_expression_forecasting-observation_noise_perturbation@1.0.0~6e7b24969811
RES-281,iid_latent_capacity_change_with_transient_expression_forecasting@1.0.0,observation_noise_perturbation@1.0.0,INCONCLUSIVE,res281-observation_noise_perturbation-d4264790cdb1,mean_abs_prediction_delta::context_mean::383003::deadlift_delta_capacity_kg,0.0,psr:audit-result:iid_latent_capacity_change_with_transient_expression_forecasting-observation_noise_perturbation@1.0.0~6e7b24969811
RES-281,iid_latent_capacity_change_with_transient_expression_forecasting@1.0.0,observation_noise_perturbation@1.0.0,INCONCLUSIVE,res281-observation_noise_perturbation-d4264790cdb1,mean_abs_prediction_delta::context_mean::383003::squat_delta_capacity_kg,0.0,psr:audit-result:iid_latent_capacity_change_with_transient_expression_forecasting-observation_noise_perturbation@1.0.0~6e7b24969811
RES-281,iid_latent_capacity_change_with_transient_expression_forecasting@1.0.0,observation_noise_perturbation@1.0.0,INCONCLUSIVE,res281-observation_noise_perturbation-d4264790cdb1,mean_abs_prediction_delta::histogram_boosted_stumps::383001::bench_press_delta_capacity_kg,0.0,psr:audit-result:iid_latent_capacity_change_with_transient_expression_forecasting-observation_noise_perturbation@1.0.0~6e7b24969811
RES-281,iid_latent_capacity_change_with_transient_expression_forecasting@1.0.0,observation_noise_perturbation@1.0.0,INCONCLUSIVE,res281-observation_noise_perturbation-d4264790cdb1,mean_abs_prediction_delta::histogram_boosted_stumps::383001::deadlift_delta_capacity_kg,0.0,psr:audit-result:iid_latent_capacity_change_with_transient_expression_forecasting-observation_noise_perturbation@1.0.0~6e7b24969811
RES-281,iid_latent_capacity_change_with_transient_expression_forecasting@1.0.0,observation_noise_perturbation@1.0.0,INCONCLUSIVE,res281-observation_noise_perturbation-d4264790cdb1,mean_abs_prediction_delta::histogram_boosted_stumps::383001::squat_delta_capacity_kg,0.0,psr:audit-result:iid_latent_capacity_change_with_transient_expression_forecasting-observation_noise_perturbation@1.0.0~6e7b24969811
RES-281,iid_latent_capacity_change_with_transient_expression_forecasting@1.0.0,observation_noise_perturbation@1.0.0,INCONCLUSIVE,res281-observation_noise_perturbation-d4264790cdb1,mean_abs_prediction_delta::histogram_boosted_stumps::383002::bench_press_delta_capacity_kg,0.0,psr:audit-result:iid_latent_capacity_change_with_transient_expression_forecasting-observation_noise_perturbation@1.0.0~6e7b24969811
RES-281,iid_latent_capacity_change_with_transient_expression_forecasting@1.0.0,observation_noise_perturbation@1.0.0,INCONCLUSIVE,res281-observation_noise_perturbation-d4264790cdb1,mean_abs_prediction_delta::histogram_boosted_stumps::383002::deadlift_delta_capacity_kg,0.0,psr:audit-result:iid_latent_capacity_change_with_transient_expression_forecasting-observation_noise_perturbation@1.0.0~6e7b24969811
RES-281,iid_latent_capacity_change_with_transient_expression_forecasting@1.0.0,observation_noise_perturbation@1.0.0,INCONCLUSIVE,res281-observation_noise_perturbation-d4264790cdb1,mean_abs_prediction_delta::histogram_boosted_stumps::383002::squat_delta_capacity_kg,0.0,psr:audit-result:iid_latent_capacity_change_with_transient_expression_forecasting-observation_noise_perturbation@1.0.0~6e7b24969811
RES-281,iid_latent_capacity_change_with_transient_expression_forecasting@1.0.0,observation_noise_perturbation@1.0.0,INCONCLUSIVE,res281-observation_noise_perturbation-d4264790cdb1,mean_abs_prediction_delta::histogram_boosted_stumps::383003::bench_press_delta_capacity_kg,0.0,psr:audit-result:iid_latent_capacity_change_with_transient_expression_forecasting-observation_noise_perturbation@1.0.0~6e7b24969811
RES-281,iid_latent_capacity_change_with_transient_expression_forecasting@1.0.0,observation_noise_perturbation@1.0.0,INCONCLUSIVE,res281-observation_noise_perturbation-d4264790cdb1,mean_abs_prediction_delta::histogram_boosted_stumps::383003::deadlift_delta_capacity_kg,0.0,psr:audit-result:iid_latent_capacity_change_with_transient_expression_forecasting-observation_noise_perturbation@1.0.0~6e7b24969811
RES-281,iid_latent_capacity_change_with_transient_expression_forecasting@1.0.0,observation_noise_perturbation@1.0.0,INCONCLUSIVE,res281-observation_noise_perturbation-d4264790cdb1,mean_abs_prediction_delta::histogram_boosted_stumps::383003::squat_delta_capacity_kg,0.0,psr:audit-result:iid_latent_capacity_change_with_transient_expression_forecasting-observation_noise_perturbation@1.0.0~6e7b24969811
RES-281,iid_latent_capacity_change_with_transient_expression_forecasting@1.0.0,observation_noise_perturbation@1.0.0,INCONCLUSIVE,res281-observation_noise_perturbation-d4264790cdb1,mean_abs_prediction_delta::mechanistic_midpoint::383001::bench_press_delta_capacity_kg,0.18740775364679674,psr:audit-result:iid_latent_capacity_change_with_transient_expression_forecasting-observation_noise_perturbation@1.0.0~6e7b24969811
RES-281,iid_latent_capacity_change_with_transient_expression_forecasting@1.0.0,observation_noise_perturbation@1.0.0,INCONCLUSIVE,res281-observation_noise_perturbation-d4264790cdb1,mean_abs_prediction_delta::mechanistic_midpoint::383001::deadlift_delta_capacity_kg,0.37729339657331795,psr:audit-result:iid_latent_capacity_change_with_transient_expression_forecasting-observation_noise_perturbation@1.0.0~6e7b24969811
RES-281,iid_latent_capacity_change_with_transient_expression_forecasting@1.0.0,observation_noise_perturbation@1.0.0,INCONCLUSIVE,res281-observation_noise_perturbation-d4264790cdb1,mean_abs_prediction_delta::mechanistic_midpoint::383001::squat_delta_capacity_kg,0.29925040303919054,psr:audit-result:iid_latent_capacity_change_with_transient_expression_forecasting-observation_noise_perturbation@1.0.0~6e7b24969811
RES-281,iid_latent_capacity_change_with_transient_expression_forecasting@1.0.0,observation_noise_perturbation@1.0.0,INCONCLUSIVE,res281-observation_noise_perturbation-d4264790cdb1,mean_abs_prediction_delta::mechanistic_midpoint::383002::bench_press_delta_capacity_kg,0.18740775364679674,psr:audit-result:iid_latent_capacity_change_with_transient_expression_forecasting-observation_noise_perturbation@1.0.0~6e7b24969811
RES-281,iid_latent_capacity_change_with_transient_expression_forecasting@1.0.0,observation_noise_perturbation@1.0.0,INCONCLUSIVE,res281-observation_noise_perturbation-d4264790cdb1,mean_abs_prediction_delta::mechanistic_midpoint::383002::deadlift_delta_capacity_kg,0.37729339657331795,psr:audit-result:iid_latent_capacity_change_with_transient_expression_forecasting-observation_noise_perturbation@1.0.0~6e7b24969811
RES-281,iid_latent_capacity_change_with_transient_expression_forecasting@1.0.0,observation_noise_perturbation@1.0.0,INCONCLUSIVE,res281-observation_noise_perturbation-d4264790cdb1,mean_abs_prediction_delta::mechanistic_midpoint::383002::squat_delta_capacity_kg,0.29925040303919054,psr:audit-result:iid_latent_capacity_change_with_transient_expression_forecasting-observation_noise_perturbation@1.0.0~6e7b24969811
RES-281,iid_latent_capacity_change_with_transient_expression_forecasting@1.0.0,observation_noise_perturbation@1.0.0,INCONCLUSIVE,res281-observation_noise_perturbation-d4264790cdb1,mean_abs_prediction_delta::mechanistic_midpoint::383003::bench_press_delta_capacity_kg,0.18740775364679674,psr:audit-result:iid_latent_capacity_change_with_transient_expression_forecasting-observation_noise_perturbation@1.0.0~6e7b24969811
RES-281,iid_latent_capacity_change_with_transient_expression_forecasting@1.0.0,observation_noise_perturbation@1.0.0,INCONCLUSIVE,res281-observation_noise_perturbation-d4264790cdb1,mean_abs_prediction_delta::mechanistic_midpoint::383003::deadlift_delta_capacity_kg,0.37729339657331795,psr:audit-result:iid_latent_capacity_change_with_transient_expression_forecasting-observation_noise_perturbation@1.0.0~6e7b24969811
RES-281,iid_latent_capacity_change_with_transient_expression_forecasting@1.0.0,observation_noise_perturbation@1.0.0,INCONCLUSIVE,res281-observation_noise_perturbation-d4264790cdb1,mean_abs_prediction_delta::mechanistic_midpoint::383003::squat_delta_capacity_kg,0.29925040303919054,psr:audit-result:iid_latent_capacity_change_with_transient_expression_forecasting-observation_noise_perturbation@1.0.0~6e7b24969811
RES-281,iid_latent_capacity_change_with_transient_expression_forecasting@1.0.0,observation_noise_perturbation@1.0.0,INCONCLUSIVE,res281-observation_noise_perturbation-d4264790cdb1,mean_abs_prediction_delta::mechanistic_ridge_residual::383001::bench_press_delta_capacity_kg,0.3708032646087609,psr:audit-result:iid_latent_capacity_change_with_transient_expression_forecasting-observation_noise_perturbation@1.0.0~6e7b24969811
RES-281,iid_latent_capacity_change_with_transient_expression_forecasting@1.0.0,observation_noise_perturbation@1.0.0,INCONCLUSIVE,res281-observation_noise_perturbation-d4264790cdb1,mean_abs_prediction_delta::mechanistic_ridge_residual::383001::deadlift_delta_capacity_kg,0.6894810922431731,psr:audit-result:iid_latent_capacity_change_with_transient_expression_forecasting-observation_noise_perturbation@1.0.0~6e7b24969811
RES-281,iid_latent_capacity_change_with_transient_expression_forecasting@1.0.0,observation_noise_perturbation@1.0.0,INCONCLUSIVE,res281-observation_noise_perturbation-d4264790cdb1,mean_abs_prediction_delta::mechanistic_ridge_residual::383001::squat_delta_capacity_kg,0.50027522495066,psr:audit-result:iid_latent_capacity_change_with_transient_expression_forecasting-observation_noise_perturbation@1.0.0~6e7b24969811
RES-281,iid_latent_capacity_change_with_transient_expression_forecasting@1.0.0,observation_noise_perturbation@1.0.0,INCONCLUSIVE,res281-observation_noise_perturbation-d4264790cdb1,mean_abs_prediction_delta::mechanistic_ridge_residual::383002::bench_press_delta_capacity_kg,0.3708032646087609,psr:audit-result:iid_latent_capacity_change_with_transient_expression_forecasting-observation_noise_perturbation@1.0.0~6e7b24969811
RES-281,iid_latent_capacity_change_with_transient_expression_forecasting@1.0.0,observation_noise_perturbation@1.0.0,INCONCLUSIVE,res281-observation_noise_perturbation-d4264790cdb1,mean_abs_prediction_delta::mechanistic_ridge_residual::383002::deadlift_delta_capacity_kg,0.6894810922431731,psr:audit-result:iid_latent_capacity_change_with_transient_expression_forecasting-observation_noise_perturbation@1.0.0~6e7b24969811
RES-281,iid_latent_capacity_change_with_transient_expression_forecasting@1.0.0,observation_noise_perturbation@1.0.0,INCONCLUSIVE,res281-observation_noise_perturbation-d4264790cdb1,mean_abs_prediction_delta::mechanistic_ridge_residual::383002::squat_delta_capacity_kg,0.50027522495066,psr:audit-result:iid_latent_capacity_change_with_transient_expression_forecasting-observation_noise_perturbation@1.0.0~6e7b24969811
RES-281,iid_latent_capacity_change_with_transient_expression_forecasting@1.0.0,observation_noise_perturbation@1.0.0,INCONCLUSIVE,res281-observation_noise_perturbation-d4264790cdb1,mean_abs_prediction_delta::mechanistic_ridge_residual::383003::bench_press_delta_capacity_kg,0.3708032646087609,psr:audit-result:iid_latent_capacity_change_with_transient_expression_forecasting-observation_noise_perturbation@1.0.0~6e7b24969811
RES-281,iid_latent_capacity_change_with_transient_expression_forecasting@1.0.0,observation_noise_perturbation@1.0.0,INCONCLUSIVE,res281-observation_noise_perturbation-d4264790cdb1,mean_abs_prediction_delta::mechanistic_ridge_residual::383003::deadlift_delta_capacity_kg,0.6894810922431731,psr:audit-result:iid_latent_capacity_change_with_transient_expression_forecasting-observation_noise_perturbation@1.0.0~6e7b24969811
RES-281,iid_latent_capacity_change_with_transient_expression_forecasting@1.0.0,observation_noise_perturbation@1.0.0,INCONCLUSIVE,res281-observation_noise_perturbation-d4264790cdb1,mean_abs_prediction_delta::mechanistic_ridge_residual::383003::squat_delta_capacity_kg,0.50027522495066,psr:audit-result:iid_latent_capacity_change_with_transient_expression_forecasting-observation_noise_perturbation@1.0.0~6e7b24969811
RES-281,iid_latent_capacity_change_with_transient_expression_forecasting@1.0.0,observation_noise_perturbation@1.0.0,INCONCLUSIVE,res281-observation_noise_perturbation-d4264790cdb1,mean_abs_prediction_delta::ridge::383001::bench_press_delta_capacity_kg,0.35932560206762204,psr:audit-result:iid_latent_capacity_change_with_transient_expression_forecasting-observation_noise_perturbation@1.0.0~6e7b24969811
RES-281,iid_latent_capacity_change_with_transient_expression_forecasting@1.0.0,observation_noise_perturbation@1.0.0,INCONCLUSIVE,res281-observation_noise_perturbation-d4264790cdb1,mean_abs_prediction_delta::ridge::383001::deadlift_delta_capacity_kg,0.6273674665734021,psr:audit-result:iid_latent_capacity_change_with_transient_expression_forecasting-observation_noise_perturbation@1.0.0~6e7b24969811
RES-281,iid_latent_capacity_change_with_transient_expression_forecasting@1.0.0,observation_noise_perturbation@1.0.0,INCONCLUSIVE,res281-observation_noise_perturbation-d4264790cdb1,mean_abs_prediction_delta::ridge::383001::squat_delta_capacity_kg,0.42912982306430053,psr:audit-result:iid_latent_capacity_change_with_transient_expression_forecasting-observation_noise_perturbation@1.0.0~6e7b24969811
RES-281,iid_latent_capacity_change_with_transient_expression_forecasting@1.0.0,observation_noise_perturbation@1.0.0,INCONCLUSIVE,res281-observation_noise_perturbation-d4264790cdb1,mean_abs_prediction_delta::ridge::383002::bench_press_delta_capacity_kg,0.35932560206762204,psr:audit-result:iid_latent_capacity_change_with_transient_expression_forecasting-observation_noise_perturbation@1.0.0~6e7b24969811
RES-281,iid_latent_capacity_change_with_transient_expression_forecasting@1.0.0,observation_noise_perturbation@1.0.0,INCONCLUSIVE,res281-observation_noise_perturbation-d4264790cdb1,mean_abs_prediction_delta::ridge::383002::deadlift_delta_capacity_kg,0.6273674665734021,psr:audit-result:iid_latent_capacity_change_with_transient_expression_forecasting-observation_noise_perturbation@1.0.0~6e7b24969811
RES-281,iid_latent_capacity_change_with_transient_expression_forecasting@1.0.0,observation_noise_perturbation@1.0.0,INCONCLUSIVE,res281-observation_noise_perturbation-d4264790cdb1,mean_abs_prediction_delta::ridge::383002::squat_delta_capacity_kg,0.42912982306430053,psr:audit-result:iid_latent_capacity_change_with_transient_expression_forecasting-observation_noise_perturbation@1.0.0~6e7b24969811
RES-281,iid_latent_capacity_change_with_transient_expression_forecasting@1.0.0,observation_noise_perturbation@1.0.0,INCONCLUSIVE,res281-observation_noise_perturbation-d4264790cdb1,mean_abs_prediction_delta::ridge::383003::bench_press_delta_capacity_kg,0.35932560206762204,psr:audit-result:iid_latent_capacity_change_with_transient_expression_forecasting-observation_noise_perturbation@1.0.0~6e7b24969811
RES-281,iid_latent_capacity_change_with_transient_expression_forecasting@1.0.0,observation_noise_perturbation@1.0.0,INCONCLUSIVE,res281-observation_noise_perturbation-d4264790cdb1,mean_abs_prediction_delta::ridge::383003::deadlift_delta_capacity_kg,0.6273674665734021,psr:audit-result:iid_latent_capacity_change_with_transient_expression_forecasting-observation_noise_perturbation@1.0.0~6e7b24969811
RES-281,iid_latent_capacity_change_with_transient_expression_forecasting@1.0.0,observation_noise_perturbation@1.0.0,INCONCLUSIVE,res281-observation_noise_perturbation-d4264790cdb1,mean_abs_prediction_delta::ridge::383003::squat_delta_capacity_kg,0.42912982306430053,psr:audit-result:iid_latent_capacity_change_with_transient_expression_forecasting-observation_noise_perturbation@1.0.0~6e7b24969811
RES-281,iid_latent_capacity_change_with_transient_expression_forecasting@1.0.0,observation_noise_perturbation@1.0.0,INCONCLUSIVE,res281-observation_noise_perturbation-d4264790cdb1,mean_prediction_variance::compact_neural::383001::bench_press_delta_capacity_kg,0.7961621650457972,psr:audit-result:iid_latent_capacity_change_with_transient_expression_forecasting-observation_noise_perturbation@1.0.0~6e7b24969811
RES-281,iid_latent_capacity_change_with_transient_expression_forecasting@1.0.0,observation_noise_perturbation@1.0.0,INCONCLUSIVE,res281-observation_noise_perturbation-d4264790cdb1,mean_prediction_variance::compact_neural::383001::deadlift_delta_capacity_kg,1.7029845079248387,psr:audit-result:iid_latent_capacity_change_with_transient_expression_forecasting-observation_noise_perturbation@1.0.0~6e7b24969811
RES-281,iid_latent_capacity_change_with_transient_expression_forecasting@1.0.0,observation_noise_perturbation@1.0.0,INCONCLUSIVE,res281-observation_noise_perturbation-d4264790cdb1,mean_prediction_variance::compact_neural::383001::squat_delta_capacity_kg,1.395698967753211,psr:audit-result:iid_latent_capacity_change_with_transient_expression_forecasting-observation_noise_perturbation@1.0.0~6e7b24969811
RES-281,iid_latent_capacity_change_with_transient_expression_forecasting@1.0.0,observation_noise_perturbation@1.0.0,INCONCLUSIVE,res281-observation_noise_perturbation-d4264790cdb1,mean_prediction_variance::compact_neural::383002::bench_press_delta_capacity_kg,0.9299313839710995,psr:audit-result:iid_latent_capacity_change_with_transient_expression_forecasting-observation_noise_perturbation@1.0.0~6e7b24969811
RES-281,iid_latent_capacity_change_with_transient_expression_forecasting@1.0.0,observation_noise_perturbation@1.0.0,INCONCLUSIVE,res281-observation_noise_perturbation-d4264790cdb1,mean_prediction_variance::compact_neural::383002::deadlift_delta_capacity_kg,1.7195767499684347,psr:audit-result:iid_latent_capacity_change_with_transient_expression_forecasting-observation_noise_perturbation@1.0.0~6e7b24969811
RES-281,iid_latent_capacity_change_with_transient_expression_forecasting@1.0.0,observation_noise_perturbation@1.0.0,INCONCLUSIVE,res281-observation_noise_perturbation-d4264790cdb1,mean_prediction_variance::compact_neural::383002::squat_delta_capacity_kg,1.6565569571731285,psr:audit-result:iid_latent_capacity_change_with_transient_expression_forecasting-observation_noise_perturbation@1.0.0~6e7b24969811
RES-281,iid_latent_capacity_change_with_transient_expression_forecasting@1.0.0,observation_noise_perturbation@1.0.0,INCONCLUSIVE,res281-observation_noise_perturbation-d4264790cdb1,mean_prediction_variance::compact_neural::383003::bench_press_delta_capacity_kg,0.9489739529902086,psr:audit-result:iid_latent_capacity_change_with_transient_expression_forecasting-observation_noise_perturbation@1.0.0~6e7b24969811
RES-281,iid_latent_capacity_change_with_transient_expression_forecasting@1.0.0,observation_noise_perturbation@1.0.0,INCONCLUSIVE,res281-observation_noise_perturbation-d4264790cdb1,mean_prediction_variance::compact_neural::383003::deadlift_delta_capacity_kg,1.9529617384991005,psr:audit-result:iid_latent_capacity_change_with_transient_expression_forecasting-observation_noise_perturbation@1.0.0~6e7b24969811
RES-281,iid_latent_capacity_change_with_transient_expression_forecasting@1.0.0,observation_noise_perturbation@1.0.0,INCONCLUSIVE,res281-observation_noise_perturbation-d4264790cdb1,mean_prediction_variance::compact_neural::383003::squat_delta_capacity_kg,1.859407324505728,psr:audit-result:iid_latent_capacity_change_with_transient_expression_forecasting-observation_noise_perturbation@1.0.0~6e7b24969811
RES-281,iid_latent_capacity_change_with_transient_expression_forecasting@1.0.0,observation_noise_perturbation@1.0.0,INCONCLUSIVE,res281-observation_noise_perturbation-d4264790cdb1,mean_prediction_variance::context_mean::383001::bench_press_delta_capacity_kg,4.108650548026103e-33,psr:audit-result:iid_latent_capacity_change_with_transient_expression_forecasting-observation_noise_perturbation@1.0.0~6e7b24969811
RES-281,iid_latent_capacity_change_with_transient_expression_forecasting@1.0.0,observation_noise_perturbation@1.0.0,INCONCLUSIVE,res281-observation_noise_perturbation-d4264790cdb1,mean_prediction_variance::context_mean::383001::deadlift_delta_capacity_kg,4.108650548026103e-33,psr:audit-result:iid_latent_capacity_change_with_transient_expression_forecasting-observation_noise_perturbation@1.0.0~6e7b24969811
RES-281,iid_latent_capacity_change_with_transient_expression_forecasting@1.0.0,observation_noise_perturbation@1.0.0,INCONCLUSIVE,res281-observation_noise_perturbation-d4264790cdb1,mean_prediction_variance::context_mean::383001::squat_delta_capacity_kg,3.697785493223493e-32,psr:audit-result:iid_latent_capacity_change_with_transient_expression_forecasting-observation_noise_perturbation@1.0.0~6e7b24969811
RES-281,iid_latent_capacity_change_with_transient_expression_forecasting@1.0.0,observation_noise_perturbation@1.0.0,INCONCLUSIVE,res281-observation_noise_perturbation-d4264790cdb1,mean_prediction_variance::context_mean::383002::bench_press_delta_capacity_kg,4.108650548026103e-33,psr:audit-result:iid_latent_capacity_change_with_transient_expression_forecasting-observation_noise_perturbation@1.0.0~6e7b24969811
RES-281,iid_latent_capacity_change_with_transient_expression_forecasting@1.0.0,observation_noise_perturbation@1.0.0,INCONCLUSIVE,res281-observation_noise_perturbation-d4264790cdb1,mean_prediction_variance::context_mean::383002::deadlift_delta_capacity_kg,4.108650548026103e-33,psr:audit-result:iid_latent_capacity_change_with_transient_expression_forecasting-observation_noise_perturbation@1.0.0~6e7b24969811
RES-281,iid_latent_capacity_change_with_transient_expression_forecasting@1.0.0,observation_noise_perturbation@1.0.0,INCONCLUSIVE,res281-observation_noise_perturbation-d4264790cdb1,mean_prediction_variance::context_mean::383002::squat_delta_capacity_kg,3.697785493223493e-32,psr:audit-result:iid_latent_capacity_change_with_transient_expression_forecasting-observation_noise_perturbation@1.0.0~6e7b24969811
RES-281,iid_latent_capacity_change_with_transient_expression_forecasting@1.0.0,observation_noise_perturbation@1.0.0,INCONCLUSIVE,res281-observation_noise_perturbation-d4264790cdb1,mean_prediction_variance::context_mean::383003::bench_press_delta_capacity_kg,4.108650548026103e-33,psr:audit-result:iid_latent_capacity_change_with_transient_expression_forecasting-observation_noise_perturbation@1.0.0~6e7b24969811
RES-281,iid_latent_capacity_change_with_transient_expression_forecasting@1.0.0,observation_noise_perturbation@1.0.0,INCONCLUSIVE,res281-observation_noise_perturbation-d4264790cdb1,mean_prediction_variance::context_mean::383003::deadlift_delta_capacity_kg,4.108650548026103e-33,psr:audit-result:iid_latent_capacity_change_with_transient_expression_forecasting-observation_noise_perturbation@1.0.0~6e7b24969811
RES-281,iid_latent_capacity_change_with_transient_expression_forecasting@1.0.0,observation_noise_perturbation@1.0.0,INCONCLUSIVE,res281-observation_noise_perturbation-d4264790cdb1,mean_prediction_variance::context_mean::383003::squat_delta_capacity_kg,3.697785493223493e-32,psr:audit-result:iid_latent_capacity_change_with_transient_expression_forecasting-observation_noise_perturbation@1.0.0~6e7b24969811
RES-281,iid_latent_capacity_change_with_transient_expression_forecasting@1.0.0,observation_noise_perturbation@1.0.0,INCONCLUSIVE,res281-observation_noise_perturbation-d4264790cdb1,mean_prediction_variance::histogram_boosted_stumps::383001::bench_press_delta_capacity_kg,2.0029671421627253e-31,psr:audit-result:iid_latent_capacity_change_with_transient_expression_forecasting-observation_noise_perturbation@1.0.0~6e7b24969811
RES-281,iid_latent_capacity_change_with_transient_expression_forecasting@1.0.0,observation_noise_perturbation@1.0.0,INCONCLUSIVE,res281-observation_noise_perturbation-d4264790cdb1,mean_prediction_variance::histogram_boosted_stumps::383001::deadlift_delta_capacity_kg,0.0,psr:audit-result:iid_latent_capacity_change_with_transient_expression_forecasting-observation_noise_perturbation@1.0.0~6e7b24969811
RES-281,iid_latent_capacity_change_with_transient_expression_forecasting@1.0.0,observation_noise_perturbation@1.0.0,INCONCLUSIVE,res281-observation_noise_perturbation-d4264790cdb1,mean_prediction_variance::histogram_boosted_stumps::383001::squat_delta_capacity_kg,0.0,psr:audit-result:iid_latent_capacity_change_with_transient_expression_forecasting-observation_noise_perturbation@1.0.0~6e7b24969811
RES-281,iid_latent_capacity_change_with_transient_expression_forecasting@1.0.0,observation_noise_perturbation@1.0.0,INCONCLUSIVE,res281-observation_noise_perturbation-d4264790cdb1,mean_prediction_variance::histogram_boosted_stumps::383002::bench_press_delta_capacity_kg,2.0029671421627253e-31,psr:audit-result:iid_latent_capacity_change_with_transient_expression_forecasting-observation_noise_perturbation@1.0.0~6e7b24969811
RES-281,iid_latent_capacity_change_with_transient_expression_forecasting@1.0.0,observation_noise_perturbation@1.0.0,INCONCLUSIVE,res281-observation_noise_perturbation-d4264790cdb1,mean_prediction_variance::histogram_boosted_stumps::383002::deadlift_delta_capacity_kg,0.0,psr:audit-result:iid_latent_capacity_change_with_transient_expression_forecasting-observation_noise_perturbation@1.0.0~6e7b24969811
RES-281,iid_latent_capacity_change_with_transient_expression_forecasting@1.0.0,observation_noise_perturbation@1.0.0,INCONCLUSIVE,res281-observation_noise_perturbation-d4264790cdb1,mean_prediction_variance::histogram_boosted_stumps::383002::squat_delta_capacity_kg,0.0,psr:audit-result:iid_latent_capacity_change_with_transient_expression_forecasting-observation_noise_perturbation@1.0.0~6e7b24969811
RES-281,iid_latent_capacity_change_with_transient_expression_forecasting@1.0.0,observation_noise_perturbation@1.0.0,INCONCLUSIVE,res281-observation_noise_perturbation-d4264790cdb1,mean_prediction_variance::histogram_boosted_stumps::383003::bench_press_delta_capacity_kg,2.0029671421627253e-31,psr:audit-result:iid_latent_capacity_change_with_transient_expression_forecasting-observation_noise_perturbation@1.0.0~6e7b24969811
RES-281,iid_latent_capacity_change_with_transient_expression_forecasting@1.0.0,observation_noise_perturbation@1.0.0,INCONCLUSIVE,res281-observation_noise_perturbation-d4264790cdb1,mean_prediction_variance::histogram_boosted_stumps::383003::deadlift_delta_capacity_kg,0.0,psr:audit-result:iid_latent_capacity_change_with_transient_expression_forecasting-observation_noise_perturbation@1.0.0~6e7b24969811
RES-281,iid_latent_capacity_change_with_transient_expression_forecasting@1.0.0,observation_noise_perturbation@1.0.0,INCONCLUSIVE,res281-observation_noise_perturbation-d4264790cdb1,mean_prediction_variance::histogram_boosted_stumps::383003::squat_delta_capacity_kg,0.0,psr:audit-result:iid_latent_capacity_change_with_transient_expression_forecasting-observation_noise_perturbation@1.0.0~6e7b24969811
RES-281,iid_latent_capacity_change_with_transient_expression_forecasting@1.0.0,observation_noise_perturbation@1.0.0,INCONCLUSIVE,res281-observation_noise_perturbation-d4264790cdb1,mean_prediction_variance::mechanistic_midpoint::383001::bench_press_delta_capacity_kg,0.034629631462949145,psr:audit-result:iid_latent_capacity_change_with_transient_expression_forecasting-observation_noise_perturbation@1.0.0~6e7b24969811
RES-281,iid_latent_capacity_change_with_transient_expression_forecasting@1.0.0,observation_noise_perturbation@1.0.0,INCONCLUSIVE,res281-observation_noise_perturbation-d4264790cdb1,mean_prediction_variance::mechanistic_midpoint::383001::deadlift_delta_capacity_kg,0.14247575229670426,psr:audit-result:iid_latent_capacity_change_with_transient_expression_forecasting-observation_noise_perturbation@1.0.0~6e7b24969811
RES-281,iid_latent_capacity_change_with_transient_expression_forecasting@1.0.0,observation_noise_perturbation@1.0.0,INCONCLUSIVE,res281-observation_noise_perturbation-d4264790cdb1,mean_prediction_variance::mechanistic_midpoint::383001::squat_delta_capacity_kg,0.08376710468664238,psr:audit-result:iid_latent_capacity_change_with_transient_expression_forecasting-observation_noise_perturbation@1.0.0~6e7b24969811
RES-281,iid_latent_capacity_change_with_transient_expression_forecasting@1.0.0,observation_noise_perturbation@1.0.0,INCONCLUSIVE,res281-observation_noise_perturbation-d4264790cdb1,mean_prediction_variance::mechanistic_midpoint::383002::bench_press_delta_capacity_kg,0.034629631462949145,psr:audit-result:iid_latent_capacity_change_with_transient_expression_forecasting-observation_noise_perturbation@1.0.0~6e7b24969811
RES-281,iid_latent_capacity_change_with_transient_expression_forecasting@1.0.0,observation_noise_perturbation@1.0.0,INCONCLUSIVE,res281-observation_noise_perturbation-d4264790cdb1,mean_prediction_variance::mechanistic_midpoint::383002::deadlift_delta_capacity_kg,0.14247575229670426,psr:audit-result:iid_latent_capacity_change_with_transient_expression_forecasting-observation_noise_perturbation@1.0.0~6e7b24969811
RES-281,iid_latent_capacity_change_with_transient_expression_forecasting@1.0.0,observation_noise_perturbation@1.0.0,INCONCLUSIVE,res281-observation_noise_perturbation-d4264790cdb1,mean_prediction_variance::mechanistic_midpoint::383002::squat_delta_capacity_kg,0.08376710468664238,psr:audit-result:iid_latent_capacity_change_with_transient_expression_forecasting-observation_noise_perturbation@1.0.0~6e7b24969811
RES-281,iid_latent_capacity_change_with_transient_expression_forecasting@1.0.0,observation_noise_perturbation@1.0.0,INCONCLUSIVE,res281-observation_noise_perturbation-d4264790cdb1,mean_prediction_variance::mechanistic_midpoint::383003::bench_press_delta_capacity_kg,0.034629631462949145,psr:audit-result:iid_latent_capacity_change_with_transient_expression_forecasting-observation_noise_perturbation@1.0.0~6e7b24969811
RES-281,iid_latent_capacity_change_with_transient_expression_forecasting@1.0.0,observation_noise_perturbation@1.0.0,INCONCLUSIVE,res281-observation_noise_perturbation-d4264790cdb1,mean_prediction_variance::mechanistic_midpoint::383003::deadlift_delta_capacity_kg,0.14247575229670426,psr:audit-result:iid_latent_capacity_change_with_transient_expression_forecasting-observation_noise_perturbation@1.0.0~6e7b24969811
RES-281,iid_latent_capacity_change_with_transient_expression_forecasting@1.0.0,observation_noise_perturbation@1.0.0,INCONCLUSIVE,res281-observation_noise_perturbation-d4264790cdb1,mean_prediction_variance::mechanistic_midpoint::383003::squat_delta_capacity_kg,0.08376710468664238,psr:audit-result:iid_latent_capacity_change_with_transient_expression_forecasting-observation_noise_perturbation@1.0.0~6e7b24969811
RES-281,iid_latent_capacity_change_with_transient_expression_forecasting@1.0.0,observation_noise_perturbation@1.0.0,INCONCLUSIVE,res281-observation_noise_perturbation-d4264790cdb1,mean_prediction_variance::mechanistic_ridge_residual::383001::bench_press_delta_capacity_kg,0.09882824178294491,psr:audit-result:iid_latent_capacity_change_with_transient_expression_forecasting-observation_noise_perturbation@1.0.0~6e7b24969811
RES-281,iid_latent_capacity_change_with_transient_expression_forecasting@1.0.0,observation_noise_perturbation@1.0.0,INCONCLUSIVE,res281-observation_noise_perturbation-d4264790cdb1,mean_prediction_variance::mechanistic_ridge_residual::383001::deadlift_delta_capacity_kg,0.3213847589042842,psr:audit-result:iid_latent_capacity_change_with_transient_expression_forecasting-observation_noise_perturbation@1.0.0~6e7b24969811
RES-281,iid_latent_capacity_change_with_transient_expression_forecasting@1.0.0,observation_noise_perturbation@1.0.0,INCONCLUSIVE,res281-observation_noise_perturbation-d4264790cdb1,mean_prediction_variance::mechanistic_ridge_residual::383001::squat_delta_capacity_kg,0.14537331767768355,psr:audit-result:iid_latent_capacity_change_with_transient_expression_forecasting-observation_noise_perturbation@1.0.0~6e7b24969811
RES-281,iid_latent_capacity_change_with_transient_expression_forecasting@1.0.0,observation_noise_perturbation@1.0.0,INCONCLUSIVE,res281-observation_noise_perturbation-d4264790cdb1,mean_prediction_variance::mechanistic_ridge_residual::383002::bench_press_delta_capacity_kg,0.09882824178294491,psr:audit-result:iid_latent_capacity_change_with_transient_expression_forecasting-observation_noise_perturbation@1.0.0~6e7b24969811
RES-281,iid_latent_capacity_change_with_transient_expression_forecasting@1.0.0,observation_noise_perturbation@1.0.0,INCONCLUSIVE,res281-observation_noise_perturbation-d4264790cdb1,mean_prediction_variance::mechanistic_ridge_residual::383002::deadlift_delta_capacity_kg,0.3213847589042842,psr:audit-result:iid_latent_capacity_change_with_transient_expression_forecasting-observation_noise_perturbation@1.0.0~6e7b24969811
RES-281,iid_latent_capacity_change_with_transient_expression_forecasting@1.0.0,observation_noise_perturbation@1.0.0,INCONCLUSIVE,res281-observation_noise_perturbation-d4264790cdb1,mean_prediction_variance::mechanistic_ridge_residual::383002::squat_delta_capacity_kg,0.14537331767768355,psr:audit-result:iid_latent_capacity_change_with_transient_expression_forecasting-observation_noise_perturbation@1.0.0~6e7b24969811
RES-281,iid_latent_capacity_change_with_transient_expression_forecasting@1.0.0,observation_noise_perturbation@1.0.0,INCONCLUSIVE,res281-observation_noise_perturbation-d4264790cdb1,mean_prediction_variance::mechanistic_ridge_residual::383003::bench_press_delta_capacity_kg,0.09882824178294491,psr:audit-result:iid_latent_capacity_change_with_transient_expression_forecasting-observation_noise_perturbation@1.0.0~6e7b24969811
RES-281,iid_latent_capacity_change_with_transient_expression_forecasting@1.0.0,observation_noise_perturbation@1.0.0,INCONCLUSIVE,res281-observation_noise_perturbation-d4264790cdb1,mean_prediction_variance::mechanistic_ridge_residual::383003::deadlift_delta_capacity_kg,0.3213847589042842,psr:audit-result:iid_latent_capacity_change_with_transient_expression_forecasting-observation_noise_perturbation@1.0.0~6e7b24969811
RES-281,iid_latent_capacity_change_with_transient_expression_forecasting@1.0.0,observation_noise_perturbation@1.0.0,INCONCLUSIVE,res281-observation_noise_perturbation-d4264790cdb1,mean_prediction_variance::mechanistic_ridge_residual::383003::squat_delta_capacity_kg,0.14537331767768355,psr:audit-result:iid_latent_capacity_change_with_transient_expression_forecasting-observation_noise_perturbation@1.0.0~6e7b24969811
RES-281,iid_latent_capacity_change_with_transient_expression_forecasting@1.0.0,observation_noise_perturbation@1.0.0,INCONCLUSIVE,res281-observation_noise_perturbation-d4264790cdb1,mean_prediction_variance::ridge::383001::bench_press_delta_capacity_kg,0.06679547488118447,psr:audit-result:iid_latent_capacity_change_with_transient_expression_forecasting-observation_noise_perturbation@1.0.0~6e7b24969811
RES-281,iid_latent_capacity_change_with_transient_expression_forecasting@1.0.0,observation_noise_perturbation@1.0.0,INCONCLUSIVE,res281-observation_noise_perturbation-d4264790cdb1,mean_prediction_variance::ridge::383001::deadlift_delta_capacity_kg,0.22949017777518674,psr:audit-result:iid_latent_capacity_change_with_transient_expression_forecasting-observation_noise_perturbation@1.0.0~6e7b24969811
RES-281,iid_latent_capacity_change_with_transient_expression_forecasting@1.0.0,observation_noise_perturbation@1.0.0,INCONCLUSIVE,res281-observation_noise_perturbation-d4264790cdb1,mean_prediction_variance::ridge::383001::squat_delta_capacity_kg,0.08975807471130288,psr:audit-result:iid_latent_capacity_change_with_transient_expression_forecasting-observation_noise_perturbation@1.0.0~6e7b24969811
RES-281,iid_latent_capacity_change_with_transient_expression_forecasting@1.0.0,observation_noise_perturbation@1.0.0,INCONCLUSIVE,res281-observation_noise_perturbation-d4264790cdb1,mean_prediction_variance::ridge::383002::bench_press_delta_capacity_kg,0.06679547488118447,psr:audit-result:iid_latent_capacity_change_with_transient_expression_forecasting-observation_noise_perturbation@1.0.0~6e7b24969811
RES-281,iid_latent_capacity_change_with_transient_expression_forecasting@1.0.0,observation_noise_perturbation@1.0.0,INCONCLUSIVE,res281-observation_noise_perturbation-d4264790cdb1,mean_prediction_variance::ridge::383002::deadlift_delta_capacity_kg,0.22949017777518674,psr:audit-result:iid_latent_capacity_change_with_transient_expression_forecasting-observation_noise_perturbation@1.0.0~6e7b24969811
RES-281,iid_latent_capacity_change_with_transient_expression_forecasting@1.0.0,observation_noise_perturbation@1.0.0,INCONCLUSIVE,res281-observation_noise_perturbation-d4264790cdb1,mean_prediction_variance::ridge::383002::squat_delta_capacity_kg,0.08975807471130288,psr:audit-result:iid_latent_capacity_change_with_transient_expression_forecasting-observation_noise_perturbation@1.0.0~6e7b24969811
RES-281,iid_latent_capacity_change_with_transient_expression_forecasting@1.0.0,observation_noise_perturbation@1.0.0,INCONCLUSIVE,res281-observation_noise_perturbation-d4264790cdb1,mean_prediction_variance::ridge::383003::bench_press_delta_capacity_kg,0.06679547488118447,psr:audit-result:iid_latent_capacity_change_with_transient_expression_forecasting-observation_noise_perturbation@1.0.0~6e7b24969811
RES-281,iid_latent_capacity_change_with_transient_expression_forecasting@1.0.0,observation_noise_perturbation@1.0.0,INCONCLUSIVE,res281-observation_noise_perturbation-d4264790cdb1,mean_prediction_variance::ridge::383003::deadlift_delta_capacity_kg,0.22949017777518674,psr:audit-result:iid_latent_capacity_change_with_transient_expression_forecasting-observation_noise_perturbation@1.0.0~6e7b24969811
RES-281,iid_latent_capacity_change_with_transient_expression_forecasting@1.0.0,observation_noise_perturbation@1.0.0,INCONCLUSIVE,res281-observation_noise_perturbation-d4264790cdb1,mean_prediction_variance::ridge::383003::squat_delta_capacity_kg,0.08975807471130288,psr:audit-result:iid_latent_capacity_change_with_transient_expression_forecasting-observation_noise_perturbation@1.0.0~6e7b24969811
RES-281,iid_latent_capacity_change_with_transient_expression_forecasting@1.0.0,temporal_history_disruption@1.0.0,INCONCLUSIVE,res281-temporal_history_disruption-acc88aa7a638,audit_row_count,96,psr:audit-result:iid_latent_capacity_change_with_transient_expression_forecasting-temporal_history_disruption@1.0.0~e6545806737f
RES-281,iid_latent_capacity_change_with_transient_expression_forecasting@1.0.0,temporal_history_disruption@1.0.0,INCONCLUSIVE,res281-temporal_history_disruption-acc88aa7a638,fitted_comparator_instance_count,18,psr:audit-result:iid_latent_capacity_change_with_transient_expression_forecasting-temporal_history_disruption@1.0.0~e6545806737f
RES-281,iid_latent_capacity_change_with_transient_expression_forecasting@1.0.0,temporal_history_disruption@1.0.0,INCONCLUSIVE,res281-temporal_history_disruption-acc88aa7a638,max_abs_prediction_delta::reversed-history::compact_neural::383001,7.846632027532726,psr:audit-result:iid_latent_capacity_change_with_transient_expression_forecasting-temporal_history_disruption@1.0.0~e6545806737f
RES-281,iid_latent_capacity_change_with_transient_expression_forecasting@1.0.0,temporal_history_disruption@1.0.0,INCONCLUSIVE,res281-temporal_history_disruption-acc88aa7a638,max_abs_prediction_delta::reversed-history::compact_neural::383002,9.345413134132908,psr:audit-result:iid_latent_capacity_change_with_transient_expression_forecasting-temporal_history_disruption@1.0.0~e6545806737f
RES-281,iid_latent_capacity_change_with_transient_expression_forecasting@1.0.0,temporal_history_disruption@1.0.0,INCONCLUSIVE,res281-temporal_history_disruption-acc88aa7a638,max_abs_prediction_delta::reversed-history::compact_neural::383003,7.285982636759702,psr:audit-result:iid_latent_capacity_change_with_transient_expression_forecasting-temporal_history_disruption@1.0.0~e6545806737f
RES-281,iid_latent_capacity_change_with_transient_expression_forecasting@1.0.0,temporal_history_disruption@1.0.0,INCONCLUSIVE,res281-temporal_history_disruption-acc88aa7a638,max_abs_prediction_delta::reversed-history::context_mean::383001,0.0,psr:audit-result:iid_latent_capacity_change_with_transient_expression_forecasting-temporal_history_disruption@1.0.0~e6545806737f
RES-281,iid_latent_capacity_change_with_transient_expression_forecasting@1.0.0,temporal_history_disruption@1.0.0,INCONCLUSIVE,res281-temporal_history_disruption-acc88aa7a638,max_abs_prediction_delta::reversed-history::context_mean::383002,0.0,psr:audit-result:iid_latent_capacity_change_with_transient_expression_forecasting-temporal_history_disruption@1.0.0~e6545806737f
RES-281,iid_latent_capacity_change_with_transient_expression_forecasting@1.0.0,temporal_history_disruption@1.0.0,INCONCLUSIVE,res281-temporal_history_disruption-acc88aa7a638,max_abs_prediction_delta::reversed-history::context_mean::383003,0.0,psr:audit-result:iid_latent_capacity_change_with_transient_expression_forecasting-temporal_history_disruption@1.0.0~e6545806737f
RES-281,iid_latent_capacity_change_with_transient_expression_forecasting@1.0.0,temporal_history_disruption@1.0.0,INCONCLUSIVE,res281-temporal_history_disruption-acc88aa7a638,max_abs_prediction_delta::reversed-history::histogram_boosted_stumps::383001,0.0,psr:audit-result:iid_latent_capacity_change_with_transient_expression_forecasting-temporal_history_disruption@1.0.0~e6545806737f
RES-281,iid_latent_capacity_change_with_transient_expression_forecasting@1.0.0,temporal_history_disruption@1.0.0,INCONCLUSIVE,res281-temporal_history_disruption-acc88aa7a638,max_abs_prediction_delta::reversed-history::histogram_boosted_stumps::383002,0.0,psr:audit-result:iid_latent_capacity_change_with_transient_expression_forecasting-temporal_history_disruption@1.0.0~e6545806737f
RES-281,iid_latent_capacity_change_with_transient_expression_forecasting@1.0.0,temporal_history_disruption@1.0.0,INCONCLUSIVE,res281-temporal_history_disruption-acc88aa7a638,max_abs_prediction_delta::reversed-history::histogram_boosted_stumps::383003,0.0,psr:audit-result:iid_latent_capacity_change_with_transient_expression_forecasting-temporal_history_disruption@1.0.0~e6545806737f
RES-281,iid_latent_capacity_change_with_transient_expression_forecasting@1.0.0,temporal_history_disruption@1.0.0,INCONCLUSIVE,res281-temporal_history_disruption-acc88aa7a638,max_abs_prediction_delta::reversed-history::mechanistic_midpoint::383001,5.369140424708203,psr:audit-result:iid_latent_capacity_change_with_transient_expression_forecasting-temporal_history_disruption@1.0.0~e6545806737f
RES-281,iid_latent_capacity_change_with_transient_expression_forecasting@1.0.0,temporal_history_disruption@1.0.0,INCONCLUSIVE,res281-temporal_history_disruption-acc88aa7a638,max_abs_prediction_delta::reversed-history::mechanistic_midpoint::383002,5.369140424708203,psr:audit-result:iid_latent_capacity_change_with_transient_expression_forecasting-temporal_history_disruption@1.0.0~e6545806737f
RES-281,iid_latent_capacity_change_with_transient_expression_forecasting@1.0.0,temporal_history_disruption@1.0.0,INCONCLUSIVE,res281-temporal_history_disruption-acc88aa7a638,max_abs_prediction_delta::reversed-history::mechanistic_midpoint::383003,5.369140424708203,psr:audit-result:iid_latent_capacity_change_with_transient_expression_forecasting-temporal_history_disruption@1.0.0~e6545806737f
RES-281,iid_latent_capacity_change_with_transient_expression_forecasting@1.0.0,temporal_history_disruption@1.0.0,INCONCLUSIVE,res281-temporal_history_disruption-acc88aa7a638,max_abs_prediction_delta::reversed-history::mechanistic_ridge_residual::383001,6.226799535797731,psr:audit-result:iid_latent_capacity_change_with_transient_expression_forecasting-temporal_history_disruption@1.0.0~e6545806737f
RES-281,iid_latent_capacity_change_with_transient_expression_forecasting@1.0.0,temporal_history_disruption@1.0.0,INCONCLUSIVE,res281-temporal_history_disruption-acc88aa7a638,max_abs_prediction_delta::reversed-history::mechanistic_ridge_residual::383002,6.226799535797731,psr:audit-result:iid_latent_capacity_change_with_transient_expression_forecasting-temporal_history_disruption@1.0.0~e6545806737f
RES-281,iid_latent_capacity_change_with_transient_expression_forecasting@1.0.0,temporal_history_disruption@1.0.0,INCONCLUSIVE,res281-temporal_history_disruption-acc88aa7a638,max_abs_prediction_delta::reversed-history::mechanistic_ridge_residual::383003,6.226799535797731,psr:audit-result:iid_latent_capacity_change_with_transient_expression_forecasting-temporal_history_disruption@1.0.0~e6545806737f
RES-281,iid_latent_capacity_change_with_transient_expression_forecasting@1.0.0,temporal_history_disruption@1.0.0,INCONCLUSIVE,res281-temporal_history_disruption-acc88aa7a638,max_abs_prediction_delta::reversed-history::ridge::383001,2.382970941729238,psr:audit-result:iid_latent_capacity_change_with_transient_expression_forecasting-temporal_history_disruption@1.0.0~e6545806737f
RES-281,iid_latent_capacity_change_with_transient_expression_forecasting@1.0.0,temporal_history_disruption@1.0.0,INCONCLUSIVE,res281-temporal_history_disruption-acc88aa7a638,max_abs_prediction_delta::reversed-history::ridge::383002,2.382970941729238,psr:audit-result:iid_latent_capacity_change_with_transient_expression_forecasting-temporal_history_disruption@1.0.0~e6545806737f
RES-281,iid_latent_capacity_change_with_transient_expression_forecasting@1.0.0,temporal_history_disruption@1.0.0,INCONCLUSIVE,res281-temporal_history_disruption-acc88aa7a638,max_abs_prediction_delta::reversed-history::ridge::383003,2.382970941729238,psr:audit-result:iid_latent_capacity_change_with_transient_expression_forecasting-temporal_history_disruption@1.0.0~e6545806737f
RES-281,iid_latent_capacity_change_with_transient_expression_forecasting@1.0.0,temporal_history_disruption@1.0.0,INCONCLUSIVE,res281-temporal_history_disruption-acc88aa7a638,rmse_delta::reversed-history::compact_neural::383001::bench_press_delta_capacity_kg,0.6219893351992738,psr:audit-result:iid_latent_capacity_change_with_transient_expression_forecasting-temporal_history_disruption@1.0.0~e6545806737f
RES-281,iid_latent_capacity_change_with_transient_expression_forecasting@1.0.0,temporal_history_disruption@1.0.0,INCONCLUSIVE,res281-temporal_history_disruption-acc88aa7a638,rmse_delta::reversed-history::compact_neural::383001::deadlift_delta_capacity_kg,0.4790849831115054,psr:audit-result:iid_latent_capacity_change_with_transient_expression_forecasting-temporal_history_disruption@1.0.0~e6545806737f
RES-281,iid_latent_capacity_change_with_transient_expression_forecasting@1.0.0,temporal_history_disruption@1.0.0,INCONCLUSIVE,res281-temporal_history_disruption-acc88aa7a638,rmse_delta::reversed-history::compact_neural::383001::squat_delta_capacity_kg,-0.08092626903991063,psr:audit-result:iid_latent_capacity_change_with_transient_expression_forecasting-temporal_history_disruption@1.0.0~e6545806737f
RES-281,iid_latent_capacity_change_with_transient_expression_forecasting@1.0.0,temporal_history_disruption@1.0.0,INCONCLUSIVE,res281-temporal_history_disruption-acc88aa7a638,rmse_delta::reversed-history::compact_neural::383002::bench_press_delta_capacity_kg,0.7739403759830856,psr:audit-result:iid_latent_capacity_change_with_transient_expression_forecasting-temporal_history_disruption@1.0.0~e6545806737f
RES-281,iid_latent_capacity_change_with_transient_expression_forecasting@1.0.0,temporal_history_disruption@1.0.0,INCONCLUSIVE,res281-temporal_history_disruption-acc88aa7a638,rmse_delta::reversed-history::compact_neural::383002::deadlift_delta_capacity_kg,0.5176379440393983,psr:audit-result:iid_latent_capacity_change_with_transient_expression_forecasting-temporal_history_disruption@1.0.0~e6545806737f
RES-281,iid_latent_capacity_change_with_transient_expression_forecasting@1.0.0,temporal_history_disruption@1.0.0,INCONCLUSIVE,res281-temporal_history_disruption-acc88aa7a638,rmse_delta::reversed-history::compact_neural::383002::squat_delta_capacity_kg,0.0054530976474085335,psr:audit-result:iid_latent_capacity_change_with_transient_expression_forecasting-temporal_history_disruption@1.0.0~e6545806737f
RES-281,iid_latent_capacity_change_with_transient_expression_forecasting@1.0.0,temporal_history_disruption@1.0.0,INCONCLUSIVE,res281-temporal_history_disruption-acc88aa7a638,rmse_delta::reversed-history::compact_neural::383003::bench_press_delta_capacity_kg,0.6284342429623719,psr:audit-result:iid_latent_capacity_change_with_transient_expression_forecasting-temporal_history_disruption@1.0.0~e6545806737f
RES-281,iid_latent_capacity_change_with_transient_expression_forecasting@1.0.0,temporal_history_disruption@1.0.0,INCONCLUSIVE,res281-temporal_history_disruption-acc88aa7a638,rmse_delta::reversed-history::compact_neural::383003::deadlift_delta_capacity_kg,0.5373471435351522,psr:audit-result:iid_latent_capacity_change_with_transient_expression_forecasting-temporal_history_disruption@1.0.0~e6545806737f
RES-281,iid_latent_capacity_change_with_transient_expression_forecasting@1.0.0,temporal_history_disruption@1.0.0,INCONCLUSIVE,res281-temporal_history_disruption-acc88aa7a638,rmse_delta::reversed-history::compact_neural::383003::squat_delta_capacity_kg,-0.05793919027289984,psr:audit-result:iid_latent_capacity_change_with_transient_expression_forecasting-temporal_history_disruption@1.0.0~e6545806737f
RES-281,iid_latent_capacity_change_with_transient_expression_forecasting@1.0.0,temporal_history_disruption@1.0.0,INCONCLUSIVE,res281-temporal_history_disruption-acc88aa7a638,rmse_delta::reversed-history::context_mean::383001::bench_press_delta_capacity_kg,0.0,psr:audit-result:iid_latent_capacity_change_with_transient_expression_forecasting-temporal_history_disruption@1.0.0~e6545806737f
RES-281,iid_latent_capacity_change_with_transient_expression_forecasting@1.0.0,temporal_history_disruption@1.0.0,INCONCLUSIVE,res281-temporal_history_disruption-acc88aa7a638,rmse_delta::reversed-history::context_mean::383001::deadlift_delta_capacity_kg,0.0,psr:audit-result:iid_latent_capacity_change_with_transient_expression_forecasting-temporal_history_disruption@1.0.0~e6545806737f
RES-281,iid_latent_capacity_change_with_transient_expression_forecasting@1.0.0,temporal_history_disruption@1.0.0,INCONCLUSIVE,res281-temporal_history_disruption-acc88aa7a638,rmse_delta::reversed-history::context_mean::383001::squat_delta_capacity_kg,0.0,psr:audit-result:iid_latent_capacity_change_with_transient_expression_forecasting-temporal_history_disruption@1.0.0~e6545806737f
RES-281,iid_latent_capacity_change_with_transient_expression_forecasting@1.0.0,temporal_history_disruption@1.0.0,INCONCLUSIVE,res281-temporal_history_disruption-acc88aa7a638,rmse_delta::reversed-history::context_mean::383002::bench_press_delta_capacity_kg,0.0,psr:audit-result:iid_latent_capacity_change_with_transient_expression_forecasting-temporal_history_disruption@1.0.0~e6545806737f
RES-281,iid_latent_capacity_change_with_transient_expression_forecasting@1.0.0,temporal_history_disruption@1.0.0,INCONCLUSIVE,res281-temporal_history_disruption-acc88aa7a638,rmse_delta::reversed-history::context_mean::383002::deadlift_delta_capacity_kg,0.0,psr:audit-result:iid_latent_capacity_change_with_transient_expression_forecasting-temporal_history_disruption@1.0.0~e6545806737f
RES-281,iid_latent_capacity_change_with_transient_expression_forecasting@1.0.0,temporal_history_disruption@1.0.0,INCONCLUSIVE,res281-temporal_history_disruption-acc88aa7a638,rmse_delta::reversed-history::context_mean::383002::squat_delta_capacity_kg,0.0,psr:audit-result:iid_latent_capacity_change_with_transient_expression_forecasting-temporal_history_disruption@1.0.0~e6545806737f
RES-281,iid_latent_capacity_change_with_transient_expression_forecasting@1.0.0,temporal_history_disruption@1.0.0,INCONCLUSIVE,res281-temporal_history_disruption-acc88aa7a638,rmse_delta::reversed-history::context_mean::383003::bench_press_delta_capacity_kg,0.0,psr:audit-result:iid_latent_capacity_change_with_transient_expression_forecasting-temporal_history_disruption@1.0.0~e6545806737f
RES-281,iid_latent_capacity_change_with_transient_expression_forecasting@1.0.0,temporal_history_disruption@1.0.0,INCONCLUSIVE,res281-temporal_history_disruption-acc88aa7a638,rmse_delta::reversed-history::context_mean::383003::deadlift_delta_capacity_kg,0.0,psr:audit-result:iid_latent_capacity_change_with_transient_expression_forecasting-temporal_history_disruption@1.0.0~e6545806737f
RES-281,iid_latent_capacity_change_with_transient_expression_forecasting@1.0.0,temporal_history_disruption@1.0.0,INCONCLUSIVE,res281-temporal_history_disruption-acc88aa7a638,rmse_delta::reversed-history::context_mean::383003::squat_delta_capacity_kg,0.0,psr:audit-result:iid_latent_capacity_change_with_transient_expression_forecasting-temporal_history_disruption@1.0.0~e6545806737f
RES-281,iid_latent_capacity_change_with_transient_expression_forecasting@1.0.0,temporal_history_disruption@1.0.0,INCONCLUSIVE,res281-temporal_history_disruption-acc88aa7a638,rmse_delta::reversed-history::histogram_boosted_stumps::383001::bench_press_delta_capacity_kg,0.0,psr:audit-result:iid_latent_capacity_change_with_transient_expression_forecasting-temporal_history_disruption@1.0.0~e6545806737f
RES-281,iid_latent_capacity_change_with_transient_expression_forecasting@1.0.0,temporal_history_disruption@1.0.0,INCONCLUSIVE,res281-temporal_history_disruption-acc88aa7a638,rmse_delta::reversed-history::histogram_boosted_stumps::383001::deadlift_delta_capacity_kg,0.0,psr:audit-result:iid_latent_capacity_change_with_transient_expression_forecasting-temporal_history_disruption@1.0.0~e6545806737f
RES-281,iid_latent_capacity_change_with_transient_expression_forecasting@1.0.0,temporal_history_disruption@1.0.0,INCONCLUSIVE,res281-temporal_history_disruption-acc88aa7a638,rmse_delta::reversed-history::histogram_boosted_stumps::383001::squat_delta_capacity_kg,0.0,psr:audit-result:iid_latent_capacity_change_with_transient_expression_forecasting-temporal_history_disruption@1.0.0~e6545806737f
RES-281,iid_latent_capacity_change_with_transient_expression_forecasting@1.0.0,temporal_history_disruption@1.0.0,INCONCLUSIVE,res281-temporal_history_disruption-acc88aa7a638,rmse_delta::reversed-history::histogram_boosted_stumps::383002::bench_press_delta_capacity_kg,0.0,psr:audit-result:iid_latent_capacity_change_with_transient_expression_forecasting-temporal_history_disruption@1.0.0~e6545806737f
RES-281,iid_latent_capacity_change_with_transient_expression_forecasting@1.0.0,temporal_history_disruption@1.0.0,INCONCLUSIVE,res281-temporal_history_disruption-acc88aa7a638,rmse_delta::reversed-history::histogram_boosted_stumps::383002::deadlift_delta_capacity_kg,0.0,psr:audit-result:iid_latent_capacity_change_with_transient_expression_forecasting-temporal_history_disruption@1.0.0~e6545806737f
RES-281,iid_latent_capacity_change_with_transient_expression_forecasting@1.0.0,temporal_history_disruption@1.0.0,INCONCLUSIVE,res281-temporal_history_disruption-acc88aa7a638,rmse_delta::reversed-history::histogram_boosted_stumps::383002::squat_delta_capacity_kg,0.0,psr:audit-result:iid_latent_capacity_change_with_transient_expression_forecasting-temporal_history_disruption@1.0.0~e6545806737f
RES-281,iid_latent_capacity_change_with_transient_expression_forecasting@1.0.0,temporal_history_disruption@1.0.0,INCONCLUSIVE,res281-temporal_history_disruption-acc88aa7a638,rmse_delta::reversed-history::histogram_boosted_stumps::383003::bench_press_delta_capacity_kg,0.0,psr:audit-result:iid_latent_capacity_change_with_transient_expression_forecasting-temporal_history_disruption@1.0.0~e6545806737f
RES-281,iid_latent_capacity_change_with_transient_expression_forecasting@1.0.0,temporal_history_disruption@1.0.0,INCONCLUSIVE,res281-temporal_history_disruption-acc88aa7a638,rmse_delta::reversed-history::histogram_boosted_stumps::383003::deadlift_delta_capacity_kg,0.0,psr:audit-result:iid_latent_capacity_change_with_transient_expression_forecasting-temporal_history_disruption@1.0.0~e6545806737f
RES-281,iid_latent_capacity_change_with_transient_expression_forecasting@1.0.0,temporal_history_disruption@1.0.0,INCONCLUSIVE,res281-temporal_history_disruption-acc88aa7a638,rmse_delta::reversed-history::histogram_boosted_stumps::383003::squat_delta_capacity_kg,0.0,psr:audit-result:iid_latent_capacity_change_with_transient_expression_forecasting-temporal_history_disruption@1.0.0~e6545806737f
RES-281,iid_latent_capacity_change_with_transient_expression_forecasting@1.0.0,temporal_history_disruption@1.0.0,INCONCLUSIVE,res281-temporal_history_disruption-acc88aa7a638,rmse_delta::reversed-history::mechanistic_midpoint::383001::bench_press_delta_capacity_kg,0.19744336661979434,psr:audit-result:iid_latent_capacity_change_with_transient_expression_forecasting-temporal_history_disruption@1.0.0~e6545806737f
RES-281,iid_latent_capacity_change_with_transient_expression_forecasting@1.0.0,temporal_history_disruption@1.0.0,INCONCLUSIVE,res281-temporal_history_disruption-acc88aa7a638,rmse_delta::reversed-history::mechanistic_midpoint::383001::deadlift_delta_capacity_kg,0.2372929808547859,psr:audit-result:iid_latent_capacity_change_with_transient_expression_forecasting-temporal_history_disruption@1.0.0~e6545806737f
RES-281,iid_latent_capacity_change_with_transient_expression_forecasting@1.0.0,temporal_history_disruption@1.0.0,INCONCLUSIVE,res281-temporal_history_disruption-acc88aa7a638,rmse_delta::reversed-history::mechanistic_midpoint::383001::squat_delta_capacity_kg,-0.007939452454865048,psr:audit-result:iid_latent_capacity_change_with_transient_expression_forecasting-temporal_history_disruption@1.0.0~e6545806737f
RES-281,iid_latent_capacity_change_with_transient_expression_forecasting@1.0.0,temporal_history_disruption@1.0.0,INCONCLUSIVE,res281-temporal_history_disruption-acc88aa7a638,rmse_delta::reversed-history::mechanistic_midpoint::383002::bench_press_delta_capacity_kg,0.19744336661979434,psr:audit-result:iid_latent_capacity_change_with_transient_expression_forecasting-temporal_history_disruption@1.0.0~e6545806737f
RES-281,iid_latent_capacity_change_with_transient_expression_forecasting@1.0.0,temporal_history_disruption@1.0.0,INCONCLUSIVE,res281-temporal_history_disruption-acc88aa7a638,rmse_delta::reversed-history::mechanistic_midpoint::383002::deadlift_delta_capacity_kg,0.2372929808547859,psr:audit-result:iid_latent_capacity_change_with_transient_expression_forecasting-temporal_history_disruption@1.0.0~e6545806737f
RES-281,iid_latent_capacity_change_with_transient_expression_forecasting@1.0.0,temporal_history_disruption@1.0.0,INCONCLUSIVE,res281-temporal_history_disruption-acc88aa7a638,rmse_delta::reversed-history::mechanistic_midpoint::383002::squat_delta_capacity_kg,-0.007939452454865048,psr:audit-result:iid_latent_capacity_change_with_transient_expression_forecasting-temporal_history_disruption@1.0.0~e6545806737f
RES-281,iid_latent_capacity_change_with_transient_expression_forecasting@1.0.0,temporal_history_disruption@1.0.0,INCONCLUSIVE,res281-temporal_history_disruption-acc88aa7a638,rmse_delta::reversed-history::mechanistic_midpoint::383003::bench_press_delta_capacity_kg,0.19744336661979434,psr:audit-result:iid_latent_capacity_change_with_transient_expression_forecasting-temporal_history_disruption@1.0.0~e6545806737f
RES-281,iid_latent_capacity_change_with_transient_expression_forecasting@1.0.0,temporal_history_disruption@1.0.0,INCONCLUSIVE,res281-temporal_history_disruption-acc88aa7a638,rmse_delta::reversed-history::mechanistic_midpoint::383003::deadlift_delta_capacity_kg,0.2372929808547859,psr:audit-result:iid_latent_capacity_change_with_transient_expression_forecasting-temporal_history_disruption@1.0.0~e6545806737f
RES-281,iid_latent_capacity_change_with_transient_expression_forecasting@1.0.0,temporal_history_disruption@1.0.0,INCONCLUSIVE,res281-temporal_history_disruption-acc88aa7a638,rmse_delta::reversed-history::mechanistic_midpoint::383003::squat_delta_capacity_kg,-0.007939452454865048,psr:audit-result:iid_latent_capacity_change_with_transient_expression_forecasting-temporal_history_disruption@1.0.0~e6545806737f
RES-281,iid_latent_capacity_change_with_transient_expression_forecasting@1.0.0,temporal_history_disruption@1.0.0,INCONCLUSIVE,res281-temporal_history_disruption-acc88aa7a638,rmse_delta::reversed-history::mechanistic_ridge_residual::383001::bench_press_delta_capacity_kg,0.34394682662258713,psr:audit-result:iid_latent_capacity_change_with_transient_expression_forecasting-temporal_history_disruption@1.0.0~e6545806737f
RES-281,iid_latent_capacity_change_with_transient_expression_forecasting@1.0.0,temporal_history_disruption@1.0.0,INCONCLUSIVE,res281-temporal_history_disruption-acc88aa7a638,rmse_delta::reversed-history::mechanistic_ridge_residual::383001::deadlift_delta_capacity_kg,0.2621813398280164,psr:audit-result:iid_latent_capacity_change_with_transient_expression_forecasting-temporal_history_disruption@1.0.0~e6545806737f
RES-281,iid_latent_capacity_change_with_transient_expression_forecasting@1.0.0,temporal_history_disruption@1.0.0,INCONCLUSIVE,res281-temporal_history_disruption-acc88aa7a638,rmse_delta::reversed-history::mechanistic_ridge_residual::383001::squat_delta_capacity_kg,0.0007489009333294661,psr:audit-result:iid_latent_capacity_change_with_transient_expression_forecasting-temporal_history_disruption@1.0.0~e6545806737f
RES-281,iid_latent_capacity_change_with_transient_expression_forecasting@1.0.0,temporal_history_disruption@1.0.0,INCONCLUSIVE,res281-temporal_history_disruption-acc88aa7a638,rmse_delta::reversed-history::mechanistic_ridge_residual::383002::bench_press_delta_capacity_kg,0.34394682662258713,psr:audit-result:iid_latent_capacity_change_with_transient_expression_forecasting-temporal_history_disruption@1.0.0~e6545806737f
RES-281,iid_latent_capacity_change_with_transient_expression_forecasting@1.0.0,temporal_history_disruption@1.0.0,INCONCLUSIVE,res281-temporal_history_disruption-acc88aa7a638,rmse_delta::reversed-history::mechanistic_ridge_residual::383002::deadlift_delta_capacity_kg,0.2621813398280164,psr:audit-result:iid_latent_capacity_change_with_transient_expression_forecasting-temporal_history_disruption@1.0.0~e6545806737f
RES-281,iid_latent_capacity_change_with_transient_expression_forecasting@1.0.0,temporal_history_disruption@1.0.0,INCONCLUSIVE,res281-temporal_history_disruption-acc88aa7a638,rmse_delta::reversed-history::mechanistic_ridge_residual::383002::squat_delta_capacity_kg,0.0007489009333294661,psr:audit-result:iid_latent_capacity_change_with_transient_expression_forecasting-temporal_history_disruption@1.0.0~e6545806737f
RES-281,iid_latent_capacity_change_with_transient_expression_forecasting@1.0.0,temporal_history_disruption@1.0.0,INCONCLUSIVE,res281-temporal_history_disruption-acc88aa7a638,rmse_delta::reversed-history::mechanistic_ridge_residual::383003::bench_press_delta_capacity_kg,0.34394682662258713,psr:audit-result:iid_latent_capacity_change_with_transient_expression_forecasting-temporal_history_disruption@1.0.0~e6545806737f
RES-281,iid_latent_capacity_change_with_transient_expression_forecasting@1.0.0,temporal_history_disruption@1.0.0,INCONCLUSIVE,res281-temporal_history_disruption-acc88aa7a638,rmse_delta::reversed-history::mechanistic_ridge_residual::383003::deadlift_delta_capacity_kg,0.2621813398280164,psr:audit-result:iid_latent_capacity_change_with_transient_expression_forecasting-temporal_history_disruption@1.0.0~e6545806737f
RES-281,iid_latent_capacity_change_with_transient_expression_forecasting@1.0.0,temporal_history_disruption@1.0.0,INCONCLUSIVE,res281-temporal_history_disruption-acc88aa7a638,rmse_delta::reversed-history::mechanistic_ridge_residual::383003::squat_delta_capacity_kg,0.0007489009333294661,psr:audit-result:iid_latent_capacity_change_with_transient_expression_forecasting-temporal_history_disruption@1.0.0~e6545806737f
RES-281,iid_latent_capacity_change_with_transient_expression_forecasting@1.0.0,temporal_history_disruption@1.0.0,INCONCLUSIVE,res281-temporal_history_disruption-acc88aa7a638,rmse_delta::reversed-history::ridge::383001::bench_press_delta_capacity_kg,0.2542990942234349,psr:audit-result:iid_latent_capacity_change_with_transient_expression_forecasting-temporal_history_disruption@1.0.0~e6545806737f
RES-281,iid_latent_capacity_change_with_transient_expression_forecasting@1.0.0,temporal_history_disruption@1.0.0,INCONCLUSIVE,res281-temporal_history_disruption-acc88aa7a638,rmse_delta::reversed-history::ridge::383001::deadlift_delta_capacity_kg,0.006068941339893108,psr:audit-result:iid_latent_capacity_change_with_transient_expression_forecasting-temporal_history_disruption@1.0.0~e6545806737f
RES-281,iid_latent_capacity_change_with_transient_expression_forecasting@1.0.0,temporal_history_disruption@1.0.0,INCONCLUSIVE,res281-temporal_history_disruption-acc88aa7a638,rmse_delta::reversed-history::ridge::383001::squat_delta_capacity_kg,-0.0519400547744322,psr:audit-result:iid_latent_capacity_change_with_transient_expression_forecasting-temporal_history_disruption@1.0.0~e6545806737f
RES-281,iid_latent_capacity_change_with_transient_expression_forecasting@1.0.0,temporal_history_disruption@1.0.0,INCONCLUSIVE,res281-temporal_history_disruption-acc88aa7a638,rmse_delta::reversed-history::ridge::383002::bench_press_delta_capacity_kg,0.2542990942234349,psr:audit-result:iid_latent_capacity_change_with_transient_expression_forecasting-temporal_history_disruption@1.0.0~e6545806737f
RES-281,iid_latent_capacity_change_with_transient_expression_forecasting@1.0.0,temporal_history_disruption@1.0.0,INCONCLUSIVE,res281-temporal_history_disruption-acc88aa7a638,rmse_delta::reversed-history::ridge::383002::deadlift_delta_capacity_kg,0.006068941339893108,psr:audit-result:iid_latent_capacity_change_with_transient_expression_forecasting-temporal_history_disruption@1.0.0~e6545806737f
RES-281,iid_latent_capacity_change_with_transient_expression_forecasting@1.0.0,temporal_history_disruption@1.0.0,INCONCLUSIVE,res281-temporal_history_disruption-acc88aa7a638,rmse_delta::reversed-history::ridge::383002::squat_delta_capacity_kg,-0.0519400547744322,psr:audit-result:iid_latent_capacity_change_with_transient_expression_forecasting-temporal_history_disruption@1.0.0~e6545806737f
RES-281,iid_latent_capacity_change_with_transient_expression_forecasting@1.0.0,temporal_history_disruption@1.0.0,INCONCLUSIVE,res281-temporal_history_disruption-acc88aa7a638,rmse_delta::reversed-history::ridge::383003::bench_press_delta_capacity_kg,0.2542990942234349,psr:audit-result:iid_latent_capacity_change_with_transient_expression_forecasting-temporal_history_disruption@1.0.0~e6545806737f
RES-281,iid_latent_capacity_change_with_transient_expression_forecasting@1.0.0,temporal_history_disruption@1.0.0,INCONCLUSIVE,res281-temporal_history_disruption-acc88aa7a638,rmse_delta::reversed-history::ridge::383003::deadlift_delta_capacity_kg,0.006068941339893108,psr:audit-result:iid_latent_capacity_change_with_transient_expression_forecasting-temporal_history_disruption@1.0.0~e6545806737f
RES-281,iid_latent_capacity_change_with_transient_expression_forecasting@1.0.0,temporal_history_disruption@1.0.0,INCONCLUSIVE,res281-temporal_history_disruption-acc88aa7a638,rmse_delta::reversed-history::ridge::383003::squat_delta_capacity_kg,-0.0519400547744322,psr:audit-result:iid_latent_capacity_change_with_transient_expression_forecasting-temporal_history_disruption@1.0.0~e6545806737f
RES-281,iid_latent_capacity_change_with_transient_expression_forecasting@1.0.0,training_plan_counterfactual_sensitivity@1.0.0,INCONCLUSIVE,res281-training_plan_counterfactual_sensitivity-813878ab3f2a,audit_row_count,96,psr:audit-result:iid_latent_capacity_change_with_transient_expression_forecasting-training_plan_counterfactual_sensitivity@1.0.0~8dbdda8d919c
RES-281,iid_latent_capacity_change_with_transient_expression_forecasting@1.0.0,training_plan_counterfactual_sensitivity@1.0.0,INCONCLUSIVE,res281-training_plan_counterfactual_sensitivity-813878ab3f2a,fitted_comparator_instance_count,18,psr:audit-result:iid_latent_capacity_change_with_transient_expression_forecasting-training_plan_counterfactual_sensitivity@1.0.0~8dbdda8d919c
RES-281,iid_latent_capacity_change_with_transient_expression_forecasting@1.0.0,training_plan_counterfactual_sensitivity@1.0.0,INCONCLUSIVE,res281-training_plan_counterfactual_sensitivity-813878ab3f2a,max_abs_prediction_delta::supported-plan-swap::compact_neural::383001,36.95315359773762,psr:audit-result:iid_latent_capacity_change_with_transient_expression_forecasting-training_plan_counterfactual_sensitivity@1.0.0~8dbdda8d919c
RES-281,iid_latent_capacity_change_with_transient_expression_forecasting@1.0.0,training_plan_counterfactual_sensitivity@1.0.0,INCONCLUSIVE,res281-training_plan_counterfactual_sensitivity-813878ab3f2a,max_abs_prediction_delta::supported-plan-swap::compact_neural::383002,37.740012983944716,psr:audit-result:iid_latent_capacity_change_with_transient_expression_forecasting-training_plan_counterfactual_sensitivity@1.0.0~8dbdda8d919c
RES-281,iid_latent_capacity_change_with_transient_expression_forecasting@1.0.0,training_plan_counterfactual_sensitivity@1.0.0,INCONCLUSIVE,res281-training_plan_counterfactual_sensitivity-813878ab3f2a,max_abs_prediction_delta::supported-plan-swap::compact_neural::383003,37.960536652433554,psr:audit-result:iid_latent_capacity_change_with_transient_expression_forecasting-training_plan_counterfactual_sensitivity@1.0.0~8dbdda8d919c
RES-281,iid_latent_capacity_change_with_transient_expression_forecasting@1.0.0,training_plan_counterfactual_sensitivity@1.0.0,INCONCLUSIVE,res281-training_plan_counterfactual_sensitivity-813878ab3f2a,max_abs_prediction_delta::supported-plan-swap::context_mean::383001,21.20550223853819,psr:audit-result:iid_latent_capacity_change_with_transient_expression_forecasting-training_plan_counterfactual_sensitivity@1.0.0~8dbdda8d919c
RES-281,iid_latent_capacity_change_with_transient_expression_forecasting@1.0.0,training_plan_counterfactual_sensitivity@1.0.0,INCONCLUSIVE,res281-training_plan_counterfactual_sensitivity-813878ab3f2a,max_abs_prediction_delta::supported-plan-swap::context_mean::383002,21.20550223853819,psr:audit-result:iid_latent_capacity_change_with_transient_expression_forecasting-training_plan_counterfactual_sensitivity@1.0.0~8dbdda8d919c
RES-281,iid_latent_capacity_change_with_transient_expression_forecasting@1.0.0,training_plan_counterfactual_sensitivity@1.0.0,INCONCLUSIVE,res281-training_plan_counterfactual_sensitivity-813878ab3f2a,max_abs_prediction_delta::supported-plan-swap::context_mean::383003,21.20550223853819,psr:audit-result:iid_latent_capacity_change_with_transient_expression_forecasting-training_plan_counterfactual_sensitivity@1.0.0~8dbdda8d919c
RES-281,iid_latent_capacity_change_with_transient_expression_forecasting@1.0.0,training_plan_counterfactual_sensitivity@1.0.0,INCONCLUSIVE,res281-training_plan_counterfactual_sensitivity-813878ab3f2a,max_abs_prediction_delta::supported-plan-swap::histogram_boosted_stumps::383001,12.332192517320795,psr:audit-result:iid_latent_capacity_change_with_transient_expression_forecasting-training_plan_counterfactual_sensitivity@1.0.0~8dbdda8d919c
RES-281,iid_latent_capacity_change_with_transient_expression_forecasting@1.0.0,training_plan_counterfactual_sensitivity@1.0.0,INCONCLUSIVE,res281-training_plan_counterfactual_sensitivity-813878ab3f2a,max_abs_prediction_delta::supported-plan-swap::histogram_boosted_stumps::383002,12.332192517320795,psr:audit-result:iid_latent_capacity_change_with_transient_expression_forecasting-training_plan_counterfactual_sensitivity@1.0.0~8dbdda8d919c
RES-281,iid_latent_capacity_change_with_transient_expression_forecasting@1.0.0,training_plan_counterfactual_sensitivity@1.0.0,INCONCLUSIVE,res281-training_plan_counterfactual_sensitivity-813878ab3f2a,max_abs_prediction_delta::supported-plan-swap::histogram_boosted_stumps::383003,12.332192517320795,psr:audit-result:iid_latent_capacity_change_with_transient_expression_forecasting-training_plan_counterfactual_sensitivity@1.0.0~8dbdda8d919c
RES-281,iid_latent_capacity_change_with_transient_expression_forecasting@1.0.0,training_plan_counterfactual_sensitivity@1.0.0,INCONCLUSIVE,res281-training_plan_counterfactual_sensitivity-813878ab3f2a,max_abs_prediction_delta::supported-plan-swap::mechanistic_midpoint::383001,39.869778357343165,psr:audit-result:iid_latent_capacity_change_with_transient_expression_forecasting-training_plan_counterfactual_sensitivity@1.0.0~8dbdda8d919c
RES-281,iid_latent_capacity_change_with_transient_expression_forecasting@1.0.0,training_plan_counterfactual_sensitivity@1.0.0,INCONCLUSIVE,res281-training_plan_counterfactual_sensitivity-813878ab3f2a,max_abs_prediction_delta::supported-plan-swap::mechanistic_midpoint::383002,39.869778357343165,psr:audit-result:iid_latent_capacity_change_with_transient_expression_forecasting-training_plan_counterfactual_sensitivity@1.0.0~8dbdda8d919c
RES-281,iid_latent_capacity_change_with_transient_expression_forecasting@1.0.0,training_plan_counterfactual_sensitivity@1.0.0,INCONCLUSIVE,res281-training_plan_counterfactual_sensitivity-813878ab3f2a,max_abs_prediction_delta::supported-plan-swap::mechanistic_midpoint::383003,39.869778357343165,psr:audit-result:iid_latent_capacity_change_with_transient_expression_forecasting-training_plan_counterfactual_sensitivity@1.0.0~8dbdda8d919c
RES-281,iid_latent_capacity_change_with_transient_expression_forecasting@1.0.0,training_plan_counterfactual_sensitivity@1.0.0,INCONCLUSIVE,res281-training_plan_counterfactual_sensitivity-813878ab3f2a,max_abs_prediction_delta::supported-plan-swap::mechanistic_ridge_residual::383001,39.44650259465216,psr:audit-result:iid_latent_capacity_change_with_transient_expression_forecasting-training_plan_counterfactual_sensitivity@1.0.0~8dbdda8d919c
RES-281,iid_latent_capacity_change_with_transient_expression_forecasting@1.0.0,training_plan_counterfactual_sensitivity@1.0.0,INCONCLUSIVE,res281-training_plan_counterfactual_sensitivity-813878ab3f2a,max_abs_prediction_delta::supported-plan-swap::mechanistic_ridge_residual::383002,39.44650259465216,psr:audit-result:iid_latent_capacity_change_with_transient_expression_forecasting-training_plan_counterfactual_sensitivity@1.0.0~8dbdda8d919c
RES-281,iid_latent_capacity_change_with_transient_expression_forecasting@1.0.0,training_plan_counterfactual_sensitivity@1.0.0,INCONCLUSIVE,res281-training_plan_counterfactual_sensitivity-813878ab3f2a,max_abs_prediction_delta::supported-plan-swap::mechanistic_ridge_residual::383003,39.44650259465216,psr:audit-result:iid_latent_capacity_change_with_transient_expression_forecasting-training_plan_counterfactual_sensitivity@1.0.0~8dbdda8d919c
RES-281,iid_latent_capacity_change_with_transient_expression_forecasting@1.0.0,training_plan_counterfactual_sensitivity@1.0.0,INCONCLUSIVE,res281-training_plan_counterfactual_sensitivity-813878ab3f2a,max_abs_prediction_delta::supported-plan-swap::ridge::383001,15.024921916538002,psr:audit-result:iid_latent_capacity_change_with_transient_expression_forecasting-training_plan_counterfactual_sensitivity@1.0.0~8dbdda8d919c
RES-281,iid_latent_capacity_change_with_transient_expression_forecasting@1.0.0,training_plan_counterfactual_sensitivity@1.0.0,INCONCLUSIVE,res281-training_plan_counterfactual_sensitivity-813878ab3f2a,max_abs_prediction_delta::supported-plan-swap::ridge::383002,15.024921916538002,psr:audit-result:iid_latent_capacity_change_with_transient_expression_forecasting-training_plan_counterfactual_sensitivity@1.0.0~8dbdda8d919c
RES-281,iid_latent_capacity_change_with_transient_expression_forecasting@1.0.0,training_plan_counterfactual_sensitivity@1.0.0,INCONCLUSIVE,res281-training_plan_counterfactual_sensitivity-813878ab3f2a,max_abs_prediction_delta::supported-plan-swap::ridge::383003,15.024921916538002,psr:audit-result:iid_latent_capacity_change_with_transient_expression_forecasting-training_plan_counterfactual_sensitivity@1.0.0~8dbdda8d919c
RES-281,iid_latent_capacity_change_with_transient_expression_forecasting@1.0.0,training_plan_counterfactual_sensitivity@1.0.0,INCONCLUSIVE,res281-training_plan_counterfactual_sensitivity-813878ab3f2a,mean_abs_regenerated_target_delta::bench_press_delta_capacity_kg,6.758737881285209,psr:audit-result:iid_latent_capacity_change_with_transient_expression_forecasting-training_plan_counterfactual_sensitivity@1.0.0~8dbdda8d919c
RES-281,iid_latent_capacity_change_with_transient_expression_forecasting@1.0.0,training_plan_counterfactual_sensitivity@1.0.0,INCONCLUSIVE,res281-training_plan_counterfactual_sensitivity-813878ab3f2a,mean_abs_regenerated_target_delta::deadlift_delta_capacity_kg,10.466115956615951,psr:audit-result:iid_latent_capacity_change_with_transient_expression_forecasting-training_plan_counterfactual_sensitivity@1.0.0~8dbdda8d919c
RES-281,iid_latent_capacity_change_with_transient_expression_forecasting@1.0.0,training_plan_counterfactual_sensitivity@1.0.0,INCONCLUSIVE,res281-training_plan_counterfactual_sensitivity-813878ab3f2a,mean_abs_regenerated_target_delta::squat_delta_capacity_kg,9.699606476014024,psr:audit-result:iid_latent_capacity_change_with_transient_expression_forecasting-training_plan_counterfactual_sensitivity@1.0.0~8dbdda8d919c
RES-281,iid_latent_capacity_change_with_transient_expression_forecasting@1.0.0,training_plan_counterfactual_sensitivity@1.0.0,INCONCLUSIVE,res281-training_plan_counterfactual_sensitivity-813878ab3f2a,rmse_delta::supported-plan-swap::compact_neural::383001::bench_press_delta_capacity_kg,-0.13575435814829984,psr:audit-result:iid_latent_capacity_change_with_transient_expression_forecasting-training_plan_counterfactual_sensitivity@1.0.0~8dbdda8d919c
RES-281,iid_latent_capacity_change_with_transient_expression_forecasting@1.0.0,training_plan_counterfactual_sensitivity@1.0.0,INCONCLUSIVE,res281-training_plan_counterfactual_sensitivity-813878ab3f2a,rmse_delta::supported-plan-swap::compact_neural::383001::deadlift_delta_capacity_kg,0.12064427856398474,psr:audit-result:iid_latent_capacity_change_with_transient_expression_forecasting-training_plan_counterfactual_sensitivity@1.0.0~8dbdda8d919c
RES-281,iid_latent_capacity_change_with_transient_expression_forecasting@1.0.0,training_plan_counterfactual_sensitivity@1.0.0,INCONCLUSIVE,res281-training_plan_counterfactual_sensitivity-813878ab3f2a,rmse_delta::supported-plan-swap::compact_neural::383001::squat_delta_capacity_kg,0.13224977965083218,psr:audit-result:iid_latent_capacity_change_with_transient_expression_forecasting-training_plan_counterfactual_sensitivity@1.0.0~8dbdda8d919c
RES-281,iid_latent_capacity_change_with_transient_expression_forecasting@1.0.0,training_plan_counterfactual_sensitivity@1.0.0,INCONCLUSIVE,res281-training_plan_counterfactual_sensitivity-813878ab3f2a,rmse_delta::supported-plan-swap::compact_neural::383002::bench_press_delta_capacity_kg,-0.12724237069590716,psr:audit-result:iid_latent_capacity_change_with_transient_expression_forecasting-training_plan_counterfactual_sensitivity@1.0.0~8dbdda8d919c
RES-281,iid_latent_capacity_change_with_transient_expression_forecasting@1.0.0,training_plan_counterfactual_sensitivity@1.0.0,INCONCLUSIVE,res281-training_plan_counterfactual_sensitivity-813878ab3f2a,rmse_delta::supported-plan-swap::compact_neural::383002::deadlift_delta_capacity_kg,0.3845396083734878,psr:audit-result:iid_latent_capacity_change_with_transient_expression_forecasting-training_plan_counterfactual_sensitivity@1.0.0~8dbdda8d919c
RES-281,iid_latent_capacity_change_with_transient_expression_forecasting@1.0.0,training_plan_counterfactual_sensitivity@1.0.0,INCONCLUSIVE,res281-training_plan_counterfactual_sensitivity-813878ab3f2a,rmse_delta::supported-plan-swap::compact_neural::383002::squat_delta_capacity_kg,0.5455526900903211,psr:audit-result:iid_latent_capacity_change_with_transient_expression_forecasting-training_plan_counterfactual_sensitivity@1.0.0~8dbdda8d919c
RES-281,iid_latent_capacity_change_with_transient_expression_forecasting@1.0.0,training_plan_counterfactual_sensitivity@1.0.0,INCONCLUSIVE,res281-training_plan_counterfactual_sensitivity-813878ab3f2a,rmse_delta::supported-plan-swap::compact_neural::383003::bench_press_delta_capacity_kg,-0.2206096489209326,psr:audit-result:iid_latent_capacity_change_with_transient_expression_forecasting-training_plan_counterfactual_sensitivity@1.0.0~8dbdda8d919c
RES-281,iid_latent_capacity_change_with_transient_expression_forecasting@1.0.0,training_plan_counterfactual_sensitivity@1.0.0,INCONCLUSIVE,res281-training_plan_counterfactual_sensitivity-813878ab3f2a,rmse_delta::supported-plan-swap::compact_neural::383003::deadlift_delta_capacity_kg,0.19123706208381774,psr:audit-result:iid_latent_capacity_change_with_transient_expression_forecasting-training_plan_counterfactual_sensitivity@1.0.0~8dbdda8d919c
RES-281,iid_latent_capacity_change_with_transient_expression_forecasting@1.0.0,training_plan_counterfactual_sensitivity@1.0.0,INCONCLUSIVE,res281-training_plan_counterfactual_sensitivity-813878ab3f2a,rmse_delta::supported-plan-swap::compact_neural::383003::squat_delta_capacity_kg,0.7242855985148977,psr:audit-result:iid_latent_capacity_change_with_transient_expression_forecasting-training_plan_counterfactual_sensitivity@1.0.0~8dbdda8d919c
RES-281,iid_latent_capacity_change_with_transient_expression_forecasting@1.0.0,training_plan_counterfactual_sensitivity@1.0.0,INCONCLUSIVE,res281-training_plan_counterfactual_sensitivity-813878ab3f2a,rmse_delta::supported-plan-swap::context_mean::383001::bench_press_delta_capacity_kg,0.11463690150127492,psr:audit-result:iid_latent_capacity_change_with_transient_expression_forecasting-training_plan_counterfactual_sensitivity@1.0.0~8dbdda8d919c
RES-281,iid_latent_capacity_change_with_transient_expression_forecasting@1.0.0,training_plan_counterfactual_sensitivity@1.0.0,INCONCLUSIVE,res281-training_plan_counterfactual_sensitivity-813878ab3f2a,rmse_delta::supported-plan-swap::context_mean::383001::deadlift_delta_capacity_kg,1.2910399851327115,psr:audit-result:iid_latent_capacity_change_with_transient_expression_forecasting-training_plan_counterfactual_sensitivity@1.0.0~8dbdda8d919c
RES-281,iid_latent_capacity_change_with_transient_expression_forecasting@1.0.0,training_plan_counterfactual_sensitivity@1.0.0,INCONCLUSIVE,res281-training_plan_counterfactual_sensitivity-813878ab3f2a,rmse_delta::supported-plan-swap::context_mean::383001::squat_delta_capacity_kg,-0.01823250327611703,psr:audit-result:iid_latent_capacity_change_with_transient_expression_forecasting-training_plan_counterfactual_sensitivity@1.0.0~8dbdda8d919c
RES-281,iid_latent_capacity_change_with_transient_expression_forecasting@1.0.0,training_plan_counterfactual_sensitivity@1.0.0,INCONCLUSIVE,res281-training_plan_counterfactual_sensitivity-813878ab3f2a,rmse_delta::supported-plan-swap::context_mean::383002::bench_press_delta_capacity_kg,0.11463690150127492,psr:audit-result:iid_latent_capacity_change_with_transient_expression_forecasting-training_plan_counterfactual_sensitivity@1.0.0~8dbdda8d919c
RES-281,iid_latent_capacity_change_with_transient_expression_forecasting@1.0.0,training_plan_counterfactual_sensitivity@1.0.0,INCONCLUSIVE,res281-training_plan_counterfactual_sensitivity-813878ab3f2a,rmse_delta::supported-plan-swap::context_mean::383002::deadlift_delta_capacity_kg,1.2910399851327115,psr:audit-result:iid_latent_capacity_change_with_transient_expression_forecasting-training_plan_counterfactual_sensitivity@1.0.0~8dbdda8d919c
RES-281,iid_latent_capacity_change_with_transient_expression_forecasting@1.0.0,training_plan_counterfactual_sensitivity@1.0.0,INCONCLUSIVE,res281-training_plan_counterfactual_sensitivity-813878ab3f2a,rmse_delta::supported-plan-swap::context_mean::383002::squat_delta_capacity_kg,-0.01823250327611703,psr:audit-result:iid_latent_capacity_change_with_transient_expression_forecasting-training_plan_counterfactual_sensitivity@1.0.0~8dbdda8d919c
RES-281,iid_latent_capacity_change_with_transient_expression_forecasting@1.0.0,training_plan_counterfactual_sensitivity@1.0.0,INCONCLUSIVE,res281-training_plan_counterfactual_sensitivity-813878ab3f2a,rmse_delta::supported-plan-swap::context_mean::383003::bench_press_delta_capacity_kg,0.11463690150127492,psr:audit-result:iid_latent_capacity_change_with_transient_expression_forecasting-training_plan_counterfactual_sensitivity@1.0.0~8dbdda8d919c
RES-281,iid_latent_capacity_change_with_transient_expression_forecasting@1.0.0,training_plan_counterfactual_sensitivity@1.0.0,INCONCLUSIVE,res281-training_plan_counterfactual_sensitivity-813878ab3f2a,rmse_delta::supported-plan-swap::context_mean::383003::deadlift_delta_capacity_kg,1.2910399851327115,psr:audit-result:iid_latent_capacity_change_with_transient_expression_forecasting-training_plan_counterfactual_sensitivity@1.0.0~8dbdda8d919c
RES-281,iid_latent_capacity_change_with_transient_expression_forecasting@1.0.0,training_plan_counterfactual_sensitivity@1.0.0,INCONCLUSIVE,res281-training_plan_counterfactual_sensitivity-813878ab3f2a,rmse_delta::supported-plan-swap::context_mean::383003::squat_delta_capacity_kg,-0.01823250327611703,psr:audit-result:iid_latent_capacity_change_with_transient_expression_forecasting-training_plan_counterfactual_sensitivity@1.0.0~8dbdda8d919c
RES-281,iid_latent_capacity_change_with_transient_expression_forecasting@1.0.0,training_plan_counterfactual_sensitivity@1.0.0,INCONCLUSIVE,res281-training_plan_counterfactual_sensitivity-813878ab3f2a,rmse_delta::supported-plan-swap::histogram_boosted_stumps::383001::bench_press_delta_capacity_kg,0.012053620889512118,psr:audit-result:iid_latent_capacity_change_with_transient_expression_forecasting-training_plan_counterfactual_sensitivity@1.0.0~8dbdda8d919c
RES-281,iid_latent_capacity_change_with_transient_expression_forecasting@1.0.0,training_plan_counterfactual_sensitivity@1.0.0,INCONCLUSIVE,res281-training_plan_counterfactual_sensitivity-813878ab3f2a,rmse_delta::supported-plan-swap::histogram_boosted_stumps::383001::deadlift_delta_capacity_kg,1.841334591434963,psr:audit-result:iid_latent_capacity_change_with_transient_expression_forecasting-training_plan_counterfactual_sensitivity@1.0.0~8dbdda8d919c
RES-281,iid_latent_capacity_change_with_transient_expression_forecasting@1.0.0,training_plan_counterfactual_sensitivity@1.0.0,INCONCLUSIVE,res281-training_plan_counterfactual_sensitivity-813878ab3f2a,rmse_delta::supported-plan-swap::histogram_boosted_stumps::383001::squat_delta_capacity_kg,-0.24506166685581832,psr:audit-result:iid_latent_capacity_change_with_transient_expression_forecasting-training_plan_counterfactual_sensitivity@1.0.0~8dbdda8d919c
RES-281,iid_latent_capacity_change_with_transient_expression_forecasting@1.0.0,training_plan_counterfactual_sensitivity@1.0.0,INCONCLUSIVE,res281-training_plan_counterfactual_sensitivity-813878ab3f2a,rmse_delta::supported-plan-swap::histogram_boosted_stumps::383002::bench_press_delta_capacity_kg,0.012053620889512118,psr:audit-result:iid_latent_capacity_change_with_transient_expression_forecasting-training_plan_counterfactual_sensitivity@1.0.0~8dbdda8d919c
RES-281,iid_latent_capacity_change_with_transient_expression_forecasting@1.0.0,training_plan_counterfactual_sensitivity@1.0.0,INCONCLUSIVE,res281-training_plan_counterfactual_sensitivity-813878ab3f2a,rmse_delta::supported-plan-swap::histogram_boosted_stumps::383002::deadlift_delta_capacity_kg,1.841334591434963,psr:audit-result:iid_latent_capacity_change_with_transient_expression_forecasting-training_plan_counterfactual_sensitivity@1.0.0~8dbdda8d919c
RES-281,iid_latent_capacity_change_with_transient_expression_forecasting@1.0.0,training_plan_counterfactual_sensitivity@1.0.0,INCONCLUSIVE,res281-training_plan_counterfactual_sensitivity-813878ab3f2a,rmse_delta::supported-plan-swap::histogram_boosted_stumps::383002::squat_delta_capacity_kg,-0.24506166685581832,psr:audit-result:iid_latent_capacity_change_with_transient_expression_forecasting-training_plan_counterfactual_sensitivity@1.0.0~8dbdda8d919c
RES-281,iid_latent_capacity_change_with_transient_expression_forecasting@1.0.0,training_plan_counterfactual_sensitivity@1.0.0,INCONCLUSIVE,res281-training_plan_counterfactual_sensitivity-813878ab3f2a,rmse_delta::supported-plan-swap::histogram_boosted_stumps::383003::bench_press_delta_capacity_kg,0.012053620889512118,psr:audit-result:iid_latent_capacity_change_with_transient_expression_forecasting-training_plan_counterfactual_sensitivity@1.0.0~8dbdda8d919c
RES-281,iid_latent_capacity_change_with_transient_expression_forecasting@1.0.0,training_plan_counterfactual_sensitivity@1.0.0,INCONCLUSIVE,res281-training_plan_counterfactual_sensitivity-813878ab3f2a,rmse_delta::supported-plan-swap::histogram_boosted_stumps::383003::deadlift_delta_capacity_kg,1.841334591434963,psr:audit-result:iid_latent_capacity_change_with_transient_expression_forecasting-training_plan_counterfactual_sensitivity@1.0.0~8dbdda8d919c
RES-281,iid_latent_capacity_change_with_transient_expression_forecasting@1.0.0,training_plan_counterfactual_sensitivity@1.0.0,INCONCLUSIVE,res281-training_plan_counterfactual_sensitivity-813878ab3f2a,rmse_delta::supported-plan-swap::histogram_boosted_stumps::383003::squat_delta_capacity_kg,-0.24506166685581832,psr:audit-result:iid_latent_capacity_change_with_transient_expression_forecasting-training_plan_counterfactual_sensitivity@1.0.0~8dbdda8d919c
RES-281,iid_latent_capacity_change_with_transient_expression_forecasting@1.0.0,training_plan_counterfactual_sensitivity@1.0.0,INCONCLUSIVE,res281-training_plan_counterfactual_sensitivity-813878ab3f2a,rmse_delta::supported-plan-swap::mechanistic_midpoint::383001::bench_press_delta_capacity_kg,0.21573464167742662,psr:audit-result:iid_latent_capacity_change_with_transient_expression_forecasting-training_plan_counterfactual_sensitivity@1.0.0~8dbdda8d919c
RES-281,iid_latent_capacity_change_with_transient_expression_forecasting@1.0.0,training_plan_counterfactual_sensitivity@1.0.0,INCONCLUSIVE,res281-training_plan_counterfactual_sensitivity-813878ab3f2a,rmse_delta::supported-plan-swap::mechanistic_midpoint::383001::deadlift_delta_capacity_kg,0.41287242095696675,psr:audit-result:iid_latent_capacity_change_with_transient_expression_forecasting-training_plan_counterfactual_sensitivity@1.0.0~8dbdda8d919c
RES-281,iid_latent_capacity_change_with_transient_expression_forecasting@1.0.0,training_plan_counterfactual_sensitivity@1.0.0,INCONCLUSIVE,res281-training_plan_counterfactual_sensitivity-813878ab3f2a,rmse_delta::supported-plan-swap::mechanistic_midpoint::383001::squat_delta_capacity_kg,1.1632594374209488,psr:audit-result:iid_latent_capacity_change_with_transient_expression_forecasting-training_plan_counterfactual_sensitivity@1.0.0~8dbdda8d919c
RES-281,iid_latent_capacity_change_with_transient_expression_forecasting@1.0.0,training_plan_counterfactual_sensitivity@1.0.0,INCONCLUSIVE,res281-training_plan_counterfactual_sensitivity-813878ab3f2a,rmse_delta::supported-plan-swap::mechanistic_midpoint::383002::bench_press_delta_capacity_kg,0.21573464167742662,psr:audit-result:iid_latent_capacity_change_with_transient_expression_forecasting-training_plan_counterfactual_sensitivity@1.0.0~8dbdda8d919c
RES-281,iid_latent_capacity_change_with_transient_expression_forecasting@1.0.0,training_plan_counterfactual_sensitivity@1.0.0,INCONCLUSIVE,res281-training_plan_counterfactual_sensitivity-813878ab3f2a,rmse_delta::supported-plan-swap::mechanistic_midpoint::383002::deadlift_delta_capacity_kg,0.41287242095696675,psr:audit-result:iid_latent_capacity_change_with_transient_expression_forecasting-training_plan_counterfactual_sensitivity@1.0.0~8dbdda8d919c
RES-281,iid_latent_capacity_change_with_transient_expression_forecasting@1.0.0,training_plan_counterfactual_sensitivity@1.0.0,INCONCLUSIVE,res281-training_plan_counterfactual_sensitivity-813878ab3f2a,rmse_delta::supported-plan-swap::mechanistic_midpoint::383002::squat_delta_capacity_kg,1.1632594374209488,psr:audit-result:iid_latent_capacity_change_with_transient_expression_forecasting-training_plan_counterfactual_sensitivity@1.0.0~8dbdda8d919c
RES-281,iid_latent_capacity_change_with_transient_expression_forecasting@1.0.0,training_plan_counterfactual_sensitivity@1.0.0,INCONCLUSIVE,res281-training_plan_counterfactual_sensitivity-813878ab3f2a,rmse_delta::supported-plan-swap::mechanistic_midpoint::383003::bench_press_delta_capacity_kg,0.21573464167742662,psr:audit-result:iid_latent_capacity_change_with_transient_expression_forecasting-training_plan_counterfactual_sensitivity@1.0.0~8dbdda8d919c
RES-281,iid_latent_capacity_change_with_transient_expression_forecasting@1.0.0,training_plan_counterfactual_sensitivity@1.0.0,INCONCLUSIVE,res281-training_plan_counterfactual_sensitivity-813878ab3f2a,rmse_delta::supported-plan-swap::mechanistic_midpoint::383003::deadlift_delta_capacity_kg,0.41287242095696675,psr:audit-result:iid_latent_capacity_change_with_transient_expression_forecasting-training_plan_counterfactual_sensitivity@1.0.0~8dbdda8d919c
RES-281,iid_latent_capacity_change_with_transient_expression_forecasting@1.0.0,training_plan_counterfactual_sensitivity@1.0.0,INCONCLUSIVE,res281-training_plan_counterfactual_sensitivity-813878ab3f2a,rmse_delta::supported-plan-swap::mechanistic_midpoint::383003::squat_delta_capacity_kg,1.1632594374209488,psr:audit-result:iid_latent_capacity_change_with_transient_expression_forecasting-training_plan_counterfactual_sensitivity@1.0.0~8dbdda8d919c
RES-281,iid_latent_capacity_change_with_transient_expression_forecasting@1.0.0,training_plan_counterfactual_sensitivity@1.0.0,INCONCLUSIVE,res281-training_plan_counterfactual_sensitivity-813878ab3f2a,rmse_delta::supported-plan-swap::mechanistic_ridge_residual::383001::bench_press_delta_capacity_kg,0.16588425980217503,psr:audit-result:iid_latent_capacity_change_with_transient_expression_forecasting-training_plan_counterfactual_sensitivity@1.0.0~8dbdda8d919c
RES-281,iid_latent_capacity_change_with_transient_expression_forecasting@1.0.0,training_plan_counterfactual_sensitivity@1.0.0,INCONCLUSIVE,res281-training_plan_counterfactual_sensitivity-813878ab3f2a,rmse_delta::supported-plan-swap::mechanistic_ridge_residual::383001::deadlift_delta_capacity_kg,0.4853987087666298,psr:audit-result:iid_latent_capacity_change_with_transient_expression_forecasting-training_plan_counterfactual_sensitivity@1.0.0~8dbdda8d919c
RES-281,iid_latent_capacity_change_with_transient_expression_forecasting@1.0.0,training_plan_counterfactual_sensitivity@1.0.0,INCONCLUSIVE,res281-training_plan_counterfactual_sensitivity-813878ab3f2a,rmse_delta::supported-plan-swap::mechanistic_ridge_residual::383001::squat_delta_capacity_kg,1.0103985322385598,psr:audit-result:iid_latent_capacity_change_with_transient_expression_forecasting-training_plan_counterfactual_sensitivity@1.0.0~8dbdda8d919c
RES-281,iid_latent_capacity_change_with_transient_expression_forecasting@1.0.0,training_plan_counterfactual_sensitivity@1.0.0,INCONCLUSIVE,res281-training_plan_counterfactual_sensitivity-813878ab3f2a,rmse_delta::supported-plan-swap::mechanistic_ridge_residual::383002::bench_press_delta_capacity_kg,0.16588425980217503,psr:audit-result:iid_latent_capacity_change_with_transient_expression_forecasting-training_plan_counterfactual_sensitivity@1.0.0~8dbdda8d919c
RES-281,iid_latent_capacity_change_with_transient_expression_forecasting@1.0.0,training_plan_counterfactual_sensitivity@1.0.0,INCONCLUSIVE,res281-training_plan_counterfactual_sensitivity-813878ab3f2a,rmse_delta::supported-plan-swap::mechanistic_ridge_residual::383002::deadlift_delta_capacity_kg,0.4853987087666298,psr:audit-result:iid_latent_capacity_change_with_transient_expression_forecasting-training_plan_counterfactual_sensitivity@1.0.0~8dbdda8d919c
RES-281,iid_latent_capacity_change_with_transient_expression_forecasting@1.0.0,training_plan_counterfactual_sensitivity@1.0.0,INCONCLUSIVE,res281-training_plan_counterfactual_sensitivity-813878ab3f2a,rmse_delta::supported-plan-swap::mechanistic_ridge_residual::383002::squat_delta_capacity_kg,1.0103985322385598,psr:audit-result:iid_latent_capacity_change_with_transient_expression_forecasting-training_plan_counterfactual_sensitivity@1.0.0~8dbdda8d919c
RES-281,iid_latent_capacity_change_with_transient_expression_forecasting@1.0.0,training_plan_counterfactual_sensitivity@1.0.0,INCONCLUSIVE,res281-training_plan_counterfactual_sensitivity-813878ab3f2a,rmse_delta::supported-plan-swap::mechanistic_ridge_residual::383003::bench_press_delta_capacity_kg,0.16588425980217503,psr:audit-result:iid_latent_capacity_change_with_transient_expression_forecasting-training_plan_counterfactual_sensitivity@1.0.0~8dbdda8d919c
RES-281,iid_latent_capacity_change_with_transient_expression_forecasting@1.0.0,training_plan_counterfactual_sensitivity@1.0.0,INCONCLUSIVE,res281-training_plan_counterfactual_sensitivity-813878ab3f2a,rmse_delta::supported-plan-swap::mechanistic_ridge_residual::383003::deadlift_delta_capacity_kg,0.4853987087666298,psr:audit-result:iid_latent_capacity_change_with_transient_expression_forecasting-training_plan_counterfactual_sensitivity@1.0.0~8dbdda8d919c
RES-281,iid_latent_capacity_change_with_transient_expression_forecasting@1.0.0,training_plan_counterfactual_sensitivity@1.0.0,INCONCLUSIVE,res281-training_plan_counterfactual_sensitivity-813878ab3f2a,rmse_delta::supported-plan-swap::mechanistic_ridge_residual::383003::squat_delta_capacity_kg,1.0103985322385598,psr:audit-result:iid_latent_capacity_change_with_transient_expression_forecasting-training_plan_counterfactual_sensitivity@1.0.0~8dbdda8d919c
RES-281,iid_latent_capacity_change_with_transient_expression_forecasting@1.0.0,training_plan_counterfactual_sensitivity@1.0.0,INCONCLUSIVE,res281-training_plan_counterfactual_sensitivity-813878ab3f2a,rmse_delta::supported-plan-swap::ridge::383001::bench_press_delta_capacity_kg,0.007135589919891494,psr:audit-result:iid_latent_capacity_change_with_transient_expression_forecasting-training_plan_counterfactual_sensitivity@1.0.0~8dbdda8d919c
RES-281,iid_latent_capacity_change_with_transient_expression_forecasting@1.0.0,training_plan_counterfactual_sensitivity@1.0.0,INCONCLUSIVE,res281-training_plan_counterfactual_sensitivity-813878ab3f2a,rmse_delta::supported-plan-swap::ridge::383001::deadlift_delta_capacity_kg,1.1668581418288904,psr:audit-result:iid_latent_capacity_change_with_transient_expression_forecasting-training_plan_counterfactual_sensitivity@1.0.0~8dbdda8d919c
RES-281,iid_latent_capacity_change_with_transient_expression_forecasting@1.0.0,training_plan_counterfactual_sensitivity@1.0.0,INCONCLUSIVE,res281-training_plan_counterfactual_sensitivity-813878ab3f2a,rmse_delta::supported-plan-swap::ridge::383001::squat_delta_capacity_kg,-0.0298971256845304,psr:audit-result:iid_latent_capacity_change_with_transient_expression_forecasting-training_plan_counterfactual_sensitivity@1.0.0~8dbdda8d919c
RES-281,iid_latent_capacity_change_with_transient_expression_forecasting@1.0.0,training_plan_counterfactual_sensitivity@1.0.0,INCONCLUSIVE,res281-training_plan_counterfactual_sensitivity-813878ab3f2a,rmse_delta::supported-plan-swap::ridge::383002::bench_press_delta_capacity_kg,0.007135589919891494,psr:audit-result:iid_latent_capacity_change_with_transient_expression_forecasting-training_plan_counterfactual_sensitivity@1.0.0~8dbdda8d919c
RES-281,iid_latent_capacity_change_with_transient_expression_forecasting@1.0.0,training_plan_counterfactual_sensitivity@1.0.0,INCONCLUSIVE,res281-training_plan_counterfactual_sensitivity-813878ab3f2a,rmse_delta::supported-plan-swap::ridge::383002::deadlift_delta_capacity_kg,1.1668581418288904,psr:audit-result:iid_latent_capacity_change_with_transient_expression_forecasting-training_plan_counterfactual_sensitivity@1.0.0~8dbdda8d919c
RES-281,iid_latent_capacity_change_with_transient_expression_forecasting@1.0.0,training_plan_counterfactual_sensitivity@1.0.0,INCONCLUSIVE,res281-training_plan_counterfactual_sensitivity-813878ab3f2a,rmse_delta::supported-plan-swap::ridge::383002::squat_delta_capacity_kg,-0.0298971256845304,psr:audit-result:iid_latent_capacity_change_with_transient_expression_forecasting-training_plan_counterfactual_sensitivity@1.0.0~8dbdda8d919c
RES-281,iid_latent_capacity_change_with_transient_expression_forecasting@1.0.0,training_plan_counterfactual_sensitivity@1.0.0,INCONCLUSIVE,res281-training_plan_counterfactual_sensitivity-813878ab3f2a,rmse_delta::supported-plan-swap::ridge::383003::bench_press_delta_capacity_kg,0.007135589919891494,psr:audit-result:iid_latent_capacity_change_with_transient_expression_forecasting-training_plan_counterfactual_sensitivity@1.0.0~8dbdda8d919c
RES-281,iid_latent_capacity_change_with_transient_expression_forecasting@1.0.0,training_plan_counterfactual_sensitivity@1.0.0,INCONCLUSIVE,res281-training_plan_counterfactual_sensitivity-813878ab3f2a,rmse_delta::supported-plan-swap::ridge::383003::deadlift_delta_capacity_kg,1.1668581418288904,psr:audit-result:iid_latent_capacity_change_with_transient_expression_forecasting-training_plan_counterfactual_sensitivity@1.0.0~8dbdda8d919c
RES-281,iid_latent_capacity_change_with_transient_expression_forecasting@1.0.0,training_plan_counterfactual_sensitivity@1.0.0,INCONCLUSIVE,res281-training_plan_counterfactual_sensitivity-813878ab3f2a,rmse_delta::supported-plan-swap::ridge::383003::squat_delta_capacity_kg,-0.0298971256845304,psr:audit-result:iid_latent_capacity_change_with_transient_expression_forecasting-training_plan_counterfactual_sensitivity@1.0.0~8dbdda8d919c
