target,candidate_a,candidate_b,RMSE_rank_a,MAE_rank_a,R²_rank_a,SRE(ddof=0)_rank_a,RMSE_rank_b,MAE_rank_b,R²_rank_b,SRE(ddof=0)_rank_b,RMSE_vs_MAE_relation,RMSE_vs_R²_relation,RMSE_vs_SRE(ddof=0)_relation,MAE_vs_R²_relation,MAE_vs_SRE(ddof=0)_relation,R²_vs_SRE(ddof=0)_relation,reversed_metric_pairs
squat_delta_capacity_kg,compact_neural:383001,compact_neural:383002,6.0,6.0,6.0,6.0,5.0,5.0,5.0,5.0,SAME_ORDER,SAME_ORDER,SAME_ORDER,SAME_ORDER,SAME_ORDER,SAME_ORDER,[]
squat_delta_capacity_kg,compact_neural:383001,compact_neural:383003,6.0,6.0,6.0,6.0,7.0,7.0,7.0,7.0,SAME_ORDER,SAME_ORDER,SAME_ORDER,SAME_ORDER,SAME_ORDER,SAME_ORDER,[]
squat_delta_capacity_kg,compact_neural:383001,context_mean:383001,6.0,6.0,6.0,6.0,15.0,15.0,15.0,15.0,SAME_ORDER,SAME_ORDER,SAME_ORDER,SAME_ORDER,SAME_ORDER,SAME_ORDER,[]
squat_delta_capacity_kg,compact_neural:383001,context_mean:383002,6.0,6.0,6.0,6.0,15.0,15.0,15.0,15.0,SAME_ORDER,SAME_ORDER,SAME_ORDER,SAME_ORDER,SAME_ORDER,SAME_ORDER,[]
squat_delta_capacity_kg,compact_neural:383001,context_mean:383003,6.0,6.0,6.0,6.0,15.0,15.0,15.0,15.0,SAME_ORDER,SAME_ORDER,SAME_ORDER,SAME_ORDER,SAME_ORDER,SAME_ORDER,[]
squat_delta_capacity_kg,compact_neural:383001,histogram_boosted_stumps:383001,6.0,6.0,6.0,6.0,21.0,18.0,21.0,21.0,SAME_ORDER,SAME_ORDER,SAME_ORDER,SAME_ORDER,SAME_ORDER,SAME_ORDER,[]
squat_delta_capacity_kg,compact_neural:383001,histogram_boosted_stumps:383002,6.0,6.0,6.0,6.0,21.0,18.0,21.0,21.0,SAME_ORDER,SAME_ORDER,SAME_ORDER,SAME_ORDER,SAME_ORDER,SAME_ORDER,[]
squat_delta_capacity_kg,compact_neural:383001,histogram_boosted_stumps:383003,6.0,6.0,6.0,6.0,21.0,18.0,21.0,21.0,SAME_ORDER,SAME_ORDER,SAME_ORDER,SAME_ORDER,SAME_ORDER,SAME_ORDER,[]
squat_delta_capacity_kg,compact_neural:383001,mechanistic_midpoint:383001,6.0,6.0,6.0,6.0,12.0,9.0,12.0,12.0,SAME_ORDER,SAME_ORDER,SAME_ORDER,SAME_ORDER,SAME_ORDER,SAME_ORDER,[]
squat_delta_capacity_kg,compact_neural:383001,mechanistic_midpoint:383002,6.0,6.0,6.0,6.0,12.0,9.0,12.0,12.0,SAME_ORDER,SAME_ORDER,SAME_ORDER,SAME_ORDER,SAME_ORDER,SAME_ORDER,[]
squat_delta_capacity_kg,compact_neural:383001,mechanistic_midpoint:383003,6.0,6.0,6.0,6.0,12.0,9.0,12.0,12.0,SAME_ORDER,SAME_ORDER,SAME_ORDER,SAME_ORDER,SAME_ORDER,SAME_ORDER,[]
squat_delta_capacity_kg,compact_neural:383001,mechanistic_ridge_residual:383001,6.0,6.0,6.0,6.0,9.0,12.0,9.0,9.0,SAME_ORDER,SAME_ORDER,SAME_ORDER,SAME_ORDER,SAME_ORDER,SAME_ORDER,[]
squat_delta_capacity_kg,compact_neural:383001,mechanistic_ridge_residual:383002,6.0,6.0,6.0,6.0,9.0,12.0,9.0,9.0,SAME_ORDER,SAME_ORDER,SAME_ORDER,SAME_ORDER,SAME_ORDER,SAME_ORDER,[]
squat_delta_capacity_kg,compact_neural:383001,mechanistic_ridge_residual:383003,6.0,6.0,6.0,6.0,9.0,12.0,9.0,9.0,SAME_ORDER,SAME_ORDER,SAME_ORDER,SAME_ORDER,SAME_ORDER,SAME_ORDER,[]
squat_delta_capacity_kg,compact_neural:383001,public-native-temporal-expert:383001,6.0,6.0,6.0,6.0,4.0,4.0,4.0,4.0,SAME_ORDER,SAME_ORDER,SAME_ORDER,SAME_ORDER,SAME_ORDER,SAME_ORDER,[]
squat_delta_capacity_kg,compact_neural:383001,public-native-temporal-expert:383002,6.0,6.0,6.0,6.0,2.0,3.0,2.0,2.0,SAME_ORDER,SAME_ORDER,SAME_ORDER,SAME_ORDER,SAME_ORDER,SAME_ORDER,[]
squat_delta_capacity_kg,compact_neural:383001,public-native-temporal-expert:383003,6.0,6.0,6.0,6.0,3.0,1.0,3.0,3.0,SAME_ORDER,SAME_ORDER,SAME_ORDER,SAME_ORDER,SAME_ORDER,SAME_ORDER,[]
squat_delta_capacity_kg,compact_neural:383001,public-native-temporal-expert:ensemble,6.0,6.0,6.0,6.0,1.0,2.0,1.0,1.0,SAME_ORDER,SAME_ORDER,SAME_ORDER,SAME_ORDER,SAME_ORDER,SAME_ORDER,[]
squat_delta_capacity_kg,compact_neural:383001,ridge:383001,6.0,6.0,6.0,6.0,18.0,21.0,18.0,18.0,SAME_ORDER,SAME_ORDER,SAME_ORDER,SAME_ORDER,SAME_ORDER,SAME_ORDER,[]
squat_delta_capacity_kg,compact_neural:383001,ridge:383002,6.0,6.0,6.0,6.0,18.0,21.0,18.0,18.0,SAME_ORDER,SAME_ORDER,SAME_ORDER,SAME_ORDER,SAME_ORDER,SAME_ORDER,[]
squat_delta_capacity_kg,compact_neural:383001,ridge:383003,6.0,6.0,6.0,6.0,18.0,21.0,18.0,18.0,SAME_ORDER,SAME_ORDER,SAME_ORDER,SAME_ORDER,SAME_ORDER,SAME_ORDER,[]
squat_delta_capacity_kg,compact_neural:383002,compact_neural:383003,5.0,5.0,5.0,5.0,7.0,7.0,7.0,7.0,SAME_ORDER,SAME_ORDER,SAME_ORDER,SAME_ORDER,SAME_ORDER,SAME_ORDER,[]
squat_delta_capacity_kg,compact_neural:383002,context_mean:383001,5.0,5.0,5.0,5.0,15.0,15.0,15.0,15.0,SAME_ORDER,SAME_ORDER,SAME_ORDER,SAME_ORDER,SAME_ORDER,SAME_ORDER,[]
squat_delta_capacity_kg,compact_neural:383002,context_mean:383002,5.0,5.0,5.0,5.0,15.0,15.0,15.0,15.0,SAME_ORDER,SAME_ORDER,SAME_ORDER,SAME_ORDER,SAME_ORDER,SAME_ORDER,[]
squat_delta_capacity_kg,compact_neural:383002,context_mean:383003,5.0,5.0,5.0,5.0,15.0,15.0,15.0,15.0,SAME_ORDER,SAME_ORDER,SAME_ORDER,SAME_ORDER,SAME_ORDER,SAME_ORDER,[]
squat_delta_capacity_kg,compact_neural:383002,histogram_boosted_stumps:383001,5.0,5.0,5.0,5.0,21.0,18.0,21.0,21.0,SAME_ORDER,SAME_ORDER,SAME_ORDER,SAME_ORDER,SAME_ORDER,SAME_ORDER,[]
squat_delta_capacity_kg,compact_neural:383002,histogram_boosted_stumps:383002,5.0,5.0,5.0,5.0,21.0,18.0,21.0,21.0,SAME_ORDER,SAME_ORDER,SAME_ORDER,SAME_ORDER,SAME_ORDER,SAME_ORDER,[]
squat_delta_capacity_kg,compact_neural:383002,histogram_boosted_stumps:383003,5.0,5.0,5.0,5.0,21.0,18.0,21.0,21.0,SAME_ORDER,SAME_ORDER,SAME_ORDER,SAME_ORDER,SAME_ORDER,SAME_ORDER,[]
squat_delta_capacity_kg,compact_neural:383002,mechanistic_midpoint:383001,5.0,5.0,5.0,5.0,12.0,9.0,12.0,12.0,SAME_ORDER,SAME_ORDER,SAME_ORDER,SAME_ORDER,SAME_ORDER,SAME_ORDER,[]
squat_delta_capacity_kg,compact_neural:383002,mechanistic_midpoint:383002,5.0,5.0,5.0,5.0,12.0,9.0,12.0,12.0,SAME_ORDER,SAME_ORDER,SAME_ORDER,SAME_ORDER,SAME_ORDER,SAME_ORDER,[]
squat_delta_capacity_kg,compact_neural:383002,mechanistic_midpoint:383003,5.0,5.0,5.0,5.0,12.0,9.0,12.0,12.0,SAME_ORDER,SAME_ORDER,SAME_ORDER,SAME_ORDER,SAME_ORDER,SAME_ORDER,[]
squat_delta_capacity_kg,compact_neural:383002,mechanistic_ridge_residual:383001,5.0,5.0,5.0,5.0,9.0,12.0,9.0,9.0,SAME_ORDER,SAME_ORDER,SAME_ORDER,SAME_ORDER,SAME_ORDER,SAME_ORDER,[]
squat_delta_capacity_kg,compact_neural:383002,mechanistic_ridge_residual:383002,5.0,5.0,5.0,5.0,9.0,12.0,9.0,9.0,SAME_ORDER,SAME_ORDER,SAME_ORDER,SAME_ORDER,SAME_ORDER,SAME_ORDER,[]
squat_delta_capacity_kg,compact_neural:383002,mechanistic_ridge_residual:383003,5.0,5.0,5.0,5.0,9.0,12.0,9.0,9.0,SAME_ORDER,SAME_ORDER,SAME_ORDER,SAME_ORDER,SAME_ORDER,SAME_ORDER,[]
squat_delta_capacity_kg,compact_neural:383002,public-native-temporal-expert:383001,5.0,5.0,5.0,5.0,4.0,4.0,4.0,4.0,SAME_ORDER,SAME_ORDER,SAME_ORDER,SAME_ORDER,SAME_ORDER,SAME_ORDER,[]
squat_delta_capacity_kg,compact_neural:383002,public-native-temporal-expert:383002,5.0,5.0,5.0,5.0,2.0,3.0,2.0,2.0,SAME_ORDER,SAME_ORDER,SAME_ORDER,SAME_ORDER,SAME_ORDER,SAME_ORDER,[]
squat_delta_capacity_kg,compact_neural:383002,public-native-temporal-expert:383003,5.0,5.0,5.0,5.0,3.0,1.0,3.0,3.0,SAME_ORDER,SAME_ORDER,SAME_ORDER,SAME_ORDER,SAME_ORDER,SAME_ORDER,[]
squat_delta_capacity_kg,compact_neural:383002,public-native-temporal-expert:ensemble,5.0,5.0,5.0,5.0,1.0,2.0,1.0,1.0,SAME_ORDER,SAME_ORDER,SAME_ORDER,SAME_ORDER,SAME_ORDER,SAME_ORDER,[]
squat_delta_capacity_kg,compact_neural:383002,ridge:383001,5.0,5.0,5.0,5.0,18.0,21.0,18.0,18.0,SAME_ORDER,SAME_ORDER,SAME_ORDER,SAME_ORDER,SAME_ORDER,SAME_ORDER,[]
squat_delta_capacity_kg,compact_neural:383002,ridge:383002,5.0,5.0,5.0,5.0,18.0,21.0,18.0,18.0,SAME_ORDER,SAME_ORDER,SAME_ORDER,SAME_ORDER,SAME_ORDER,SAME_ORDER,[]
squat_delta_capacity_kg,compact_neural:383002,ridge:383003,5.0,5.0,5.0,5.0,18.0,21.0,18.0,18.0,SAME_ORDER,SAME_ORDER,SAME_ORDER,SAME_ORDER,SAME_ORDER,SAME_ORDER,[]
squat_delta_capacity_kg,compact_neural:383003,context_mean:383001,7.0,7.0,7.0,7.0,15.0,15.0,15.0,15.0,SAME_ORDER,SAME_ORDER,SAME_ORDER,SAME_ORDER,SAME_ORDER,SAME_ORDER,[]
squat_delta_capacity_kg,compact_neural:383003,context_mean:383002,7.0,7.0,7.0,7.0,15.0,15.0,15.0,15.0,SAME_ORDER,SAME_ORDER,SAME_ORDER,SAME_ORDER,SAME_ORDER,SAME_ORDER,[]
squat_delta_capacity_kg,compact_neural:383003,context_mean:383003,7.0,7.0,7.0,7.0,15.0,15.0,15.0,15.0,SAME_ORDER,SAME_ORDER,SAME_ORDER,SAME_ORDER,SAME_ORDER,SAME_ORDER,[]
squat_delta_capacity_kg,compact_neural:383003,histogram_boosted_stumps:383001,7.0,7.0,7.0,7.0,21.0,18.0,21.0,21.0,SAME_ORDER,SAME_ORDER,SAME_ORDER,SAME_ORDER,SAME_ORDER,SAME_ORDER,[]
squat_delta_capacity_kg,compact_neural:383003,histogram_boosted_stumps:383002,7.0,7.0,7.0,7.0,21.0,18.0,21.0,21.0,SAME_ORDER,SAME_ORDER,SAME_ORDER,SAME_ORDER,SAME_ORDER,SAME_ORDER,[]
squat_delta_capacity_kg,compact_neural:383003,histogram_boosted_stumps:383003,7.0,7.0,7.0,7.0,21.0,18.0,21.0,21.0,SAME_ORDER,SAME_ORDER,SAME_ORDER,SAME_ORDER,SAME_ORDER,SAME_ORDER,[]
squat_delta_capacity_kg,compact_neural:383003,mechanistic_midpoint:383001,7.0,7.0,7.0,7.0,12.0,9.0,12.0,12.0,SAME_ORDER,SAME_ORDER,SAME_ORDER,SAME_ORDER,SAME_ORDER,SAME_ORDER,[]
squat_delta_capacity_kg,compact_neural:383003,mechanistic_midpoint:383002,7.0,7.0,7.0,7.0,12.0,9.0,12.0,12.0,SAME_ORDER,SAME_ORDER,SAME_ORDER,SAME_ORDER,SAME_ORDER,SAME_ORDER,[]
squat_delta_capacity_kg,compact_neural:383003,mechanistic_midpoint:383003,7.0,7.0,7.0,7.0,12.0,9.0,12.0,12.0,SAME_ORDER,SAME_ORDER,SAME_ORDER,SAME_ORDER,SAME_ORDER,SAME_ORDER,[]
squat_delta_capacity_kg,compact_neural:383003,mechanistic_ridge_residual:383001,7.0,7.0,7.0,7.0,9.0,12.0,9.0,9.0,SAME_ORDER,SAME_ORDER,SAME_ORDER,SAME_ORDER,SAME_ORDER,SAME_ORDER,[]
squat_delta_capacity_kg,compact_neural:383003,mechanistic_ridge_residual:383002,7.0,7.0,7.0,7.0,9.0,12.0,9.0,9.0,SAME_ORDER,SAME_ORDER,SAME_ORDER,SAME_ORDER,SAME_ORDER,SAME_ORDER,[]
squat_delta_capacity_kg,compact_neural:383003,mechanistic_ridge_residual:383003,7.0,7.0,7.0,7.0,9.0,12.0,9.0,9.0,SAME_ORDER,SAME_ORDER,SAME_ORDER,SAME_ORDER,SAME_ORDER,SAME_ORDER,[]
squat_delta_capacity_kg,compact_neural:383003,public-native-temporal-expert:383001,7.0,7.0,7.0,7.0,4.0,4.0,4.0,4.0,SAME_ORDER,SAME_ORDER,SAME_ORDER,SAME_ORDER,SAME_ORDER,SAME_ORDER,[]
squat_delta_capacity_kg,compact_neural:383003,public-native-temporal-expert:383002,7.0,7.0,7.0,7.0,2.0,3.0,2.0,2.0,SAME_ORDER,SAME_ORDER,SAME_ORDER,SAME_ORDER,SAME_ORDER,SAME_ORDER,[]
squat_delta_capacity_kg,compact_neural:383003,public-native-temporal-expert:383003,7.0,7.0,7.0,7.0,3.0,1.0,3.0,3.0,SAME_ORDER,SAME_ORDER,SAME_ORDER,SAME_ORDER,SAME_ORDER,SAME_ORDER,[]
squat_delta_capacity_kg,compact_neural:383003,public-native-temporal-expert:ensemble,7.0,7.0,7.0,7.0,1.0,2.0,1.0,1.0,SAME_ORDER,SAME_ORDER,SAME_ORDER,SAME_ORDER,SAME_ORDER,SAME_ORDER,[]
squat_delta_capacity_kg,compact_neural:383003,ridge:383001,7.0,7.0,7.0,7.0,18.0,21.0,18.0,18.0,SAME_ORDER,SAME_ORDER,SAME_ORDER,SAME_ORDER,SAME_ORDER,SAME_ORDER,[]
squat_delta_capacity_kg,compact_neural:383003,ridge:383002,7.0,7.0,7.0,7.0,18.0,21.0,18.0,18.0,SAME_ORDER,SAME_ORDER,SAME_ORDER,SAME_ORDER,SAME_ORDER,SAME_ORDER,[]
squat_delta_capacity_kg,compact_neural:383003,ridge:383003,7.0,7.0,7.0,7.0,18.0,21.0,18.0,18.0,SAME_ORDER,SAME_ORDER,SAME_ORDER,SAME_ORDER,SAME_ORDER,SAME_ORDER,[]
squat_delta_capacity_kg,context_mean:383001,context_mean:383002,15.0,15.0,15.0,15.0,15.0,15.0,15.0,15.0,TIE,TIE,TIE,TIE,TIE,TIE,[]
squat_delta_capacity_kg,context_mean:383001,context_mean:383003,15.0,15.0,15.0,15.0,15.0,15.0,15.0,15.0,TIE,TIE,TIE,TIE,TIE,TIE,[]
squat_delta_capacity_kg,context_mean:383001,histogram_boosted_stumps:383001,15.0,15.0,15.0,15.0,21.0,18.0,21.0,21.0,SAME_ORDER,SAME_ORDER,SAME_ORDER,SAME_ORDER,SAME_ORDER,SAME_ORDER,[]
squat_delta_capacity_kg,context_mean:383001,histogram_boosted_stumps:383002,15.0,15.0,15.0,15.0,21.0,18.0,21.0,21.0,SAME_ORDER,SAME_ORDER,SAME_ORDER,SAME_ORDER,SAME_ORDER,SAME_ORDER,[]
squat_delta_capacity_kg,context_mean:383001,histogram_boosted_stumps:383003,15.0,15.0,15.0,15.0,21.0,18.0,21.0,21.0,SAME_ORDER,SAME_ORDER,SAME_ORDER,SAME_ORDER,SAME_ORDER,SAME_ORDER,[]
squat_delta_capacity_kg,context_mean:383001,mechanistic_midpoint:383001,15.0,15.0,15.0,15.0,12.0,9.0,12.0,12.0,SAME_ORDER,SAME_ORDER,SAME_ORDER,SAME_ORDER,SAME_ORDER,SAME_ORDER,[]
squat_delta_capacity_kg,context_mean:383001,mechanistic_midpoint:383002,15.0,15.0,15.0,15.0,12.0,9.0,12.0,12.0,SAME_ORDER,SAME_ORDER,SAME_ORDER,SAME_ORDER,SAME_ORDER,SAME_ORDER,[]
squat_delta_capacity_kg,context_mean:383001,mechanistic_midpoint:383003,15.0,15.0,15.0,15.0,12.0,9.0,12.0,12.0,SAME_ORDER,SAME_ORDER,SAME_ORDER,SAME_ORDER,SAME_ORDER,SAME_ORDER,[]
squat_delta_capacity_kg,context_mean:383001,mechanistic_ridge_residual:383001,15.0,15.0,15.0,15.0,9.0,12.0,9.0,9.0,SAME_ORDER,SAME_ORDER,SAME_ORDER,SAME_ORDER,SAME_ORDER,SAME_ORDER,[]
squat_delta_capacity_kg,context_mean:383001,mechanistic_ridge_residual:383002,15.0,15.0,15.0,15.0,9.0,12.0,9.0,9.0,SAME_ORDER,SAME_ORDER,SAME_ORDER,SAME_ORDER,SAME_ORDER,SAME_ORDER,[]
squat_delta_capacity_kg,context_mean:383001,mechanistic_ridge_residual:383003,15.0,15.0,15.0,15.0,9.0,12.0,9.0,9.0,SAME_ORDER,SAME_ORDER,SAME_ORDER,SAME_ORDER,SAME_ORDER,SAME_ORDER,[]
squat_delta_capacity_kg,context_mean:383001,public-native-temporal-expert:383001,15.0,15.0,15.0,15.0,4.0,4.0,4.0,4.0,SAME_ORDER,SAME_ORDER,SAME_ORDER,SAME_ORDER,SAME_ORDER,SAME_ORDER,[]
squat_delta_capacity_kg,context_mean:383001,public-native-temporal-expert:383002,15.0,15.0,15.0,15.0,2.0,3.0,2.0,2.0,SAME_ORDER,SAME_ORDER,SAME_ORDER,SAME_ORDER,SAME_ORDER,SAME_ORDER,[]
squat_delta_capacity_kg,context_mean:383001,public-native-temporal-expert:383003,15.0,15.0,15.0,15.0,3.0,1.0,3.0,3.0,SAME_ORDER,SAME_ORDER,SAME_ORDER,SAME_ORDER,SAME_ORDER,SAME_ORDER,[]
squat_delta_capacity_kg,context_mean:383001,public-native-temporal-expert:ensemble,15.0,15.0,15.0,15.0,1.0,2.0,1.0,1.0,SAME_ORDER,SAME_ORDER,SAME_ORDER,SAME_ORDER,SAME_ORDER,SAME_ORDER,[]
squat_delta_capacity_kg,context_mean:383001,ridge:383001,15.0,15.0,15.0,15.0,18.0,21.0,18.0,18.0,SAME_ORDER,SAME_ORDER,SAME_ORDER,SAME_ORDER,SAME_ORDER,SAME_ORDER,[]
squat_delta_capacity_kg,context_mean:383001,ridge:383002,15.0,15.0,15.0,15.0,18.0,21.0,18.0,18.0,SAME_ORDER,SAME_ORDER,SAME_ORDER,SAME_ORDER,SAME_ORDER,SAME_ORDER,[]
squat_delta_capacity_kg,context_mean:383001,ridge:383003,15.0,15.0,15.0,15.0,18.0,21.0,18.0,18.0,SAME_ORDER,SAME_ORDER,SAME_ORDER,SAME_ORDER,SAME_ORDER,SAME_ORDER,[]
squat_delta_capacity_kg,context_mean:383002,context_mean:383003,15.0,15.0,15.0,15.0,15.0,15.0,15.0,15.0,TIE,TIE,TIE,TIE,TIE,TIE,[]
squat_delta_capacity_kg,context_mean:383002,histogram_boosted_stumps:383001,15.0,15.0,15.0,15.0,21.0,18.0,21.0,21.0,SAME_ORDER,SAME_ORDER,SAME_ORDER,SAME_ORDER,SAME_ORDER,SAME_ORDER,[]
squat_delta_capacity_kg,context_mean:383002,histogram_boosted_stumps:383002,15.0,15.0,15.0,15.0,21.0,18.0,21.0,21.0,SAME_ORDER,SAME_ORDER,SAME_ORDER,SAME_ORDER,SAME_ORDER,SAME_ORDER,[]
squat_delta_capacity_kg,context_mean:383002,histogram_boosted_stumps:383003,15.0,15.0,15.0,15.0,21.0,18.0,21.0,21.0,SAME_ORDER,SAME_ORDER,SAME_ORDER,SAME_ORDER,SAME_ORDER,SAME_ORDER,[]
squat_delta_capacity_kg,context_mean:383002,mechanistic_midpoint:383001,15.0,15.0,15.0,15.0,12.0,9.0,12.0,12.0,SAME_ORDER,SAME_ORDER,SAME_ORDER,SAME_ORDER,SAME_ORDER,SAME_ORDER,[]
squat_delta_capacity_kg,context_mean:383002,mechanistic_midpoint:383002,15.0,15.0,15.0,15.0,12.0,9.0,12.0,12.0,SAME_ORDER,SAME_ORDER,SAME_ORDER,SAME_ORDER,SAME_ORDER,SAME_ORDER,[]
squat_delta_capacity_kg,context_mean:383002,mechanistic_midpoint:383003,15.0,15.0,15.0,15.0,12.0,9.0,12.0,12.0,SAME_ORDER,SAME_ORDER,SAME_ORDER,SAME_ORDER,SAME_ORDER,SAME_ORDER,[]
squat_delta_capacity_kg,context_mean:383002,mechanistic_ridge_residual:383001,15.0,15.0,15.0,15.0,9.0,12.0,9.0,9.0,SAME_ORDER,SAME_ORDER,SAME_ORDER,SAME_ORDER,SAME_ORDER,SAME_ORDER,[]
squat_delta_capacity_kg,context_mean:383002,mechanistic_ridge_residual:383002,15.0,15.0,15.0,15.0,9.0,12.0,9.0,9.0,SAME_ORDER,SAME_ORDER,SAME_ORDER,SAME_ORDER,SAME_ORDER,SAME_ORDER,[]
squat_delta_capacity_kg,context_mean:383002,mechanistic_ridge_residual:383003,15.0,15.0,15.0,15.0,9.0,12.0,9.0,9.0,SAME_ORDER,SAME_ORDER,SAME_ORDER,SAME_ORDER,SAME_ORDER,SAME_ORDER,[]
squat_delta_capacity_kg,context_mean:383002,public-native-temporal-expert:383001,15.0,15.0,15.0,15.0,4.0,4.0,4.0,4.0,SAME_ORDER,SAME_ORDER,SAME_ORDER,SAME_ORDER,SAME_ORDER,SAME_ORDER,[]
squat_delta_capacity_kg,context_mean:383002,public-native-temporal-expert:383002,15.0,15.0,15.0,15.0,2.0,3.0,2.0,2.0,SAME_ORDER,SAME_ORDER,SAME_ORDER,SAME_ORDER,SAME_ORDER,SAME_ORDER,[]
squat_delta_capacity_kg,context_mean:383002,public-native-temporal-expert:383003,15.0,15.0,15.0,15.0,3.0,1.0,3.0,3.0,SAME_ORDER,SAME_ORDER,SAME_ORDER,SAME_ORDER,SAME_ORDER,SAME_ORDER,[]
squat_delta_capacity_kg,context_mean:383002,public-native-temporal-expert:ensemble,15.0,15.0,15.0,15.0,1.0,2.0,1.0,1.0,SAME_ORDER,SAME_ORDER,SAME_ORDER,SAME_ORDER,SAME_ORDER,SAME_ORDER,[]
squat_delta_capacity_kg,context_mean:383002,ridge:383001,15.0,15.0,15.0,15.0,18.0,21.0,18.0,18.0,SAME_ORDER,SAME_ORDER,SAME_ORDER,SAME_ORDER,SAME_ORDER,SAME_ORDER,[]
squat_delta_capacity_kg,context_mean:383002,ridge:383002,15.0,15.0,15.0,15.0,18.0,21.0,18.0,18.0,SAME_ORDER,SAME_ORDER,SAME_ORDER,SAME_ORDER,SAME_ORDER,SAME_ORDER,[]
squat_delta_capacity_kg,context_mean:383002,ridge:383003,15.0,15.0,15.0,15.0,18.0,21.0,18.0,18.0,SAME_ORDER,SAME_ORDER,SAME_ORDER,SAME_ORDER,SAME_ORDER,SAME_ORDER,[]
squat_delta_capacity_kg,context_mean:383003,histogram_boosted_stumps:383001,15.0,15.0,15.0,15.0,21.0,18.0,21.0,21.0,SAME_ORDER,SAME_ORDER,SAME_ORDER,SAME_ORDER,SAME_ORDER,SAME_ORDER,[]
squat_delta_capacity_kg,context_mean:383003,histogram_boosted_stumps:383002,15.0,15.0,15.0,15.0,21.0,18.0,21.0,21.0,SAME_ORDER,SAME_ORDER,SAME_ORDER,SAME_ORDER,SAME_ORDER,SAME_ORDER,[]
squat_delta_capacity_kg,context_mean:383003,histogram_boosted_stumps:383003,15.0,15.0,15.0,15.0,21.0,18.0,21.0,21.0,SAME_ORDER,SAME_ORDER,SAME_ORDER,SAME_ORDER,SAME_ORDER,SAME_ORDER,[]
squat_delta_capacity_kg,context_mean:383003,mechanistic_midpoint:383001,15.0,15.0,15.0,15.0,12.0,9.0,12.0,12.0,SAME_ORDER,SAME_ORDER,SAME_ORDER,SAME_ORDER,SAME_ORDER,SAME_ORDER,[]
squat_delta_capacity_kg,context_mean:383003,mechanistic_midpoint:383002,15.0,15.0,15.0,15.0,12.0,9.0,12.0,12.0,SAME_ORDER,SAME_ORDER,SAME_ORDER,SAME_ORDER,SAME_ORDER,SAME_ORDER,[]
squat_delta_capacity_kg,context_mean:383003,mechanistic_midpoint:383003,15.0,15.0,15.0,15.0,12.0,9.0,12.0,12.0,SAME_ORDER,SAME_ORDER,SAME_ORDER,SAME_ORDER,SAME_ORDER,SAME_ORDER,[]
squat_delta_capacity_kg,context_mean:383003,mechanistic_ridge_residual:383001,15.0,15.0,15.0,15.0,9.0,12.0,9.0,9.0,SAME_ORDER,SAME_ORDER,SAME_ORDER,SAME_ORDER,SAME_ORDER,SAME_ORDER,[]
squat_delta_capacity_kg,context_mean:383003,mechanistic_ridge_residual:383002,15.0,15.0,15.0,15.0,9.0,12.0,9.0,9.0,SAME_ORDER,SAME_ORDER,SAME_ORDER,SAME_ORDER,SAME_ORDER,SAME_ORDER,[]
squat_delta_capacity_kg,context_mean:383003,mechanistic_ridge_residual:383003,15.0,15.0,15.0,15.0,9.0,12.0,9.0,9.0,SAME_ORDER,SAME_ORDER,SAME_ORDER,SAME_ORDER,SAME_ORDER,SAME_ORDER,[]
squat_delta_capacity_kg,context_mean:383003,public-native-temporal-expert:383001,15.0,15.0,15.0,15.0,4.0,4.0,4.0,4.0,SAME_ORDER,SAME_ORDER,SAME_ORDER,SAME_ORDER,SAME_ORDER,SAME_ORDER,[]
squat_delta_capacity_kg,context_mean:383003,public-native-temporal-expert:383002,15.0,15.0,15.0,15.0,2.0,3.0,2.0,2.0,SAME_ORDER,SAME_ORDER,SAME_ORDER,SAME_ORDER,SAME_ORDER,SAME_ORDER,[]
squat_delta_capacity_kg,context_mean:383003,public-native-temporal-expert:383003,15.0,15.0,15.0,15.0,3.0,1.0,3.0,3.0,SAME_ORDER,SAME_ORDER,SAME_ORDER,SAME_ORDER,SAME_ORDER,SAME_ORDER,[]
squat_delta_capacity_kg,context_mean:383003,public-native-temporal-expert:ensemble,15.0,15.0,15.0,15.0,1.0,2.0,1.0,1.0,SAME_ORDER,SAME_ORDER,SAME_ORDER,SAME_ORDER,SAME_ORDER,SAME_ORDER,[]
squat_delta_capacity_kg,context_mean:383003,ridge:383001,15.0,15.0,15.0,15.0,18.0,21.0,18.0,18.0,SAME_ORDER,SAME_ORDER,SAME_ORDER,SAME_ORDER,SAME_ORDER,SAME_ORDER,[]
squat_delta_capacity_kg,context_mean:383003,ridge:383002,15.0,15.0,15.0,15.0,18.0,21.0,18.0,18.0,SAME_ORDER,SAME_ORDER,SAME_ORDER,SAME_ORDER,SAME_ORDER,SAME_ORDER,[]
squat_delta_capacity_kg,context_mean:383003,ridge:383003,15.0,15.0,15.0,15.0,18.0,21.0,18.0,18.0,SAME_ORDER,SAME_ORDER,SAME_ORDER,SAME_ORDER,SAME_ORDER,SAME_ORDER,[]
squat_delta_capacity_kg,histogram_boosted_stumps:383001,histogram_boosted_stumps:383002,21.0,18.0,21.0,21.0,21.0,18.0,21.0,21.0,TIE,TIE,TIE,TIE,TIE,TIE,[]
squat_delta_capacity_kg,histogram_boosted_stumps:383001,histogram_boosted_stumps:383003,21.0,18.0,21.0,21.0,21.0,18.0,21.0,21.0,TIE,TIE,TIE,TIE,TIE,TIE,[]
squat_delta_capacity_kg,histogram_boosted_stumps:383001,mechanistic_midpoint:383001,21.0,18.0,21.0,21.0,12.0,9.0,12.0,12.0,SAME_ORDER,SAME_ORDER,SAME_ORDER,SAME_ORDER,SAME_ORDER,SAME_ORDER,[]
squat_delta_capacity_kg,histogram_boosted_stumps:383001,mechanistic_midpoint:383002,21.0,18.0,21.0,21.0,12.0,9.0,12.0,12.0,SAME_ORDER,SAME_ORDER,SAME_ORDER,SAME_ORDER,SAME_ORDER,SAME_ORDER,[]
squat_delta_capacity_kg,histogram_boosted_stumps:383001,mechanistic_midpoint:383003,21.0,18.0,21.0,21.0,12.0,9.0,12.0,12.0,SAME_ORDER,SAME_ORDER,SAME_ORDER,SAME_ORDER,SAME_ORDER,SAME_ORDER,[]
squat_delta_capacity_kg,histogram_boosted_stumps:383001,mechanistic_ridge_residual:383001,21.0,18.0,21.0,21.0,9.0,12.0,9.0,9.0,SAME_ORDER,SAME_ORDER,SAME_ORDER,SAME_ORDER,SAME_ORDER,SAME_ORDER,[]
squat_delta_capacity_kg,histogram_boosted_stumps:383001,mechanistic_ridge_residual:383002,21.0,18.0,21.0,21.0,9.0,12.0,9.0,9.0,SAME_ORDER,SAME_ORDER,SAME_ORDER,SAME_ORDER,SAME_ORDER,SAME_ORDER,[]
squat_delta_capacity_kg,histogram_boosted_stumps:383001,mechanistic_ridge_residual:383003,21.0,18.0,21.0,21.0,9.0,12.0,9.0,9.0,SAME_ORDER,SAME_ORDER,SAME_ORDER,SAME_ORDER,SAME_ORDER,SAME_ORDER,[]
squat_delta_capacity_kg,histogram_boosted_stumps:383001,public-native-temporal-expert:383001,21.0,18.0,21.0,21.0,4.0,4.0,4.0,4.0,SAME_ORDER,SAME_ORDER,SAME_ORDER,SAME_ORDER,SAME_ORDER,SAME_ORDER,[]
squat_delta_capacity_kg,histogram_boosted_stumps:383001,public-native-temporal-expert:383002,21.0,18.0,21.0,21.0,2.0,3.0,2.0,2.0,SAME_ORDER,SAME_ORDER,SAME_ORDER,SAME_ORDER,SAME_ORDER,SAME_ORDER,[]
squat_delta_capacity_kg,histogram_boosted_stumps:383001,public-native-temporal-expert:383003,21.0,18.0,21.0,21.0,3.0,1.0,3.0,3.0,SAME_ORDER,SAME_ORDER,SAME_ORDER,SAME_ORDER,SAME_ORDER,SAME_ORDER,[]
squat_delta_capacity_kg,histogram_boosted_stumps:383001,public-native-temporal-expert:ensemble,21.0,18.0,21.0,21.0,1.0,2.0,1.0,1.0,SAME_ORDER,SAME_ORDER,SAME_ORDER,SAME_ORDER,SAME_ORDER,SAME_ORDER,[]
squat_delta_capacity_kg,histogram_boosted_stumps:383001,ridge:383001,21.0,18.0,21.0,21.0,18.0,21.0,18.0,18.0,REVERSAL,SAME_ORDER,SAME_ORDER,REVERSAL,REVERSAL,SAME_ORDER,"[""RMSE vs MAE"",""MAE vs R\u00b2"",""MAE vs SRE(ddof=0)""]"
squat_delta_capacity_kg,histogram_boosted_stumps:383001,ridge:383002,21.0,18.0,21.0,21.0,18.0,21.0,18.0,18.0,REVERSAL,SAME_ORDER,SAME_ORDER,REVERSAL,REVERSAL,SAME_ORDER,"[""RMSE vs MAE"",""MAE vs R\u00b2"",""MAE vs SRE(ddof=0)""]"
squat_delta_capacity_kg,histogram_boosted_stumps:383001,ridge:383003,21.0,18.0,21.0,21.0,18.0,21.0,18.0,18.0,REVERSAL,SAME_ORDER,SAME_ORDER,REVERSAL,REVERSAL,SAME_ORDER,"[""RMSE vs MAE"",""MAE vs R\u00b2"",""MAE vs SRE(ddof=0)""]"
squat_delta_capacity_kg,histogram_boosted_stumps:383002,histogram_boosted_stumps:383003,21.0,18.0,21.0,21.0,21.0,18.0,21.0,21.0,TIE,TIE,TIE,TIE,TIE,TIE,[]
squat_delta_capacity_kg,histogram_boosted_stumps:383002,mechanistic_midpoint:383001,21.0,18.0,21.0,21.0,12.0,9.0,12.0,12.0,SAME_ORDER,SAME_ORDER,SAME_ORDER,SAME_ORDER,SAME_ORDER,SAME_ORDER,[]
squat_delta_capacity_kg,histogram_boosted_stumps:383002,mechanistic_midpoint:383002,21.0,18.0,21.0,21.0,12.0,9.0,12.0,12.0,SAME_ORDER,SAME_ORDER,SAME_ORDER,SAME_ORDER,SAME_ORDER,SAME_ORDER,[]
squat_delta_capacity_kg,histogram_boosted_stumps:383002,mechanistic_midpoint:383003,21.0,18.0,21.0,21.0,12.0,9.0,12.0,12.0,SAME_ORDER,SAME_ORDER,SAME_ORDER,SAME_ORDER,SAME_ORDER,SAME_ORDER,[]
squat_delta_capacity_kg,histogram_boosted_stumps:383002,mechanistic_ridge_residual:383001,21.0,18.0,21.0,21.0,9.0,12.0,9.0,9.0,SAME_ORDER,SAME_ORDER,SAME_ORDER,SAME_ORDER,SAME_ORDER,SAME_ORDER,[]
squat_delta_capacity_kg,histogram_boosted_stumps:383002,mechanistic_ridge_residual:383002,21.0,18.0,21.0,21.0,9.0,12.0,9.0,9.0,SAME_ORDER,SAME_ORDER,SAME_ORDER,SAME_ORDER,SAME_ORDER,SAME_ORDER,[]
squat_delta_capacity_kg,histogram_boosted_stumps:383002,mechanistic_ridge_residual:383003,21.0,18.0,21.0,21.0,9.0,12.0,9.0,9.0,SAME_ORDER,SAME_ORDER,SAME_ORDER,SAME_ORDER,SAME_ORDER,SAME_ORDER,[]
squat_delta_capacity_kg,histogram_boosted_stumps:383002,public-native-temporal-expert:383001,21.0,18.0,21.0,21.0,4.0,4.0,4.0,4.0,SAME_ORDER,SAME_ORDER,SAME_ORDER,SAME_ORDER,SAME_ORDER,SAME_ORDER,[]
squat_delta_capacity_kg,histogram_boosted_stumps:383002,public-native-temporal-expert:383002,21.0,18.0,21.0,21.0,2.0,3.0,2.0,2.0,SAME_ORDER,SAME_ORDER,SAME_ORDER,SAME_ORDER,SAME_ORDER,SAME_ORDER,[]
squat_delta_capacity_kg,histogram_boosted_stumps:383002,public-native-temporal-expert:383003,21.0,18.0,21.0,21.0,3.0,1.0,3.0,3.0,SAME_ORDER,SAME_ORDER,SAME_ORDER,SAME_ORDER,SAME_ORDER,SAME_ORDER,[]
squat_delta_capacity_kg,histogram_boosted_stumps:383002,public-native-temporal-expert:ensemble,21.0,18.0,21.0,21.0,1.0,2.0,1.0,1.0,SAME_ORDER,SAME_ORDER,SAME_ORDER,SAME_ORDER,SAME_ORDER,SAME_ORDER,[]
squat_delta_capacity_kg,histogram_boosted_stumps:383002,ridge:383001,21.0,18.0,21.0,21.0,18.0,21.0,18.0,18.0,REVERSAL,SAME_ORDER,SAME_ORDER,REVERSAL,REVERSAL,SAME_ORDER,"[""RMSE vs MAE"",""MAE vs R\u00b2"",""MAE vs SRE(ddof=0)""]"
squat_delta_capacity_kg,histogram_boosted_stumps:383002,ridge:383002,21.0,18.0,21.0,21.0,18.0,21.0,18.0,18.0,REVERSAL,SAME_ORDER,SAME_ORDER,REVERSAL,REVERSAL,SAME_ORDER,"[""RMSE vs MAE"",""MAE vs R\u00b2"",""MAE vs SRE(ddof=0)""]"
squat_delta_capacity_kg,histogram_boosted_stumps:383002,ridge:383003,21.0,18.0,21.0,21.0,18.0,21.0,18.0,18.0,REVERSAL,SAME_ORDER,SAME_ORDER,REVERSAL,REVERSAL,SAME_ORDER,"[""RMSE vs MAE"",""MAE vs R\u00b2"",""MAE vs SRE(ddof=0)""]"
squat_delta_capacity_kg,histogram_boosted_stumps:383003,mechanistic_midpoint:383001,21.0,18.0,21.0,21.0,12.0,9.0,12.0,12.0,SAME_ORDER,SAME_ORDER,SAME_ORDER,SAME_ORDER,SAME_ORDER,SAME_ORDER,[]
squat_delta_capacity_kg,histogram_boosted_stumps:383003,mechanistic_midpoint:383002,21.0,18.0,21.0,21.0,12.0,9.0,12.0,12.0,SAME_ORDER,SAME_ORDER,SAME_ORDER,SAME_ORDER,SAME_ORDER,SAME_ORDER,[]
squat_delta_capacity_kg,histogram_boosted_stumps:383003,mechanistic_midpoint:383003,21.0,18.0,21.0,21.0,12.0,9.0,12.0,12.0,SAME_ORDER,SAME_ORDER,SAME_ORDER,SAME_ORDER,SAME_ORDER,SAME_ORDER,[]
squat_delta_capacity_kg,histogram_boosted_stumps:383003,mechanistic_ridge_residual:383001,21.0,18.0,21.0,21.0,9.0,12.0,9.0,9.0,SAME_ORDER,SAME_ORDER,SAME_ORDER,SAME_ORDER,SAME_ORDER,SAME_ORDER,[]
squat_delta_capacity_kg,histogram_boosted_stumps:383003,mechanistic_ridge_residual:383002,21.0,18.0,21.0,21.0,9.0,12.0,9.0,9.0,SAME_ORDER,SAME_ORDER,SAME_ORDER,SAME_ORDER,SAME_ORDER,SAME_ORDER,[]
squat_delta_capacity_kg,histogram_boosted_stumps:383003,mechanistic_ridge_residual:383003,21.0,18.0,21.0,21.0,9.0,12.0,9.0,9.0,SAME_ORDER,SAME_ORDER,SAME_ORDER,SAME_ORDER,SAME_ORDER,SAME_ORDER,[]
squat_delta_capacity_kg,histogram_boosted_stumps:383003,public-native-temporal-expert:383001,21.0,18.0,21.0,21.0,4.0,4.0,4.0,4.0,SAME_ORDER,SAME_ORDER,SAME_ORDER,SAME_ORDER,SAME_ORDER,SAME_ORDER,[]
squat_delta_capacity_kg,histogram_boosted_stumps:383003,public-native-temporal-expert:383002,21.0,18.0,21.0,21.0,2.0,3.0,2.0,2.0,SAME_ORDER,SAME_ORDER,SAME_ORDER,SAME_ORDER,SAME_ORDER,SAME_ORDER,[]
squat_delta_capacity_kg,histogram_boosted_stumps:383003,public-native-temporal-expert:383003,21.0,18.0,21.0,21.0,3.0,1.0,3.0,3.0,SAME_ORDER,SAME_ORDER,SAME_ORDER,SAME_ORDER,SAME_ORDER,SAME_ORDER,[]
squat_delta_capacity_kg,histogram_boosted_stumps:383003,public-native-temporal-expert:ensemble,21.0,18.0,21.0,21.0,1.0,2.0,1.0,1.0,SAME_ORDER,SAME_ORDER,SAME_ORDER,SAME_ORDER,SAME_ORDER,SAME_ORDER,[]
squat_delta_capacity_kg,histogram_boosted_stumps:383003,ridge:383001,21.0,18.0,21.0,21.0,18.0,21.0,18.0,18.0,REVERSAL,SAME_ORDER,SAME_ORDER,REVERSAL,REVERSAL,SAME_ORDER,"[""RMSE vs MAE"",""MAE vs R\u00b2"",""MAE vs SRE(ddof=0)""]"
squat_delta_capacity_kg,histogram_boosted_stumps:383003,ridge:383002,21.0,18.0,21.0,21.0,18.0,21.0,18.0,18.0,REVERSAL,SAME_ORDER,SAME_ORDER,REVERSAL,REVERSAL,SAME_ORDER,"[""RMSE vs MAE"",""MAE vs R\u00b2"",""MAE vs SRE(ddof=0)""]"
squat_delta_capacity_kg,histogram_boosted_stumps:383003,ridge:383003,21.0,18.0,21.0,21.0,18.0,21.0,18.0,18.0,REVERSAL,SAME_ORDER,SAME_ORDER,REVERSAL,REVERSAL,SAME_ORDER,"[""RMSE vs MAE"",""MAE vs R\u00b2"",""MAE vs SRE(ddof=0)""]"
squat_delta_capacity_kg,mechanistic_midpoint:383001,mechanistic_midpoint:383002,12.0,9.0,12.0,12.0,12.0,9.0,12.0,12.0,TIE,TIE,TIE,TIE,TIE,TIE,[]
squat_delta_capacity_kg,mechanistic_midpoint:383001,mechanistic_midpoint:383003,12.0,9.0,12.0,12.0,12.0,9.0,12.0,12.0,TIE,TIE,TIE,TIE,TIE,TIE,[]
squat_delta_capacity_kg,mechanistic_midpoint:383001,mechanistic_ridge_residual:383001,12.0,9.0,12.0,12.0,9.0,12.0,9.0,9.0,REVERSAL,SAME_ORDER,SAME_ORDER,REVERSAL,REVERSAL,SAME_ORDER,"[""RMSE vs MAE"",""MAE vs R\u00b2"",""MAE vs SRE(ddof=0)""]"
squat_delta_capacity_kg,mechanistic_midpoint:383001,mechanistic_ridge_residual:383002,12.0,9.0,12.0,12.0,9.0,12.0,9.0,9.0,REVERSAL,SAME_ORDER,SAME_ORDER,REVERSAL,REVERSAL,SAME_ORDER,"[""RMSE vs MAE"",""MAE vs R\u00b2"",""MAE vs SRE(ddof=0)""]"
squat_delta_capacity_kg,mechanistic_midpoint:383001,mechanistic_ridge_residual:383003,12.0,9.0,12.0,12.0,9.0,12.0,9.0,9.0,REVERSAL,SAME_ORDER,SAME_ORDER,REVERSAL,REVERSAL,SAME_ORDER,"[""RMSE vs MAE"",""MAE vs R\u00b2"",""MAE vs SRE(ddof=0)""]"
squat_delta_capacity_kg,mechanistic_midpoint:383001,public-native-temporal-expert:383001,12.0,9.0,12.0,12.0,4.0,4.0,4.0,4.0,SAME_ORDER,SAME_ORDER,SAME_ORDER,SAME_ORDER,SAME_ORDER,SAME_ORDER,[]
squat_delta_capacity_kg,mechanistic_midpoint:383001,public-native-temporal-expert:383002,12.0,9.0,12.0,12.0,2.0,3.0,2.0,2.0,SAME_ORDER,SAME_ORDER,SAME_ORDER,SAME_ORDER,SAME_ORDER,SAME_ORDER,[]
squat_delta_capacity_kg,mechanistic_midpoint:383001,public-native-temporal-expert:383003,12.0,9.0,12.0,12.0,3.0,1.0,3.0,3.0,SAME_ORDER,SAME_ORDER,SAME_ORDER,SAME_ORDER,SAME_ORDER,SAME_ORDER,[]
squat_delta_capacity_kg,mechanistic_midpoint:383001,public-native-temporal-expert:ensemble,12.0,9.0,12.0,12.0,1.0,2.0,1.0,1.0,SAME_ORDER,SAME_ORDER,SAME_ORDER,SAME_ORDER,SAME_ORDER,SAME_ORDER,[]
squat_delta_capacity_kg,mechanistic_midpoint:383001,ridge:383001,12.0,9.0,12.0,12.0,18.0,21.0,18.0,18.0,SAME_ORDER,SAME_ORDER,SAME_ORDER,SAME_ORDER,SAME_ORDER,SAME_ORDER,[]
squat_delta_capacity_kg,mechanistic_midpoint:383001,ridge:383002,12.0,9.0,12.0,12.0,18.0,21.0,18.0,18.0,SAME_ORDER,SAME_ORDER,SAME_ORDER,SAME_ORDER,SAME_ORDER,SAME_ORDER,[]
squat_delta_capacity_kg,mechanistic_midpoint:383001,ridge:383003,12.0,9.0,12.0,12.0,18.0,21.0,18.0,18.0,SAME_ORDER,SAME_ORDER,SAME_ORDER,SAME_ORDER,SAME_ORDER,SAME_ORDER,[]
squat_delta_capacity_kg,mechanistic_midpoint:383002,mechanistic_midpoint:383003,12.0,9.0,12.0,12.0,12.0,9.0,12.0,12.0,TIE,TIE,TIE,TIE,TIE,TIE,[]
squat_delta_capacity_kg,mechanistic_midpoint:383002,mechanistic_ridge_residual:383001,12.0,9.0,12.0,12.0,9.0,12.0,9.0,9.0,REVERSAL,SAME_ORDER,SAME_ORDER,REVERSAL,REVERSAL,SAME_ORDER,"[""RMSE vs MAE"",""MAE vs R\u00b2"",""MAE vs SRE(ddof=0)""]"
squat_delta_capacity_kg,mechanistic_midpoint:383002,mechanistic_ridge_residual:383002,12.0,9.0,12.0,12.0,9.0,12.0,9.0,9.0,REVERSAL,SAME_ORDER,SAME_ORDER,REVERSAL,REVERSAL,SAME_ORDER,"[""RMSE vs MAE"",""MAE vs R\u00b2"",""MAE vs SRE(ddof=0)""]"
squat_delta_capacity_kg,mechanistic_midpoint:383002,mechanistic_ridge_residual:383003,12.0,9.0,12.0,12.0,9.0,12.0,9.0,9.0,REVERSAL,SAME_ORDER,SAME_ORDER,REVERSAL,REVERSAL,SAME_ORDER,"[""RMSE vs MAE"",""MAE vs R\u00b2"",""MAE vs SRE(ddof=0)""]"
squat_delta_capacity_kg,mechanistic_midpoint:383002,public-native-temporal-expert:383001,12.0,9.0,12.0,12.0,4.0,4.0,4.0,4.0,SAME_ORDER,SAME_ORDER,SAME_ORDER,SAME_ORDER,SAME_ORDER,SAME_ORDER,[]
squat_delta_capacity_kg,mechanistic_midpoint:383002,public-native-temporal-expert:383002,12.0,9.0,12.0,12.0,2.0,3.0,2.0,2.0,SAME_ORDER,SAME_ORDER,SAME_ORDER,SAME_ORDER,SAME_ORDER,SAME_ORDER,[]
squat_delta_capacity_kg,mechanistic_midpoint:383002,public-native-temporal-expert:383003,12.0,9.0,12.0,12.0,3.0,1.0,3.0,3.0,SAME_ORDER,SAME_ORDER,SAME_ORDER,SAME_ORDER,SAME_ORDER,SAME_ORDER,[]
squat_delta_capacity_kg,mechanistic_midpoint:383002,public-native-temporal-expert:ensemble,12.0,9.0,12.0,12.0,1.0,2.0,1.0,1.0,SAME_ORDER,SAME_ORDER,SAME_ORDER,SAME_ORDER,SAME_ORDER,SAME_ORDER,[]
squat_delta_capacity_kg,mechanistic_midpoint:383002,ridge:383001,12.0,9.0,12.0,12.0,18.0,21.0,18.0,18.0,SAME_ORDER,SAME_ORDER,SAME_ORDER,SAME_ORDER,SAME_ORDER,SAME_ORDER,[]
squat_delta_capacity_kg,mechanistic_midpoint:383002,ridge:383002,12.0,9.0,12.0,12.0,18.0,21.0,18.0,18.0,SAME_ORDER,SAME_ORDER,SAME_ORDER,SAME_ORDER,SAME_ORDER,SAME_ORDER,[]
squat_delta_capacity_kg,mechanistic_midpoint:383002,ridge:383003,12.0,9.0,12.0,12.0,18.0,21.0,18.0,18.0,SAME_ORDER,SAME_ORDER,SAME_ORDER,SAME_ORDER,SAME_ORDER,SAME_ORDER,[]
squat_delta_capacity_kg,mechanistic_midpoint:383003,mechanistic_ridge_residual:383001,12.0,9.0,12.0,12.0,9.0,12.0,9.0,9.0,REVERSAL,SAME_ORDER,SAME_ORDER,REVERSAL,REVERSAL,SAME_ORDER,"[""RMSE vs MAE"",""MAE vs R\u00b2"",""MAE vs SRE(ddof=0)""]"
squat_delta_capacity_kg,mechanistic_midpoint:383003,mechanistic_ridge_residual:383002,12.0,9.0,12.0,12.0,9.0,12.0,9.0,9.0,REVERSAL,SAME_ORDER,SAME_ORDER,REVERSAL,REVERSAL,SAME_ORDER,"[""RMSE vs MAE"",""MAE vs R\u00b2"",""MAE vs SRE(ddof=0)""]"
squat_delta_capacity_kg,mechanistic_midpoint:383003,mechanistic_ridge_residual:383003,12.0,9.0,12.0,12.0,9.0,12.0,9.0,9.0,REVERSAL,SAME_ORDER,SAME_ORDER,REVERSAL,REVERSAL,SAME_ORDER,"[""RMSE vs MAE"",""MAE vs R\u00b2"",""MAE vs SRE(ddof=0)""]"
squat_delta_capacity_kg,mechanistic_midpoint:383003,public-native-temporal-expert:383001,12.0,9.0,12.0,12.0,4.0,4.0,4.0,4.0,SAME_ORDER,SAME_ORDER,SAME_ORDER,SAME_ORDER,SAME_ORDER,SAME_ORDER,[]
squat_delta_capacity_kg,mechanistic_midpoint:383003,public-native-temporal-expert:383002,12.0,9.0,12.0,12.0,2.0,3.0,2.0,2.0,SAME_ORDER,SAME_ORDER,SAME_ORDER,SAME_ORDER,SAME_ORDER,SAME_ORDER,[]
squat_delta_capacity_kg,mechanistic_midpoint:383003,public-native-temporal-expert:383003,12.0,9.0,12.0,12.0,3.0,1.0,3.0,3.0,SAME_ORDER,SAME_ORDER,SAME_ORDER,SAME_ORDER,SAME_ORDER,SAME_ORDER,[]
squat_delta_capacity_kg,mechanistic_midpoint:383003,public-native-temporal-expert:ensemble,12.0,9.0,12.0,12.0,1.0,2.0,1.0,1.0,SAME_ORDER,SAME_ORDER,SAME_ORDER,SAME_ORDER,SAME_ORDER,SAME_ORDER,[]
squat_delta_capacity_kg,mechanistic_midpoint:383003,ridge:383001,12.0,9.0,12.0,12.0,18.0,21.0,18.0,18.0,SAME_ORDER,SAME_ORDER,SAME_ORDER,SAME_ORDER,SAME_ORDER,SAME_ORDER,[]
squat_delta_capacity_kg,mechanistic_midpoint:383003,ridge:383002,12.0,9.0,12.0,12.0,18.0,21.0,18.0,18.0,SAME_ORDER,SAME_ORDER,SAME_ORDER,SAME_ORDER,SAME_ORDER,SAME_ORDER,[]
squat_delta_capacity_kg,mechanistic_midpoint:383003,ridge:383003,12.0,9.0,12.0,12.0,18.0,21.0,18.0,18.0,SAME_ORDER,SAME_ORDER,SAME_ORDER,SAME_ORDER,SAME_ORDER,SAME_ORDER,[]
squat_delta_capacity_kg,mechanistic_ridge_residual:383001,mechanistic_ridge_residual:383002,9.0,12.0,9.0,9.0,9.0,12.0,9.0,9.0,TIE,TIE,TIE,TIE,TIE,TIE,[]
squat_delta_capacity_kg,mechanistic_ridge_residual:383001,mechanistic_ridge_residual:383003,9.0,12.0,9.0,9.0,9.0,12.0,9.0,9.0,TIE,TIE,TIE,TIE,TIE,TIE,[]
squat_delta_capacity_kg,mechanistic_ridge_residual:383001,public-native-temporal-expert:383001,9.0,12.0,9.0,9.0,4.0,4.0,4.0,4.0,SAME_ORDER,SAME_ORDER,SAME_ORDER,SAME_ORDER,SAME_ORDER,SAME_ORDER,[]
squat_delta_capacity_kg,mechanistic_ridge_residual:383001,public-native-temporal-expert:383002,9.0,12.0,9.0,9.0,2.0,3.0,2.0,2.0,SAME_ORDER,SAME_ORDER,SAME_ORDER,SAME_ORDER,SAME_ORDER,SAME_ORDER,[]
squat_delta_capacity_kg,mechanistic_ridge_residual:383001,public-native-temporal-expert:383003,9.0,12.0,9.0,9.0,3.0,1.0,3.0,3.0,SAME_ORDER,SAME_ORDER,SAME_ORDER,SAME_ORDER,SAME_ORDER,SAME_ORDER,[]
squat_delta_capacity_kg,mechanistic_ridge_residual:383001,public-native-temporal-expert:ensemble,9.0,12.0,9.0,9.0,1.0,2.0,1.0,1.0,SAME_ORDER,SAME_ORDER,SAME_ORDER,SAME_ORDER,SAME_ORDER,SAME_ORDER,[]
squat_delta_capacity_kg,mechanistic_ridge_residual:383001,ridge:383001,9.0,12.0,9.0,9.0,18.0,21.0,18.0,18.0,SAME_ORDER,SAME_ORDER,SAME_ORDER,SAME_ORDER,SAME_ORDER,SAME_ORDER,[]
squat_delta_capacity_kg,mechanistic_ridge_residual:383001,ridge:383002,9.0,12.0,9.0,9.0,18.0,21.0,18.0,18.0,SAME_ORDER,SAME_ORDER,SAME_ORDER,SAME_ORDER,SAME_ORDER,SAME_ORDER,[]
squat_delta_capacity_kg,mechanistic_ridge_residual:383001,ridge:383003,9.0,12.0,9.0,9.0,18.0,21.0,18.0,18.0,SAME_ORDER,SAME_ORDER,SAME_ORDER,SAME_ORDER,SAME_ORDER,SAME_ORDER,[]
squat_delta_capacity_kg,mechanistic_ridge_residual:383002,mechanistic_ridge_residual:383003,9.0,12.0,9.0,9.0,9.0,12.0,9.0,9.0,TIE,TIE,TIE,TIE,TIE,TIE,[]
squat_delta_capacity_kg,mechanistic_ridge_residual:383002,public-native-temporal-expert:383001,9.0,12.0,9.0,9.0,4.0,4.0,4.0,4.0,SAME_ORDER,SAME_ORDER,SAME_ORDER,SAME_ORDER,SAME_ORDER,SAME_ORDER,[]
squat_delta_capacity_kg,mechanistic_ridge_residual:383002,public-native-temporal-expert:383002,9.0,12.0,9.0,9.0,2.0,3.0,2.0,2.0,SAME_ORDER,SAME_ORDER,SAME_ORDER,SAME_ORDER,SAME_ORDER,SAME_ORDER,[]
squat_delta_capacity_kg,mechanistic_ridge_residual:383002,public-native-temporal-expert:383003,9.0,12.0,9.0,9.0,3.0,1.0,3.0,3.0,SAME_ORDER,SAME_ORDER,SAME_ORDER,SAME_ORDER,SAME_ORDER,SAME_ORDER,[]
squat_delta_capacity_kg,mechanistic_ridge_residual:383002,public-native-temporal-expert:ensemble,9.0,12.0,9.0,9.0,1.0,2.0,1.0,1.0,SAME_ORDER,SAME_ORDER,SAME_ORDER,SAME_ORDER,SAME_ORDER,SAME_ORDER,[]
squat_delta_capacity_kg,mechanistic_ridge_residual:383002,ridge:383001,9.0,12.0,9.0,9.0,18.0,21.0,18.0,18.0,SAME_ORDER,SAME_ORDER,SAME_ORDER,SAME_ORDER,SAME_ORDER,SAME_ORDER,[]
squat_delta_capacity_kg,mechanistic_ridge_residual:383002,ridge:383002,9.0,12.0,9.0,9.0,18.0,21.0,18.0,18.0,SAME_ORDER,SAME_ORDER,SAME_ORDER,SAME_ORDER,SAME_ORDER,SAME_ORDER,[]
squat_delta_capacity_kg,mechanistic_ridge_residual:383002,ridge:383003,9.0,12.0,9.0,9.0,18.0,21.0,18.0,18.0,SAME_ORDER,SAME_ORDER,SAME_ORDER,SAME_ORDER,SAME_ORDER,SAME_ORDER,[]
squat_delta_capacity_kg,mechanistic_ridge_residual:383003,public-native-temporal-expert:383001,9.0,12.0,9.0,9.0,4.0,4.0,4.0,4.0,SAME_ORDER,SAME_ORDER,SAME_ORDER,SAME_ORDER,SAME_ORDER,SAME_ORDER,[]
squat_delta_capacity_kg,mechanistic_ridge_residual:383003,public-native-temporal-expert:383002,9.0,12.0,9.0,9.0,2.0,3.0,2.0,2.0,SAME_ORDER,SAME_ORDER,SAME_ORDER,SAME_ORDER,SAME_ORDER,SAME_ORDER,[]
squat_delta_capacity_kg,mechanistic_ridge_residual:383003,public-native-temporal-expert:383003,9.0,12.0,9.0,9.0,3.0,1.0,3.0,3.0,SAME_ORDER,SAME_ORDER,SAME_ORDER,SAME_ORDER,SAME_ORDER,SAME_ORDER,[]
squat_delta_capacity_kg,mechanistic_ridge_residual:383003,public-native-temporal-expert:ensemble,9.0,12.0,9.0,9.0,1.0,2.0,1.0,1.0,SAME_ORDER,SAME_ORDER,SAME_ORDER,SAME_ORDER,SAME_ORDER,SAME_ORDER,[]
squat_delta_capacity_kg,mechanistic_ridge_residual:383003,ridge:383001,9.0,12.0,9.0,9.0,18.0,21.0,18.0,18.0,SAME_ORDER,SAME_ORDER,SAME_ORDER,SAME_ORDER,SAME_ORDER,SAME_ORDER,[]
squat_delta_capacity_kg,mechanistic_ridge_residual:383003,ridge:383002,9.0,12.0,9.0,9.0,18.0,21.0,18.0,18.0,SAME_ORDER,SAME_ORDER,SAME_ORDER,SAME_ORDER,SAME_ORDER,SAME_ORDER,[]
squat_delta_capacity_kg,mechanistic_ridge_residual:383003,ridge:383003,9.0,12.0,9.0,9.0,18.0,21.0,18.0,18.0,SAME_ORDER,SAME_ORDER,SAME_ORDER,SAME_ORDER,SAME_ORDER,SAME_ORDER,[]
squat_delta_capacity_kg,public-native-temporal-expert:383001,public-native-temporal-expert:383002,4.0,4.0,4.0,4.0,2.0,3.0,2.0,2.0,SAME_ORDER,SAME_ORDER,SAME_ORDER,SAME_ORDER,SAME_ORDER,SAME_ORDER,[]
squat_delta_capacity_kg,public-native-temporal-expert:383001,public-native-temporal-expert:383003,4.0,4.0,4.0,4.0,3.0,1.0,3.0,3.0,SAME_ORDER,SAME_ORDER,SAME_ORDER,SAME_ORDER,SAME_ORDER,SAME_ORDER,[]
squat_delta_capacity_kg,public-native-temporal-expert:383001,public-native-temporal-expert:ensemble,4.0,4.0,4.0,4.0,1.0,2.0,1.0,1.0,SAME_ORDER,SAME_ORDER,SAME_ORDER,SAME_ORDER,SAME_ORDER,SAME_ORDER,[]
squat_delta_capacity_kg,public-native-temporal-expert:383001,ridge:383001,4.0,4.0,4.0,4.0,18.0,21.0,18.0,18.0,SAME_ORDER,SAME_ORDER,SAME_ORDER,SAME_ORDER,SAME_ORDER,SAME_ORDER,[]
squat_delta_capacity_kg,public-native-temporal-expert:383001,ridge:383002,4.0,4.0,4.0,4.0,18.0,21.0,18.0,18.0,SAME_ORDER,SAME_ORDER,SAME_ORDER,SAME_ORDER,SAME_ORDER,SAME_ORDER,[]
squat_delta_capacity_kg,public-native-temporal-expert:383001,ridge:383003,4.0,4.0,4.0,4.0,18.0,21.0,18.0,18.0,SAME_ORDER,SAME_ORDER,SAME_ORDER,SAME_ORDER,SAME_ORDER,SAME_ORDER,[]
squat_delta_capacity_kg,public-native-temporal-expert:383002,public-native-temporal-expert:383003,2.0,3.0,2.0,2.0,3.0,1.0,3.0,3.0,REVERSAL,SAME_ORDER,SAME_ORDER,REVERSAL,REVERSAL,SAME_ORDER,"[""RMSE vs MAE"",""MAE vs R\u00b2"",""MAE vs SRE(ddof=0)""]"
squat_delta_capacity_kg,public-native-temporal-expert:383002,public-native-temporal-expert:ensemble,2.0,3.0,2.0,2.0,1.0,2.0,1.0,1.0,SAME_ORDER,SAME_ORDER,SAME_ORDER,SAME_ORDER,SAME_ORDER,SAME_ORDER,[]
squat_delta_capacity_kg,public-native-temporal-expert:383002,ridge:383001,2.0,3.0,2.0,2.0,18.0,21.0,18.0,18.0,SAME_ORDER,SAME_ORDER,SAME_ORDER,SAME_ORDER,SAME_ORDER,SAME_ORDER,[]
squat_delta_capacity_kg,public-native-temporal-expert:383002,ridge:383002,2.0,3.0,2.0,2.0,18.0,21.0,18.0,18.0,SAME_ORDER,SAME_ORDER,SAME_ORDER,SAME_ORDER,SAME_ORDER,SAME_ORDER,[]
squat_delta_capacity_kg,public-native-temporal-expert:383002,ridge:383003,2.0,3.0,2.0,2.0,18.0,21.0,18.0,18.0,SAME_ORDER,SAME_ORDER,SAME_ORDER,SAME_ORDER,SAME_ORDER,SAME_ORDER,[]
squat_delta_capacity_kg,public-native-temporal-expert:383003,public-native-temporal-expert:ensemble,3.0,1.0,3.0,3.0,1.0,2.0,1.0,1.0,REVERSAL,SAME_ORDER,SAME_ORDER,REVERSAL,REVERSAL,SAME_ORDER,"[""RMSE vs MAE"",""MAE vs R\u00b2"",""MAE vs SRE(ddof=0)""]"
squat_delta_capacity_kg,public-native-temporal-expert:383003,ridge:383001,3.0,1.0,3.0,3.0,18.0,21.0,18.0,18.0,SAME_ORDER,SAME_ORDER,SAME_ORDER,SAME_ORDER,SAME_ORDER,SAME_ORDER,[]
squat_delta_capacity_kg,public-native-temporal-expert:383003,ridge:383002,3.0,1.0,3.0,3.0,18.0,21.0,18.0,18.0,SAME_ORDER,SAME_ORDER,SAME_ORDER,SAME_ORDER,SAME_ORDER,SAME_ORDER,[]
squat_delta_capacity_kg,public-native-temporal-expert:383003,ridge:383003,3.0,1.0,3.0,3.0,18.0,21.0,18.0,18.0,SAME_ORDER,SAME_ORDER,SAME_ORDER,SAME_ORDER,SAME_ORDER,SAME_ORDER,[]
squat_delta_capacity_kg,public-native-temporal-expert:ensemble,ridge:383001,1.0,2.0,1.0,1.0,18.0,21.0,18.0,18.0,SAME_ORDER,SAME_ORDER,SAME_ORDER,SAME_ORDER,SAME_ORDER,SAME_ORDER,[]
squat_delta_capacity_kg,public-native-temporal-expert:ensemble,ridge:383002,1.0,2.0,1.0,1.0,18.0,21.0,18.0,18.0,SAME_ORDER,SAME_ORDER,SAME_ORDER,SAME_ORDER,SAME_ORDER,SAME_ORDER,[]
squat_delta_capacity_kg,public-native-temporal-expert:ensemble,ridge:383003,1.0,2.0,1.0,1.0,18.0,21.0,18.0,18.0,SAME_ORDER,SAME_ORDER,SAME_ORDER,SAME_ORDER,SAME_ORDER,SAME_ORDER,[]
squat_delta_capacity_kg,ridge:383001,ridge:383002,18.0,21.0,18.0,18.0,18.0,21.0,18.0,18.0,TIE,TIE,TIE,TIE,TIE,TIE,[]
squat_delta_capacity_kg,ridge:383001,ridge:383003,18.0,21.0,18.0,18.0,18.0,21.0,18.0,18.0,TIE,TIE,TIE,TIE,TIE,TIE,[]
squat_delta_capacity_kg,ridge:383002,ridge:383003,18.0,21.0,18.0,18.0,18.0,21.0,18.0,18.0,TIE,TIE,TIE,TIE,TIE,TIE,[]
bench_press_delta_capacity_kg,compact_neural:383001,compact_neural:383002,7.0,7.0,7.0,7.0,6.0,6.0,6.0,6.0,SAME_ORDER,SAME_ORDER,SAME_ORDER,SAME_ORDER,SAME_ORDER,SAME_ORDER,[]
bench_press_delta_capacity_kg,compact_neural:383001,compact_neural:383003,7.0,7.0,7.0,7.0,5.0,5.0,5.0,5.0,SAME_ORDER,SAME_ORDER,SAME_ORDER,SAME_ORDER,SAME_ORDER,SAME_ORDER,[]
bench_press_delta_capacity_kg,compact_neural:383001,context_mean:383001,7.0,7.0,7.0,7.0,15.0,15.0,15.0,15.0,SAME_ORDER,SAME_ORDER,SAME_ORDER,SAME_ORDER,SAME_ORDER,SAME_ORDER,[]
bench_press_delta_capacity_kg,compact_neural:383001,context_mean:383002,7.0,7.0,7.0,7.0,15.0,15.0,15.0,15.0,SAME_ORDER,SAME_ORDER,SAME_ORDER,SAME_ORDER,SAME_ORDER,SAME_ORDER,[]
bench_press_delta_capacity_kg,compact_neural:383001,context_mean:383003,7.0,7.0,7.0,7.0,15.0,15.0,15.0,15.0,SAME_ORDER,SAME_ORDER,SAME_ORDER,SAME_ORDER,SAME_ORDER,SAME_ORDER,[]
bench_press_delta_capacity_kg,compact_neural:383001,histogram_boosted_stumps:383001,7.0,7.0,7.0,7.0,21.0,18.0,21.0,21.0,SAME_ORDER,SAME_ORDER,SAME_ORDER,SAME_ORDER,SAME_ORDER,SAME_ORDER,[]
bench_press_delta_capacity_kg,compact_neural:383001,histogram_boosted_stumps:383002,7.0,7.0,7.0,7.0,21.0,18.0,21.0,21.0,SAME_ORDER,SAME_ORDER,SAME_ORDER,SAME_ORDER,SAME_ORDER,SAME_ORDER,[]
bench_press_delta_capacity_kg,compact_neural:383001,histogram_boosted_stumps:383003,7.0,7.0,7.0,7.0,21.0,18.0,21.0,21.0,SAME_ORDER,SAME_ORDER,SAME_ORDER,SAME_ORDER,SAME_ORDER,SAME_ORDER,[]
bench_press_delta_capacity_kg,compact_neural:383001,mechanistic_midpoint:383001,7.0,7.0,7.0,7.0,12.0,9.0,12.0,12.0,SAME_ORDER,SAME_ORDER,SAME_ORDER,SAME_ORDER,SAME_ORDER,SAME_ORDER,[]
bench_press_delta_capacity_kg,compact_neural:383001,mechanistic_midpoint:383002,7.0,7.0,7.0,7.0,12.0,9.0,12.0,12.0,SAME_ORDER,SAME_ORDER,SAME_ORDER,SAME_ORDER,SAME_ORDER,SAME_ORDER,[]
bench_press_delta_capacity_kg,compact_neural:383001,mechanistic_midpoint:383003,7.0,7.0,7.0,7.0,12.0,9.0,12.0,12.0,SAME_ORDER,SAME_ORDER,SAME_ORDER,SAME_ORDER,SAME_ORDER,SAME_ORDER,[]
bench_press_delta_capacity_kg,compact_neural:383001,mechanistic_ridge_residual:383001,7.0,7.0,7.0,7.0,9.0,12.0,9.0,9.0,SAME_ORDER,SAME_ORDER,SAME_ORDER,SAME_ORDER,SAME_ORDER,SAME_ORDER,[]
bench_press_delta_capacity_kg,compact_neural:383001,mechanistic_ridge_residual:383002,7.0,7.0,7.0,7.0,9.0,12.0,9.0,9.0,SAME_ORDER,SAME_ORDER,SAME_ORDER,SAME_ORDER,SAME_ORDER,SAME_ORDER,[]
bench_press_delta_capacity_kg,compact_neural:383001,mechanistic_ridge_residual:383003,7.0,7.0,7.0,7.0,9.0,12.0,9.0,9.0,SAME_ORDER,SAME_ORDER,SAME_ORDER,SAME_ORDER,SAME_ORDER,SAME_ORDER,[]
bench_press_delta_capacity_kg,compact_neural:383001,public-native-temporal-expert:383001,7.0,7.0,7.0,7.0,4.0,4.0,4.0,4.0,SAME_ORDER,SAME_ORDER,SAME_ORDER,SAME_ORDER,SAME_ORDER,SAME_ORDER,[]
bench_press_delta_capacity_kg,compact_neural:383001,public-native-temporal-expert:383002,7.0,7.0,7.0,7.0,3.0,3.0,3.0,3.0,SAME_ORDER,SAME_ORDER,SAME_ORDER,SAME_ORDER,SAME_ORDER,SAME_ORDER,[]
bench_press_delta_capacity_kg,compact_neural:383001,public-native-temporal-expert:383003,7.0,7.0,7.0,7.0,2.0,2.0,2.0,2.0,SAME_ORDER,SAME_ORDER,SAME_ORDER,SAME_ORDER,SAME_ORDER,SAME_ORDER,[]
bench_press_delta_capacity_kg,compact_neural:383001,public-native-temporal-expert:ensemble,7.0,7.0,7.0,7.0,1.0,1.0,1.0,1.0,SAME_ORDER,SAME_ORDER,SAME_ORDER,SAME_ORDER,SAME_ORDER,SAME_ORDER,[]
bench_press_delta_capacity_kg,compact_neural:383001,ridge:383001,7.0,7.0,7.0,7.0,18.0,21.0,18.0,18.0,SAME_ORDER,SAME_ORDER,SAME_ORDER,SAME_ORDER,SAME_ORDER,SAME_ORDER,[]
bench_press_delta_capacity_kg,compact_neural:383001,ridge:383002,7.0,7.0,7.0,7.0,18.0,21.0,18.0,18.0,SAME_ORDER,SAME_ORDER,SAME_ORDER,SAME_ORDER,SAME_ORDER,SAME_ORDER,[]
bench_press_delta_capacity_kg,compact_neural:383001,ridge:383003,7.0,7.0,7.0,7.0,18.0,21.0,18.0,18.0,SAME_ORDER,SAME_ORDER,SAME_ORDER,SAME_ORDER,SAME_ORDER,SAME_ORDER,[]
bench_press_delta_capacity_kg,compact_neural:383002,compact_neural:383003,6.0,6.0,6.0,6.0,5.0,5.0,5.0,5.0,SAME_ORDER,SAME_ORDER,SAME_ORDER,SAME_ORDER,SAME_ORDER,SAME_ORDER,[]
bench_press_delta_capacity_kg,compact_neural:383002,context_mean:383001,6.0,6.0,6.0,6.0,15.0,15.0,15.0,15.0,SAME_ORDER,SAME_ORDER,SAME_ORDER,SAME_ORDER,SAME_ORDER,SAME_ORDER,[]
bench_press_delta_capacity_kg,compact_neural:383002,context_mean:383002,6.0,6.0,6.0,6.0,15.0,15.0,15.0,15.0,SAME_ORDER,SAME_ORDER,SAME_ORDER,SAME_ORDER,SAME_ORDER,SAME_ORDER,[]
bench_press_delta_capacity_kg,compact_neural:383002,context_mean:383003,6.0,6.0,6.0,6.0,15.0,15.0,15.0,15.0,SAME_ORDER,SAME_ORDER,SAME_ORDER,SAME_ORDER,SAME_ORDER,SAME_ORDER,[]
bench_press_delta_capacity_kg,compact_neural:383002,histogram_boosted_stumps:383001,6.0,6.0,6.0,6.0,21.0,18.0,21.0,21.0,SAME_ORDER,SAME_ORDER,SAME_ORDER,SAME_ORDER,SAME_ORDER,SAME_ORDER,[]
bench_press_delta_capacity_kg,compact_neural:383002,histogram_boosted_stumps:383002,6.0,6.0,6.0,6.0,21.0,18.0,21.0,21.0,SAME_ORDER,SAME_ORDER,SAME_ORDER,SAME_ORDER,SAME_ORDER,SAME_ORDER,[]
bench_press_delta_capacity_kg,compact_neural:383002,histogram_boosted_stumps:383003,6.0,6.0,6.0,6.0,21.0,18.0,21.0,21.0,SAME_ORDER,SAME_ORDER,SAME_ORDER,SAME_ORDER,SAME_ORDER,SAME_ORDER,[]
bench_press_delta_capacity_kg,compact_neural:383002,mechanistic_midpoint:383001,6.0,6.0,6.0,6.0,12.0,9.0,12.0,12.0,SAME_ORDER,SAME_ORDER,SAME_ORDER,SAME_ORDER,SAME_ORDER,SAME_ORDER,[]
bench_press_delta_capacity_kg,compact_neural:383002,mechanistic_midpoint:383002,6.0,6.0,6.0,6.0,12.0,9.0,12.0,12.0,SAME_ORDER,SAME_ORDER,SAME_ORDER,SAME_ORDER,SAME_ORDER,SAME_ORDER,[]
bench_press_delta_capacity_kg,compact_neural:383002,mechanistic_midpoint:383003,6.0,6.0,6.0,6.0,12.0,9.0,12.0,12.0,SAME_ORDER,SAME_ORDER,SAME_ORDER,SAME_ORDER,SAME_ORDER,SAME_ORDER,[]
bench_press_delta_capacity_kg,compact_neural:383002,mechanistic_ridge_residual:383001,6.0,6.0,6.0,6.0,9.0,12.0,9.0,9.0,SAME_ORDER,SAME_ORDER,SAME_ORDER,SAME_ORDER,SAME_ORDER,SAME_ORDER,[]
bench_press_delta_capacity_kg,compact_neural:383002,mechanistic_ridge_residual:383002,6.0,6.0,6.0,6.0,9.0,12.0,9.0,9.0,SAME_ORDER,SAME_ORDER,SAME_ORDER,SAME_ORDER,SAME_ORDER,SAME_ORDER,[]
bench_press_delta_capacity_kg,compact_neural:383002,mechanistic_ridge_residual:383003,6.0,6.0,6.0,6.0,9.0,12.0,9.0,9.0,SAME_ORDER,SAME_ORDER,SAME_ORDER,SAME_ORDER,SAME_ORDER,SAME_ORDER,[]
bench_press_delta_capacity_kg,compact_neural:383002,public-native-temporal-expert:383001,6.0,6.0,6.0,6.0,4.0,4.0,4.0,4.0,SAME_ORDER,SAME_ORDER,SAME_ORDER,SAME_ORDER,SAME_ORDER,SAME_ORDER,[]
bench_press_delta_capacity_kg,compact_neural:383002,public-native-temporal-expert:383002,6.0,6.0,6.0,6.0,3.0,3.0,3.0,3.0,SAME_ORDER,SAME_ORDER,SAME_ORDER,SAME_ORDER,SAME_ORDER,SAME_ORDER,[]
bench_press_delta_capacity_kg,compact_neural:383002,public-native-temporal-expert:383003,6.0,6.0,6.0,6.0,2.0,2.0,2.0,2.0,SAME_ORDER,SAME_ORDER,SAME_ORDER,SAME_ORDER,SAME_ORDER,SAME_ORDER,[]
bench_press_delta_capacity_kg,compact_neural:383002,public-native-temporal-expert:ensemble,6.0,6.0,6.0,6.0,1.0,1.0,1.0,1.0,SAME_ORDER,SAME_ORDER,SAME_ORDER,SAME_ORDER,SAME_ORDER,SAME_ORDER,[]
bench_press_delta_capacity_kg,compact_neural:383002,ridge:383001,6.0,6.0,6.0,6.0,18.0,21.0,18.0,18.0,SAME_ORDER,SAME_ORDER,SAME_ORDER,SAME_ORDER,SAME_ORDER,SAME_ORDER,[]
bench_press_delta_capacity_kg,compact_neural:383002,ridge:383002,6.0,6.0,6.0,6.0,18.0,21.0,18.0,18.0,SAME_ORDER,SAME_ORDER,SAME_ORDER,SAME_ORDER,SAME_ORDER,SAME_ORDER,[]
bench_press_delta_capacity_kg,compact_neural:383002,ridge:383003,6.0,6.0,6.0,6.0,18.0,21.0,18.0,18.0,SAME_ORDER,SAME_ORDER,SAME_ORDER,SAME_ORDER,SAME_ORDER,SAME_ORDER,[]
bench_press_delta_capacity_kg,compact_neural:383003,context_mean:383001,5.0,5.0,5.0,5.0,15.0,15.0,15.0,15.0,SAME_ORDER,SAME_ORDER,SAME_ORDER,SAME_ORDER,SAME_ORDER,SAME_ORDER,[]
bench_press_delta_capacity_kg,compact_neural:383003,context_mean:383002,5.0,5.0,5.0,5.0,15.0,15.0,15.0,15.0,SAME_ORDER,SAME_ORDER,SAME_ORDER,SAME_ORDER,SAME_ORDER,SAME_ORDER,[]
bench_press_delta_capacity_kg,compact_neural:383003,context_mean:383003,5.0,5.0,5.0,5.0,15.0,15.0,15.0,15.0,SAME_ORDER,SAME_ORDER,SAME_ORDER,SAME_ORDER,SAME_ORDER,SAME_ORDER,[]
bench_press_delta_capacity_kg,compact_neural:383003,histogram_boosted_stumps:383001,5.0,5.0,5.0,5.0,21.0,18.0,21.0,21.0,SAME_ORDER,SAME_ORDER,SAME_ORDER,SAME_ORDER,SAME_ORDER,SAME_ORDER,[]
bench_press_delta_capacity_kg,compact_neural:383003,histogram_boosted_stumps:383002,5.0,5.0,5.0,5.0,21.0,18.0,21.0,21.0,SAME_ORDER,SAME_ORDER,SAME_ORDER,SAME_ORDER,SAME_ORDER,SAME_ORDER,[]
bench_press_delta_capacity_kg,compact_neural:383003,histogram_boosted_stumps:383003,5.0,5.0,5.0,5.0,21.0,18.0,21.0,21.0,SAME_ORDER,SAME_ORDER,SAME_ORDER,SAME_ORDER,SAME_ORDER,SAME_ORDER,[]
bench_press_delta_capacity_kg,compact_neural:383003,mechanistic_midpoint:383001,5.0,5.0,5.0,5.0,12.0,9.0,12.0,12.0,SAME_ORDER,SAME_ORDER,SAME_ORDER,SAME_ORDER,SAME_ORDER,SAME_ORDER,[]
bench_press_delta_capacity_kg,compact_neural:383003,mechanistic_midpoint:383002,5.0,5.0,5.0,5.0,12.0,9.0,12.0,12.0,SAME_ORDER,SAME_ORDER,SAME_ORDER,SAME_ORDER,SAME_ORDER,SAME_ORDER,[]
bench_press_delta_capacity_kg,compact_neural:383003,mechanistic_midpoint:383003,5.0,5.0,5.0,5.0,12.0,9.0,12.0,12.0,SAME_ORDER,SAME_ORDER,SAME_ORDER,SAME_ORDER,SAME_ORDER,SAME_ORDER,[]
bench_press_delta_capacity_kg,compact_neural:383003,mechanistic_ridge_residual:383001,5.0,5.0,5.0,5.0,9.0,12.0,9.0,9.0,SAME_ORDER,SAME_ORDER,SAME_ORDER,SAME_ORDER,SAME_ORDER,SAME_ORDER,[]
bench_press_delta_capacity_kg,compact_neural:383003,mechanistic_ridge_residual:383002,5.0,5.0,5.0,5.0,9.0,12.0,9.0,9.0,SAME_ORDER,SAME_ORDER,SAME_ORDER,SAME_ORDER,SAME_ORDER,SAME_ORDER,[]
bench_press_delta_capacity_kg,compact_neural:383003,mechanistic_ridge_residual:383003,5.0,5.0,5.0,5.0,9.0,12.0,9.0,9.0,SAME_ORDER,SAME_ORDER,SAME_ORDER,SAME_ORDER,SAME_ORDER,SAME_ORDER,[]
bench_press_delta_capacity_kg,compact_neural:383003,public-native-temporal-expert:383001,5.0,5.0,5.0,5.0,4.0,4.0,4.0,4.0,SAME_ORDER,SAME_ORDER,SAME_ORDER,SAME_ORDER,SAME_ORDER,SAME_ORDER,[]
bench_press_delta_capacity_kg,compact_neural:383003,public-native-temporal-expert:383002,5.0,5.0,5.0,5.0,3.0,3.0,3.0,3.0,SAME_ORDER,SAME_ORDER,SAME_ORDER,SAME_ORDER,SAME_ORDER,SAME_ORDER,[]
bench_press_delta_capacity_kg,compact_neural:383003,public-native-temporal-expert:383003,5.0,5.0,5.0,5.0,2.0,2.0,2.0,2.0,SAME_ORDER,SAME_ORDER,SAME_ORDER,SAME_ORDER,SAME_ORDER,SAME_ORDER,[]
bench_press_delta_capacity_kg,compact_neural:383003,public-native-temporal-expert:ensemble,5.0,5.0,5.0,5.0,1.0,1.0,1.0,1.0,SAME_ORDER,SAME_ORDER,SAME_ORDER,SAME_ORDER,SAME_ORDER,SAME_ORDER,[]
bench_press_delta_capacity_kg,compact_neural:383003,ridge:383001,5.0,5.0,5.0,5.0,18.0,21.0,18.0,18.0,SAME_ORDER,SAME_ORDER,SAME_ORDER,SAME_ORDER,SAME_ORDER,SAME_ORDER,[]
bench_press_delta_capacity_kg,compact_neural:383003,ridge:383002,5.0,5.0,5.0,5.0,18.0,21.0,18.0,18.0,SAME_ORDER,SAME_ORDER,SAME_ORDER,SAME_ORDER,SAME_ORDER,SAME_ORDER,[]
bench_press_delta_capacity_kg,compact_neural:383003,ridge:383003,5.0,5.0,5.0,5.0,18.0,21.0,18.0,18.0,SAME_ORDER,SAME_ORDER,SAME_ORDER,SAME_ORDER,SAME_ORDER,SAME_ORDER,[]
bench_press_delta_capacity_kg,context_mean:383001,context_mean:383002,15.0,15.0,15.0,15.0,15.0,15.0,15.0,15.0,TIE,TIE,TIE,TIE,TIE,TIE,[]
bench_press_delta_capacity_kg,context_mean:383001,context_mean:383003,15.0,15.0,15.0,15.0,15.0,15.0,15.0,15.0,TIE,TIE,TIE,TIE,TIE,TIE,[]
bench_press_delta_capacity_kg,context_mean:383001,histogram_boosted_stumps:383001,15.0,15.0,15.0,15.0,21.0,18.0,21.0,21.0,SAME_ORDER,SAME_ORDER,SAME_ORDER,SAME_ORDER,SAME_ORDER,SAME_ORDER,[]
bench_press_delta_capacity_kg,context_mean:383001,histogram_boosted_stumps:383002,15.0,15.0,15.0,15.0,21.0,18.0,21.0,21.0,SAME_ORDER,SAME_ORDER,SAME_ORDER,SAME_ORDER,SAME_ORDER,SAME_ORDER,[]
bench_press_delta_capacity_kg,context_mean:383001,histogram_boosted_stumps:383003,15.0,15.0,15.0,15.0,21.0,18.0,21.0,21.0,SAME_ORDER,SAME_ORDER,SAME_ORDER,SAME_ORDER,SAME_ORDER,SAME_ORDER,[]
bench_press_delta_capacity_kg,context_mean:383001,mechanistic_midpoint:383001,15.0,15.0,15.0,15.0,12.0,9.0,12.0,12.0,SAME_ORDER,SAME_ORDER,SAME_ORDER,SAME_ORDER,SAME_ORDER,SAME_ORDER,[]
bench_press_delta_capacity_kg,context_mean:383001,mechanistic_midpoint:383002,15.0,15.0,15.0,15.0,12.0,9.0,12.0,12.0,SAME_ORDER,SAME_ORDER,SAME_ORDER,SAME_ORDER,SAME_ORDER,SAME_ORDER,[]
bench_press_delta_capacity_kg,context_mean:383001,mechanistic_midpoint:383003,15.0,15.0,15.0,15.0,12.0,9.0,12.0,12.0,SAME_ORDER,SAME_ORDER,SAME_ORDER,SAME_ORDER,SAME_ORDER,SAME_ORDER,[]
bench_press_delta_capacity_kg,context_mean:383001,mechanistic_ridge_residual:383001,15.0,15.0,15.0,15.0,9.0,12.0,9.0,9.0,SAME_ORDER,SAME_ORDER,SAME_ORDER,SAME_ORDER,SAME_ORDER,SAME_ORDER,[]
bench_press_delta_capacity_kg,context_mean:383001,mechanistic_ridge_residual:383002,15.0,15.0,15.0,15.0,9.0,12.0,9.0,9.0,SAME_ORDER,SAME_ORDER,SAME_ORDER,SAME_ORDER,SAME_ORDER,SAME_ORDER,[]
bench_press_delta_capacity_kg,context_mean:383001,mechanistic_ridge_residual:383003,15.0,15.0,15.0,15.0,9.0,12.0,9.0,9.0,SAME_ORDER,SAME_ORDER,SAME_ORDER,SAME_ORDER,SAME_ORDER,SAME_ORDER,[]
bench_press_delta_capacity_kg,context_mean:383001,public-native-temporal-expert:383001,15.0,15.0,15.0,15.0,4.0,4.0,4.0,4.0,SAME_ORDER,SAME_ORDER,SAME_ORDER,SAME_ORDER,SAME_ORDER,SAME_ORDER,[]
bench_press_delta_capacity_kg,context_mean:383001,public-native-temporal-expert:383002,15.0,15.0,15.0,15.0,3.0,3.0,3.0,3.0,SAME_ORDER,SAME_ORDER,SAME_ORDER,SAME_ORDER,SAME_ORDER,SAME_ORDER,[]
bench_press_delta_capacity_kg,context_mean:383001,public-native-temporal-expert:383003,15.0,15.0,15.0,15.0,2.0,2.0,2.0,2.0,SAME_ORDER,SAME_ORDER,SAME_ORDER,SAME_ORDER,SAME_ORDER,SAME_ORDER,[]
bench_press_delta_capacity_kg,context_mean:383001,public-native-temporal-expert:ensemble,15.0,15.0,15.0,15.0,1.0,1.0,1.0,1.0,SAME_ORDER,SAME_ORDER,SAME_ORDER,SAME_ORDER,SAME_ORDER,SAME_ORDER,[]
bench_press_delta_capacity_kg,context_mean:383001,ridge:383001,15.0,15.0,15.0,15.0,18.0,21.0,18.0,18.0,SAME_ORDER,SAME_ORDER,SAME_ORDER,SAME_ORDER,SAME_ORDER,SAME_ORDER,[]
bench_press_delta_capacity_kg,context_mean:383001,ridge:383002,15.0,15.0,15.0,15.0,18.0,21.0,18.0,18.0,SAME_ORDER,SAME_ORDER,SAME_ORDER,SAME_ORDER,SAME_ORDER,SAME_ORDER,[]
bench_press_delta_capacity_kg,context_mean:383001,ridge:383003,15.0,15.0,15.0,15.0,18.0,21.0,18.0,18.0,SAME_ORDER,SAME_ORDER,SAME_ORDER,SAME_ORDER,SAME_ORDER,SAME_ORDER,[]
bench_press_delta_capacity_kg,context_mean:383002,context_mean:383003,15.0,15.0,15.0,15.0,15.0,15.0,15.0,15.0,TIE,TIE,TIE,TIE,TIE,TIE,[]
bench_press_delta_capacity_kg,context_mean:383002,histogram_boosted_stumps:383001,15.0,15.0,15.0,15.0,21.0,18.0,21.0,21.0,SAME_ORDER,SAME_ORDER,SAME_ORDER,SAME_ORDER,SAME_ORDER,SAME_ORDER,[]
bench_press_delta_capacity_kg,context_mean:383002,histogram_boosted_stumps:383002,15.0,15.0,15.0,15.0,21.0,18.0,21.0,21.0,SAME_ORDER,SAME_ORDER,SAME_ORDER,SAME_ORDER,SAME_ORDER,SAME_ORDER,[]
bench_press_delta_capacity_kg,context_mean:383002,histogram_boosted_stumps:383003,15.0,15.0,15.0,15.0,21.0,18.0,21.0,21.0,SAME_ORDER,SAME_ORDER,SAME_ORDER,SAME_ORDER,SAME_ORDER,SAME_ORDER,[]
bench_press_delta_capacity_kg,context_mean:383002,mechanistic_midpoint:383001,15.0,15.0,15.0,15.0,12.0,9.0,12.0,12.0,SAME_ORDER,SAME_ORDER,SAME_ORDER,SAME_ORDER,SAME_ORDER,SAME_ORDER,[]
bench_press_delta_capacity_kg,context_mean:383002,mechanistic_midpoint:383002,15.0,15.0,15.0,15.0,12.0,9.0,12.0,12.0,SAME_ORDER,SAME_ORDER,SAME_ORDER,SAME_ORDER,SAME_ORDER,SAME_ORDER,[]
bench_press_delta_capacity_kg,context_mean:383002,mechanistic_midpoint:383003,15.0,15.0,15.0,15.0,12.0,9.0,12.0,12.0,SAME_ORDER,SAME_ORDER,SAME_ORDER,SAME_ORDER,SAME_ORDER,SAME_ORDER,[]
bench_press_delta_capacity_kg,context_mean:383002,mechanistic_ridge_residual:383001,15.0,15.0,15.0,15.0,9.0,12.0,9.0,9.0,SAME_ORDER,SAME_ORDER,SAME_ORDER,SAME_ORDER,SAME_ORDER,SAME_ORDER,[]
bench_press_delta_capacity_kg,context_mean:383002,mechanistic_ridge_residual:383002,15.0,15.0,15.0,15.0,9.0,12.0,9.0,9.0,SAME_ORDER,SAME_ORDER,SAME_ORDER,SAME_ORDER,SAME_ORDER,SAME_ORDER,[]
bench_press_delta_capacity_kg,context_mean:383002,mechanistic_ridge_residual:383003,15.0,15.0,15.0,15.0,9.0,12.0,9.0,9.0,SAME_ORDER,SAME_ORDER,SAME_ORDER,SAME_ORDER,SAME_ORDER,SAME_ORDER,[]
bench_press_delta_capacity_kg,context_mean:383002,public-native-temporal-expert:383001,15.0,15.0,15.0,15.0,4.0,4.0,4.0,4.0,SAME_ORDER,SAME_ORDER,SAME_ORDER,SAME_ORDER,SAME_ORDER,SAME_ORDER,[]
bench_press_delta_capacity_kg,context_mean:383002,public-native-temporal-expert:383002,15.0,15.0,15.0,15.0,3.0,3.0,3.0,3.0,SAME_ORDER,SAME_ORDER,SAME_ORDER,SAME_ORDER,SAME_ORDER,SAME_ORDER,[]
bench_press_delta_capacity_kg,context_mean:383002,public-native-temporal-expert:383003,15.0,15.0,15.0,15.0,2.0,2.0,2.0,2.0,SAME_ORDER,SAME_ORDER,SAME_ORDER,SAME_ORDER,SAME_ORDER,SAME_ORDER,[]
bench_press_delta_capacity_kg,context_mean:383002,public-native-temporal-expert:ensemble,15.0,15.0,15.0,15.0,1.0,1.0,1.0,1.0,SAME_ORDER,SAME_ORDER,SAME_ORDER,SAME_ORDER,SAME_ORDER,SAME_ORDER,[]
bench_press_delta_capacity_kg,context_mean:383002,ridge:383001,15.0,15.0,15.0,15.0,18.0,21.0,18.0,18.0,SAME_ORDER,SAME_ORDER,SAME_ORDER,SAME_ORDER,SAME_ORDER,SAME_ORDER,[]
bench_press_delta_capacity_kg,context_mean:383002,ridge:383002,15.0,15.0,15.0,15.0,18.0,21.0,18.0,18.0,SAME_ORDER,SAME_ORDER,SAME_ORDER,SAME_ORDER,SAME_ORDER,SAME_ORDER,[]
bench_press_delta_capacity_kg,context_mean:383002,ridge:383003,15.0,15.0,15.0,15.0,18.0,21.0,18.0,18.0,SAME_ORDER,SAME_ORDER,SAME_ORDER,SAME_ORDER,SAME_ORDER,SAME_ORDER,[]
bench_press_delta_capacity_kg,context_mean:383003,histogram_boosted_stumps:383001,15.0,15.0,15.0,15.0,21.0,18.0,21.0,21.0,SAME_ORDER,SAME_ORDER,SAME_ORDER,SAME_ORDER,SAME_ORDER,SAME_ORDER,[]
bench_press_delta_capacity_kg,context_mean:383003,histogram_boosted_stumps:383002,15.0,15.0,15.0,15.0,21.0,18.0,21.0,21.0,SAME_ORDER,SAME_ORDER,SAME_ORDER,SAME_ORDER,SAME_ORDER,SAME_ORDER,[]
bench_press_delta_capacity_kg,context_mean:383003,histogram_boosted_stumps:383003,15.0,15.0,15.0,15.0,21.0,18.0,21.0,21.0,SAME_ORDER,SAME_ORDER,SAME_ORDER,SAME_ORDER,SAME_ORDER,SAME_ORDER,[]
bench_press_delta_capacity_kg,context_mean:383003,mechanistic_midpoint:383001,15.0,15.0,15.0,15.0,12.0,9.0,12.0,12.0,SAME_ORDER,SAME_ORDER,SAME_ORDER,SAME_ORDER,SAME_ORDER,SAME_ORDER,[]
bench_press_delta_capacity_kg,context_mean:383003,mechanistic_midpoint:383002,15.0,15.0,15.0,15.0,12.0,9.0,12.0,12.0,SAME_ORDER,SAME_ORDER,SAME_ORDER,SAME_ORDER,SAME_ORDER,SAME_ORDER,[]
bench_press_delta_capacity_kg,context_mean:383003,mechanistic_midpoint:383003,15.0,15.0,15.0,15.0,12.0,9.0,12.0,12.0,SAME_ORDER,SAME_ORDER,SAME_ORDER,SAME_ORDER,SAME_ORDER,SAME_ORDER,[]
bench_press_delta_capacity_kg,context_mean:383003,mechanistic_ridge_residual:383001,15.0,15.0,15.0,15.0,9.0,12.0,9.0,9.0,SAME_ORDER,SAME_ORDER,SAME_ORDER,SAME_ORDER,SAME_ORDER,SAME_ORDER,[]
bench_press_delta_capacity_kg,context_mean:383003,mechanistic_ridge_residual:383002,15.0,15.0,15.0,15.0,9.0,12.0,9.0,9.0,SAME_ORDER,SAME_ORDER,SAME_ORDER,SAME_ORDER,SAME_ORDER,SAME_ORDER,[]
bench_press_delta_capacity_kg,context_mean:383003,mechanistic_ridge_residual:383003,15.0,15.0,15.0,15.0,9.0,12.0,9.0,9.0,SAME_ORDER,SAME_ORDER,SAME_ORDER,SAME_ORDER,SAME_ORDER,SAME_ORDER,[]
bench_press_delta_capacity_kg,context_mean:383003,public-native-temporal-expert:383001,15.0,15.0,15.0,15.0,4.0,4.0,4.0,4.0,SAME_ORDER,SAME_ORDER,SAME_ORDER,SAME_ORDER,SAME_ORDER,SAME_ORDER,[]
bench_press_delta_capacity_kg,context_mean:383003,public-native-temporal-expert:383002,15.0,15.0,15.0,15.0,3.0,3.0,3.0,3.0,SAME_ORDER,SAME_ORDER,SAME_ORDER,SAME_ORDER,SAME_ORDER,SAME_ORDER,[]
bench_press_delta_capacity_kg,context_mean:383003,public-native-temporal-expert:383003,15.0,15.0,15.0,15.0,2.0,2.0,2.0,2.0,SAME_ORDER,SAME_ORDER,SAME_ORDER,SAME_ORDER,SAME_ORDER,SAME_ORDER,[]
bench_press_delta_capacity_kg,context_mean:383003,public-native-temporal-expert:ensemble,15.0,15.0,15.0,15.0,1.0,1.0,1.0,1.0,SAME_ORDER,SAME_ORDER,SAME_ORDER,SAME_ORDER,SAME_ORDER,SAME_ORDER,[]
bench_press_delta_capacity_kg,context_mean:383003,ridge:383001,15.0,15.0,15.0,15.0,18.0,21.0,18.0,18.0,SAME_ORDER,SAME_ORDER,SAME_ORDER,SAME_ORDER,SAME_ORDER,SAME_ORDER,[]
bench_press_delta_capacity_kg,context_mean:383003,ridge:383002,15.0,15.0,15.0,15.0,18.0,21.0,18.0,18.0,SAME_ORDER,SAME_ORDER,SAME_ORDER,SAME_ORDER,SAME_ORDER,SAME_ORDER,[]
bench_press_delta_capacity_kg,context_mean:383003,ridge:383003,15.0,15.0,15.0,15.0,18.0,21.0,18.0,18.0,SAME_ORDER,SAME_ORDER,SAME_ORDER,SAME_ORDER,SAME_ORDER,SAME_ORDER,[]
bench_press_delta_capacity_kg,histogram_boosted_stumps:383001,histogram_boosted_stumps:383002,21.0,18.0,21.0,21.0,21.0,18.0,21.0,21.0,TIE,TIE,TIE,TIE,TIE,TIE,[]
bench_press_delta_capacity_kg,histogram_boosted_stumps:383001,histogram_boosted_stumps:383003,21.0,18.0,21.0,21.0,21.0,18.0,21.0,21.0,TIE,TIE,TIE,TIE,TIE,TIE,[]
bench_press_delta_capacity_kg,histogram_boosted_stumps:383001,mechanistic_midpoint:383001,21.0,18.0,21.0,21.0,12.0,9.0,12.0,12.0,SAME_ORDER,SAME_ORDER,SAME_ORDER,SAME_ORDER,SAME_ORDER,SAME_ORDER,[]
bench_press_delta_capacity_kg,histogram_boosted_stumps:383001,mechanistic_midpoint:383002,21.0,18.0,21.0,21.0,12.0,9.0,12.0,12.0,SAME_ORDER,SAME_ORDER,SAME_ORDER,SAME_ORDER,SAME_ORDER,SAME_ORDER,[]
bench_press_delta_capacity_kg,histogram_boosted_stumps:383001,mechanistic_midpoint:383003,21.0,18.0,21.0,21.0,12.0,9.0,12.0,12.0,SAME_ORDER,SAME_ORDER,SAME_ORDER,SAME_ORDER,SAME_ORDER,SAME_ORDER,[]
bench_press_delta_capacity_kg,histogram_boosted_stumps:383001,mechanistic_ridge_residual:383001,21.0,18.0,21.0,21.0,9.0,12.0,9.0,9.0,SAME_ORDER,SAME_ORDER,SAME_ORDER,SAME_ORDER,SAME_ORDER,SAME_ORDER,[]
bench_press_delta_capacity_kg,histogram_boosted_stumps:383001,mechanistic_ridge_residual:383002,21.0,18.0,21.0,21.0,9.0,12.0,9.0,9.0,SAME_ORDER,SAME_ORDER,SAME_ORDER,SAME_ORDER,SAME_ORDER,SAME_ORDER,[]
bench_press_delta_capacity_kg,histogram_boosted_stumps:383001,mechanistic_ridge_residual:383003,21.0,18.0,21.0,21.0,9.0,12.0,9.0,9.0,SAME_ORDER,SAME_ORDER,SAME_ORDER,SAME_ORDER,SAME_ORDER,SAME_ORDER,[]
bench_press_delta_capacity_kg,histogram_boosted_stumps:383001,public-native-temporal-expert:383001,21.0,18.0,21.0,21.0,4.0,4.0,4.0,4.0,SAME_ORDER,SAME_ORDER,SAME_ORDER,SAME_ORDER,SAME_ORDER,SAME_ORDER,[]
bench_press_delta_capacity_kg,histogram_boosted_stumps:383001,public-native-temporal-expert:383002,21.0,18.0,21.0,21.0,3.0,3.0,3.0,3.0,SAME_ORDER,SAME_ORDER,SAME_ORDER,SAME_ORDER,SAME_ORDER,SAME_ORDER,[]
bench_press_delta_capacity_kg,histogram_boosted_stumps:383001,public-native-temporal-expert:383003,21.0,18.0,21.0,21.0,2.0,2.0,2.0,2.0,SAME_ORDER,SAME_ORDER,SAME_ORDER,SAME_ORDER,SAME_ORDER,SAME_ORDER,[]
bench_press_delta_capacity_kg,histogram_boosted_stumps:383001,public-native-temporal-expert:ensemble,21.0,18.0,21.0,21.0,1.0,1.0,1.0,1.0,SAME_ORDER,SAME_ORDER,SAME_ORDER,SAME_ORDER,SAME_ORDER,SAME_ORDER,[]
bench_press_delta_capacity_kg,histogram_boosted_stumps:383001,ridge:383001,21.0,18.0,21.0,21.0,18.0,21.0,18.0,18.0,REVERSAL,SAME_ORDER,SAME_ORDER,REVERSAL,REVERSAL,SAME_ORDER,"[""RMSE vs MAE"",""MAE vs R\u00b2"",""MAE vs SRE(ddof=0)""]"
bench_press_delta_capacity_kg,histogram_boosted_stumps:383001,ridge:383002,21.0,18.0,21.0,21.0,18.0,21.0,18.0,18.0,REVERSAL,SAME_ORDER,SAME_ORDER,REVERSAL,REVERSAL,SAME_ORDER,"[""RMSE vs MAE"",""MAE vs R\u00b2"",""MAE vs SRE(ddof=0)""]"
bench_press_delta_capacity_kg,histogram_boosted_stumps:383001,ridge:383003,21.0,18.0,21.0,21.0,18.0,21.0,18.0,18.0,REVERSAL,SAME_ORDER,SAME_ORDER,REVERSAL,REVERSAL,SAME_ORDER,"[""RMSE vs MAE"",""MAE vs R\u00b2"",""MAE vs SRE(ddof=0)""]"
bench_press_delta_capacity_kg,histogram_boosted_stumps:383002,histogram_boosted_stumps:383003,21.0,18.0,21.0,21.0,21.0,18.0,21.0,21.0,TIE,TIE,TIE,TIE,TIE,TIE,[]
bench_press_delta_capacity_kg,histogram_boosted_stumps:383002,mechanistic_midpoint:383001,21.0,18.0,21.0,21.0,12.0,9.0,12.0,12.0,SAME_ORDER,SAME_ORDER,SAME_ORDER,SAME_ORDER,SAME_ORDER,SAME_ORDER,[]
bench_press_delta_capacity_kg,histogram_boosted_stumps:383002,mechanistic_midpoint:383002,21.0,18.0,21.0,21.0,12.0,9.0,12.0,12.0,SAME_ORDER,SAME_ORDER,SAME_ORDER,SAME_ORDER,SAME_ORDER,SAME_ORDER,[]
bench_press_delta_capacity_kg,histogram_boosted_stumps:383002,mechanistic_midpoint:383003,21.0,18.0,21.0,21.0,12.0,9.0,12.0,12.0,SAME_ORDER,SAME_ORDER,SAME_ORDER,SAME_ORDER,SAME_ORDER,SAME_ORDER,[]
bench_press_delta_capacity_kg,histogram_boosted_stumps:383002,mechanistic_ridge_residual:383001,21.0,18.0,21.0,21.0,9.0,12.0,9.0,9.0,SAME_ORDER,SAME_ORDER,SAME_ORDER,SAME_ORDER,SAME_ORDER,SAME_ORDER,[]
bench_press_delta_capacity_kg,histogram_boosted_stumps:383002,mechanistic_ridge_residual:383002,21.0,18.0,21.0,21.0,9.0,12.0,9.0,9.0,SAME_ORDER,SAME_ORDER,SAME_ORDER,SAME_ORDER,SAME_ORDER,SAME_ORDER,[]
bench_press_delta_capacity_kg,histogram_boosted_stumps:383002,mechanistic_ridge_residual:383003,21.0,18.0,21.0,21.0,9.0,12.0,9.0,9.0,SAME_ORDER,SAME_ORDER,SAME_ORDER,SAME_ORDER,SAME_ORDER,SAME_ORDER,[]
bench_press_delta_capacity_kg,histogram_boosted_stumps:383002,public-native-temporal-expert:383001,21.0,18.0,21.0,21.0,4.0,4.0,4.0,4.0,SAME_ORDER,SAME_ORDER,SAME_ORDER,SAME_ORDER,SAME_ORDER,SAME_ORDER,[]
bench_press_delta_capacity_kg,histogram_boosted_stumps:383002,public-native-temporal-expert:383002,21.0,18.0,21.0,21.0,3.0,3.0,3.0,3.0,SAME_ORDER,SAME_ORDER,SAME_ORDER,SAME_ORDER,SAME_ORDER,SAME_ORDER,[]
bench_press_delta_capacity_kg,histogram_boosted_stumps:383002,public-native-temporal-expert:383003,21.0,18.0,21.0,21.0,2.0,2.0,2.0,2.0,SAME_ORDER,SAME_ORDER,SAME_ORDER,SAME_ORDER,SAME_ORDER,SAME_ORDER,[]
bench_press_delta_capacity_kg,histogram_boosted_stumps:383002,public-native-temporal-expert:ensemble,21.0,18.0,21.0,21.0,1.0,1.0,1.0,1.0,SAME_ORDER,SAME_ORDER,SAME_ORDER,SAME_ORDER,SAME_ORDER,SAME_ORDER,[]
bench_press_delta_capacity_kg,histogram_boosted_stumps:383002,ridge:383001,21.0,18.0,21.0,21.0,18.0,21.0,18.0,18.0,REVERSAL,SAME_ORDER,SAME_ORDER,REVERSAL,REVERSAL,SAME_ORDER,"[""RMSE vs MAE"",""MAE vs R\u00b2"",""MAE vs SRE(ddof=0)""]"
bench_press_delta_capacity_kg,histogram_boosted_stumps:383002,ridge:383002,21.0,18.0,21.0,21.0,18.0,21.0,18.0,18.0,REVERSAL,SAME_ORDER,SAME_ORDER,REVERSAL,REVERSAL,SAME_ORDER,"[""RMSE vs MAE"",""MAE vs R\u00b2"",""MAE vs SRE(ddof=0)""]"
bench_press_delta_capacity_kg,histogram_boosted_stumps:383002,ridge:383003,21.0,18.0,21.0,21.0,18.0,21.0,18.0,18.0,REVERSAL,SAME_ORDER,SAME_ORDER,REVERSAL,REVERSAL,SAME_ORDER,"[""RMSE vs MAE"",""MAE vs R\u00b2"",""MAE vs SRE(ddof=0)""]"
bench_press_delta_capacity_kg,histogram_boosted_stumps:383003,mechanistic_midpoint:383001,21.0,18.0,21.0,21.0,12.0,9.0,12.0,12.0,SAME_ORDER,SAME_ORDER,SAME_ORDER,SAME_ORDER,SAME_ORDER,SAME_ORDER,[]
bench_press_delta_capacity_kg,histogram_boosted_stumps:383003,mechanistic_midpoint:383002,21.0,18.0,21.0,21.0,12.0,9.0,12.0,12.0,SAME_ORDER,SAME_ORDER,SAME_ORDER,SAME_ORDER,SAME_ORDER,SAME_ORDER,[]
bench_press_delta_capacity_kg,histogram_boosted_stumps:383003,mechanistic_midpoint:383003,21.0,18.0,21.0,21.0,12.0,9.0,12.0,12.0,SAME_ORDER,SAME_ORDER,SAME_ORDER,SAME_ORDER,SAME_ORDER,SAME_ORDER,[]
bench_press_delta_capacity_kg,histogram_boosted_stumps:383003,mechanistic_ridge_residual:383001,21.0,18.0,21.0,21.0,9.0,12.0,9.0,9.0,SAME_ORDER,SAME_ORDER,SAME_ORDER,SAME_ORDER,SAME_ORDER,SAME_ORDER,[]
bench_press_delta_capacity_kg,histogram_boosted_stumps:383003,mechanistic_ridge_residual:383002,21.0,18.0,21.0,21.0,9.0,12.0,9.0,9.0,SAME_ORDER,SAME_ORDER,SAME_ORDER,SAME_ORDER,SAME_ORDER,SAME_ORDER,[]
bench_press_delta_capacity_kg,histogram_boosted_stumps:383003,mechanistic_ridge_residual:383003,21.0,18.0,21.0,21.0,9.0,12.0,9.0,9.0,SAME_ORDER,SAME_ORDER,SAME_ORDER,SAME_ORDER,SAME_ORDER,SAME_ORDER,[]
bench_press_delta_capacity_kg,histogram_boosted_stumps:383003,public-native-temporal-expert:383001,21.0,18.0,21.0,21.0,4.0,4.0,4.0,4.0,SAME_ORDER,SAME_ORDER,SAME_ORDER,SAME_ORDER,SAME_ORDER,SAME_ORDER,[]
bench_press_delta_capacity_kg,histogram_boosted_stumps:383003,public-native-temporal-expert:383002,21.0,18.0,21.0,21.0,3.0,3.0,3.0,3.0,SAME_ORDER,SAME_ORDER,SAME_ORDER,SAME_ORDER,SAME_ORDER,SAME_ORDER,[]
bench_press_delta_capacity_kg,histogram_boosted_stumps:383003,public-native-temporal-expert:383003,21.0,18.0,21.0,21.0,2.0,2.0,2.0,2.0,SAME_ORDER,SAME_ORDER,SAME_ORDER,SAME_ORDER,SAME_ORDER,SAME_ORDER,[]
bench_press_delta_capacity_kg,histogram_boosted_stumps:383003,public-native-temporal-expert:ensemble,21.0,18.0,21.0,21.0,1.0,1.0,1.0,1.0,SAME_ORDER,SAME_ORDER,SAME_ORDER,SAME_ORDER,SAME_ORDER,SAME_ORDER,[]
bench_press_delta_capacity_kg,histogram_boosted_stumps:383003,ridge:383001,21.0,18.0,21.0,21.0,18.0,21.0,18.0,18.0,REVERSAL,SAME_ORDER,SAME_ORDER,REVERSAL,REVERSAL,SAME_ORDER,"[""RMSE vs MAE"",""MAE vs R\u00b2"",""MAE vs SRE(ddof=0)""]"
bench_press_delta_capacity_kg,histogram_boosted_stumps:383003,ridge:383002,21.0,18.0,21.0,21.0,18.0,21.0,18.0,18.0,REVERSAL,SAME_ORDER,SAME_ORDER,REVERSAL,REVERSAL,SAME_ORDER,"[""RMSE vs MAE"",""MAE vs R\u00b2"",""MAE vs SRE(ddof=0)""]"
bench_press_delta_capacity_kg,histogram_boosted_stumps:383003,ridge:383003,21.0,18.0,21.0,21.0,18.0,21.0,18.0,18.0,REVERSAL,SAME_ORDER,SAME_ORDER,REVERSAL,REVERSAL,SAME_ORDER,"[""RMSE vs MAE"",""MAE vs R\u00b2"",""MAE vs SRE(ddof=0)""]"
bench_press_delta_capacity_kg,mechanistic_midpoint:383001,mechanistic_midpoint:383002,12.0,9.0,12.0,12.0,12.0,9.0,12.0,12.0,TIE,TIE,TIE,TIE,TIE,TIE,[]
bench_press_delta_capacity_kg,mechanistic_midpoint:383001,mechanistic_midpoint:383003,12.0,9.0,12.0,12.0,12.0,9.0,12.0,12.0,TIE,TIE,TIE,TIE,TIE,TIE,[]
bench_press_delta_capacity_kg,mechanistic_midpoint:383001,mechanistic_ridge_residual:383001,12.0,9.0,12.0,12.0,9.0,12.0,9.0,9.0,REVERSAL,SAME_ORDER,SAME_ORDER,REVERSAL,REVERSAL,SAME_ORDER,"[""RMSE vs MAE"",""MAE vs R\u00b2"",""MAE vs SRE(ddof=0)""]"
bench_press_delta_capacity_kg,mechanistic_midpoint:383001,mechanistic_ridge_residual:383002,12.0,9.0,12.0,12.0,9.0,12.0,9.0,9.0,REVERSAL,SAME_ORDER,SAME_ORDER,REVERSAL,REVERSAL,SAME_ORDER,"[""RMSE vs MAE"",""MAE vs R\u00b2"",""MAE vs SRE(ddof=0)""]"
bench_press_delta_capacity_kg,mechanistic_midpoint:383001,mechanistic_ridge_residual:383003,12.0,9.0,12.0,12.0,9.0,12.0,9.0,9.0,REVERSAL,SAME_ORDER,SAME_ORDER,REVERSAL,REVERSAL,SAME_ORDER,"[""RMSE vs MAE"",""MAE vs R\u00b2"",""MAE vs SRE(ddof=0)""]"
bench_press_delta_capacity_kg,mechanistic_midpoint:383001,public-native-temporal-expert:383001,12.0,9.0,12.0,12.0,4.0,4.0,4.0,4.0,SAME_ORDER,SAME_ORDER,SAME_ORDER,SAME_ORDER,SAME_ORDER,SAME_ORDER,[]
bench_press_delta_capacity_kg,mechanistic_midpoint:383001,public-native-temporal-expert:383002,12.0,9.0,12.0,12.0,3.0,3.0,3.0,3.0,SAME_ORDER,SAME_ORDER,SAME_ORDER,SAME_ORDER,SAME_ORDER,SAME_ORDER,[]
bench_press_delta_capacity_kg,mechanistic_midpoint:383001,public-native-temporal-expert:383003,12.0,9.0,12.0,12.0,2.0,2.0,2.0,2.0,SAME_ORDER,SAME_ORDER,SAME_ORDER,SAME_ORDER,SAME_ORDER,SAME_ORDER,[]
bench_press_delta_capacity_kg,mechanistic_midpoint:383001,public-native-temporal-expert:ensemble,12.0,9.0,12.0,12.0,1.0,1.0,1.0,1.0,SAME_ORDER,SAME_ORDER,SAME_ORDER,SAME_ORDER,SAME_ORDER,SAME_ORDER,[]
bench_press_delta_capacity_kg,mechanistic_midpoint:383001,ridge:383001,12.0,9.0,12.0,12.0,18.0,21.0,18.0,18.0,SAME_ORDER,SAME_ORDER,SAME_ORDER,SAME_ORDER,SAME_ORDER,SAME_ORDER,[]
bench_press_delta_capacity_kg,mechanistic_midpoint:383001,ridge:383002,12.0,9.0,12.0,12.0,18.0,21.0,18.0,18.0,SAME_ORDER,SAME_ORDER,SAME_ORDER,SAME_ORDER,SAME_ORDER,SAME_ORDER,[]
bench_press_delta_capacity_kg,mechanistic_midpoint:383001,ridge:383003,12.0,9.0,12.0,12.0,18.0,21.0,18.0,18.0,SAME_ORDER,SAME_ORDER,SAME_ORDER,SAME_ORDER,SAME_ORDER,SAME_ORDER,[]
bench_press_delta_capacity_kg,mechanistic_midpoint:383002,mechanistic_midpoint:383003,12.0,9.0,12.0,12.0,12.0,9.0,12.0,12.0,TIE,TIE,TIE,TIE,TIE,TIE,[]
bench_press_delta_capacity_kg,mechanistic_midpoint:383002,mechanistic_ridge_residual:383001,12.0,9.0,12.0,12.0,9.0,12.0,9.0,9.0,REVERSAL,SAME_ORDER,SAME_ORDER,REVERSAL,REVERSAL,SAME_ORDER,"[""RMSE vs MAE"",""MAE vs R\u00b2"",""MAE vs SRE(ddof=0)""]"
bench_press_delta_capacity_kg,mechanistic_midpoint:383002,mechanistic_ridge_residual:383002,12.0,9.0,12.0,12.0,9.0,12.0,9.0,9.0,REVERSAL,SAME_ORDER,SAME_ORDER,REVERSAL,REVERSAL,SAME_ORDER,"[""RMSE vs MAE"",""MAE vs R\u00b2"",""MAE vs SRE(ddof=0)""]"
bench_press_delta_capacity_kg,mechanistic_midpoint:383002,mechanistic_ridge_residual:383003,12.0,9.0,12.0,12.0,9.0,12.0,9.0,9.0,REVERSAL,SAME_ORDER,SAME_ORDER,REVERSAL,REVERSAL,SAME_ORDER,"[""RMSE vs MAE"",""MAE vs R\u00b2"",""MAE vs SRE(ddof=0)""]"
bench_press_delta_capacity_kg,mechanistic_midpoint:383002,public-native-temporal-expert:383001,12.0,9.0,12.0,12.0,4.0,4.0,4.0,4.0,SAME_ORDER,SAME_ORDER,SAME_ORDER,SAME_ORDER,SAME_ORDER,SAME_ORDER,[]
bench_press_delta_capacity_kg,mechanistic_midpoint:383002,public-native-temporal-expert:383002,12.0,9.0,12.0,12.0,3.0,3.0,3.0,3.0,SAME_ORDER,SAME_ORDER,SAME_ORDER,SAME_ORDER,SAME_ORDER,SAME_ORDER,[]
bench_press_delta_capacity_kg,mechanistic_midpoint:383002,public-native-temporal-expert:383003,12.0,9.0,12.0,12.0,2.0,2.0,2.0,2.0,SAME_ORDER,SAME_ORDER,SAME_ORDER,SAME_ORDER,SAME_ORDER,SAME_ORDER,[]
bench_press_delta_capacity_kg,mechanistic_midpoint:383002,public-native-temporal-expert:ensemble,12.0,9.0,12.0,12.0,1.0,1.0,1.0,1.0,SAME_ORDER,SAME_ORDER,SAME_ORDER,SAME_ORDER,SAME_ORDER,SAME_ORDER,[]
bench_press_delta_capacity_kg,mechanistic_midpoint:383002,ridge:383001,12.0,9.0,12.0,12.0,18.0,21.0,18.0,18.0,SAME_ORDER,SAME_ORDER,SAME_ORDER,SAME_ORDER,SAME_ORDER,SAME_ORDER,[]
bench_press_delta_capacity_kg,mechanistic_midpoint:383002,ridge:383002,12.0,9.0,12.0,12.0,18.0,21.0,18.0,18.0,SAME_ORDER,SAME_ORDER,SAME_ORDER,SAME_ORDER,SAME_ORDER,SAME_ORDER,[]
bench_press_delta_capacity_kg,mechanistic_midpoint:383002,ridge:383003,12.0,9.0,12.0,12.0,18.0,21.0,18.0,18.0,SAME_ORDER,SAME_ORDER,SAME_ORDER,SAME_ORDER,SAME_ORDER,SAME_ORDER,[]
bench_press_delta_capacity_kg,mechanistic_midpoint:383003,mechanistic_ridge_residual:383001,12.0,9.0,12.0,12.0,9.0,12.0,9.0,9.0,REVERSAL,SAME_ORDER,SAME_ORDER,REVERSAL,REVERSAL,SAME_ORDER,"[""RMSE vs MAE"",""MAE vs R\u00b2"",""MAE vs SRE(ddof=0)""]"
bench_press_delta_capacity_kg,mechanistic_midpoint:383003,mechanistic_ridge_residual:383002,12.0,9.0,12.0,12.0,9.0,12.0,9.0,9.0,REVERSAL,SAME_ORDER,SAME_ORDER,REVERSAL,REVERSAL,SAME_ORDER,"[""RMSE vs MAE"",""MAE vs R\u00b2"",""MAE vs SRE(ddof=0)""]"
bench_press_delta_capacity_kg,mechanistic_midpoint:383003,mechanistic_ridge_residual:383003,12.0,9.0,12.0,12.0,9.0,12.0,9.0,9.0,REVERSAL,SAME_ORDER,SAME_ORDER,REVERSAL,REVERSAL,SAME_ORDER,"[""RMSE vs MAE"",""MAE vs R\u00b2"",""MAE vs SRE(ddof=0)""]"
bench_press_delta_capacity_kg,mechanistic_midpoint:383003,public-native-temporal-expert:383001,12.0,9.0,12.0,12.0,4.0,4.0,4.0,4.0,SAME_ORDER,SAME_ORDER,SAME_ORDER,SAME_ORDER,SAME_ORDER,SAME_ORDER,[]
bench_press_delta_capacity_kg,mechanistic_midpoint:383003,public-native-temporal-expert:383002,12.0,9.0,12.0,12.0,3.0,3.0,3.0,3.0,SAME_ORDER,SAME_ORDER,SAME_ORDER,SAME_ORDER,SAME_ORDER,SAME_ORDER,[]
bench_press_delta_capacity_kg,mechanistic_midpoint:383003,public-native-temporal-expert:383003,12.0,9.0,12.0,12.0,2.0,2.0,2.0,2.0,SAME_ORDER,SAME_ORDER,SAME_ORDER,SAME_ORDER,SAME_ORDER,SAME_ORDER,[]
bench_press_delta_capacity_kg,mechanistic_midpoint:383003,public-native-temporal-expert:ensemble,12.0,9.0,12.0,12.0,1.0,1.0,1.0,1.0,SAME_ORDER,SAME_ORDER,SAME_ORDER,SAME_ORDER,SAME_ORDER,SAME_ORDER,[]
bench_press_delta_capacity_kg,mechanistic_midpoint:383003,ridge:383001,12.0,9.0,12.0,12.0,18.0,21.0,18.0,18.0,SAME_ORDER,SAME_ORDER,SAME_ORDER,SAME_ORDER,SAME_ORDER,SAME_ORDER,[]
bench_press_delta_capacity_kg,mechanistic_midpoint:383003,ridge:383002,12.0,9.0,12.0,12.0,18.0,21.0,18.0,18.0,SAME_ORDER,SAME_ORDER,SAME_ORDER,SAME_ORDER,SAME_ORDER,SAME_ORDER,[]
bench_press_delta_capacity_kg,mechanistic_midpoint:383003,ridge:383003,12.0,9.0,12.0,12.0,18.0,21.0,18.0,18.0,SAME_ORDER,SAME_ORDER,SAME_ORDER,SAME_ORDER,SAME_ORDER,SAME_ORDER,[]
bench_press_delta_capacity_kg,mechanistic_ridge_residual:383001,mechanistic_ridge_residual:383002,9.0,12.0,9.0,9.0,9.0,12.0,9.0,9.0,TIE,TIE,TIE,TIE,TIE,TIE,[]
bench_press_delta_capacity_kg,mechanistic_ridge_residual:383001,mechanistic_ridge_residual:383003,9.0,12.0,9.0,9.0,9.0,12.0,9.0,9.0,TIE,TIE,TIE,TIE,TIE,TIE,[]
bench_press_delta_capacity_kg,mechanistic_ridge_residual:383001,public-native-temporal-expert:383001,9.0,12.0,9.0,9.0,4.0,4.0,4.0,4.0,SAME_ORDER,SAME_ORDER,SAME_ORDER,SAME_ORDER,SAME_ORDER,SAME_ORDER,[]
bench_press_delta_capacity_kg,mechanistic_ridge_residual:383001,public-native-temporal-expert:383002,9.0,12.0,9.0,9.0,3.0,3.0,3.0,3.0,SAME_ORDER,SAME_ORDER,SAME_ORDER,SAME_ORDER,SAME_ORDER,SAME_ORDER,[]
bench_press_delta_capacity_kg,mechanistic_ridge_residual:383001,public-native-temporal-expert:383003,9.0,12.0,9.0,9.0,2.0,2.0,2.0,2.0,SAME_ORDER,SAME_ORDER,SAME_ORDER,SAME_ORDER,SAME_ORDER,SAME_ORDER,[]
bench_press_delta_capacity_kg,mechanistic_ridge_residual:383001,public-native-temporal-expert:ensemble,9.0,12.0,9.0,9.0,1.0,1.0,1.0,1.0,SAME_ORDER,SAME_ORDER,SAME_ORDER,SAME_ORDER,SAME_ORDER,SAME_ORDER,[]
bench_press_delta_capacity_kg,mechanistic_ridge_residual:383001,ridge:383001,9.0,12.0,9.0,9.0,18.0,21.0,18.0,18.0,SAME_ORDER,SAME_ORDER,SAME_ORDER,SAME_ORDER,SAME_ORDER,SAME_ORDER,[]
bench_press_delta_capacity_kg,mechanistic_ridge_residual:383001,ridge:383002,9.0,12.0,9.0,9.0,18.0,21.0,18.0,18.0,SAME_ORDER,SAME_ORDER,SAME_ORDER,SAME_ORDER,SAME_ORDER,SAME_ORDER,[]
bench_press_delta_capacity_kg,mechanistic_ridge_residual:383001,ridge:383003,9.0,12.0,9.0,9.0,18.0,21.0,18.0,18.0,SAME_ORDER,SAME_ORDER,SAME_ORDER,SAME_ORDER,SAME_ORDER,SAME_ORDER,[]
bench_press_delta_capacity_kg,mechanistic_ridge_residual:383002,mechanistic_ridge_residual:383003,9.0,12.0,9.0,9.0,9.0,12.0,9.0,9.0,TIE,TIE,TIE,TIE,TIE,TIE,[]
bench_press_delta_capacity_kg,mechanistic_ridge_residual:383002,public-native-temporal-expert:383001,9.0,12.0,9.0,9.0,4.0,4.0,4.0,4.0,SAME_ORDER,SAME_ORDER,SAME_ORDER,SAME_ORDER,SAME_ORDER,SAME_ORDER,[]
bench_press_delta_capacity_kg,mechanistic_ridge_residual:383002,public-native-temporal-expert:383002,9.0,12.0,9.0,9.0,3.0,3.0,3.0,3.0,SAME_ORDER,SAME_ORDER,SAME_ORDER,SAME_ORDER,SAME_ORDER,SAME_ORDER,[]
bench_press_delta_capacity_kg,mechanistic_ridge_residual:383002,public-native-temporal-expert:383003,9.0,12.0,9.0,9.0,2.0,2.0,2.0,2.0,SAME_ORDER,SAME_ORDER,SAME_ORDER,SAME_ORDER,SAME_ORDER,SAME_ORDER,[]
bench_press_delta_capacity_kg,mechanistic_ridge_residual:383002,public-native-temporal-expert:ensemble,9.0,12.0,9.0,9.0,1.0,1.0,1.0,1.0,SAME_ORDER,SAME_ORDER,SAME_ORDER,SAME_ORDER,SAME_ORDER,SAME_ORDER,[]
bench_press_delta_capacity_kg,mechanistic_ridge_residual:383002,ridge:383001,9.0,12.0,9.0,9.0,18.0,21.0,18.0,18.0,SAME_ORDER,SAME_ORDER,SAME_ORDER,SAME_ORDER,SAME_ORDER,SAME_ORDER,[]
bench_press_delta_capacity_kg,mechanistic_ridge_residual:383002,ridge:383002,9.0,12.0,9.0,9.0,18.0,21.0,18.0,18.0,SAME_ORDER,SAME_ORDER,SAME_ORDER,SAME_ORDER,SAME_ORDER,SAME_ORDER,[]
bench_press_delta_capacity_kg,mechanistic_ridge_residual:383002,ridge:383003,9.0,12.0,9.0,9.0,18.0,21.0,18.0,18.0,SAME_ORDER,SAME_ORDER,SAME_ORDER,SAME_ORDER,SAME_ORDER,SAME_ORDER,[]
bench_press_delta_capacity_kg,mechanistic_ridge_residual:383003,public-native-temporal-expert:383001,9.0,12.0,9.0,9.0,4.0,4.0,4.0,4.0,SAME_ORDER,SAME_ORDER,SAME_ORDER,SAME_ORDER,SAME_ORDER,SAME_ORDER,[]
bench_press_delta_capacity_kg,mechanistic_ridge_residual:383003,public-native-temporal-expert:383002,9.0,12.0,9.0,9.0,3.0,3.0,3.0,3.0,SAME_ORDER,SAME_ORDER,SAME_ORDER,SAME_ORDER,SAME_ORDER,SAME_ORDER,[]
bench_press_delta_capacity_kg,mechanistic_ridge_residual:383003,public-native-temporal-expert:383003,9.0,12.0,9.0,9.0,2.0,2.0,2.0,2.0,SAME_ORDER,SAME_ORDER,SAME_ORDER,SAME_ORDER,SAME_ORDER,SAME_ORDER,[]
bench_press_delta_capacity_kg,mechanistic_ridge_residual:383003,public-native-temporal-expert:ensemble,9.0,12.0,9.0,9.0,1.0,1.0,1.0,1.0,SAME_ORDER,SAME_ORDER,SAME_ORDER,SAME_ORDER,SAME_ORDER,SAME_ORDER,[]
bench_press_delta_capacity_kg,mechanistic_ridge_residual:383003,ridge:383001,9.0,12.0,9.0,9.0,18.0,21.0,18.0,18.0,SAME_ORDER,SAME_ORDER,SAME_ORDER,SAME_ORDER,SAME_ORDER,SAME_ORDER,[]
bench_press_delta_capacity_kg,mechanistic_ridge_residual:383003,ridge:383002,9.0,12.0,9.0,9.0,18.0,21.0,18.0,18.0,SAME_ORDER,SAME_ORDER,SAME_ORDER,SAME_ORDER,SAME_ORDER,SAME_ORDER,[]
bench_press_delta_capacity_kg,mechanistic_ridge_residual:383003,ridge:383003,9.0,12.0,9.0,9.0,18.0,21.0,18.0,18.0,SAME_ORDER,SAME_ORDER,SAME_ORDER,SAME_ORDER,SAME_ORDER,SAME_ORDER,[]
bench_press_delta_capacity_kg,public-native-temporal-expert:383001,public-native-temporal-expert:383002,4.0,4.0,4.0,4.0,3.0,3.0,3.0,3.0,SAME_ORDER,SAME_ORDER,SAME_ORDER,SAME_ORDER,SAME_ORDER,SAME_ORDER,[]
bench_press_delta_capacity_kg,public-native-temporal-expert:383001,public-native-temporal-expert:383003,4.0,4.0,4.0,4.0,2.0,2.0,2.0,2.0,SAME_ORDER,SAME_ORDER,SAME_ORDER,SAME_ORDER,SAME_ORDER,SAME_ORDER,[]
bench_press_delta_capacity_kg,public-native-temporal-expert:383001,public-native-temporal-expert:ensemble,4.0,4.0,4.0,4.0,1.0,1.0,1.0,1.0,SAME_ORDER,SAME_ORDER,SAME_ORDER,SAME_ORDER,SAME_ORDER,SAME_ORDER,[]
bench_press_delta_capacity_kg,public-native-temporal-expert:383001,ridge:383001,4.0,4.0,4.0,4.0,18.0,21.0,18.0,18.0,SAME_ORDER,SAME_ORDER,SAME_ORDER,SAME_ORDER,SAME_ORDER,SAME_ORDER,[]
bench_press_delta_capacity_kg,public-native-temporal-expert:383001,ridge:383002,4.0,4.0,4.0,4.0,18.0,21.0,18.0,18.0,SAME_ORDER,SAME_ORDER,SAME_ORDER,SAME_ORDER,SAME_ORDER,SAME_ORDER,[]
bench_press_delta_capacity_kg,public-native-temporal-expert:383001,ridge:383003,4.0,4.0,4.0,4.0,18.0,21.0,18.0,18.0,SAME_ORDER,SAME_ORDER,SAME_ORDER,SAME_ORDER,SAME_ORDER,SAME_ORDER,[]
bench_press_delta_capacity_kg,public-native-temporal-expert:383002,public-native-temporal-expert:383003,3.0,3.0,3.0,3.0,2.0,2.0,2.0,2.0,SAME_ORDER,SAME_ORDER,SAME_ORDER,SAME_ORDER,SAME_ORDER,SAME_ORDER,[]
bench_press_delta_capacity_kg,public-native-temporal-expert:383002,public-native-temporal-expert:ensemble,3.0,3.0,3.0,3.0,1.0,1.0,1.0,1.0,SAME_ORDER,SAME_ORDER,SAME_ORDER,SAME_ORDER,SAME_ORDER,SAME_ORDER,[]
bench_press_delta_capacity_kg,public-native-temporal-expert:383002,ridge:383001,3.0,3.0,3.0,3.0,18.0,21.0,18.0,18.0,SAME_ORDER,SAME_ORDER,SAME_ORDER,SAME_ORDER,SAME_ORDER,SAME_ORDER,[]
bench_press_delta_capacity_kg,public-native-temporal-expert:383002,ridge:383002,3.0,3.0,3.0,3.0,18.0,21.0,18.0,18.0,SAME_ORDER,SAME_ORDER,SAME_ORDER,SAME_ORDER,SAME_ORDER,SAME_ORDER,[]
bench_press_delta_capacity_kg,public-native-temporal-expert:383002,ridge:383003,3.0,3.0,3.0,3.0,18.0,21.0,18.0,18.0,SAME_ORDER,SAME_ORDER,SAME_ORDER,SAME_ORDER,SAME_ORDER,SAME_ORDER,[]
bench_press_delta_capacity_kg,public-native-temporal-expert:383003,public-native-temporal-expert:ensemble,2.0,2.0,2.0,2.0,1.0,1.0,1.0,1.0,SAME_ORDER,SAME_ORDER,SAME_ORDER,SAME_ORDER,SAME_ORDER,SAME_ORDER,[]
bench_press_delta_capacity_kg,public-native-temporal-expert:383003,ridge:383001,2.0,2.0,2.0,2.0,18.0,21.0,18.0,18.0,SAME_ORDER,SAME_ORDER,SAME_ORDER,SAME_ORDER,SAME_ORDER,SAME_ORDER,[]
bench_press_delta_capacity_kg,public-native-temporal-expert:383003,ridge:383002,2.0,2.0,2.0,2.0,18.0,21.0,18.0,18.0,SAME_ORDER,SAME_ORDER,SAME_ORDER,SAME_ORDER,SAME_ORDER,SAME_ORDER,[]
bench_press_delta_capacity_kg,public-native-temporal-expert:383003,ridge:383003,2.0,2.0,2.0,2.0,18.0,21.0,18.0,18.0,SAME_ORDER,SAME_ORDER,SAME_ORDER,SAME_ORDER,SAME_ORDER,SAME_ORDER,[]
bench_press_delta_capacity_kg,public-native-temporal-expert:ensemble,ridge:383001,1.0,1.0,1.0,1.0,18.0,21.0,18.0,18.0,SAME_ORDER,SAME_ORDER,SAME_ORDER,SAME_ORDER,SAME_ORDER,SAME_ORDER,[]
bench_press_delta_capacity_kg,public-native-temporal-expert:ensemble,ridge:383002,1.0,1.0,1.0,1.0,18.0,21.0,18.0,18.0,SAME_ORDER,SAME_ORDER,SAME_ORDER,SAME_ORDER,SAME_ORDER,SAME_ORDER,[]
bench_press_delta_capacity_kg,public-native-temporal-expert:ensemble,ridge:383003,1.0,1.0,1.0,1.0,18.0,21.0,18.0,18.0,SAME_ORDER,SAME_ORDER,SAME_ORDER,SAME_ORDER,SAME_ORDER,SAME_ORDER,[]
bench_press_delta_capacity_kg,ridge:383001,ridge:383002,18.0,21.0,18.0,18.0,18.0,21.0,18.0,18.0,TIE,TIE,TIE,TIE,TIE,TIE,[]
bench_press_delta_capacity_kg,ridge:383001,ridge:383003,18.0,21.0,18.0,18.0,18.0,21.0,18.0,18.0,TIE,TIE,TIE,TIE,TIE,TIE,[]
bench_press_delta_capacity_kg,ridge:383002,ridge:383003,18.0,21.0,18.0,18.0,18.0,21.0,18.0,18.0,TIE,TIE,TIE,TIE,TIE,TIE,[]
deadlift_delta_capacity_kg,compact_neural:383001,compact_neural:383002,5.0,6.0,5.0,5.0,7.0,7.0,7.0,7.0,SAME_ORDER,SAME_ORDER,SAME_ORDER,SAME_ORDER,SAME_ORDER,SAME_ORDER,[]
deadlift_delta_capacity_kg,compact_neural:383001,compact_neural:383003,5.0,6.0,5.0,5.0,6.0,5.0,6.0,6.0,REVERSAL,SAME_ORDER,SAME_ORDER,REVERSAL,REVERSAL,SAME_ORDER,"[""RMSE vs MAE"",""MAE vs R\u00b2"",""MAE vs SRE(ddof=0)""]"
deadlift_delta_capacity_kg,compact_neural:383001,context_mean:383001,5.0,6.0,5.0,5.0,15.0,15.0,15.0,15.0,SAME_ORDER,SAME_ORDER,SAME_ORDER,SAME_ORDER,SAME_ORDER,SAME_ORDER,[]
deadlift_delta_capacity_kg,compact_neural:383001,context_mean:383002,5.0,6.0,5.0,5.0,15.0,15.0,15.0,15.0,SAME_ORDER,SAME_ORDER,SAME_ORDER,SAME_ORDER,SAME_ORDER,SAME_ORDER,[]
deadlift_delta_capacity_kg,compact_neural:383001,context_mean:383003,5.0,6.0,5.0,5.0,15.0,15.0,15.0,15.0,SAME_ORDER,SAME_ORDER,SAME_ORDER,SAME_ORDER,SAME_ORDER,SAME_ORDER,[]
deadlift_delta_capacity_kg,compact_neural:383001,histogram_boosted_stumps:383001,5.0,6.0,5.0,5.0,21.0,18.0,21.0,21.0,SAME_ORDER,SAME_ORDER,SAME_ORDER,SAME_ORDER,SAME_ORDER,SAME_ORDER,[]
deadlift_delta_capacity_kg,compact_neural:383001,histogram_boosted_stumps:383002,5.0,6.0,5.0,5.0,21.0,18.0,21.0,21.0,SAME_ORDER,SAME_ORDER,SAME_ORDER,SAME_ORDER,SAME_ORDER,SAME_ORDER,[]
deadlift_delta_capacity_kg,compact_neural:383001,histogram_boosted_stumps:383003,5.0,6.0,5.0,5.0,21.0,18.0,21.0,21.0,SAME_ORDER,SAME_ORDER,SAME_ORDER,SAME_ORDER,SAME_ORDER,SAME_ORDER,[]
deadlift_delta_capacity_kg,compact_neural:383001,mechanistic_midpoint:383001,5.0,6.0,5.0,5.0,12.0,9.0,12.0,12.0,SAME_ORDER,SAME_ORDER,SAME_ORDER,SAME_ORDER,SAME_ORDER,SAME_ORDER,[]
deadlift_delta_capacity_kg,compact_neural:383001,mechanistic_midpoint:383002,5.0,6.0,5.0,5.0,12.0,9.0,12.0,12.0,SAME_ORDER,SAME_ORDER,SAME_ORDER,SAME_ORDER,SAME_ORDER,SAME_ORDER,[]
deadlift_delta_capacity_kg,compact_neural:383001,mechanistic_midpoint:383003,5.0,6.0,5.0,5.0,12.0,9.0,12.0,12.0,SAME_ORDER,SAME_ORDER,SAME_ORDER,SAME_ORDER,SAME_ORDER,SAME_ORDER,[]
deadlift_delta_capacity_kg,compact_neural:383001,mechanistic_ridge_residual:383001,5.0,6.0,5.0,5.0,9.0,12.0,9.0,9.0,SAME_ORDER,SAME_ORDER,SAME_ORDER,SAME_ORDER,SAME_ORDER,SAME_ORDER,[]
deadlift_delta_capacity_kg,compact_neural:383001,mechanistic_ridge_residual:383002,5.0,6.0,5.0,5.0,9.0,12.0,9.0,9.0,SAME_ORDER,SAME_ORDER,SAME_ORDER,SAME_ORDER,SAME_ORDER,SAME_ORDER,[]
deadlift_delta_capacity_kg,compact_neural:383001,mechanistic_ridge_residual:383003,5.0,6.0,5.0,5.0,9.0,12.0,9.0,9.0,SAME_ORDER,SAME_ORDER,SAME_ORDER,SAME_ORDER,SAME_ORDER,SAME_ORDER,[]
deadlift_delta_capacity_kg,compact_neural:383001,public-native-temporal-expert:383001,5.0,6.0,5.0,5.0,4.0,4.0,4.0,4.0,SAME_ORDER,SAME_ORDER,SAME_ORDER,SAME_ORDER,SAME_ORDER,SAME_ORDER,[]
deadlift_delta_capacity_kg,compact_neural:383001,public-native-temporal-expert:383002,5.0,6.0,5.0,5.0,2.0,2.0,2.0,2.0,SAME_ORDER,SAME_ORDER,SAME_ORDER,SAME_ORDER,SAME_ORDER,SAME_ORDER,[]
deadlift_delta_capacity_kg,compact_neural:383001,public-native-temporal-expert:383003,5.0,6.0,5.0,5.0,3.0,3.0,3.0,3.0,SAME_ORDER,SAME_ORDER,SAME_ORDER,SAME_ORDER,SAME_ORDER,SAME_ORDER,[]
deadlift_delta_capacity_kg,compact_neural:383001,public-native-temporal-expert:ensemble,5.0,6.0,5.0,5.0,1.0,1.0,1.0,1.0,SAME_ORDER,SAME_ORDER,SAME_ORDER,SAME_ORDER,SAME_ORDER,SAME_ORDER,[]
deadlift_delta_capacity_kg,compact_neural:383001,ridge:383001,5.0,6.0,5.0,5.0,18.0,21.0,18.0,18.0,SAME_ORDER,SAME_ORDER,SAME_ORDER,SAME_ORDER,SAME_ORDER,SAME_ORDER,[]
deadlift_delta_capacity_kg,compact_neural:383001,ridge:383002,5.0,6.0,5.0,5.0,18.0,21.0,18.0,18.0,SAME_ORDER,SAME_ORDER,SAME_ORDER,SAME_ORDER,SAME_ORDER,SAME_ORDER,[]
deadlift_delta_capacity_kg,compact_neural:383001,ridge:383003,5.0,6.0,5.0,5.0,18.0,21.0,18.0,18.0,SAME_ORDER,SAME_ORDER,SAME_ORDER,SAME_ORDER,SAME_ORDER,SAME_ORDER,[]
deadlift_delta_capacity_kg,compact_neural:383002,compact_neural:383003,7.0,7.0,7.0,7.0,6.0,5.0,6.0,6.0,SAME_ORDER,SAME_ORDER,SAME_ORDER,SAME_ORDER,SAME_ORDER,SAME_ORDER,[]
deadlift_delta_capacity_kg,compact_neural:383002,context_mean:383001,7.0,7.0,7.0,7.0,15.0,15.0,15.0,15.0,SAME_ORDER,SAME_ORDER,SAME_ORDER,SAME_ORDER,SAME_ORDER,SAME_ORDER,[]
deadlift_delta_capacity_kg,compact_neural:383002,context_mean:383002,7.0,7.0,7.0,7.0,15.0,15.0,15.0,15.0,SAME_ORDER,SAME_ORDER,SAME_ORDER,SAME_ORDER,SAME_ORDER,SAME_ORDER,[]
deadlift_delta_capacity_kg,compact_neural:383002,context_mean:383003,7.0,7.0,7.0,7.0,15.0,15.0,15.0,15.0,SAME_ORDER,SAME_ORDER,SAME_ORDER,SAME_ORDER,SAME_ORDER,SAME_ORDER,[]
deadlift_delta_capacity_kg,compact_neural:383002,histogram_boosted_stumps:383001,7.0,7.0,7.0,7.0,21.0,18.0,21.0,21.0,SAME_ORDER,SAME_ORDER,SAME_ORDER,SAME_ORDER,SAME_ORDER,SAME_ORDER,[]
deadlift_delta_capacity_kg,compact_neural:383002,histogram_boosted_stumps:383002,7.0,7.0,7.0,7.0,21.0,18.0,21.0,21.0,SAME_ORDER,SAME_ORDER,SAME_ORDER,SAME_ORDER,SAME_ORDER,SAME_ORDER,[]
deadlift_delta_capacity_kg,compact_neural:383002,histogram_boosted_stumps:383003,7.0,7.0,7.0,7.0,21.0,18.0,21.0,21.0,SAME_ORDER,SAME_ORDER,SAME_ORDER,SAME_ORDER,SAME_ORDER,SAME_ORDER,[]
deadlift_delta_capacity_kg,compact_neural:383002,mechanistic_midpoint:383001,7.0,7.0,7.0,7.0,12.0,9.0,12.0,12.0,SAME_ORDER,SAME_ORDER,SAME_ORDER,SAME_ORDER,SAME_ORDER,SAME_ORDER,[]
deadlift_delta_capacity_kg,compact_neural:383002,mechanistic_midpoint:383002,7.0,7.0,7.0,7.0,12.0,9.0,12.0,12.0,SAME_ORDER,SAME_ORDER,SAME_ORDER,SAME_ORDER,SAME_ORDER,SAME_ORDER,[]
deadlift_delta_capacity_kg,compact_neural:383002,mechanistic_midpoint:383003,7.0,7.0,7.0,7.0,12.0,9.0,12.0,12.0,SAME_ORDER,SAME_ORDER,SAME_ORDER,SAME_ORDER,SAME_ORDER,SAME_ORDER,[]
deadlift_delta_capacity_kg,compact_neural:383002,mechanistic_ridge_residual:383001,7.0,7.0,7.0,7.0,9.0,12.0,9.0,9.0,SAME_ORDER,SAME_ORDER,SAME_ORDER,SAME_ORDER,SAME_ORDER,SAME_ORDER,[]
deadlift_delta_capacity_kg,compact_neural:383002,mechanistic_ridge_residual:383002,7.0,7.0,7.0,7.0,9.0,12.0,9.0,9.0,SAME_ORDER,SAME_ORDER,SAME_ORDER,SAME_ORDER,SAME_ORDER,SAME_ORDER,[]
deadlift_delta_capacity_kg,compact_neural:383002,mechanistic_ridge_residual:383003,7.0,7.0,7.0,7.0,9.0,12.0,9.0,9.0,SAME_ORDER,SAME_ORDER,SAME_ORDER,SAME_ORDER,SAME_ORDER,SAME_ORDER,[]
deadlift_delta_capacity_kg,compact_neural:383002,public-native-temporal-expert:383001,7.0,7.0,7.0,7.0,4.0,4.0,4.0,4.0,SAME_ORDER,SAME_ORDER,SAME_ORDER,SAME_ORDER,SAME_ORDER,SAME_ORDER,[]
deadlift_delta_capacity_kg,compact_neural:383002,public-native-temporal-expert:383002,7.0,7.0,7.0,7.0,2.0,2.0,2.0,2.0,SAME_ORDER,SAME_ORDER,SAME_ORDER,SAME_ORDER,SAME_ORDER,SAME_ORDER,[]
deadlift_delta_capacity_kg,compact_neural:383002,public-native-temporal-expert:383003,7.0,7.0,7.0,7.0,3.0,3.0,3.0,3.0,SAME_ORDER,SAME_ORDER,SAME_ORDER,SAME_ORDER,SAME_ORDER,SAME_ORDER,[]
deadlift_delta_capacity_kg,compact_neural:383002,public-native-temporal-expert:ensemble,7.0,7.0,7.0,7.0,1.0,1.0,1.0,1.0,SAME_ORDER,SAME_ORDER,SAME_ORDER,SAME_ORDER,SAME_ORDER,SAME_ORDER,[]
deadlift_delta_capacity_kg,compact_neural:383002,ridge:383001,7.0,7.0,7.0,7.0,18.0,21.0,18.0,18.0,SAME_ORDER,SAME_ORDER,SAME_ORDER,SAME_ORDER,SAME_ORDER,SAME_ORDER,[]
deadlift_delta_capacity_kg,compact_neural:383002,ridge:383002,7.0,7.0,7.0,7.0,18.0,21.0,18.0,18.0,SAME_ORDER,SAME_ORDER,SAME_ORDER,SAME_ORDER,SAME_ORDER,SAME_ORDER,[]
deadlift_delta_capacity_kg,compact_neural:383002,ridge:383003,7.0,7.0,7.0,7.0,18.0,21.0,18.0,18.0,SAME_ORDER,SAME_ORDER,SAME_ORDER,SAME_ORDER,SAME_ORDER,SAME_ORDER,[]
deadlift_delta_capacity_kg,compact_neural:383003,context_mean:383001,6.0,5.0,6.0,6.0,15.0,15.0,15.0,15.0,SAME_ORDER,SAME_ORDER,SAME_ORDER,SAME_ORDER,SAME_ORDER,SAME_ORDER,[]
deadlift_delta_capacity_kg,compact_neural:383003,context_mean:383002,6.0,5.0,6.0,6.0,15.0,15.0,15.0,15.0,SAME_ORDER,SAME_ORDER,SAME_ORDER,SAME_ORDER,SAME_ORDER,SAME_ORDER,[]
deadlift_delta_capacity_kg,compact_neural:383003,context_mean:383003,6.0,5.0,6.0,6.0,15.0,15.0,15.0,15.0,SAME_ORDER,SAME_ORDER,SAME_ORDER,SAME_ORDER,SAME_ORDER,SAME_ORDER,[]
deadlift_delta_capacity_kg,compact_neural:383003,histogram_boosted_stumps:383001,6.0,5.0,6.0,6.0,21.0,18.0,21.0,21.0,SAME_ORDER,SAME_ORDER,SAME_ORDER,SAME_ORDER,SAME_ORDER,SAME_ORDER,[]
deadlift_delta_capacity_kg,compact_neural:383003,histogram_boosted_stumps:383002,6.0,5.0,6.0,6.0,21.0,18.0,21.0,21.0,SAME_ORDER,SAME_ORDER,SAME_ORDER,SAME_ORDER,SAME_ORDER,SAME_ORDER,[]
deadlift_delta_capacity_kg,compact_neural:383003,histogram_boosted_stumps:383003,6.0,5.0,6.0,6.0,21.0,18.0,21.0,21.0,SAME_ORDER,SAME_ORDER,SAME_ORDER,SAME_ORDER,SAME_ORDER,SAME_ORDER,[]
deadlift_delta_capacity_kg,compact_neural:383003,mechanistic_midpoint:383001,6.0,5.0,6.0,6.0,12.0,9.0,12.0,12.0,SAME_ORDER,SAME_ORDER,SAME_ORDER,SAME_ORDER,SAME_ORDER,SAME_ORDER,[]
deadlift_delta_capacity_kg,compact_neural:383003,mechanistic_midpoint:383002,6.0,5.0,6.0,6.0,12.0,9.0,12.0,12.0,SAME_ORDER,SAME_ORDER,SAME_ORDER,SAME_ORDER,SAME_ORDER,SAME_ORDER,[]
deadlift_delta_capacity_kg,compact_neural:383003,mechanistic_midpoint:383003,6.0,5.0,6.0,6.0,12.0,9.0,12.0,12.0,SAME_ORDER,SAME_ORDER,SAME_ORDER,SAME_ORDER,SAME_ORDER,SAME_ORDER,[]
deadlift_delta_capacity_kg,compact_neural:383003,mechanistic_ridge_residual:383001,6.0,5.0,6.0,6.0,9.0,12.0,9.0,9.0,SAME_ORDER,SAME_ORDER,SAME_ORDER,SAME_ORDER,SAME_ORDER,SAME_ORDER,[]
deadlift_delta_capacity_kg,compact_neural:383003,mechanistic_ridge_residual:383002,6.0,5.0,6.0,6.0,9.0,12.0,9.0,9.0,SAME_ORDER,SAME_ORDER,SAME_ORDER,SAME_ORDER,SAME_ORDER,SAME_ORDER,[]
deadlift_delta_capacity_kg,compact_neural:383003,mechanistic_ridge_residual:383003,6.0,5.0,6.0,6.0,9.0,12.0,9.0,9.0,SAME_ORDER,SAME_ORDER,SAME_ORDER,SAME_ORDER,SAME_ORDER,SAME_ORDER,[]
deadlift_delta_capacity_kg,compact_neural:383003,public-native-temporal-expert:383001,6.0,5.0,6.0,6.0,4.0,4.0,4.0,4.0,SAME_ORDER,SAME_ORDER,SAME_ORDER,SAME_ORDER,SAME_ORDER,SAME_ORDER,[]
deadlift_delta_capacity_kg,compact_neural:383003,public-native-temporal-expert:383002,6.0,5.0,6.0,6.0,2.0,2.0,2.0,2.0,SAME_ORDER,SAME_ORDER,SAME_ORDER,SAME_ORDER,SAME_ORDER,SAME_ORDER,[]
deadlift_delta_capacity_kg,compact_neural:383003,public-native-temporal-expert:383003,6.0,5.0,6.0,6.0,3.0,3.0,3.0,3.0,SAME_ORDER,SAME_ORDER,SAME_ORDER,SAME_ORDER,SAME_ORDER,SAME_ORDER,[]
deadlift_delta_capacity_kg,compact_neural:383003,public-native-temporal-expert:ensemble,6.0,5.0,6.0,6.0,1.0,1.0,1.0,1.0,SAME_ORDER,SAME_ORDER,SAME_ORDER,SAME_ORDER,SAME_ORDER,SAME_ORDER,[]
deadlift_delta_capacity_kg,compact_neural:383003,ridge:383001,6.0,5.0,6.0,6.0,18.0,21.0,18.0,18.0,SAME_ORDER,SAME_ORDER,SAME_ORDER,SAME_ORDER,SAME_ORDER,SAME_ORDER,[]
deadlift_delta_capacity_kg,compact_neural:383003,ridge:383002,6.0,5.0,6.0,6.0,18.0,21.0,18.0,18.0,SAME_ORDER,SAME_ORDER,SAME_ORDER,SAME_ORDER,SAME_ORDER,SAME_ORDER,[]
deadlift_delta_capacity_kg,compact_neural:383003,ridge:383003,6.0,5.0,6.0,6.0,18.0,21.0,18.0,18.0,SAME_ORDER,SAME_ORDER,SAME_ORDER,SAME_ORDER,SAME_ORDER,SAME_ORDER,[]
deadlift_delta_capacity_kg,context_mean:383001,context_mean:383002,15.0,15.0,15.0,15.0,15.0,15.0,15.0,15.0,TIE,TIE,TIE,TIE,TIE,TIE,[]
deadlift_delta_capacity_kg,context_mean:383001,context_mean:383003,15.0,15.0,15.0,15.0,15.0,15.0,15.0,15.0,TIE,TIE,TIE,TIE,TIE,TIE,[]
deadlift_delta_capacity_kg,context_mean:383001,histogram_boosted_stumps:383001,15.0,15.0,15.0,15.0,21.0,18.0,21.0,21.0,SAME_ORDER,SAME_ORDER,SAME_ORDER,SAME_ORDER,SAME_ORDER,SAME_ORDER,[]
deadlift_delta_capacity_kg,context_mean:383001,histogram_boosted_stumps:383002,15.0,15.0,15.0,15.0,21.0,18.0,21.0,21.0,SAME_ORDER,SAME_ORDER,SAME_ORDER,SAME_ORDER,SAME_ORDER,SAME_ORDER,[]
deadlift_delta_capacity_kg,context_mean:383001,histogram_boosted_stumps:383003,15.0,15.0,15.0,15.0,21.0,18.0,21.0,21.0,SAME_ORDER,SAME_ORDER,SAME_ORDER,SAME_ORDER,SAME_ORDER,SAME_ORDER,[]
deadlift_delta_capacity_kg,context_mean:383001,mechanistic_midpoint:383001,15.0,15.0,15.0,15.0,12.0,9.0,12.0,12.0,SAME_ORDER,SAME_ORDER,SAME_ORDER,SAME_ORDER,SAME_ORDER,SAME_ORDER,[]
deadlift_delta_capacity_kg,context_mean:383001,mechanistic_midpoint:383002,15.0,15.0,15.0,15.0,12.0,9.0,12.0,12.0,SAME_ORDER,SAME_ORDER,SAME_ORDER,SAME_ORDER,SAME_ORDER,SAME_ORDER,[]
deadlift_delta_capacity_kg,context_mean:383001,mechanistic_midpoint:383003,15.0,15.0,15.0,15.0,12.0,9.0,12.0,12.0,SAME_ORDER,SAME_ORDER,SAME_ORDER,SAME_ORDER,SAME_ORDER,SAME_ORDER,[]
deadlift_delta_capacity_kg,context_mean:383001,mechanistic_ridge_residual:383001,15.0,15.0,15.0,15.0,9.0,12.0,9.0,9.0,SAME_ORDER,SAME_ORDER,SAME_ORDER,SAME_ORDER,SAME_ORDER,SAME_ORDER,[]
deadlift_delta_capacity_kg,context_mean:383001,mechanistic_ridge_residual:383002,15.0,15.0,15.0,15.0,9.0,12.0,9.0,9.0,SAME_ORDER,SAME_ORDER,SAME_ORDER,SAME_ORDER,SAME_ORDER,SAME_ORDER,[]
deadlift_delta_capacity_kg,context_mean:383001,mechanistic_ridge_residual:383003,15.0,15.0,15.0,15.0,9.0,12.0,9.0,9.0,SAME_ORDER,SAME_ORDER,SAME_ORDER,SAME_ORDER,SAME_ORDER,SAME_ORDER,[]
deadlift_delta_capacity_kg,context_mean:383001,public-native-temporal-expert:383001,15.0,15.0,15.0,15.0,4.0,4.0,4.0,4.0,SAME_ORDER,SAME_ORDER,SAME_ORDER,SAME_ORDER,SAME_ORDER,SAME_ORDER,[]
deadlift_delta_capacity_kg,context_mean:383001,public-native-temporal-expert:383002,15.0,15.0,15.0,15.0,2.0,2.0,2.0,2.0,SAME_ORDER,SAME_ORDER,SAME_ORDER,SAME_ORDER,SAME_ORDER,SAME_ORDER,[]
deadlift_delta_capacity_kg,context_mean:383001,public-native-temporal-expert:383003,15.0,15.0,15.0,15.0,3.0,3.0,3.0,3.0,SAME_ORDER,SAME_ORDER,SAME_ORDER,SAME_ORDER,SAME_ORDER,SAME_ORDER,[]
deadlift_delta_capacity_kg,context_mean:383001,public-native-temporal-expert:ensemble,15.0,15.0,15.0,15.0,1.0,1.0,1.0,1.0,SAME_ORDER,SAME_ORDER,SAME_ORDER,SAME_ORDER,SAME_ORDER,SAME_ORDER,[]
deadlift_delta_capacity_kg,context_mean:383001,ridge:383001,15.0,15.0,15.0,15.0,18.0,21.0,18.0,18.0,SAME_ORDER,SAME_ORDER,SAME_ORDER,SAME_ORDER,SAME_ORDER,SAME_ORDER,[]
deadlift_delta_capacity_kg,context_mean:383001,ridge:383002,15.0,15.0,15.0,15.0,18.0,21.0,18.0,18.0,SAME_ORDER,SAME_ORDER,SAME_ORDER,SAME_ORDER,SAME_ORDER,SAME_ORDER,[]
deadlift_delta_capacity_kg,context_mean:383001,ridge:383003,15.0,15.0,15.0,15.0,18.0,21.0,18.0,18.0,SAME_ORDER,SAME_ORDER,SAME_ORDER,SAME_ORDER,SAME_ORDER,SAME_ORDER,[]
deadlift_delta_capacity_kg,context_mean:383002,context_mean:383003,15.0,15.0,15.0,15.0,15.0,15.0,15.0,15.0,TIE,TIE,TIE,TIE,TIE,TIE,[]
deadlift_delta_capacity_kg,context_mean:383002,histogram_boosted_stumps:383001,15.0,15.0,15.0,15.0,21.0,18.0,21.0,21.0,SAME_ORDER,SAME_ORDER,SAME_ORDER,SAME_ORDER,SAME_ORDER,SAME_ORDER,[]
deadlift_delta_capacity_kg,context_mean:383002,histogram_boosted_stumps:383002,15.0,15.0,15.0,15.0,21.0,18.0,21.0,21.0,SAME_ORDER,SAME_ORDER,SAME_ORDER,SAME_ORDER,SAME_ORDER,SAME_ORDER,[]
deadlift_delta_capacity_kg,context_mean:383002,histogram_boosted_stumps:383003,15.0,15.0,15.0,15.0,21.0,18.0,21.0,21.0,SAME_ORDER,SAME_ORDER,SAME_ORDER,SAME_ORDER,SAME_ORDER,SAME_ORDER,[]
deadlift_delta_capacity_kg,context_mean:383002,mechanistic_midpoint:383001,15.0,15.0,15.0,15.0,12.0,9.0,12.0,12.0,SAME_ORDER,SAME_ORDER,SAME_ORDER,SAME_ORDER,SAME_ORDER,SAME_ORDER,[]
deadlift_delta_capacity_kg,context_mean:383002,mechanistic_midpoint:383002,15.0,15.0,15.0,15.0,12.0,9.0,12.0,12.0,SAME_ORDER,SAME_ORDER,SAME_ORDER,SAME_ORDER,SAME_ORDER,SAME_ORDER,[]
deadlift_delta_capacity_kg,context_mean:383002,mechanistic_midpoint:383003,15.0,15.0,15.0,15.0,12.0,9.0,12.0,12.0,SAME_ORDER,SAME_ORDER,SAME_ORDER,SAME_ORDER,SAME_ORDER,SAME_ORDER,[]
deadlift_delta_capacity_kg,context_mean:383002,mechanistic_ridge_residual:383001,15.0,15.0,15.0,15.0,9.0,12.0,9.0,9.0,SAME_ORDER,SAME_ORDER,SAME_ORDER,SAME_ORDER,SAME_ORDER,SAME_ORDER,[]
deadlift_delta_capacity_kg,context_mean:383002,mechanistic_ridge_residual:383002,15.0,15.0,15.0,15.0,9.0,12.0,9.0,9.0,SAME_ORDER,SAME_ORDER,SAME_ORDER,SAME_ORDER,SAME_ORDER,SAME_ORDER,[]
deadlift_delta_capacity_kg,context_mean:383002,mechanistic_ridge_residual:383003,15.0,15.0,15.0,15.0,9.0,12.0,9.0,9.0,SAME_ORDER,SAME_ORDER,SAME_ORDER,SAME_ORDER,SAME_ORDER,SAME_ORDER,[]
deadlift_delta_capacity_kg,context_mean:383002,public-native-temporal-expert:383001,15.0,15.0,15.0,15.0,4.0,4.0,4.0,4.0,SAME_ORDER,SAME_ORDER,SAME_ORDER,SAME_ORDER,SAME_ORDER,SAME_ORDER,[]
deadlift_delta_capacity_kg,context_mean:383002,public-native-temporal-expert:383002,15.0,15.0,15.0,15.0,2.0,2.0,2.0,2.0,SAME_ORDER,SAME_ORDER,SAME_ORDER,SAME_ORDER,SAME_ORDER,SAME_ORDER,[]
deadlift_delta_capacity_kg,context_mean:383002,public-native-temporal-expert:383003,15.0,15.0,15.0,15.0,3.0,3.0,3.0,3.0,SAME_ORDER,SAME_ORDER,SAME_ORDER,SAME_ORDER,SAME_ORDER,SAME_ORDER,[]
deadlift_delta_capacity_kg,context_mean:383002,public-native-temporal-expert:ensemble,15.0,15.0,15.0,15.0,1.0,1.0,1.0,1.0,SAME_ORDER,SAME_ORDER,SAME_ORDER,SAME_ORDER,SAME_ORDER,SAME_ORDER,[]
deadlift_delta_capacity_kg,context_mean:383002,ridge:383001,15.0,15.0,15.0,15.0,18.0,21.0,18.0,18.0,SAME_ORDER,SAME_ORDER,SAME_ORDER,SAME_ORDER,SAME_ORDER,SAME_ORDER,[]
deadlift_delta_capacity_kg,context_mean:383002,ridge:383002,15.0,15.0,15.0,15.0,18.0,21.0,18.0,18.0,SAME_ORDER,SAME_ORDER,SAME_ORDER,SAME_ORDER,SAME_ORDER,SAME_ORDER,[]
deadlift_delta_capacity_kg,context_mean:383002,ridge:383003,15.0,15.0,15.0,15.0,18.0,21.0,18.0,18.0,SAME_ORDER,SAME_ORDER,SAME_ORDER,SAME_ORDER,SAME_ORDER,SAME_ORDER,[]
deadlift_delta_capacity_kg,context_mean:383003,histogram_boosted_stumps:383001,15.0,15.0,15.0,15.0,21.0,18.0,21.0,21.0,SAME_ORDER,SAME_ORDER,SAME_ORDER,SAME_ORDER,SAME_ORDER,SAME_ORDER,[]
deadlift_delta_capacity_kg,context_mean:383003,histogram_boosted_stumps:383002,15.0,15.0,15.0,15.0,21.0,18.0,21.0,21.0,SAME_ORDER,SAME_ORDER,SAME_ORDER,SAME_ORDER,SAME_ORDER,SAME_ORDER,[]
deadlift_delta_capacity_kg,context_mean:383003,histogram_boosted_stumps:383003,15.0,15.0,15.0,15.0,21.0,18.0,21.0,21.0,SAME_ORDER,SAME_ORDER,SAME_ORDER,SAME_ORDER,SAME_ORDER,SAME_ORDER,[]
deadlift_delta_capacity_kg,context_mean:383003,mechanistic_midpoint:383001,15.0,15.0,15.0,15.0,12.0,9.0,12.0,12.0,SAME_ORDER,SAME_ORDER,SAME_ORDER,SAME_ORDER,SAME_ORDER,SAME_ORDER,[]
deadlift_delta_capacity_kg,context_mean:383003,mechanistic_midpoint:383002,15.0,15.0,15.0,15.0,12.0,9.0,12.0,12.0,SAME_ORDER,SAME_ORDER,SAME_ORDER,SAME_ORDER,SAME_ORDER,SAME_ORDER,[]
deadlift_delta_capacity_kg,context_mean:383003,mechanistic_midpoint:383003,15.0,15.0,15.0,15.0,12.0,9.0,12.0,12.0,SAME_ORDER,SAME_ORDER,SAME_ORDER,SAME_ORDER,SAME_ORDER,SAME_ORDER,[]
deadlift_delta_capacity_kg,context_mean:383003,mechanistic_ridge_residual:383001,15.0,15.0,15.0,15.0,9.0,12.0,9.0,9.0,SAME_ORDER,SAME_ORDER,SAME_ORDER,SAME_ORDER,SAME_ORDER,SAME_ORDER,[]
deadlift_delta_capacity_kg,context_mean:383003,mechanistic_ridge_residual:383002,15.0,15.0,15.0,15.0,9.0,12.0,9.0,9.0,SAME_ORDER,SAME_ORDER,SAME_ORDER,SAME_ORDER,SAME_ORDER,SAME_ORDER,[]
deadlift_delta_capacity_kg,context_mean:383003,mechanistic_ridge_residual:383003,15.0,15.0,15.0,15.0,9.0,12.0,9.0,9.0,SAME_ORDER,SAME_ORDER,SAME_ORDER,SAME_ORDER,SAME_ORDER,SAME_ORDER,[]
deadlift_delta_capacity_kg,context_mean:383003,public-native-temporal-expert:383001,15.0,15.0,15.0,15.0,4.0,4.0,4.0,4.0,SAME_ORDER,SAME_ORDER,SAME_ORDER,SAME_ORDER,SAME_ORDER,SAME_ORDER,[]
deadlift_delta_capacity_kg,context_mean:383003,public-native-temporal-expert:383002,15.0,15.0,15.0,15.0,2.0,2.0,2.0,2.0,SAME_ORDER,SAME_ORDER,SAME_ORDER,SAME_ORDER,SAME_ORDER,SAME_ORDER,[]
deadlift_delta_capacity_kg,context_mean:383003,public-native-temporal-expert:383003,15.0,15.0,15.0,15.0,3.0,3.0,3.0,3.0,SAME_ORDER,SAME_ORDER,SAME_ORDER,SAME_ORDER,SAME_ORDER,SAME_ORDER,[]
deadlift_delta_capacity_kg,context_mean:383003,public-native-temporal-expert:ensemble,15.0,15.0,15.0,15.0,1.0,1.0,1.0,1.0,SAME_ORDER,SAME_ORDER,SAME_ORDER,SAME_ORDER,SAME_ORDER,SAME_ORDER,[]
deadlift_delta_capacity_kg,context_mean:383003,ridge:383001,15.0,15.0,15.0,15.0,18.0,21.0,18.0,18.0,SAME_ORDER,SAME_ORDER,SAME_ORDER,SAME_ORDER,SAME_ORDER,SAME_ORDER,[]
deadlift_delta_capacity_kg,context_mean:383003,ridge:383002,15.0,15.0,15.0,15.0,18.0,21.0,18.0,18.0,SAME_ORDER,SAME_ORDER,SAME_ORDER,SAME_ORDER,SAME_ORDER,SAME_ORDER,[]
deadlift_delta_capacity_kg,context_mean:383003,ridge:383003,15.0,15.0,15.0,15.0,18.0,21.0,18.0,18.0,SAME_ORDER,SAME_ORDER,SAME_ORDER,SAME_ORDER,SAME_ORDER,SAME_ORDER,[]
deadlift_delta_capacity_kg,histogram_boosted_stumps:383001,histogram_boosted_stumps:383002,21.0,18.0,21.0,21.0,21.0,18.0,21.0,21.0,TIE,TIE,TIE,TIE,TIE,TIE,[]
deadlift_delta_capacity_kg,histogram_boosted_stumps:383001,histogram_boosted_stumps:383003,21.0,18.0,21.0,21.0,21.0,18.0,21.0,21.0,TIE,TIE,TIE,TIE,TIE,TIE,[]
deadlift_delta_capacity_kg,histogram_boosted_stumps:383001,mechanistic_midpoint:383001,21.0,18.0,21.0,21.0,12.0,9.0,12.0,12.0,SAME_ORDER,SAME_ORDER,SAME_ORDER,SAME_ORDER,SAME_ORDER,SAME_ORDER,[]
deadlift_delta_capacity_kg,histogram_boosted_stumps:383001,mechanistic_midpoint:383002,21.0,18.0,21.0,21.0,12.0,9.0,12.0,12.0,SAME_ORDER,SAME_ORDER,SAME_ORDER,SAME_ORDER,SAME_ORDER,SAME_ORDER,[]
deadlift_delta_capacity_kg,histogram_boosted_stumps:383001,mechanistic_midpoint:383003,21.0,18.0,21.0,21.0,12.0,9.0,12.0,12.0,SAME_ORDER,SAME_ORDER,SAME_ORDER,SAME_ORDER,SAME_ORDER,SAME_ORDER,[]
deadlift_delta_capacity_kg,histogram_boosted_stumps:383001,mechanistic_ridge_residual:383001,21.0,18.0,21.0,21.0,9.0,12.0,9.0,9.0,SAME_ORDER,SAME_ORDER,SAME_ORDER,SAME_ORDER,SAME_ORDER,SAME_ORDER,[]
deadlift_delta_capacity_kg,histogram_boosted_stumps:383001,mechanistic_ridge_residual:383002,21.0,18.0,21.0,21.0,9.0,12.0,9.0,9.0,SAME_ORDER,SAME_ORDER,SAME_ORDER,SAME_ORDER,SAME_ORDER,SAME_ORDER,[]
deadlift_delta_capacity_kg,histogram_boosted_stumps:383001,mechanistic_ridge_residual:383003,21.0,18.0,21.0,21.0,9.0,12.0,9.0,9.0,SAME_ORDER,SAME_ORDER,SAME_ORDER,SAME_ORDER,SAME_ORDER,SAME_ORDER,[]
deadlift_delta_capacity_kg,histogram_boosted_stumps:383001,public-native-temporal-expert:383001,21.0,18.0,21.0,21.0,4.0,4.0,4.0,4.0,SAME_ORDER,SAME_ORDER,SAME_ORDER,SAME_ORDER,SAME_ORDER,SAME_ORDER,[]
deadlift_delta_capacity_kg,histogram_boosted_stumps:383001,public-native-temporal-expert:383002,21.0,18.0,21.0,21.0,2.0,2.0,2.0,2.0,SAME_ORDER,SAME_ORDER,SAME_ORDER,SAME_ORDER,SAME_ORDER,SAME_ORDER,[]
deadlift_delta_capacity_kg,histogram_boosted_stumps:383001,public-native-temporal-expert:383003,21.0,18.0,21.0,21.0,3.0,3.0,3.0,3.0,SAME_ORDER,SAME_ORDER,SAME_ORDER,SAME_ORDER,SAME_ORDER,SAME_ORDER,[]
deadlift_delta_capacity_kg,histogram_boosted_stumps:383001,public-native-temporal-expert:ensemble,21.0,18.0,21.0,21.0,1.0,1.0,1.0,1.0,SAME_ORDER,SAME_ORDER,SAME_ORDER,SAME_ORDER,SAME_ORDER,SAME_ORDER,[]
deadlift_delta_capacity_kg,histogram_boosted_stumps:383001,ridge:383001,21.0,18.0,21.0,21.0,18.0,21.0,18.0,18.0,REVERSAL,SAME_ORDER,SAME_ORDER,REVERSAL,REVERSAL,SAME_ORDER,"[""RMSE vs MAE"",""MAE vs R\u00b2"",""MAE vs SRE(ddof=0)""]"
deadlift_delta_capacity_kg,histogram_boosted_stumps:383001,ridge:383002,21.0,18.0,21.0,21.0,18.0,21.0,18.0,18.0,REVERSAL,SAME_ORDER,SAME_ORDER,REVERSAL,REVERSAL,SAME_ORDER,"[""RMSE vs MAE"",""MAE vs R\u00b2"",""MAE vs SRE(ddof=0)""]"
deadlift_delta_capacity_kg,histogram_boosted_stumps:383001,ridge:383003,21.0,18.0,21.0,21.0,18.0,21.0,18.0,18.0,REVERSAL,SAME_ORDER,SAME_ORDER,REVERSAL,REVERSAL,SAME_ORDER,"[""RMSE vs MAE"",""MAE vs R\u00b2"",""MAE vs SRE(ddof=0)""]"
deadlift_delta_capacity_kg,histogram_boosted_stumps:383002,histogram_boosted_stumps:383003,21.0,18.0,21.0,21.0,21.0,18.0,21.0,21.0,TIE,TIE,TIE,TIE,TIE,TIE,[]
deadlift_delta_capacity_kg,histogram_boosted_stumps:383002,mechanistic_midpoint:383001,21.0,18.0,21.0,21.0,12.0,9.0,12.0,12.0,SAME_ORDER,SAME_ORDER,SAME_ORDER,SAME_ORDER,SAME_ORDER,SAME_ORDER,[]
deadlift_delta_capacity_kg,histogram_boosted_stumps:383002,mechanistic_midpoint:383002,21.0,18.0,21.0,21.0,12.0,9.0,12.0,12.0,SAME_ORDER,SAME_ORDER,SAME_ORDER,SAME_ORDER,SAME_ORDER,SAME_ORDER,[]
deadlift_delta_capacity_kg,histogram_boosted_stumps:383002,mechanistic_midpoint:383003,21.0,18.0,21.0,21.0,12.0,9.0,12.0,12.0,SAME_ORDER,SAME_ORDER,SAME_ORDER,SAME_ORDER,SAME_ORDER,SAME_ORDER,[]
deadlift_delta_capacity_kg,histogram_boosted_stumps:383002,mechanistic_ridge_residual:383001,21.0,18.0,21.0,21.0,9.0,12.0,9.0,9.0,SAME_ORDER,SAME_ORDER,SAME_ORDER,SAME_ORDER,SAME_ORDER,SAME_ORDER,[]
deadlift_delta_capacity_kg,histogram_boosted_stumps:383002,mechanistic_ridge_residual:383002,21.0,18.0,21.0,21.0,9.0,12.0,9.0,9.0,SAME_ORDER,SAME_ORDER,SAME_ORDER,SAME_ORDER,SAME_ORDER,SAME_ORDER,[]
deadlift_delta_capacity_kg,histogram_boosted_stumps:383002,mechanistic_ridge_residual:383003,21.0,18.0,21.0,21.0,9.0,12.0,9.0,9.0,SAME_ORDER,SAME_ORDER,SAME_ORDER,SAME_ORDER,SAME_ORDER,SAME_ORDER,[]
deadlift_delta_capacity_kg,histogram_boosted_stumps:383002,public-native-temporal-expert:383001,21.0,18.0,21.0,21.0,4.0,4.0,4.0,4.0,SAME_ORDER,SAME_ORDER,SAME_ORDER,SAME_ORDER,SAME_ORDER,SAME_ORDER,[]
deadlift_delta_capacity_kg,histogram_boosted_stumps:383002,public-native-temporal-expert:383002,21.0,18.0,21.0,21.0,2.0,2.0,2.0,2.0,SAME_ORDER,SAME_ORDER,SAME_ORDER,SAME_ORDER,SAME_ORDER,SAME_ORDER,[]
deadlift_delta_capacity_kg,histogram_boosted_stumps:383002,public-native-temporal-expert:383003,21.0,18.0,21.0,21.0,3.0,3.0,3.0,3.0,SAME_ORDER,SAME_ORDER,SAME_ORDER,SAME_ORDER,SAME_ORDER,SAME_ORDER,[]
deadlift_delta_capacity_kg,histogram_boosted_stumps:383002,public-native-temporal-expert:ensemble,21.0,18.0,21.0,21.0,1.0,1.0,1.0,1.0,SAME_ORDER,SAME_ORDER,SAME_ORDER,SAME_ORDER,SAME_ORDER,SAME_ORDER,[]
deadlift_delta_capacity_kg,histogram_boosted_stumps:383002,ridge:383001,21.0,18.0,21.0,21.0,18.0,21.0,18.0,18.0,REVERSAL,SAME_ORDER,SAME_ORDER,REVERSAL,REVERSAL,SAME_ORDER,"[""RMSE vs MAE"",""MAE vs R\u00b2"",""MAE vs SRE(ddof=0)""]"
deadlift_delta_capacity_kg,histogram_boosted_stumps:383002,ridge:383002,21.0,18.0,21.0,21.0,18.0,21.0,18.0,18.0,REVERSAL,SAME_ORDER,SAME_ORDER,REVERSAL,REVERSAL,SAME_ORDER,"[""RMSE vs MAE"",""MAE vs R\u00b2"",""MAE vs SRE(ddof=0)""]"
deadlift_delta_capacity_kg,histogram_boosted_stumps:383002,ridge:383003,21.0,18.0,21.0,21.0,18.0,21.0,18.0,18.0,REVERSAL,SAME_ORDER,SAME_ORDER,REVERSAL,REVERSAL,SAME_ORDER,"[""RMSE vs MAE"",""MAE vs R\u00b2"",""MAE vs SRE(ddof=0)""]"
deadlift_delta_capacity_kg,histogram_boosted_stumps:383003,mechanistic_midpoint:383001,21.0,18.0,21.0,21.0,12.0,9.0,12.0,12.0,SAME_ORDER,SAME_ORDER,SAME_ORDER,SAME_ORDER,SAME_ORDER,SAME_ORDER,[]
deadlift_delta_capacity_kg,histogram_boosted_stumps:383003,mechanistic_midpoint:383002,21.0,18.0,21.0,21.0,12.0,9.0,12.0,12.0,SAME_ORDER,SAME_ORDER,SAME_ORDER,SAME_ORDER,SAME_ORDER,SAME_ORDER,[]
deadlift_delta_capacity_kg,histogram_boosted_stumps:383003,mechanistic_midpoint:383003,21.0,18.0,21.0,21.0,12.0,9.0,12.0,12.0,SAME_ORDER,SAME_ORDER,SAME_ORDER,SAME_ORDER,SAME_ORDER,SAME_ORDER,[]
deadlift_delta_capacity_kg,histogram_boosted_stumps:383003,mechanistic_ridge_residual:383001,21.0,18.0,21.0,21.0,9.0,12.0,9.0,9.0,SAME_ORDER,SAME_ORDER,SAME_ORDER,SAME_ORDER,SAME_ORDER,SAME_ORDER,[]
deadlift_delta_capacity_kg,histogram_boosted_stumps:383003,mechanistic_ridge_residual:383002,21.0,18.0,21.0,21.0,9.0,12.0,9.0,9.0,SAME_ORDER,SAME_ORDER,SAME_ORDER,SAME_ORDER,SAME_ORDER,SAME_ORDER,[]
deadlift_delta_capacity_kg,histogram_boosted_stumps:383003,mechanistic_ridge_residual:383003,21.0,18.0,21.0,21.0,9.0,12.0,9.0,9.0,SAME_ORDER,SAME_ORDER,SAME_ORDER,SAME_ORDER,SAME_ORDER,SAME_ORDER,[]
deadlift_delta_capacity_kg,histogram_boosted_stumps:383003,public-native-temporal-expert:383001,21.0,18.0,21.0,21.0,4.0,4.0,4.0,4.0,SAME_ORDER,SAME_ORDER,SAME_ORDER,SAME_ORDER,SAME_ORDER,SAME_ORDER,[]
deadlift_delta_capacity_kg,histogram_boosted_stumps:383003,public-native-temporal-expert:383002,21.0,18.0,21.0,21.0,2.0,2.0,2.0,2.0,SAME_ORDER,SAME_ORDER,SAME_ORDER,SAME_ORDER,SAME_ORDER,SAME_ORDER,[]
deadlift_delta_capacity_kg,histogram_boosted_stumps:383003,public-native-temporal-expert:383003,21.0,18.0,21.0,21.0,3.0,3.0,3.0,3.0,SAME_ORDER,SAME_ORDER,SAME_ORDER,SAME_ORDER,SAME_ORDER,SAME_ORDER,[]
deadlift_delta_capacity_kg,histogram_boosted_stumps:383003,public-native-temporal-expert:ensemble,21.0,18.0,21.0,21.0,1.0,1.0,1.0,1.0,SAME_ORDER,SAME_ORDER,SAME_ORDER,SAME_ORDER,SAME_ORDER,SAME_ORDER,[]
deadlift_delta_capacity_kg,histogram_boosted_stumps:383003,ridge:383001,21.0,18.0,21.0,21.0,18.0,21.0,18.0,18.0,REVERSAL,SAME_ORDER,SAME_ORDER,REVERSAL,REVERSAL,SAME_ORDER,"[""RMSE vs MAE"",""MAE vs R\u00b2"",""MAE vs SRE(ddof=0)""]"
deadlift_delta_capacity_kg,histogram_boosted_stumps:383003,ridge:383002,21.0,18.0,21.0,21.0,18.0,21.0,18.0,18.0,REVERSAL,SAME_ORDER,SAME_ORDER,REVERSAL,REVERSAL,SAME_ORDER,"[""RMSE vs MAE"",""MAE vs R\u00b2"",""MAE vs SRE(ddof=0)""]"
deadlift_delta_capacity_kg,histogram_boosted_stumps:383003,ridge:383003,21.0,18.0,21.0,21.0,18.0,21.0,18.0,18.0,REVERSAL,SAME_ORDER,SAME_ORDER,REVERSAL,REVERSAL,SAME_ORDER,"[""RMSE vs MAE"",""MAE vs R\u00b2"",""MAE vs SRE(ddof=0)""]"
deadlift_delta_capacity_kg,mechanistic_midpoint:383001,mechanistic_midpoint:383002,12.0,9.0,12.0,12.0,12.0,9.0,12.0,12.0,TIE,TIE,TIE,TIE,TIE,TIE,[]
deadlift_delta_capacity_kg,mechanistic_midpoint:383001,mechanistic_midpoint:383003,12.0,9.0,12.0,12.0,12.0,9.0,12.0,12.0,TIE,TIE,TIE,TIE,TIE,TIE,[]
deadlift_delta_capacity_kg,mechanistic_midpoint:383001,mechanistic_ridge_residual:383001,12.0,9.0,12.0,12.0,9.0,12.0,9.0,9.0,REVERSAL,SAME_ORDER,SAME_ORDER,REVERSAL,REVERSAL,SAME_ORDER,"[""RMSE vs MAE"",""MAE vs R\u00b2"",""MAE vs SRE(ddof=0)""]"
deadlift_delta_capacity_kg,mechanistic_midpoint:383001,mechanistic_ridge_residual:383002,12.0,9.0,12.0,12.0,9.0,12.0,9.0,9.0,REVERSAL,SAME_ORDER,SAME_ORDER,REVERSAL,REVERSAL,SAME_ORDER,"[""RMSE vs MAE"",""MAE vs R\u00b2"",""MAE vs SRE(ddof=0)""]"
deadlift_delta_capacity_kg,mechanistic_midpoint:383001,mechanistic_ridge_residual:383003,12.0,9.0,12.0,12.0,9.0,12.0,9.0,9.0,REVERSAL,SAME_ORDER,SAME_ORDER,REVERSAL,REVERSAL,SAME_ORDER,"[""RMSE vs MAE"",""MAE vs R\u00b2"",""MAE vs SRE(ddof=0)""]"
deadlift_delta_capacity_kg,mechanistic_midpoint:383001,public-native-temporal-expert:383001,12.0,9.0,12.0,12.0,4.0,4.0,4.0,4.0,SAME_ORDER,SAME_ORDER,SAME_ORDER,SAME_ORDER,SAME_ORDER,SAME_ORDER,[]
deadlift_delta_capacity_kg,mechanistic_midpoint:383001,public-native-temporal-expert:383002,12.0,9.0,12.0,12.0,2.0,2.0,2.0,2.0,SAME_ORDER,SAME_ORDER,SAME_ORDER,SAME_ORDER,SAME_ORDER,SAME_ORDER,[]
deadlift_delta_capacity_kg,mechanistic_midpoint:383001,public-native-temporal-expert:383003,12.0,9.0,12.0,12.0,3.0,3.0,3.0,3.0,SAME_ORDER,SAME_ORDER,SAME_ORDER,SAME_ORDER,SAME_ORDER,SAME_ORDER,[]
deadlift_delta_capacity_kg,mechanistic_midpoint:383001,public-native-temporal-expert:ensemble,12.0,9.0,12.0,12.0,1.0,1.0,1.0,1.0,SAME_ORDER,SAME_ORDER,SAME_ORDER,SAME_ORDER,SAME_ORDER,SAME_ORDER,[]
deadlift_delta_capacity_kg,mechanistic_midpoint:383001,ridge:383001,12.0,9.0,12.0,12.0,18.0,21.0,18.0,18.0,SAME_ORDER,SAME_ORDER,SAME_ORDER,SAME_ORDER,SAME_ORDER,SAME_ORDER,[]
deadlift_delta_capacity_kg,mechanistic_midpoint:383001,ridge:383002,12.0,9.0,12.0,12.0,18.0,21.0,18.0,18.0,SAME_ORDER,SAME_ORDER,SAME_ORDER,SAME_ORDER,SAME_ORDER,SAME_ORDER,[]
deadlift_delta_capacity_kg,mechanistic_midpoint:383001,ridge:383003,12.0,9.0,12.0,12.0,18.0,21.0,18.0,18.0,SAME_ORDER,SAME_ORDER,SAME_ORDER,SAME_ORDER,SAME_ORDER,SAME_ORDER,[]
deadlift_delta_capacity_kg,mechanistic_midpoint:383002,mechanistic_midpoint:383003,12.0,9.0,12.0,12.0,12.0,9.0,12.0,12.0,TIE,TIE,TIE,TIE,TIE,TIE,[]
deadlift_delta_capacity_kg,mechanistic_midpoint:383002,mechanistic_ridge_residual:383001,12.0,9.0,12.0,12.0,9.0,12.0,9.0,9.0,REVERSAL,SAME_ORDER,SAME_ORDER,REVERSAL,REVERSAL,SAME_ORDER,"[""RMSE vs MAE"",""MAE vs R\u00b2"",""MAE vs SRE(ddof=0)""]"
deadlift_delta_capacity_kg,mechanistic_midpoint:383002,mechanistic_ridge_residual:383002,12.0,9.0,12.0,12.0,9.0,12.0,9.0,9.0,REVERSAL,SAME_ORDER,SAME_ORDER,REVERSAL,REVERSAL,SAME_ORDER,"[""RMSE vs MAE"",""MAE vs R\u00b2"",""MAE vs SRE(ddof=0)""]"
deadlift_delta_capacity_kg,mechanistic_midpoint:383002,mechanistic_ridge_residual:383003,12.0,9.0,12.0,12.0,9.0,12.0,9.0,9.0,REVERSAL,SAME_ORDER,SAME_ORDER,REVERSAL,REVERSAL,SAME_ORDER,"[""RMSE vs MAE"",""MAE vs R\u00b2"",""MAE vs SRE(ddof=0)""]"
deadlift_delta_capacity_kg,mechanistic_midpoint:383002,public-native-temporal-expert:383001,12.0,9.0,12.0,12.0,4.0,4.0,4.0,4.0,SAME_ORDER,SAME_ORDER,SAME_ORDER,SAME_ORDER,SAME_ORDER,SAME_ORDER,[]
deadlift_delta_capacity_kg,mechanistic_midpoint:383002,public-native-temporal-expert:383002,12.0,9.0,12.0,12.0,2.0,2.0,2.0,2.0,SAME_ORDER,SAME_ORDER,SAME_ORDER,SAME_ORDER,SAME_ORDER,SAME_ORDER,[]
deadlift_delta_capacity_kg,mechanistic_midpoint:383002,public-native-temporal-expert:383003,12.0,9.0,12.0,12.0,3.0,3.0,3.0,3.0,SAME_ORDER,SAME_ORDER,SAME_ORDER,SAME_ORDER,SAME_ORDER,SAME_ORDER,[]
deadlift_delta_capacity_kg,mechanistic_midpoint:383002,public-native-temporal-expert:ensemble,12.0,9.0,12.0,12.0,1.0,1.0,1.0,1.0,SAME_ORDER,SAME_ORDER,SAME_ORDER,SAME_ORDER,SAME_ORDER,SAME_ORDER,[]
deadlift_delta_capacity_kg,mechanistic_midpoint:383002,ridge:383001,12.0,9.0,12.0,12.0,18.0,21.0,18.0,18.0,SAME_ORDER,SAME_ORDER,SAME_ORDER,SAME_ORDER,SAME_ORDER,SAME_ORDER,[]
deadlift_delta_capacity_kg,mechanistic_midpoint:383002,ridge:383002,12.0,9.0,12.0,12.0,18.0,21.0,18.0,18.0,SAME_ORDER,SAME_ORDER,SAME_ORDER,SAME_ORDER,SAME_ORDER,SAME_ORDER,[]
deadlift_delta_capacity_kg,mechanistic_midpoint:383002,ridge:383003,12.0,9.0,12.0,12.0,18.0,21.0,18.0,18.0,SAME_ORDER,SAME_ORDER,SAME_ORDER,SAME_ORDER,SAME_ORDER,SAME_ORDER,[]
deadlift_delta_capacity_kg,mechanistic_midpoint:383003,mechanistic_ridge_residual:383001,12.0,9.0,12.0,12.0,9.0,12.0,9.0,9.0,REVERSAL,SAME_ORDER,SAME_ORDER,REVERSAL,REVERSAL,SAME_ORDER,"[""RMSE vs MAE"",""MAE vs R\u00b2"",""MAE vs SRE(ddof=0)""]"
deadlift_delta_capacity_kg,mechanistic_midpoint:383003,mechanistic_ridge_residual:383002,12.0,9.0,12.0,12.0,9.0,12.0,9.0,9.0,REVERSAL,SAME_ORDER,SAME_ORDER,REVERSAL,REVERSAL,SAME_ORDER,"[""RMSE vs MAE"",""MAE vs R\u00b2"",""MAE vs SRE(ddof=0)""]"
deadlift_delta_capacity_kg,mechanistic_midpoint:383003,mechanistic_ridge_residual:383003,12.0,9.0,12.0,12.0,9.0,12.0,9.0,9.0,REVERSAL,SAME_ORDER,SAME_ORDER,REVERSAL,REVERSAL,SAME_ORDER,"[""RMSE vs MAE"",""MAE vs R\u00b2"",""MAE vs SRE(ddof=0)""]"
deadlift_delta_capacity_kg,mechanistic_midpoint:383003,public-native-temporal-expert:383001,12.0,9.0,12.0,12.0,4.0,4.0,4.0,4.0,SAME_ORDER,SAME_ORDER,SAME_ORDER,SAME_ORDER,SAME_ORDER,SAME_ORDER,[]
deadlift_delta_capacity_kg,mechanistic_midpoint:383003,public-native-temporal-expert:383002,12.0,9.0,12.0,12.0,2.0,2.0,2.0,2.0,SAME_ORDER,SAME_ORDER,SAME_ORDER,SAME_ORDER,SAME_ORDER,SAME_ORDER,[]
deadlift_delta_capacity_kg,mechanistic_midpoint:383003,public-native-temporal-expert:383003,12.0,9.0,12.0,12.0,3.0,3.0,3.0,3.0,SAME_ORDER,SAME_ORDER,SAME_ORDER,SAME_ORDER,SAME_ORDER,SAME_ORDER,[]
deadlift_delta_capacity_kg,mechanistic_midpoint:383003,public-native-temporal-expert:ensemble,12.0,9.0,12.0,12.0,1.0,1.0,1.0,1.0,SAME_ORDER,SAME_ORDER,SAME_ORDER,SAME_ORDER,SAME_ORDER,SAME_ORDER,[]
deadlift_delta_capacity_kg,mechanistic_midpoint:383003,ridge:383001,12.0,9.0,12.0,12.0,18.0,21.0,18.0,18.0,SAME_ORDER,SAME_ORDER,SAME_ORDER,SAME_ORDER,SAME_ORDER,SAME_ORDER,[]
deadlift_delta_capacity_kg,mechanistic_midpoint:383003,ridge:383002,12.0,9.0,12.0,12.0,18.0,21.0,18.0,18.0,SAME_ORDER,SAME_ORDER,SAME_ORDER,SAME_ORDER,SAME_ORDER,SAME_ORDER,[]
deadlift_delta_capacity_kg,mechanistic_midpoint:383003,ridge:383003,12.0,9.0,12.0,12.0,18.0,21.0,18.0,18.0,SAME_ORDER,SAME_ORDER,SAME_ORDER,SAME_ORDER,SAME_ORDER,SAME_ORDER,[]
deadlift_delta_capacity_kg,mechanistic_ridge_residual:383001,mechanistic_ridge_residual:383002,9.0,12.0,9.0,9.0,9.0,12.0,9.0,9.0,TIE,TIE,TIE,TIE,TIE,TIE,[]
deadlift_delta_capacity_kg,mechanistic_ridge_residual:383001,mechanistic_ridge_residual:383003,9.0,12.0,9.0,9.0,9.0,12.0,9.0,9.0,TIE,TIE,TIE,TIE,TIE,TIE,[]
deadlift_delta_capacity_kg,mechanistic_ridge_residual:383001,public-native-temporal-expert:383001,9.0,12.0,9.0,9.0,4.0,4.0,4.0,4.0,SAME_ORDER,SAME_ORDER,SAME_ORDER,SAME_ORDER,SAME_ORDER,SAME_ORDER,[]
deadlift_delta_capacity_kg,mechanistic_ridge_residual:383001,public-native-temporal-expert:383002,9.0,12.0,9.0,9.0,2.0,2.0,2.0,2.0,SAME_ORDER,SAME_ORDER,SAME_ORDER,SAME_ORDER,SAME_ORDER,SAME_ORDER,[]
deadlift_delta_capacity_kg,mechanistic_ridge_residual:383001,public-native-temporal-expert:383003,9.0,12.0,9.0,9.0,3.0,3.0,3.0,3.0,SAME_ORDER,SAME_ORDER,SAME_ORDER,SAME_ORDER,SAME_ORDER,SAME_ORDER,[]
deadlift_delta_capacity_kg,mechanistic_ridge_residual:383001,public-native-temporal-expert:ensemble,9.0,12.0,9.0,9.0,1.0,1.0,1.0,1.0,SAME_ORDER,SAME_ORDER,SAME_ORDER,SAME_ORDER,SAME_ORDER,SAME_ORDER,[]
deadlift_delta_capacity_kg,mechanistic_ridge_residual:383001,ridge:383001,9.0,12.0,9.0,9.0,18.0,21.0,18.0,18.0,SAME_ORDER,SAME_ORDER,SAME_ORDER,SAME_ORDER,SAME_ORDER,SAME_ORDER,[]
deadlift_delta_capacity_kg,mechanistic_ridge_residual:383001,ridge:383002,9.0,12.0,9.0,9.0,18.0,21.0,18.0,18.0,SAME_ORDER,SAME_ORDER,SAME_ORDER,SAME_ORDER,SAME_ORDER,SAME_ORDER,[]
deadlift_delta_capacity_kg,mechanistic_ridge_residual:383001,ridge:383003,9.0,12.0,9.0,9.0,18.0,21.0,18.0,18.0,SAME_ORDER,SAME_ORDER,SAME_ORDER,SAME_ORDER,SAME_ORDER,SAME_ORDER,[]
deadlift_delta_capacity_kg,mechanistic_ridge_residual:383002,mechanistic_ridge_residual:383003,9.0,12.0,9.0,9.0,9.0,12.0,9.0,9.0,TIE,TIE,TIE,TIE,TIE,TIE,[]
deadlift_delta_capacity_kg,mechanistic_ridge_residual:383002,public-native-temporal-expert:383001,9.0,12.0,9.0,9.0,4.0,4.0,4.0,4.0,SAME_ORDER,SAME_ORDER,SAME_ORDER,SAME_ORDER,SAME_ORDER,SAME_ORDER,[]
deadlift_delta_capacity_kg,mechanistic_ridge_residual:383002,public-native-temporal-expert:383002,9.0,12.0,9.0,9.0,2.0,2.0,2.0,2.0,SAME_ORDER,SAME_ORDER,SAME_ORDER,SAME_ORDER,SAME_ORDER,SAME_ORDER,[]
deadlift_delta_capacity_kg,mechanistic_ridge_residual:383002,public-native-temporal-expert:383003,9.0,12.0,9.0,9.0,3.0,3.0,3.0,3.0,SAME_ORDER,SAME_ORDER,SAME_ORDER,SAME_ORDER,SAME_ORDER,SAME_ORDER,[]
deadlift_delta_capacity_kg,mechanistic_ridge_residual:383002,public-native-temporal-expert:ensemble,9.0,12.0,9.0,9.0,1.0,1.0,1.0,1.0,SAME_ORDER,SAME_ORDER,SAME_ORDER,SAME_ORDER,SAME_ORDER,SAME_ORDER,[]
deadlift_delta_capacity_kg,mechanistic_ridge_residual:383002,ridge:383001,9.0,12.0,9.0,9.0,18.0,21.0,18.0,18.0,SAME_ORDER,SAME_ORDER,SAME_ORDER,SAME_ORDER,SAME_ORDER,SAME_ORDER,[]
deadlift_delta_capacity_kg,mechanistic_ridge_residual:383002,ridge:383002,9.0,12.0,9.0,9.0,18.0,21.0,18.0,18.0,SAME_ORDER,SAME_ORDER,SAME_ORDER,SAME_ORDER,SAME_ORDER,SAME_ORDER,[]
deadlift_delta_capacity_kg,mechanistic_ridge_residual:383002,ridge:383003,9.0,12.0,9.0,9.0,18.0,21.0,18.0,18.0,SAME_ORDER,SAME_ORDER,SAME_ORDER,SAME_ORDER,SAME_ORDER,SAME_ORDER,[]
deadlift_delta_capacity_kg,mechanistic_ridge_residual:383003,public-native-temporal-expert:383001,9.0,12.0,9.0,9.0,4.0,4.0,4.0,4.0,SAME_ORDER,SAME_ORDER,SAME_ORDER,SAME_ORDER,SAME_ORDER,SAME_ORDER,[]
deadlift_delta_capacity_kg,mechanistic_ridge_residual:383003,public-native-temporal-expert:383002,9.0,12.0,9.0,9.0,2.0,2.0,2.0,2.0,SAME_ORDER,SAME_ORDER,SAME_ORDER,SAME_ORDER,SAME_ORDER,SAME_ORDER,[]
deadlift_delta_capacity_kg,mechanistic_ridge_residual:383003,public-native-temporal-expert:383003,9.0,12.0,9.0,9.0,3.0,3.0,3.0,3.0,SAME_ORDER,SAME_ORDER,SAME_ORDER,SAME_ORDER,SAME_ORDER,SAME_ORDER,[]
deadlift_delta_capacity_kg,mechanistic_ridge_residual:383003,public-native-temporal-expert:ensemble,9.0,12.0,9.0,9.0,1.0,1.0,1.0,1.0,SAME_ORDER,SAME_ORDER,SAME_ORDER,SAME_ORDER,SAME_ORDER,SAME_ORDER,[]
deadlift_delta_capacity_kg,mechanistic_ridge_residual:383003,ridge:383001,9.0,12.0,9.0,9.0,18.0,21.0,18.0,18.0,SAME_ORDER,SAME_ORDER,SAME_ORDER,SAME_ORDER,SAME_ORDER,SAME_ORDER,[]
deadlift_delta_capacity_kg,mechanistic_ridge_residual:383003,ridge:383002,9.0,12.0,9.0,9.0,18.0,21.0,18.0,18.0,SAME_ORDER,SAME_ORDER,SAME_ORDER,SAME_ORDER,SAME_ORDER,SAME_ORDER,[]
deadlift_delta_capacity_kg,mechanistic_ridge_residual:383003,ridge:383003,9.0,12.0,9.0,9.0,18.0,21.0,18.0,18.0,SAME_ORDER,SAME_ORDER,SAME_ORDER,SAME_ORDER,SAME_ORDER,SAME_ORDER,[]
deadlift_delta_capacity_kg,public-native-temporal-expert:383001,public-native-temporal-expert:383002,4.0,4.0,4.0,4.0,2.0,2.0,2.0,2.0,SAME_ORDER,SAME_ORDER,SAME_ORDER,SAME_ORDER,SAME_ORDER,SAME_ORDER,[]
deadlift_delta_capacity_kg,public-native-temporal-expert:383001,public-native-temporal-expert:383003,4.0,4.0,4.0,4.0,3.0,3.0,3.0,3.0,SAME_ORDER,SAME_ORDER,SAME_ORDER,SAME_ORDER,SAME_ORDER,SAME_ORDER,[]
deadlift_delta_capacity_kg,public-native-temporal-expert:383001,public-native-temporal-expert:ensemble,4.0,4.0,4.0,4.0,1.0,1.0,1.0,1.0,SAME_ORDER,SAME_ORDER,SAME_ORDER,SAME_ORDER,SAME_ORDER,SAME_ORDER,[]
deadlift_delta_capacity_kg,public-native-temporal-expert:383001,ridge:383001,4.0,4.0,4.0,4.0,18.0,21.0,18.0,18.0,SAME_ORDER,SAME_ORDER,SAME_ORDER,SAME_ORDER,SAME_ORDER,SAME_ORDER,[]
deadlift_delta_capacity_kg,public-native-temporal-expert:383001,ridge:383002,4.0,4.0,4.0,4.0,18.0,21.0,18.0,18.0,SAME_ORDER,SAME_ORDER,SAME_ORDER,SAME_ORDER,SAME_ORDER,SAME_ORDER,[]
deadlift_delta_capacity_kg,public-native-temporal-expert:383001,ridge:383003,4.0,4.0,4.0,4.0,18.0,21.0,18.0,18.0,SAME_ORDER,SAME_ORDER,SAME_ORDER,SAME_ORDER,SAME_ORDER,SAME_ORDER,[]
deadlift_delta_capacity_kg,public-native-temporal-expert:383002,public-native-temporal-expert:383003,2.0,2.0,2.0,2.0,3.0,3.0,3.0,3.0,SAME_ORDER,SAME_ORDER,SAME_ORDER,SAME_ORDER,SAME_ORDER,SAME_ORDER,[]
deadlift_delta_capacity_kg,public-native-temporal-expert:383002,public-native-temporal-expert:ensemble,2.0,2.0,2.0,2.0,1.0,1.0,1.0,1.0,SAME_ORDER,SAME_ORDER,SAME_ORDER,SAME_ORDER,SAME_ORDER,SAME_ORDER,[]
deadlift_delta_capacity_kg,public-native-temporal-expert:383002,ridge:383001,2.0,2.0,2.0,2.0,18.0,21.0,18.0,18.0,SAME_ORDER,SAME_ORDER,SAME_ORDER,SAME_ORDER,SAME_ORDER,SAME_ORDER,[]
deadlift_delta_capacity_kg,public-native-temporal-expert:383002,ridge:383002,2.0,2.0,2.0,2.0,18.0,21.0,18.0,18.0,SAME_ORDER,SAME_ORDER,SAME_ORDER,SAME_ORDER,SAME_ORDER,SAME_ORDER,[]
deadlift_delta_capacity_kg,public-native-temporal-expert:383002,ridge:383003,2.0,2.0,2.0,2.0,18.0,21.0,18.0,18.0,SAME_ORDER,SAME_ORDER,SAME_ORDER,SAME_ORDER,SAME_ORDER,SAME_ORDER,[]
deadlift_delta_capacity_kg,public-native-temporal-expert:383003,public-native-temporal-expert:ensemble,3.0,3.0,3.0,3.0,1.0,1.0,1.0,1.0,SAME_ORDER,SAME_ORDER,SAME_ORDER,SAME_ORDER,SAME_ORDER,SAME_ORDER,[]
deadlift_delta_capacity_kg,public-native-temporal-expert:383003,ridge:383001,3.0,3.0,3.0,3.0,18.0,21.0,18.0,18.0,SAME_ORDER,SAME_ORDER,SAME_ORDER,SAME_ORDER,SAME_ORDER,SAME_ORDER,[]
deadlift_delta_capacity_kg,public-native-temporal-expert:383003,ridge:383002,3.0,3.0,3.0,3.0,18.0,21.0,18.0,18.0,SAME_ORDER,SAME_ORDER,SAME_ORDER,SAME_ORDER,SAME_ORDER,SAME_ORDER,[]
deadlift_delta_capacity_kg,public-native-temporal-expert:383003,ridge:383003,3.0,3.0,3.0,3.0,18.0,21.0,18.0,18.0,SAME_ORDER,SAME_ORDER,SAME_ORDER,SAME_ORDER,SAME_ORDER,SAME_ORDER,[]
deadlift_delta_capacity_kg,public-native-temporal-expert:ensemble,ridge:383001,1.0,1.0,1.0,1.0,18.0,21.0,18.0,18.0,SAME_ORDER,SAME_ORDER,SAME_ORDER,SAME_ORDER,SAME_ORDER,SAME_ORDER,[]
deadlift_delta_capacity_kg,public-native-temporal-expert:ensemble,ridge:383002,1.0,1.0,1.0,1.0,18.0,21.0,18.0,18.0,SAME_ORDER,SAME_ORDER,SAME_ORDER,SAME_ORDER,SAME_ORDER,SAME_ORDER,[]
deadlift_delta_capacity_kg,public-native-temporal-expert:ensemble,ridge:383003,1.0,1.0,1.0,1.0,18.0,21.0,18.0,18.0,SAME_ORDER,SAME_ORDER,SAME_ORDER,SAME_ORDER,SAME_ORDER,SAME_ORDER,[]
deadlift_delta_capacity_kg,ridge:383001,ridge:383002,18.0,21.0,18.0,18.0,18.0,21.0,18.0,18.0,TIE,TIE,TIE,TIE,TIE,TIE,[]
deadlift_delta_capacity_kg,ridge:383001,ridge:383003,18.0,21.0,18.0,18.0,18.0,21.0,18.0,18.0,TIE,TIE,TIE,TIE,TIE,TIE,[]
deadlift_delta_capacity_kg,ridge:383002,ridge:383003,18.0,21.0,18.0,18.0,18.0,21.0,18.0,18.0,TIE,TIE,TIE,TIE,TIE,TIE,[]
