target,metric,candidate_id,planned_method,planned_resamples,planned_seed,completed_resamples,status,inference_status,reason
squat_delta_capacity_kg,RMSE,compact_neural:383001,Entity-cluster bootstrap planned for the frozen IID validation population,2000,283001,0,UNSUPPORTED_BY_EVIDENCE,INCONCLUSIVE,"Tracked public evidence contains paired prediction row IDs and aggregate EvaluationResults, but not the validation target truth rows or row-to-entity mapping required for paired residuals and entity-cluster resampling. No data or predictions were regenerated."
squat_delta_capacity_kg,RMSE,compact_neural:383002,Entity-cluster bootstrap planned for the frozen IID validation population,2000,283001,0,UNSUPPORTED_BY_EVIDENCE,INCONCLUSIVE,"Tracked public evidence contains paired prediction row IDs and aggregate EvaluationResults, but not the validation target truth rows or row-to-entity mapping required for paired residuals and entity-cluster resampling. No data or predictions were regenerated."
squat_delta_capacity_kg,RMSE,compact_neural:383003,Entity-cluster bootstrap planned for the frozen IID validation population,2000,283001,0,UNSUPPORTED_BY_EVIDENCE,INCONCLUSIVE,"Tracked public evidence contains paired prediction row IDs and aggregate EvaluationResults, but not the validation target truth rows or row-to-entity mapping required for paired residuals and entity-cluster resampling. No data or predictions were regenerated."
squat_delta_capacity_kg,RMSE,context_mean:383001,Entity-cluster bootstrap planned for the frozen IID validation population,2000,283001,0,UNSUPPORTED_BY_EVIDENCE,INCONCLUSIVE,"Tracked public evidence contains paired prediction row IDs and aggregate EvaluationResults, but not the validation target truth rows or row-to-entity mapping required for paired residuals and entity-cluster resampling. No data or predictions were regenerated."
squat_delta_capacity_kg,RMSE,context_mean:383002,Entity-cluster bootstrap planned for the frozen IID validation population,2000,283001,0,UNSUPPORTED_BY_EVIDENCE,INCONCLUSIVE,"Tracked public evidence contains paired prediction row IDs and aggregate EvaluationResults, but not the validation target truth rows or row-to-entity mapping required for paired residuals and entity-cluster resampling. No data or predictions were regenerated."
squat_delta_capacity_kg,RMSE,context_mean:383003,Entity-cluster bootstrap planned for the frozen IID validation population,2000,283001,0,UNSUPPORTED_BY_EVIDENCE,INCONCLUSIVE,"Tracked public evidence contains paired prediction row IDs and aggregate EvaluationResults, but not the validation target truth rows or row-to-entity mapping required for paired residuals and entity-cluster resampling. No data or predictions were regenerated."
squat_delta_capacity_kg,RMSE,histogram_boosted_stumps:383001,Entity-cluster bootstrap planned for the frozen IID validation population,2000,283001,0,UNSUPPORTED_BY_EVIDENCE,INCONCLUSIVE,"Tracked public evidence contains paired prediction row IDs and aggregate EvaluationResults, but not the validation target truth rows or row-to-entity mapping required for paired residuals and entity-cluster resampling. No data or predictions were regenerated."
squat_delta_capacity_kg,RMSE,histogram_boosted_stumps:383002,Entity-cluster bootstrap planned for the frozen IID validation population,2000,283001,0,UNSUPPORTED_BY_EVIDENCE,INCONCLUSIVE,"Tracked public evidence contains paired prediction row IDs and aggregate EvaluationResults, but not the validation target truth rows or row-to-entity mapping required for paired residuals and entity-cluster resampling. No data or predictions were regenerated."
squat_delta_capacity_kg,RMSE,histogram_boosted_stumps:383003,Entity-cluster bootstrap planned for the frozen IID validation population,2000,283001,0,UNSUPPORTED_BY_EVIDENCE,INCONCLUSIVE,"Tracked public evidence contains paired prediction row IDs and aggregate EvaluationResults, but not the validation target truth rows or row-to-entity mapping required for paired residuals and entity-cluster resampling. No data or predictions were regenerated."
squat_delta_capacity_kg,RMSE,mechanistic_midpoint:383001,Entity-cluster bootstrap planned for the frozen IID validation population,2000,283001,0,UNSUPPORTED_BY_EVIDENCE,INCONCLUSIVE,"Tracked public evidence contains paired prediction row IDs and aggregate EvaluationResults, but not the validation target truth rows or row-to-entity mapping required for paired residuals and entity-cluster resampling. No data or predictions were regenerated."
squat_delta_capacity_kg,RMSE,mechanistic_midpoint:383002,Entity-cluster bootstrap planned for the frozen IID validation population,2000,283001,0,UNSUPPORTED_BY_EVIDENCE,INCONCLUSIVE,"Tracked public evidence contains paired prediction row IDs and aggregate EvaluationResults, but not the validation target truth rows or row-to-entity mapping required for paired residuals and entity-cluster resampling. No data or predictions were regenerated."
squat_delta_capacity_kg,RMSE,mechanistic_midpoint:383003,Entity-cluster bootstrap planned for the frozen IID validation population,2000,283001,0,UNSUPPORTED_BY_EVIDENCE,INCONCLUSIVE,"Tracked public evidence contains paired prediction row IDs and aggregate EvaluationResults, but not the validation target truth rows or row-to-entity mapping required for paired residuals and entity-cluster resampling. No data or predictions were regenerated."
squat_delta_capacity_kg,RMSE,mechanistic_ridge_residual:383001,Entity-cluster bootstrap planned for the frozen IID validation population,2000,283001,0,UNSUPPORTED_BY_EVIDENCE,INCONCLUSIVE,"Tracked public evidence contains paired prediction row IDs and aggregate EvaluationResults, but not the validation target truth rows or row-to-entity mapping required for paired residuals and entity-cluster resampling. No data or predictions were regenerated."
squat_delta_capacity_kg,RMSE,mechanistic_ridge_residual:383002,Entity-cluster bootstrap planned for the frozen IID validation population,2000,283001,0,UNSUPPORTED_BY_EVIDENCE,INCONCLUSIVE,"Tracked public evidence contains paired prediction row IDs and aggregate EvaluationResults, but not the validation target truth rows or row-to-entity mapping required for paired residuals and entity-cluster resampling. No data or predictions were regenerated."
squat_delta_capacity_kg,RMSE,mechanistic_ridge_residual:383003,Entity-cluster bootstrap planned for the frozen IID validation population,2000,283001,0,UNSUPPORTED_BY_EVIDENCE,INCONCLUSIVE,"Tracked public evidence contains paired prediction row IDs and aggregate EvaluationResults, but not the validation target truth rows or row-to-entity mapping required for paired residuals and entity-cluster resampling. No data or predictions were regenerated."
squat_delta_capacity_kg,RMSE,public-native-temporal-expert:383001,Entity-cluster bootstrap planned for the frozen IID validation population,2000,283001,0,UNSUPPORTED_BY_EVIDENCE,INCONCLUSIVE,"Tracked public evidence contains paired prediction row IDs and aggregate EvaluationResults, but not the validation target truth rows or row-to-entity mapping required for paired residuals and entity-cluster resampling. No data or predictions were regenerated."
squat_delta_capacity_kg,RMSE,public-native-temporal-expert:383002,Entity-cluster bootstrap planned for the frozen IID validation population,2000,283001,0,UNSUPPORTED_BY_EVIDENCE,INCONCLUSIVE,"Tracked public evidence contains paired prediction row IDs and aggregate EvaluationResults, but not the validation target truth rows or row-to-entity mapping required for paired residuals and entity-cluster resampling. No data or predictions were regenerated."
squat_delta_capacity_kg,RMSE,public-native-temporal-expert:383003,Entity-cluster bootstrap planned for the frozen IID validation population,2000,283001,0,UNSUPPORTED_BY_EVIDENCE,INCONCLUSIVE,"Tracked public evidence contains paired prediction row IDs and aggregate EvaluationResults, but not the validation target truth rows or row-to-entity mapping required for paired residuals and entity-cluster resampling. No data or predictions were regenerated."
squat_delta_capacity_kg,RMSE,public-native-temporal-expert:ensemble,Entity-cluster bootstrap planned for the frozen IID validation population,2000,283001,0,UNSUPPORTED_BY_EVIDENCE,INCONCLUSIVE,"Tracked public evidence contains paired prediction row IDs and aggregate EvaluationResults, but not the validation target truth rows or row-to-entity mapping required for paired residuals and entity-cluster resampling. No data or predictions were regenerated."
squat_delta_capacity_kg,RMSE,ridge:383001,Entity-cluster bootstrap planned for the frozen IID validation population,2000,283001,0,UNSUPPORTED_BY_EVIDENCE,INCONCLUSIVE,"Tracked public evidence contains paired prediction row IDs and aggregate EvaluationResults, but not the validation target truth rows or row-to-entity mapping required for paired residuals and entity-cluster resampling. No data or predictions were regenerated."
squat_delta_capacity_kg,RMSE,ridge:383002,Entity-cluster bootstrap planned for the frozen IID validation population,2000,283001,0,UNSUPPORTED_BY_EVIDENCE,INCONCLUSIVE,"Tracked public evidence contains paired prediction row IDs and aggregate EvaluationResults, but not the validation target truth rows or row-to-entity mapping required for paired residuals and entity-cluster resampling. No data or predictions were regenerated."
squat_delta_capacity_kg,RMSE,ridge:383003,Entity-cluster bootstrap planned for the frozen IID validation population,2000,283001,0,UNSUPPORTED_BY_EVIDENCE,INCONCLUSIVE,"Tracked public evidence contains paired prediction row IDs and aggregate EvaluationResults, but not the validation target truth rows or row-to-entity mapping required for paired residuals and entity-cluster resampling. No data or predictions were regenerated."
squat_delta_capacity_kg,MAE,compact_neural:383001,Entity-cluster bootstrap planned for the frozen IID validation population,2000,283001,0,UNSUPPORTED_BY_EVIDENCE,INCONCLUSIVE,"Tracked public evidence contains paired prediction row IDs and aggregate EvaluationResults, but not the validation target truth rows or row-to-entity mapping required for paired residuals and entity-cluster resampling. No data or predictions were regenerated."
squat_delta_capacity_kg,MAE,compact_neural:383002,Entity-cluster bootstrap planned for the frozen IID validation population,2000,283001,0,UNSUPPORTED_BY_EVIDENCE,INCONCLUSIVE,"Tracked public evidence contains paired prediction row IDs and aggregate EvaluationResults, but not the validation target truth rows or row-to-entity mapping required for paired residuals and entity-cluster resampling. No data or predictions were regenerated."
squat_delta_capacity_kg,MAE,compact_neural:383003,Entity-cluster bootstrap planned for the frozen IID validation population,2000,283001,0,UNSUPPORTED_BY_EVIDENCE,INCONCLUSIVE,"Tracked public evidence contains paired prediction row IDs and aggregate EvaluationResults, but not the validation target truth rows or row-to-entity mapping required for paired residuals and entity-cluster resampling. No data or predictions were regenerated."
squat_delta_capacity_kg,MAE,context_mean:383001,Entity-cluster bootstrap planned for the frozen IID validation population,2000,283001,0,UNSUPPORTED_BY_EVIDENCE,INCONCLUSIVE,"Tracked public evidence contains paired prediction row IDs and aggregate EvaluationResults, but not the validation target truth rows or row-to-entity mapping required for paired residuals and entity-cluster resampling. No data or predictions were regenerated."
squat_delta_capacity_kg,MAE,context_mean:383002,Entity-cluster bootstrap planned for the frozen IID validation population,2000,283001,0,UNSUPPORTED_BY_EVIDENCE,INCONCLUSIVE,"Tracked public evidence contains paired prediction row IDs and aggregate EvaluationResults, but not the validation target truth rows or row-to-entity mapping required for paired residuals and entity-cluster resampling. No data or predictions were regenerated."
squat_delta_capacity_kg,MAE,context_mean:383003,Entity-cluster bootstrap planned for the frozen IID validation population,2000,283001,0,UNSUPPORTED_BY_EVIDENCE,INCONCLUSIVE,"Tracked public evidence contains paired prediction row IDs and aggregate EvaluationResults, but not the validation target truth rows or row-to-entity mapping required for paired residuals and entity-cluster resampling. No data or predictions were regenerated."
squat_delta_capacity_kg,MAE,histogram_boosted_stumps:383001,Entity-cluster bootstrap planned for the frozen IID validation population,2000,283001,0,UNSUPPORTED_BY_EVIDENCE,INCONCLUSIVE,"Tracked public evidence contains paired prediction row IDs and aggregate EvaluationResults, but not the validation target truth rows or row-to-entity mapping required for paired residuals and entity-cluster resampling. No data or predictions were regenerated."
squat_delta_capacity_kg,MAE,histogram_boosted_stumps:383002,Entity-cluster bootstrap planned for the frozen IID validation population,2000,283001,0,UNSUPPORTED_BY_EVIDENCE,INCONCLUSIVE,"Tracked public evidence contains paired prediction row IDs and aggregate EvaluationResults, but not the validation target truth rows or row-to-entity mapping required for paired residuals and entity-cluster resampling. No data or predictions were regenerated."
squat_delta_capacity_kg,MAE,histogram_boosted_stumps:383003,Entity-cluster bootstrap planned for the frozen IID validation population,2000,283001,0,UNSUPPORTED_BY_EVIDENCE,INCONCLUSIVE,"Tracked public evidence contains paired prediction row IDs and aggregate EvaluationResults, but not the validation target truth rows or row-to-entity mapping required for paired residuals and entity-cluster resampling. No data or predictions were regenerated."
squat_delta_capacity_kg,MAE,mechanistic_midpoint:383001,Entity-cluster bootstrap planned for the frozen IID validation population,2000,283001,0,UNSUPPORTED_BY_EVIDENCE,INCONCLUSIVE,"Tracked public evidence contains paired prediction row IDs and aggregate EvaluationResults, but not the validation target truth rows or row-to-entity mapping required for paired residuals and entity-cluster resampling. No data or predictions were regenerated."
squat_delta_capacity_kg,MAE,mechanistic_midpoint:383002,Entity-cluster bootstrap planned for the frozen IID validation population,2000,283001,0,UNSUPPORTED_BY_EVIDENCE,INCONCLUSIVE,"Tracked public evidence contains paired prediction row IDs and aggregate EvaluationResults, but not the validation target truth rows or row-to-entity mapping required for paired residuals and entity-cluster resampling. No data or predictions were regenerated."
squat_delta_capacity_kg,MAE,mechanistic_midpoint:383003,Entity-cluster bootstrap planned for the frozen IID validation population,2000,283001,0,UNSUPPORTED_BY_EVIDENCE,INCONCLUSIVE,"Tracked public evidence contains paired prediction row IDs and aggregate EvaluationResults, but not the validation target truth rows or row-to-entity mapping required for paired residuals and entity-cluster resampling. No data or predictions were regenerated."
squat_delta_capacity_kg,MAE,mechanistic_ridge_residual:383001,Entity-cluster bootstrap planned for the frozen IID validation population,2000,283001,0,UNSUPPORTED_BY_EVIDENCE,INCONCLUSIVE,"Tracked public evidence contains paired prediction row IDs and aggregate EvaluationResults, but not the validation target truth rows or row-to-entity mapping required for paired residuals and entity-cluster resampling. No data or predictions were regenerated."
squat_delta_capacity_kg,MAE,mechanistic_ridge_residual:383002,Entity-cluster bootstrap planned for the frozen IID validation population,2000,283001,0,UNSUPPORTED_BY_EVIDENCE,INCONCLUSIVE,"Tracked public evidence contains paired prediction row IDs and aggregate EvaluationResults, but not the validation target truth rows or row-to-entity mapping required for paired residuals and entity-cluster resampling. No data or predictions were regenerated."
squat_delta_capacity_kg,MAE,mechanistic_ridge_residual:383003,Entity-cluster bootstrap planned for the frozen IID validation population,2000,283001,0,UNSUPPORTED_BY_EVIDENCE,INCONCLUSIVE,"Tracked public evidence contains paired prediction row IDs and aggregate EvaluationResults, but not the validation target truth rows or row-to-entity mapping required for paired residuals and entity-cluster resampling. No data or predictions were regenerated."
squat_delta_capacity_kg,MAE,public-native-temporal-expert:383001,Entity-cluster bootstrap planned for the frozen IID validation population,2000,283001,0,UNSUPPORTED_BY_EVIDENCE,INCONCLUSIVE,"Tracked public evidence contains paired prediction row IDs and aggregate EvaluationResults, but not the validation target truth rows or row-to-entity mapping required for paired residuals and entity-cluster resampling. No data or predictions were regenerated."
squat_delta_capacity_kg,MAE,public-native-temporal-expert:383002,Entity-cluster bootstrap planned for the frozen IID validation population,2000,283001,0,UNSUPPORTED_BY_EVIDENCE,INCONCLUSIVE,"Tracked public evidence contains paired prediction row IDs and aggregate EvaluationResults, but not the validation target truth rows or row-to-entity mapping required for paired residuals and entity-cluster resampling. No data or predictions were regenerated."
squat_delta_capacity_kg,MAE,public-native-temporal-expert:383003,Entity-cluster bootstrap planned for the frozen IID validation population,2000,283001,0,UNSUPPORTED_BY_EVIDENCE,INCONCLUSIVE,"Tracked public evidence contains paired prediction row IDs and aggregate EvaluationResults, but not the validation target truth rows or row-to-entity mapping required for paired residuals and entity-cluster resampling. No data or predictions were regenerated."
squat_delta_capacity_kg,MAE,public-native-temporal-expert:ensemble,Entity-cluster bootstrap planned for the frozen IID validation population,2000,283001,0,UNSUPPORTED_BY_EVIDENCE,INCONCLUSIVE,"Tracked public evidence contains paired prediction row IDs and aggregate EvaluationResults, but not the validation target truth rows or row-to-entity mapping required for paired residuals and entity-cluster resampling. No data or predictions were regenerated."
squat_delta_capacity_kg,MAE,ridge:383001,Entity-cluster bootstrap planned for the frozen IID validation population,2000,283001,0,UNSUPPORTED_BY_EVIDENCE,INCONCLUSIVE,"Tracked public evidence contains paired prediction row IDs and aggregate EvaluationResults, but not the validation target truth rows or row-to-entity mapping required for paired residuals and entity-cluster resampling. No data or predictions were regenerated."
squat_delta_capacity_kg,MAE,ridge:383002,Entity-cluster bootstrap planned for the frozen IID validation population,2000,283001,0,UNSUPPORTED_BY_EVIDENCE,INCONCLUSIVE,"Tracked public evidence contains paired prediction row IDs and aggregate EvaluationResults, but not the validation target truth rows or row-to-entity mapping required for paired residuals and entity-cluster resampling. No data or predictions were regenerated."
squat_delta_capacity_kg,MAE,ridge:383003,Entity-cluster bootstrap planned for the frozen IID validation population,2000,283001,0,UNSUPPORTED_BY_EVIDENCE,INCONCLUSIVE,"Tracked public evidence contains paired prediction row IDs and aggregate EvaluationResults, but not the validation target truth rows or row-to-entity mapping required for paired residuals and entity-cluster resampling. No data or predictions were regenerated."
squat_delta_capacity_kg,R²,compact_neural:383001,Entity-cluster bootstrap planned for the frozen IID validation population,2000,283001,0,UNSUPPORTED_BY_EVIDENCE,INCONCLUSIVE,"Tracked public evidence contains paired prediction row IDs and aggregate EvaluationResults, but not the validation target truth rows or row-to-entity mapping required for paired residuals and entity-cluster resampling. No data or predictions were regenerated."
squat_delta_capacity_kg,R²,compact_neural:383002,Entity-cluster bootstrap planned for the frozen IID validation population,2000,283001,0,UNSUPPORTED_BY_EVIDENCE,INCONCLUSIVE,"Tracked public evidence contains paired prediction row IDs and aggregate EvaluationResults, but not the validation target truth rows or row-to-entity mapping required for paired residuals and entity-cluster resampling. No data or predictions were regenerated."
squat_delta_capacity_kg,R²,compact_neural:383003,Entity-cluster bootstrap planned for the frozen IID validation population,2000,283001,0,UNSUPPORTED_BY_EVIDENCE,INCONCLUSIVE,"Tracked public evidence contains paired prediction row IDs and aggregate EvaluationResults, but not the validation target truth rows or row-to-entity mapping required for paired residuals and entity-cluster resampling. No data or predictions were regenerated."
squat_delta_capacity_kg,R²,context_mean:383001,Entity-cluster bootstrap planned for the frozen IID validation population,2000,283001,0,UNSUPPORTED_BY_EVIDENCE,INCONCLUSIVE,"Tracked public evidence contains paired prediction row IDs and aggregate EvaluationResults, but not the validation target truth rows or row-to-entity mapping required for paired residuals and entity-cluster resampling. No data or predictions were regenerated."
squat_delta_capacity_kg,R²,context_mean:383002,Entity-cluster bootstrap planned for the frozen IID validation population,2000,283001,0,UNSUPPORTED_BY_EVIDENCE,INCONCLUSIVE,"Tracked public evidence contains paired prediction row IDs and aggregate EvaluationResults, but not the validation target truth rows or row-to-entity mapping required for paired residuals and entity-cluster resampling. No data or predictions were regenerated."
squat_delta_capacity_kg,R²,context_mean:383003,Entity-cluster bootstrap planned for the frozen IID validation population,2000,283001,0,UNSUPPORTED_BY_EVIDENCE,INCONCLUSIVE,"Tracked public evidence contains paired prediction row IDs and aggregate EvaluationResults, but not the validation target truth rows or row-to-entity mapping required for paired residuals and entity-cluster resampling. No data or predictions were regenerated."
squat_delta_capacity_kg,R²,histogram_boosted_stumps:383001,Entity-cluster bootstrap planned for the frozen IID validation population,2000,283001,0,UNSUPPORTED_BY_EVIDENCE,INCONCLUSIVE,"Tracked public evidence contains paired prediction row IDs and aggregate EvaluationResults, but not the validation target truth rows or row-to-entity mapping required for paired residuals and entity-cluster resampling. No data or predictions were regenerated."
squat_delta_capacity_kg,R²,histogram_boosted_stumps:383002,Entity-cluster bootstrap planned for the frozen IID validation population,2000,283001,0,UNSUPPORTED_BY_EVIDENCE,INCONCLUSIVE,"Tracked public evidence contains paired prediction row IDs and aggregate EvaluationResults, but not the validation target truth rows or row-to-entity mapping required for paired residuals and entity-cluster resampling. No data or predictions were regenerated."
squat_delta_capacity_kg,R²,histogram_boosted_stumps:383003,Entity-cluster bootstrap planned for the frozen IID validation population,2000,283001,0,UNSUPPORTED_BY_EVIDENCE,INCONCLUSIVE,"Tracked public evidence contains paired prediction row IDs and aggregate EvaluationResults, but not the validation target truth rows or row-to-entity mapping required for paired residuals and entity-cluster resampling. No data or predictions were regenerated."
squat_delta_capacity_kg,R²,mechanistic_midpoint:383001,Entity-cluster bootstrap planned for the frozen IID validation population,2000,283001,0,UNSUPPORTED_BY_EVIDENCE,INCONCLUSIVE,"Tracked public evidence contains paired prediction row IDs and aggregate EvaluationResults, but not the validation target truth rows or row-to-entity mapping required for paired residuals and entity-cluster resampling. No data or predictions were regenerated."
squat_delta_capacity_kg,R²,mechanistic_midpoint:383002,Entity-cluster bootstrap planned for the frozen IID validation population,2000,283001,0,UNSUPPORTED_BY_EVIDENCE,INCONCLUSIVE,"Tracked public evidence contains paired prediction row IDs and aggregate EvaluationResults, but not the validation target truth rows or row-to-entity mapping required for paired residuals and entity-cluster resampling. No data or predictions were regenerated."
squat_delta_capacity_kg,R²,mechanistic_midpoint:383003,Entity-cluster bootstrap planned for the frozen IID validation population,2000,283001,0,UNSUPPORTED_BY_EVIDENCE,INCONCLUSIVE,"Tracked public evidence contains paired prediction row IDs and aggregate EvaluationResults, but not the validation target truth rows or row-to-entity mapping required for paired residuals and entity-cluster resampling. No data or predictions were regenerated."
squat_delta_capacity_kg,R²,mechanistic_ridge_residual:383001,Entity-cluster bootstrap planned for the frozen IID validation population,2000,283001,0,UNSUPPORTED_BY_EVIDENCE,INCONCLUSIVE,"Tracked public evidence contains paired prediction row IDs and aggregate EvaluationResults, but not the validation target truth rows or row-to-entity mapping required for paired residuals and entity-cluster resampling. No data or predictions were regenerated."
squat_delta_capacity_kg,R²,mechanistic_ridge_residual:383002,Entity-cluster bootstrap planned for the frozen IID validation population,2000,283001,0,UNSUPPORTED_BY_EVIDENCE,INCONCLUSIVE,"Tracked public evidence contains paired prediction row IDs and aggregate EvaluationResults, but not the validation target truth rows or row-to-entity mapping required for paired residuals and entity-cluster resampling. No data or predictions were regenerated."
squat_delta_capacity_kg,R²,mechanistic_ridge_residual:383003,Entity-cluster bootstrap planned for the frozen IID validation population,2000,283001,0,UNSUPPORTED_BY_EVIDENCE,INCONCLUSIVE,"Tracked public evidence contains paired prediction row IDs and aggregate EvaluationResults, but not the validation target truth rows or row-to-entity mapping required for paired residuals and entity-cluster resampling. No data or predictions were regenerated."
squat_delta_capacity_kg,R²,public-native-temporal-expert:383001,Entity-cluster bootstrap planned for the frozen IID validation population,2000,283001,0,UNSUPPORTED_BY_EVIDENCE,INCONCLUSIVE,"Tracked public evidence contains paired prediction row IDs and aggregate EvaluationResults, but not the validation target truth rows or row-to-entity mapping required for paired residuals and entity-cluster resampling. No data or predictions were regenerated."
squat_delta_capacity_kg,R²,public-native-temporal-expert:383002,Entity-cluster bootstrap planned for the frozen IID validation population,2000,283001,0,UNSUPPORTED_BY_EVIDENCE,INCONCLUSIVE,"Tracked public evidence contains paired prediction row IDs and aggregate EvaluationResults, but not the validation target truth rows or row-to-entity mapping required for paired residuals and entity-cluster resampling. No data or predictions were regenerated."
squat_delta_capacity_kg,R²,public-native-temporal-expert:383003,Entity-cluster bootstrap planned for the frozen IID validation population,2000,283001,0,UNSUPPORTED_BY_EVIDENCE,INCONCLUSIVE,"Tracked public evidence contains paired prediction row IDs and aggregate EvaluationResults, but not the validation target truth rows or row-to-entity mapping required for paired residuals and entity-cluster resampling. No data or predictions were regenerated."
squat_delta_capacity_kg,R²,public-native-temporal-expert:ensemble,Entity-cluster bootstrap planned for the frozen IID validation population,2000,283001,0,UNSUPPORTED_BY_EVIDENCE,INCONCLUSIVE,"Tracked public evidence contains paired prediction row IDs and aggregate EvaluationResults, but not the validation target truth rows or row-to-entity mapping required for paired residuals and entity-cluster resampling. No data or predictions were regenerated."
squat_delta_capacity_kg,R²,ridge:383001,Entity-cluster bootstrap planned for the frozen IID validation population,2000,283001,0,UNSUPPORTED_BY_EVIDENCE,INCONCLUSIVE,"Tracked public evidence contains paired prediction row IDs and aggregate EvaluationResults, but not the validation target truth rows or row-to-entity mapping required for paired residuals and entity-cluster resampling. No data or predictions were regenerated."
squat_delta_capacity_kg,R²,ridge:383002,Entity-cluster bootstrap planned for the frozen IID validation population,2000,283001,0,UNSUPPORTED_BY_EVIDENCE,INCONCLUSIVE,"Tracked public evidence contains paired prediction row IDs and aggregate EvaluationResults, but not the validation target truth rows or row-to-entity mapping required for paired residuals and entity-cluster resampling. No data or predictions were regenerated."
squat_delta_capacity_kg,R²,ridge:383003,Entity-cluster bootstrap planned for the frozen IID validation population,2000,283001,0,UNSUPPORTED_BY_EVIDENCE,INCONCLUSIVE,"Tracked public evidence contains paired prediction row IDs and aggregate EvaluationResults, but not the validation target truth rows or row-to-entity mapping required for paired residuals and entity-cluster resampling. No data or predictions were regenerated."
squat_delta_capacity_kg,SRE(ddof=0),compact_neural:383001,Entity-cluster bootstrap planned for the frozen IID validation population,2000,283001,0,UNSUPPORTED_BY_EVIDENCE,INCONCLUSIVE,"Tracked public evidence contains paired prediction row IDs and aggregate EvaluationResults, but not the validation target truth rows or row-to-entity mapping required for paired residuals and entity-cluster resampling. No data or predictions were regenerated."
squat_delta_capacity_kg,SRE(ddof=0),compact_neural:383002,Entity-cluster bootstrap planned for the frozen IID validation population,2000,283001,0,UNSUPPORTED_BY_EVIDENCE,INCONCLUSIVE,"Tracked public evidence contains paired prediction row IDs and aggregate EvaluationResults, but not the validation target truth rows or row-to-entity mapping required for paired residuals and entity-cluster resampling. No data or predictions were regenerated."
squat_delta_capacity_kg,SRE(ddof=0),compact_neural:383003,Entity-cluster bootstrap planned for the frozen IID validation population,2000,283001,0,UNSUPPORTED_BY_EVIDENCE,INCONCLUSIVE,"Tracked public evidence contains paired prediction row IDs and aggregate EvaluationResults, but not the validation target truth rows or row-to-entity mapping required for paired residuals and entity-cluster resampling. No data or predictions were regenerated."
squat_delta_capacity_kg,SRE(ddof=0),context_mean:383001,Entity-cluster bootstrap planned for the frozen IID validation population,2000,283001,0,UNSUPPORTED_BY_EVIDENCE,INCONCLUSIVE,"Tracked public evidence contains paired prediction row IDs and aggregate EvaluationResults, but not the validation target truth rows or row-to-entity mapping required for paired residuals and entity-cluster resampling. No data or predictions were regenerated."
squat_delta_capacity_kg,SRE(ddof=0),context_mean:383002,Entity-cluster bootstrap planned for the frozen IID validation population,2000,283001,0,UNSUPPORTED_BY_EVIDENCE,INCONCLUSIVE,"Tracked public evidence contains paired prediction row IDs and aggregate EvaluationResults, but not the validation target truth rows or row-to-entity mapping required for paired residuals and entity-cluster resampling. No data or predictions were regenerated."
squat_delta_capacity_kg,SRE(ddof=0),context_mean:383003,Entity-cluster bootstrap planned for the frozen IID validation population,2000,283001,0,UNSUPPORTED_BY_EVIDENCE,INCONCLUSIVE,"Tracked public evidence contains paired prediction row IDs and aggregate EvaluationResults, but not the validation target truth rows or row-to-entity mapping required for paired residuals and entity-cluster resampling. No data or predictions were regenerated."
squat_delta_capacity_kg,SRE(ddof=0),histogram_boosted_stumps:383001,Entity-cluster bootstrap planned for the frozen IID validation population,2000,283001,0,UNSUPPORTED_BY_EVIDENCE,INCONCLUSIVE,"Tracked public evidence contains paired prediction row IDs and aggregate EvaluationResults, but not the validation target truth rows or row-to-entity mapping required for paired residuals and entity-cluster resampling. No data or predictions were regenerated."
squat_delta_capacity_kg,SRE(ddof=0),histogram_boosted_stumps:383002,Entity-cluster bootstrap planned for the frozen IID validation population,2000,283001,0,UNSUPPORTED_BY_EVIDENCE,INCONCLUSIVE,"Tracked public evidence contains paired prediction row IDs and aggregate EvaluationResults, but not the validation target truth rows or row-to-entity mapping required for paired residuals and entity-cluster resampling. No data or predictions were regenerated."
squat_delta_capacity_kg,SRE(ddof=0),histogram_boosted_stumps:383003,Entity-cluster bootstrap planned for the frozen IID validation population,2000,283001,0,UNSUPPORTED_BY_EVIDENCE,INCONCLUSIVE,"Tracked public evidence contains paired prediction row IDs and aggregate EvaluationResults, but not the validation target truth rows or row-to-entity mapping required for paired residuals and entity-cluster resampling. No data or predictions were regenerated."
squat_delta_capacity_kg,SRE(ddof=0),mechanistic_midpoint:383001,Entity-cluster bootstrap planned for the frozen IID validation population,2000,283001,0,UNSUPPORTED_BY_EVIDENCE,INCONCLUSIVE,"Tracked public evidence contains paired prediction row IDs and aggregate EvaluationResults, but not the validation target truth rows or row-to-entity mapping required for paired residuals and entity-cluster resampling. No data or predictions were regenerated."
squat_delta_capacity_kg,SRE(ddof=0),mechanistic_midpoint:383002,Entity-cluster bootstrap planned for the frozen IID validation population,2000,283001,0,UNSUPPORTED_BY_EVIDENCE,INCONCLUSIVE,"Tracked public evidence contains paired prediction row IDs and aggregate EvaluationResults, but not the validation target truth rows or row-to-entity mapping required for paired residuals and entity-cluster resampling. No data or predictions were regenerated."
squat_delta_capacity_kg,SRE(ddof=0),mechanistic_midpoint:383003,Entity-cluster bootstrap planned for the frozen IID validation population,2000,283001,0,UNSUPPORTED_BY_EVIDENCE,INCONCLUSIVE,"Tracked public evidence contains paired prediction row IDs and aggregate EvaluationResults, but not the validation target truth rows or row-to-entity mapping required for paired residuals and entity-cluster resampling. No data or predictions were regenerated."
squat_delta_capacity_kg,SRE(ddof=0),mechanistic_ridge_residual:383001,Entity-cluster bootstrap planned for the frozen IID validation population,2000,283001,0,UNSUPPORTED_BY_EVIDENCE,INCONCLUSIVE,"Tracked public evidence contains paired prediction row IDs and aggregate EvaluationResults, but not the validation target truth rows or row-to-entity mapping required for paired residuals and entity-cluster resampling. No data or predictions were regenerated."
squat_delta_capacity_kg,SRE(ddof=0),mechanistic_ridge_residual:383002,Entity-cluster bootstrap planned for the frozen IID validation population,2000,283001,0,UNSUPPORTED_BY_EVIDENCE,INCONCLUSIVE,"Tracked public evidence contains paired prediction row IDs and aggregate EvaluationResults, but not the validation target truth rows or row-to-entity mapping required for paired residuals and entity-cluster resampling. No data or predictions were regenerated."
squat_delta_capacity_kg,SRE(ddof=0),mechanistic_ridge_residual:383003,Entity-cluster bootstrap planned for the frozen IID validation population,2000,283001,0,UNSUPPORTED_BY_EVIDENCE,INCONCLUSIVE,"Tracked public evidence contains paired prediction row IDs and aggregate EvaluationResults, but not the validation target truth rows or row-to-entity mapping required for paired residuals and entity-cluster resampling. No data or predictions were regenerated."
squat_delta_capacity_kg,SRE(ddof=0),public-native-temporal-expert:383001,Entity-cluster bootstrap planned for the frozen IID validation population,2000,283001,0,UNSUPPORTED_BY_EVIDENCE,INCONCLUSIVE,"Tracked public evidence contains paired prediction row IDs and aggregate EvaluationResults, but not the validation target truth rows or row-to-entity mapping required for paired residuals and entity-cluster resampling. No data or predictions were regenerated."
squat_delta_capacity_kg,SRE(ddof=0),public-native-temporal-expert:383002,Entity-cluster bootstrap planned for the frozen IID validation population,2000,283001,0,UNSUPPORTED_BY_EVIDENCE,INCONCLUSIVE,"Tracked public evidence contains paired prediction row IDs and aggregate EvaluationResults, but not the validation target truth rows or row-to-entity mapping required for paired residuals and entity-cluster resampling. No data or predictions were regenerated."
squat_delta_capacity_kg,SRE(ddof=0),public-native-temporal-expert:383003,Entity-cluster bootstrap planned for the frozen IID validation population,2000,283001,0,UNSUPPORTED_BY_EVIDENCE,INCONCLUSIVE,"Tracked public evidence contains paired prediction row IDs and aggregate EvaluationResults, but not the validation target truth rows or row-to-entity mapping required for paired residuals and entity-cluster resampling. No data or predictions were regenerated."
squat_delta_capacity_kg,SRE(ddof=0),public-native-temporal-expert:ensemble,Entity-cluster bootstrap planned for the frozen IID validation population,2000,283001,0,UNSUPPORTED_BY_EVIDENCE,INCONCLUSIVE,"Tracked public evidence contains paired prediction row IDs and aggregate EvaluationResults, but not the validation target truth rows or row-to-entity mapping required for paired residuals and entity-cluster resampling. No data or predictions were regenerated."
squat_delta_capacity_kg,SRE(ddof=0),ridge:383001,Entity-cluster bootstrap planned for the frozen IID validation population,2000,283001,0,UNSUPPORTED_BY_EVIDENCE,INCONCLUSIVE,"Tracked public evidence contains paired prediction row IDs and aggregate EvaluationResults, but not the validation target truth rows or row-to-entity mapping required for paired residuals and entity-cluster resampling. No data or predictions were regenerated."
squat_delta_capacity_kg,SRE(ddof=0),ridge:383002,Entity-cluster bootstrap planned for the frozen IID validation population,2000,283001,0,UNSUPPORTED_BY_EVIDENCE,INCONCLUSIVE,"Tracked public evidence contains paired prediction row IDs and aggregate EvaluationResults, but not the validation target truth rows or row-to-entity mapping required for paired residuals and entity-cluster resampling. No data or predictions were regenerated."
squat_delta_capacity_kg,SRE(ddof=0),ridge:383003,Entity-cluster bootstrap planned for the frozen IID validation population,2000,283001,0,UNSUPPORTED_BY_EVIDENCE,INCONCLUSIVE,"Tracked public evidence contains paired prediction row IDs and aggregate EvaluationResults, but not the validation target truth rows or row-to-entity mapping required for paired residuals and entity-cluster resampling. No data or predictions were regenerated."
bench_press_delta_capacity_kg,RMSE,compact_neural:383001,Entity-cluster bootstrap planned for the frozen IID validation population,2000,283001,0,UNSUPPORTED_BY_EVIDENCE,INCONCLUSIVE,"Tracked public evidence contains paired prediction row IDs and aggregate EvaluationResults, but not the validation target truth rows or row-to-entity mapping required for paired residuals and entity-cluster resampling. No data or predictions were regenerated."
bench_press_delta_capacity_kg,RMSE,compact_neural:383002,Entity-cluster bootstrap planned for the frozen IID validation population,2000,283001,0,UNSUPPORTED_BY_EVIDENCE,INCONCLUSIVE,"Tracked public evidence contains paired prediction row IDs and aggregate EvaluationResults, but not the validation target truth rows or row-to-entity mapping required for paired residuals and entity-cluster resampling. No data or predictions were regenerated."
bench_press_delta_capacity_kg,RMSE,compact_neural:383003,Entity-cluster bootstrap planned for the frozen IID validation population,2000,283001,0,UNSUPPORTED_BY_EVIDENCE,INCONCLUSIVE,"Tracked public evidence contains paired prediction row IDs and aggregate EvaluationResults, but not the validation target truth rows or row-to-entity mapping required for paired residuals and entity-cluster resampling. No data or predictions were regenerated."
bench_press_delta_capacity_kg,RMSE,context_mean:383001,Entity-cluster bootstrap planned for the frozen IID validation population,2000,283001,0,UNSUPPORTED_BY_EVIDENCE,INCONCLUSIVE,"Tracked public evidence contains paired prediction row IDs and aggregate EvaluationResults, but not the validation target truth rows or row-to-entity mapping required for paired residuals and entity-cluster resampling. No data or predictions were regenerated."
bench_press_delta_capacity_kg,RMSE,context_mean:383002,Entity-cluster bootstrap planned for the frozen IID validation population,2000,283001,0,UNSUPPORTED_BY_EVIDENCE,INCONCLUSIVE,"Tracked public evidence contains paired prediction row IDs and aggregate EvaluationResults, but not the validation target truth rows or row-to-entity mapping required for paired residuals and entity-cluster resampling. No data or predictions were regenerated."
bench_press_delta_capacity_kg,RMSE,context_mean:383003,Entity-cluster bootstrap planned for the frozen IID validation population,2000,283001,0,UNSUPPORTED_BY_EVIDENCE,INCONCLUSIVE,"Tracked public evidence contains paired prediction row IDs and aggregate EvaluationResults, but not the validation target truth rows or row-to-entity mapping required for paired residuals and entity-cluster resampling. No data or predictions were regenerated."
bench_press_delta_capacity_kg,RMSE,histogram_boosted_stumps:383001,Entity-cluster bootstrap planned for the frozen IID validation population,2000,283001,0,UNSUPPORTED_BY_EVIDENCE,INCONCLUSIVE,"Tracked public evidence contains paired prediction row IDs and aggregate EvaluationResults, but not the validation target truth rows or row-to-entity mapping required for paired residuals and entity-cluster resampling. No data or predictions were regenerated."
bench_press_delta_capacity_kg,RMSE,histogram_boosted_stumps:383002,Entity-cluster bootstrap planned for the frozen IID validation population,2000,283001,0,UNSUPPORTED_BY_EVIDENCE,INCONCLUSIVE,"Tracked public evidence contains paired prediction row IDs and aggregate EvaluationResults, but not the validation target truth rows or row-to-entity mapping required for paired residuals and entity-cluster resampling. No data or predictions were regenerated."
bench_press_delta_capacity_kg,RMSE,histogram_boosted_stumps:383003,Entity-cluster bootstrap planned for the frozen IID validation population,2000,283001,0,UNSUPPORTED_BY_EVIDENCE,INCONCLUSIVE,"Tracked public evidence contains paired prediction row IDs and aggregate EvaluationResults, but not the validation target truth rows or row-to-entity mapping required for paired residuals and entity-cluster resampling. No data or predictions were regenerated."
bench_press_delta_capacity_kg,RMSE,mechanistic_midpoint:383001,Entity-cluster bootstrap planned for the frozen IID validation population,2000,283001,0,UNSUPPORTED_BY_EVIDENCE,INCONCLUSIVE,"Tracked public evidence contains paired prediction row IDs and aggregate EvaluationResults, but not the validation target truth rows or row-to-entity mapping required for paired residuals and entity-cluster resampling. No data or predictions were regenerated."
bench_press_delta_capacity_kg,RMSE,mechanistic_midpoint:383002,Entity-cluster bootstrap planned for the frozen IID validation population,2000,283001,0,UNSUPPORTED_BY_EVIDENCE,INCONCLUSIVE,"Tracked public evidence contains paired prediction row IDs and aggregate EvaluationResults, but not the validation target truth rows or row-to-entity mapping required for paired residuals and entity-cluster resampling. No data or predictions were regenerated."
bench_press_delta_capacity_kg,RMSE,mechanistic_midpoint:383003,Entity-cluster bootstrap planned for the frozen IID validation population,2000,283001,0,UNSUPPORTED_BY_EVIDENCE,INCONCLUSIVE,"Tracked public evidence contains paired prediction row IDs and aggregate EvaluationResults, but not the validation target truth rows or row-to-entity mapping required for paired residuals and entity-cluster resampling. No data or predictions were regenerated."
bench_press_delta_capacity_kg,RMSE,mechanistic_ridge_residual:383001,Entity-cluster bootstrap planned for the frozen IID validation population,2000,283001,0,UNSUPPORTED_BY_EVIDENCE,INCONCLUSIVE,"Tracked public evidence contains paired prediction row IDs and aggregate EvaluationResults, but not the validation target truth rows or row-to-entity mapping required for paired residuals and entity-cluster resampling. No data or predictions were regenerated."
bench_press_delta_capacity_kg,RMSE,mechanistic_ridge_residual:383002,Entity-cluster bootstrap planned for the frozen IID validation population,2000,283001,0,UNSUPPORTED_BY_EVIDENCE,INCONCLUSIVE,"Tracked public evidence contains paired prediction row IDs and aggregate EvaluationResults, but not the validation target truth rows or row-to-entity mapping required for paired residuals and entity-cluster resampling. No data or predictions were regenerated."
bench_press_delta_capacity_kg,RMSE,mechanistic_ridge_residual:383003,Entity-cluster bootstrap planned for the frozen IID validation population,2000,283001,0,UNSUPPORTED_BY_EVIDENCE,INCONCLUSIVE,"Tracked public evidence contains paired prediction row IDs and aggregate EvaluationResults, but not the validation target truth rows or row-to-entity mapping required for paired residuals and entity-cluster resampling. No data or predictions were regenerated."
bench_press_delta_capacity_kg,RMSE,public-native-temporal-expert:383001,Entity-cluster bootstrap planned for the frozen IID validation population,2000,283001,0,UNSUPPORTED_BY_EVIDENCE,INCONCLUSIVE,"Tracked public evidence contains paired prediction row IDs and aggregate EvaluationResults, but not the validation target truth rows or row-to-entity mapping required for paired residuals and entity-cluster resampling. No data or predictions were regenerated."
bench_press_delta_capacity_kg,RMSE,public-native-temporal-expert:383002,Entity-cluster bootstrap planned for the frozen IID validation population,2000,283001,0,UNSUPPORTED_BY_EVIDENCE,INCONCLUSIVE,"Tracked public evidence contains paired prediction row IDs and aggregate EvaluationResults, but not the validation target truth rows or row-to-entity mapping required for paired residuals and entity-cluster resampling. No data or predictions were regenerated."
bench_press_delta_capacity_kg,RMSE,public-native-temporal-expert:383003,Entity-cluster bootstrap planned for the frozen IID validation population,2000,283001,0,UNSUPPORTED_BY_EVIDENCE,INCONCLUSIVE,"Tracked public evidence contains paired prediction row IDs and aggregate EvaluationResults, but not the validation target truth rows or row-to-entity mapping required for paired residuals and entity-cluster resampling. No data or predictions were regenerated."
bench_press_delta_capacity_kg,RMSE,public-native-temporal-expert:ensemble,Entity-cluster bootstrap planned for the frozen IID validation population,2000,283001,0,UNSUPPORTED_BY_EVIDENCE,INCONCLUSIVE,"Tracked public evidence contains paired prediction row IDs and aggregate EvaluationResults, but not the validation target truth rows or row-to-entity mapping required for paired residuals and entity-cluster resampling. No data or predictions were regenerated."
bench_press_delta_capacity_kg,RMSE,ridge:383001,Entity-cluster bootstrap planned for the frozen IID validation population,2000,283001,0,UNSUPPORTED_BY_EVIDENCE,INCONCLUSIVE,"Tracked public evidence contains paired prediction row IDs and aggregate EvaluationResults, but not the validation target truth rows or row-to-entity mapping required for paired residuals and entity-cluster resampling. No data or predictions were regenerated."
bench_press_delta_capacity_kg,RMSE,ridge:383002,Entity-cluster bootstrap planned for the frozen IID validation population,2000,283001,0,UNSUPPORTED_BY_EVIDENCE,INCONCLUSIVE,"Tracked public evidence contains paired prediction row IDs and aggregate EvaluationResults, but not the validation target truth rows or row-to-entity mapping required for paired residuals and entity-cluster resampling. No data or predictions were regenerated."
bench_press_delta_capacity_kg,RMSE,ridge:383003,Entity-cluster bootstrap planned for the frozen IID validation population,2000,283001,0,UNSUPPORTED_BY_EVIDENCE,INCONCLUSIVE,"Tracked public evidence contains paired prediction row IDs and aggregate EvaluationResults, but not the validation target truth rows or row-to-entity mapping required for paired residuals and entity-cluster resampling. No data or predictions were regenerated."
bench_press_delta_capacity_kg,MAE,compact_neural:383001,Entity-cluster bootstrap planned for the frozen IID validation population,2000,283001,0,UNSUPPORTED_BY_EVIDENCE,INCONCLUSIVE,"Tracked public evidence contains paired prediction row IDs and aggregate EvaluationResults, but not the validation target truth rows or row-to-entity mapping required for paired residuals and entity-cluster resampling. No data or predictions were regenerated."
bench_press_delta_capacity_kg,MAE,compact_neural:383002,Entity-cluster bootstrap planned for the frozen IID validation population,2000,283001,0,UNSUPPORTED_BY_EVIDENCE,INCONCLUSIVE,"Tracked public evidence contains paired prediction row IDs and aggregate EvaluationResults, but not the validation target truth rows or row-to-entity mapping required for paired residuals and entity-cluster resampling. No data or predictions were regenerated."
bench_press_delta_capacity_kg,MAE,compact_neural:383003,Entity-cluster bootstrap planned for the frozen IID validation population,2000,283001,0,UNSUPPORTED_BY_EVIDENCE,INCONCLUSIVE,"Tracked public evidence contains paired prediction row IDs and aggregate EvaluationResults, but not the validation target truth rows or row-to-entity mapping required for paired residuals and entity-cluster resampling. No data or predictions were regenerated."
bench_press_delta_capacity_kg,MAE,context_mean:383001,Entity-cluster bootstrap planned for the frozen IID validation population,2000,283001,0,UNSUPPORTED_BY_EVIDENCE,INCONCLUSIVE,"Tracked public evidence contains paired prediction row IDs and aggregate EvaluationResults, but not the validation target truth rows or row-to-entity mapping required for paired residuals and entity-cluster resampling. No data or predictions were regenerated."
bench_press_delta_capacity_kg,MAE,context_mean:383002,Entity-cluster bootstrap planned for the frozen IID validation population,2000,283001,0,UNSUPPORTED_BY_EVIDENCE,INCONCLUSIVE,"Tracked public evidence contains paired prediction row IDs and aggregate EvaluationResults, but not the validation target truth rows or row-to-entity mapping required for paired residuals and entity-cluster resampling. No data or predictions were regenerated."
bench_press_delta_capacity_kg,MAE,context_mean:383003,Entity-cluster bootstrap planned for the frozen IID validation population,2000,283001,0,UNSUPPORTED_BY_EVIDENCE,INCONCLUSIVE,"Tracked public evidence contains paired prediction row IDs and aggregate EvaluationResults, but not the validation target truth rows or row-to-entity mapping required for paired residuals and entity-cluster resampling. No data or predictions were regenerated."
bench_press_delta_capacity_kg,MAE,histogram_boosted_stumps:383001,Entity-cluster bootstrap planned for the frozen IID validation population,2000,283001,0,UNSUPPORTED_BY_EVIDENCE,INCONCLUSIVE,"Tracked public evidence contains paired prediction row IDs and aggregate EvaluationResults, but not the validation target truth rows or row-to-entity mapping required for paired residuals and entity-cluster resampling. No data or predictions were regenerated."
bench_press_delta_capacity_kg,MAE,histogram_boosted_stumps:383002,Entity-cluster bootstrap planned for the frozen IID validation population,2000,283001,0,UNSUPPORTED_BY_EVIDENCE,INCONCLUSIVE,"Tracked public evidence contains paired prediction row IDs and aggregate EvaluationResults, but not the validation target truth rows or row-to-entity mapping required for paired residuals and entity-cluster resampling. No data or predictions were regenerated."
bench_press_delta_capacity_kg,MAE,histogram_boosted_stumps:383003,Entity-cluster bootstrap planned for the frozen IID validation population,2000,283001,0,UNSUPPORTED_BY_EVIDENCE,INCONCLUSIVE,"Tracked public evidence contains paired prediction row IDs and aggregate EvaluationResults, but not the validation target truth rows or row-to-entity mapping required for paired residuals and entity-cluster resampling. No data or predictions were regenerated."
bench_press_delta_capacity_kg,MAE,mechanistic_midpoint:383001,Entity-cluster bootstrap planned for the frozen IID validation population,2000,283001,0,UNSUPPORTED_BY_EVIDENCE,INCONCLUSIVE,"Tracked public evidence contains paired prediction row IDs and aggregate EvaluationResults, but not the validation target truth rows or row-to-entity mapping required for paired residuals and entity-cluster resampling. No data or predictions were regenerated."
bench_press_delta_capacity_kg,MAE,mechanistic_midpoint:383002,Entity-cluster bootstrap planned for the frozen IID validation population,2000,283001,0,UNSUPPORTED_BY_EVIDENCE,INCONCLUSIVE,"Tracked public evidence contains paired prediction row IDs and aggregate EvaluationResults, but not the validation target truth rows or row-to-entity mapping required for paired residuals and entity-cluster resampling. No data or predictions were regenerated."
bench_press_delta_capacity_kg,MAE,mechanistic_midpoint:383003,Entity-cluster bootstrap planned for the frozen IID validation population,2000,283001,0,UNSUPPORTED_BY_EVIDENCE,INCONCLUSIVE,"Tracked public evidence contains paired prediction row IDs and aggregate EvaluationResults, but not the validation target truth rows or row-to-entity mapping required for paired residuals and entity-cluster resampling. No data or predictions were regenerated."
bench_press_delta_capacity_kg,MAE,mechanistic_ridge_residual:383001,Entity-cluster bootstrap planned for the frozen IID validation population,2000,283001,0,UNSUPPORTED_BY_EVIDENCE,INCONCLUSIVE,"Tracked public evidence contains paired prediction row IDs and aggregate EvaluationResults, but not the validation target truth rows or row-to-entity mapping required for paired residuals and entity-cluster resampling. No data or predictions were regenerated."
bench_press_delta_capacity_kg,MAE,mechanistic_ridge_residual:383002,Entity-cluster bootstrap planned for the frozen IID validation population,2000,283001,0,UNSUPPORTED_BY_EVIDENCE,INCONCLUSIVE,"Tracked public evidence contains paired prediction row IDs and aggregate EvaluationResults, but not the validation target truth rows or row-to-entity mapping required for paired residuals and entity-cluster resampling. No data or predictions were regenerated."
bench_press_delta_capacity_kg,MAE,mechanistic_ridge_residual:383003,Entity-cluster bootstrap planned for the frozen IID validation population,2000,283001,0,UNSUPPORTED_BY_EVIDENCE,INCONCLUSIVE,"Tracked public evidence contains paired prediction row IDs and aggregate EvaluationResults, but not the validation target truth rows or row-to-entity mapping required for paired residuals and entity-cluster resampling. No data or predictions were regenerated."
bench_press_delta_capacity_kg,MAE,public-native-temporal-expert:383001,Entity-cluster bootstrap planned for the frozen IID validation population,2000,283001,0,UNSUPPORTED_BY_EVIDENCE,INCONCLUSIVE,"Tracked public evidence contains paired prediction row IDs and aggregate EvaluationResults, but not the validation target truth rows or row-to-entity mapping required for paired residuals and entity-cluster resampling. No data or predictions were regenerated."
bench_press_delta_capacity_kg,MAE,public-native-temporal-expert:383002,Entity-cluster bootstrap planned for the frozen IID validation population,2000,283001,0,UNSUPPORTED_BY_EVIDENCE,INCONCLUSIVE,"Tracked public evidence contains paired prediction row IDs and aggregate EvaluationResults, but not the validation target truth rows or row-to-entity mapping required for paired residuals and entity-cluster resampling. No data or predictions were regenerated."
bench_press_delta_capacity_kg,MAE,public-native-temporal-expert:383003,Entity-cluster bootstrap planned for the frozen IID validation population,2000,283001,0,UNSUPPORTED_BY_EVIDENCE,INCONCLUSIVE,"Tracked public evidence contains paired prediction row IDs and aggregate EvaluationResults, but not the validation target truth rows or row-to-entity mapping required for paired residuals and entity-cluster resampling. No data or predictions were regenerated."
bench_press_delta_capacity_kg,MAE,public-native-temporal-expert:ensemble,Entity-cluster bootstrap planned for the frozen IID validation population,2000,283001,0,UNSUPPORTED_BY_EVIDENCE,INCONCLUSIVE,"Tracked public evidence contains paired prediction row IDs and aggregate EvaluationResults, but not the validation target truth rows or row-to-entity mapping required for paired residuals and entity-cluster resampling. No data or predictions were regenerated."
bench_press_delta_capacity_kg,MAE,ridge:383001,Entity-cluster bootstrap planned for the frozen IID validation population,2000,283001,0,UNSUPPORTED_BY_EVIDENCE,INCONCLUSIVE,"Tracked public evidence contains paired prediction row IDs and aggregate EvaluationResults, but not the validation target truth rows or row-to-entity mapping required for paired residuals and entity-cluster resampling. No data or predictions were regenerated."
bench_press_delta_capacity_kg,MAE,ridge:383002,Entity-cluster bootstrap planned for the frozen IID validation population,2000,283001,0,UNSUPPORTED_BY_EVIDENCE,INCONCLUSIVE,"Tracked public evidence contains paired prediction row IDs and aggregate EvaluationResults, but not the validation target truth rows or row-to-entity mapping required for paired residuals and entity-cluster resampling. No data or predictions were regenerated."
bench_press_delta_capacity_kg,MAE,ridge:383003,Entity-cluster bootstrap planned for the frozen IID validation population,2000,283001,0,UNSUPPORTED_BY_EVIDENCE,INCONCLUSIVE,"Tracked public evidence contains paired prediction row IDs and aggregate EvaluationResults, but not the validation target truth rows or row-to-entity mapping required for paired residuals and entity-cluster resampling. No data or predictions were regenerated."
bench_press_delta_capacity_kg,R²,compact_neural:383001,Entity-cluster bootstrap planned for the frozen IID validation population,2000,283001,0,UNSUPPORTED_BY_EVIDENCE,INCONCLUSIVE,"Tracked public evidence contains paired prediction row IDs and aggregate EvaluationResults, but not the validation target truth rows or row-to-entity mapping required for paired residuals and entity-cluster resampling. No data or predictions were regenerated."
bench_press_delta_capacity_kg,R²,compact_neural:383002,Entity-cluster bootstrap planned for the frozen IID validation population,2000,283001,0,UNSUPPORTED_BY_EVIDENCE,INCONCLUSIVE,"Tracked public evidence contains paired prediction row IDs and aggregate EvaluationResults, but not the validation target truth rows or row-to-entity mapping required for paired residuals and entity-cluster resampling. No data or predictions were regenerated."
bench_press_delta_capacity_kg,R²,compact_neural:383003,Entity-cluster bootstrap planned for the frozen IID validation population,2000,283001,0,UNSUPPORTED_BY_EVIDENCE,INCONCLUSIVE,"Tracked public evidence contains paired prediction row IDs and aggregate EvaluationResults, but not the validation target truth rows or row-to-entity mapping required for paired residuals and entity-cluster resampling. No data or predictions were regenerated."
bench_press_delta_capacity_kg,R²,context_mean:383001,Entity-cluster bootstrap planned for the frozen IID validation population,2000,283001,0,UNSUPPORTED_BY_EVIDENCE,INCONCLUSIVE,"Tracked public evidence contains paired prediction row IDs and aggregate EvaluationResults, but not the validation target truth rows or row-to-entity mapping required for paired residuals and entity-cluster resampling. No data or predictions were regenerated."
bench_press_delta_capacity_kg,R²,context_mean:383002,Entity-cluster bootstrap planned for the frozen IID validation population,2000,283001,0,UNSUPPORTED_BY_EVIDENCE,INCONCLUSIVE,"Tracked public evidence contains paired prediction row IDs and aggregate EvaluationResults, but not the validation target truth rows or row-to-entity mapping required for paired residuals and entity-cluster resampling. No data or predictions were regenerated."
bench_press_delta_capacity_kg,R²,context_mean:383003,Entity-cluster bootstrap planned for the frozen IID validation population,2000,283001,0,UNSUPPORTED_BY_EVIDENCE,INCONCLUSIVE,"Tracked public evidence contains paired prediction row IDs and aggregate EvaluationResults, but not the validation target truth rows or row-to-entity mapping required for paired residuals and entity-cluster resampling. No data or predictions were regenerated."
bench_press_delta_capacity_kg,R²,histogram_boosted_stumps:383001,Entity-cluster bootstrap planned for the frozen IID validation population,2000,283001,0,UNSUPPORTED_BY_EVIDENCE,INCONCLUSIVE,"Tracked public evidence contains paired prediction row IDs and aggregate EvaluationResults, but not the validation target truth rows or row-to-entity mapping required for paired residuals and entity-cluster resampling. No data or predictions were regenerated."
bench_press_delta_capacity_kg,R²,histogram_boosted_stumps:383002,Entity-cluster bootstrap planned for the frozen IID validation population,2000,283001,0,UNSUPPORTED_BY_EVIDENCE,INCONCLUSIVE,"Tracked public evidence contains paired prediction row IDs and aggregate EvaluationResults, but not the validation target truth rows or row-to-entity mapping required for paired residuals and entity-cluster resampling. No data or predictions were regenerated."
bench_press_delta_capacity_kg,R²,histogram_boosted_stumps:383003,Entity-cluster bootstrap planned for the frozen IID validation population,2000,283001,0,UNSUPPORTED_BY_EVIDENCE,INCONCLUSIVE,"Tracked public evidence contains paired prediction row IDs and aggregate EvaluationResults, but not the validation target truth rows or row-to-entity mapping required for paired residuals and entity-cluster resampling. No data or predictions were regenerated."
bench_press_delta_capacity_kg,R²,mechanistic_midpoint:383001,Entity-cluster bootstrap planned for the frozen IID validation population,2000,283001,0,UNSUPPORTED_BY_EVIDENCE,INCONCLUSIVE,"Tracked public evidence contains paired prediction row IDs and aggregate EvaluationResults, but not the validation target truth rows or row-to-entity mapping required for paired residuals and entity-cluster resampling. No data or predictions were regenerated."
bench_press_delta_capacity_kg,R²,mechanistic_midpoint:383002,Entity-cluster bootstrap planned for the frozen IID validation population,2000,283001,0,UNSUPPORTED_BY_EVIDENCE,INCONCLUSIVE,"Tracked public evidence contains paired prediction row IDs and aggregate EvaluationResults, but not the validation target truth rows or row-to-entity mapping required for paired residuals and entity-cluster resampling. No data or predictions were regenerated."
bench_press_delta_capacity_kg,R²,mechanistic_midpoint:383003,Entity-cluster bootstrap planned for the frozen IID validation population,2000,283001,0,UNSUPPORTED_BY_EVIDENCE,INCONCLUSIVE,"Tracked public evidence contains paired prediction row IDs and aggregate EvaluationResults, but not the validation target truth rows or row-to-entity mapping required for paired residuals and entity-cluster resampling. No data or predictions were regenerated."
bench_press_delta_capacity_kg,R²,mechanistic_ridge_residual:383001,Entity-cluster bootstrap planned for the frozen IID validation population,2000,283001,0,UNSUPPORTED_BY_EVIDENCE,INCONCLUSIVE,"Tracked public evidence contains paired prediction row IDs and aggregate EvaluationResults, but not the validation target truth rows or row-to-entity mapping required for paired residuals and entity-cluster resampling. No data or predictions were regenerated."
bench_press_delta_capacity_kg,R²,mechanistic_ridge_residual:383002,Entity-cluster bootstrap planned for the frozen IID validation population,2000,283001,0,UNSUPPORTED_BY_EVIDENCE,INCONCLUSIVE,"Tracked public evidence contains paired prediction row IDs and aggregate EvaluationResults, but not the validation target truth rows or row-to-entity mapping required for paired residuals and entity-cluster resampling. No data or predictions were regenerated."
bench_press_delta_capacity_kg,R²,mechanistic_ridge_residual:383003,Entity-cluster bootstrap planned for the frozen IID validation population,2000,283001,0,UNSUPPORTED_BY_EVIDENCE,INCONCLUSIVE,"Tracked public evidence contains paired prediction row IDs and aggregate EvaluationResults, but not the validation target truth rows or row-to-entity mapping required for paired residuals and entity-cluster resampling. No data or predictions were regenerated."
bench_press_delta_capacity_kg,R²,public-native-temporal-expert:383001,Entity-cluster bootstrap planned for the frozen IID validation population,2000,283001,0,UNSUPPORTED_BY_EVIDENCE,INCONCLUSIVE,"Tracked public evidence contains paired prediction row IDs and aggregate EvaluationResults, but not the validation target truth rows or row-to-entity mapping required for paired residuals and entity-cluster resampling. No data or predictions were regenerated."
bench_press_delta_capacity_kg,R²,public-native-temporal-expert:383002,Entity-cluster bootstrap planned for the frozen IID validation population,2000,283001,0,UNSUPPORTED_BY_EVIDENCE,INCONCLUSIVE,"Tracked public evidence contains paired prediction row IDs and aggregate EvaluationResults, but not the validation target truth rows or row-to-entity mapping required for paired residuals and entity-cluster resampling. No data or predictions were regenerated."
bench_press_delta_capacity_kg,R²,public-native-temporal-expert:383003,Entity-cluster bootstrap planned for the frozen IID validation population,2000,283001,0,UNSUPPORTED_BY_EVIDENCE,INCONCLUSIVE,"Tracked public evidence contains paired prediction row IDs and aggregate EvaluationResults, but not the validation target truth rows or row-to-entity mapping required for paired residuals and entity-cluster resampling. No data or predictions were regenerated."
bench_press_delta_capacity_kg,R²,public-native-temporal-expert:ensemble,Entity-cluster bootstrap planned for the frozen IID validation population,2000,283001,0,UNSUPPORTED_BY_EVIDENCE,INCONCLUSIVE,"Tracked public evidence contains paired prediction row IDs and aggregate EvaluationResults, but not the validation target truth rows or row-to-entity mapping required for paired residuals and entity-cluster resampling. No data or predictions were regenerated."
bench_press_delta_capacity_kg,R²,ridge:383001,Entity-cluster bootstrap planned for the frozen IID validation population,2000,283001,0,UNSUPPORTED_BY_EVIDENCE,INCONCLUSIVE,"Tracked public evidence contains paired prediction row IDs and aggregate EvaluationResults, but not the validation target truth rows or row-to-entity mapping required for paired residuals and entity-cluster resampling. No data or predictions were regenerated."
bench_press_delta_capacity_kg,R²,ridge:383002,Entity-cluster bootstrap planned for the frozen IID validation population,2000,283001,0,UNSUPPORTED_BY_EVIDENCE,INCONCLUSIVE,"Tracked public evidence contains paired prediction row IDs and aggregate EvaluationResults, but not the validation target truth rows or row-to-entity mapping required for paired residuals and entity-cluster resampling. No data or predictions were regenerated."
bench_press_delta_capacity_kg,R²,ridge:383003,Entity-cluster bootstrap planned for the frozen IID validation population,2000,283001,0,UNSUPPORTED_BY_EVIDENCE,INCONCLUSIVE,"Tracked public evidence contains paired prediction row IDs and aggregate EvaluationResults, but not the validation target truth rows or row-to-entity mapping required for paired residuals and entity-cluster resampling. No data or predictions were regenerated."
bench_press_delta_capacity_kg,SRE(ddof=0),compact_neural:383001,Entity-cluster bootstrap planned for the frozen IID validation population,2000,283001,0,UNSUPPORTED_BY_EVIDENCE,INCONCLUSIVE,"Tracked public evidence contains paired prediction row IDs and aggregate EvaluationResults, but not the validation target truth rows or row-to-entity mapping required for paired residuals and entity-cluster resampling. No data or predictions were regenerated."
bench_press_delta_capacity_kg,SRE(ddof=0),compact_neural:383002,Entity-cluster bootstrap planned for the frozen IID validation population,2000,283001,0,UNSUPPORTED_BY_EVIDENCE,INCONCLUSIVE,"Tracked public evidence contains paired prediction row IDs and aggregate EvaluationResults, but not the validation target truth rows or row-to-entity mapping required for paired residuals and entity-cluster resampling. No data or predictions were regenerated."
bench_press_delta_capacity_kg,SRE(ddof=0),compact_neural:383003,Entity-cluster bootstrap planned for the frozen IID validation population,2000,283001,0,UNSUPPORTED_BY_EVIDENCE,INCONCLUSIVE,"Tracked public evidence contains paired prediction row IDs and aggregate EvaluationResults, but not the validation target truth rows or row-to-entity mapping required for paired residuals and entity-cluster resampling. No data or predictions were regenerated."
bench_press_delta_capacity_kg,SRE(ddof=0),context_mean:383001,Entity-cluster bootstrap planned for the frozen IID validation population,2000,283001,0,UNSUPPORTED_BY_EVIDENCE,INCONCLUSIVE,"Tracked public evidence contains paired prediction row IDs and aggregate EvaluationResults, but not the validation target truth rows or row-to-entity mapping required for paired residuals and entity-cluster resampling. No data or predictions were regenerated."
bench_press_delta_capacity_kg,SRE(ddof=0),context_mean:383002,Entity-cluster bootstrap planned for the frozen IID validation population,2000,283001,0,UNSUPPORTED_BY_EVIDENCE,INCONCLUSIVE,"Tracked public evidence contains paired prediction row IDs and aggregate EvaluationResults, but not the validation target truth rows or row-to-entity mapping required for paired residuals and entity-cluster resampling. No data or predictions were regenerated."
bench_press_delta_capacity_kg,SRE(ddof=0),context_mean:383003,Entity-cluster bootstrap planned for the frozen IID validation population,2000,283001,0,UNSUPPORTED_BY_EVIDENCE,INCONCLUSIVE,"Tracked public evidence contains paired prediction row IDs and aggregate EvaluationResults, but not the validation target truth rows or row-to-entity mapping required for paired residuals and entity-cluster resampling. No data or predictions were regenerated."
bench_press_delta_capacity_kg,SRE(ddof=0),histogram_boosted_stumps:383001,Entity-cluster bootstrap planned for the frozen IID validation population,2000,283001,0,UNSUPPORTED_BY_EVIDENCE,INCONCLUSIVE,"Tracked public evidence contains paired prediction row IDs and aggregate EvaluationResults, but not the validation target truth rows or row-to-entity mapping required for paired residuals and entity-cluster resampling. No data or predictions were regenerated."
bench_press_delta_capacity_kg,SRE(ddof=0),histogram_boosted_stumps:383002,Entity-cluster bootstrap planned for the frozen IID validation population,2000,283001,0,UNSUPPORTED_BY_EVIDENCE,INCONCLUSIVE,"Tracked public evidence contains paired prediction row IDs and aggregate EvaluationResults, but not the validation target truth rows or row-to-entity mapping required for paired residuals and entity-cluster resampling. No data or predictions were regenerated."
bench_press_delta_capacity_kg,SRE(ddof=0),histogram_boosted_stumps:383003,Entity-cluster bootstrap planned for the frozen IID validation population,2000,283001,0,UNSUPPORTED_BY_EVIDENCE,INCONCLUSIVE,"Tracked public evidence contains paired prediction row IDs and aggregate EvaluationResults, but not the validation target truth rows or row-to-entity mapping required for paired residuals and entity-cluster resampling. No data or predictions were regenerated."
bench_press_delta_capacity_kg,SRE(ddof=0),mechanistic_midpoint:383001,Entity-cluster bootstrap planned for the frozen IID validation population,2000,283001,0,UNSUPPORTED_BY_EVIDENCE,INCONCLUSIVE,"Tracked public evidence contains paired prediction row IDs and aggregate EvaluationResults, but not the validation target truth rows or row-to-entity mapping required for paired residuals and entity-cluster resampling. No data or predictions were regenerated."
bench_press_delta_capacity_kg,SRE(ddof=0),mechanistic_midpoint:383002,Entity-cluster bootstrap planned for the frozen IID validation population,2000,283001,0,UNSUPPORTED_BY_EVIDENCE,INCONCLUSIVE,"Tracked public evidence contains paired prediction row IDs and aggregate EvaluationResults, but not the validation target truth rows or row-to-entity mapping required for paired residuals and entity-cluster resampling. No data or predictions were regenerated."
bench_press_delta_capacity_kg,SRE(ddof=0),mechanistic_midpoint:383003,Entity-cluster bootstrap planned for the frozen IID validation population,2000,283001,0,UNSUPPORTED_BY_EVIDENCE,INCONCLUSIVE,"Tracked public evidence contains paired prediction row IDs and aggregate EvaluationResults, but not the validation target truth rows or row-to-entity mapping required for paired residuals and entity-cluster resampling. No data or predictions were regenerated."
bench_press_delta_capacity_kg,SRE(ddof=0),mechanistic_ridge_residual:383001,Entity-cluster bootstrap planned for the frozen IID validation population,2000,283001,0,UNSUPPORTED_BY_EVIDENCE,INCONCLUSIVE,"Tracked public evidence contains paired prediction row IDs and aggregate EvaluationResults, but not the validation target truth rows or row-to-entity mapping required for paired residuals and entity-cluster resampling. No data or predictions were regenerated."
bench_press_delta_capacity_kg,SRE(ddof=0),mechanistic_ridge_residual:383002,Entity-cluster bootstrap planned for the frozen IID validation population,2000,283001,0,UNSUPPORTED_BY_EVIDENCE,INCONCLUSIVE,"Tracked public evidence contains paired prediction row IDs and aggregate EvaluationResults, but not the validation target truth rows or row-to-entity mapping required for paired residuals and entity-cluster resampling. No data or predictions were regenerated."
bench_press_delta_capacity_kg,SRE(ddof=0),mechanistic_ridge_residual:383003,Entity-cluster bootstrap planned for the frozen IID validation population,2000,283001,0,UNSUPPORTED_BY_EVIDENCE,INCONCLUSIVE,"Tracked public evidence contains paired prediction row IDs and aggregate EvaluationResults, but not the validation target truth rows or row-to-entity mapping required for paired residuals and entity-cluster resampling. No data or predictions were regenerated."
bench_press_delta_capacity_kg,SRE(ddof=0),public-native-temporal-expert:383001,Entity-cluster bootstrap planned for the frozen IID validation population,2000,283001,0,UNSUPPORTED_BY_EVIDENCE,INCONCLUSIVE,"Tracked public evidence contains paired prediction row IDs and aggregate EvaluationResults, but not the validation target truth rows or row-to-entity mapping required for paired residuals and entity-cluster resampling. No data or predictions were regenerated."
bench_press_delta_capacity_kg,SRE(ddof=0),public-native-temporal-expert:383002,Entity-cluster bootstrap planned for the frozen IID validation population,2000,283001,0,UNSUPPORTED_BY_EVIDENCE,INCONCLUSIVE,"Tracked public evidence contains paired prediction row IDs and aggregate EvaluationResults, but not the validation target truth rows or row-to-entity mapping required for paired residuals and entity-cluster resampling. No data or predictions were regenerated."
bench_press_delta_capacity_kg,SRE(ddof=0),public-native-temporal-expert:383003,Entity-cluster bootstrap planned for the frozen IID validation population,2000,283001,0,UNSUPPORTED_BY_EVIDENCE,INCONCLUSIVE,"Tracked public evidence contains paired prediction row IDs and aggregate EvaluationResults, but not the validation target truth rows or row-to-entity mapping required for paired residuals and entity-cluster resampling. No data or predictions were regenerated."
bench_press_delta_capacity_kg,SRE(ddof=0),public-native-temporal-expert:ensemble,Entity-cluster bootstrap planned for the frozen IID validation population,2000,283001,0,UNSUPPORTED_BY_EVIDENCE,INCONCLUSIVE,"Tracked public evidence contains paired prediction row IDs and aggregate EvaluationResults, but not the validation target truth rows or row-to-entity mapping required for paired residuals and entity-cluster resampling. No data or predictions were regenerated."
bench_press_delta_capacity_kg,SRE(ddof=0),ridge:383001,Entity-cluster bootstrap planned for the frozen IID validation population,2000,283001,0,UNSUPPORTED_BY_EVIDENCE,INCONCLUSIVE,"Tracked public evidence contains paired prediction row IDs and aggregate EvaluationResults, but not the validation target truth rows or row-to-entity mapping required for paired residuals and entity-cluster resampling. No data or predictions were regenerated."
bench_press_delta_capacity_kg,SRE(ddof=0),ridge:383002,Entity-cluster bootstrap planned for the frozen IID validation population,2000,283001,0,UNSUPPORTED_BY_EVIDENCE,INCONCLUSIVE,"Tracked public evidence contains paired prediction row IDs and aggregate EvaluationResults, but not the validation target truth rows or row-to-entity mapping required for paired residuals and entity-cluster resampling. No data or predictions were regenerated."
bench_press_delta_capacity_kg,SRE(ddof=0),ridge:383003,Entity-cluster bootstrap planned for the frozen IID validation population,2000,283001,0,UNSUPPORTED_BY_EVIDENCE,INCONCLUSIVE,"Tracked public evidence contains paired prediction row IDs and aggregate EvaluationResults, but not the validation target truth rows or row-to-entity mapping required for paired residuals and entity-cluster resampling. No data or predictions were regenerated."
deadlift_delta_capacity_kg,RMSE,compact_neural:383001,Entity-cluster bootstrap planned for the frozen IID validation population,2000,283001,0,UNSUPPORTED_BY_EVIDENCE,INCONCLUSIVE,"Tracked public evidence contains paired prediction row IDs and aggregate EvaluationResults, but not the validation target truth rows or row-to-entity mapping required for paired residuals and entity-cluster resampling. No data or predictions were regenerated."
deadlift_delta_capacity_kg,RMSE,compact_neural:383002,Entity-cluster bootstrap planned for the frozen IID validation population,2000,283001,0,UNSUPPORTED_BY_EVIDENCE,INCONCLUSIVE,"Tracked public evidence contains paired prediction row IDs and aggregate EvaluationResults, but not the validation target truth rows or row-to-entity mapping required for paired residuals and entity-cluster resampling. No data or predictions were regenerated."
deadlift_delta_capacity_kg,RMSE,compact_neural:383003,Entity-cluster bootstrap planned for the frozen IID validation population,2000,283001,0,UNSUPPORTED_BY_EVIDENCE,INCONCLUSIVE,"Tracked public evidence contains paired prediction row IDs and aggregate EvaluationResults, but not the validation target truth rows or row-to-entity mapping required for paired residuals and entity-cluster resampling. No data or predictions were regenerated."
deadlift_delta_capacity_kg,RMSE,context_mean:383001,Entity-cluster bootstrap planned for the frozen IID validation population,2000,283001,0,UNSUPPORTED_BY_EVIDENCE,INCONCLUSIVE,"Tracked public evidence contains paired prediction row IDs and aggregate EvaluationResults, but not the validation target truth rows or row-to-entity mapping required for paired residuals and entity-cluster resampling. No data or predictions were regenerated."
deadlift_delta_capacity_kg,RMSE,context_mean:383002,Entity-cluster bootstrap planned for the frozen IID validation population,2000,283001,0,UNSUPPORTED_BY_EVIDENCE,INCONCLUSIVE,"Tracked public evidence contains paired prediction row IDs and aggregate EvaluationResults, but not the validation target truth rows or row-to-entity mapping required for paired residuals and entity-cluster resampling. No data or predictions were regenerated."
deadlift_delta_capacity_kg,RMSE,context_mean:383003,Entity-cluster bootstrap planned for the frozen IID validation population,2000,283001,0,UNSUPPORTED_BY_EVIDENCE,INCONCLUSIVE,"Tracked public evidence contains paired prediction row IDs and aggregate EvaluationResults, but not the validation target truth rows or row-to-entity mapping required for paired residuals and entity-cluster resampling. No data or predictions were regenerated."
deadlift_delta_capacity_kg,RMSE,histogram_boosted_stumps:383001,Entity-cluster bootstrap planned for the frozen IID validation population,2000,283001,0,UNSUPPORTED_BY_EVIDENCE,INCONCLUSIVE,"Tracked public evidence contains paired prediction row IDs and aggregate EvaluationResults, but not the validation target truth rows or row-to-entity mapping required for paired residuals and entity-cluster resampling. No data or predictions were regenerated."
deadlift_delta_capacity_kg,RMSE,histogram_boosted_stumps:383002,Entity-cluster bootstrap planned for the frozen IID validation population,2000,283001,0,UNSUPPORTED_BY_EVIDENCE,INCONCLUSIVE,"Tracked public evidence contains paired prediction row IDs and aggregate EvaluationResults, but not the validation target truth rows or row-to-entity mapping required for paired residuals and entity-cluster resampling. No data or predictions were regenerated."
deadlift_delta_capacity_kg,RMSE,histogram_boosted_stumps:383003,Entity-cluster bootstrap planned for the frozen IID validation population,2000,283001,0,UNSUPPORTED_BY_EVIDENCE,INCONCLUSIVE,"Tracked public evidence contains paired prediction row IDs and aggregate EvaluationResults, but not the validation target truth rows or row-to-entity mapping required for paired residuals and entity-cluster resampling. No data or predictions were regenerated."
deadlift_delta_capacity_kg,RMSE,mechanistic_midpoint:383001,Entity-cluster bootstrap planned for the frozen IID validation population,2000,283001,0,UNSUPPORTED_BY_EVIDENCE,INCONCLUSIVE,"Tracked public evidence contains paired prediction row IDs and aggregate EvaluationResults, but not the validation target truth rows or row-to-entity mapping required for paired residuals and entity-cluster resampling. No data or predictions were regenerated."
deadlift_delta_capacity_kg,RMSE,mechanistic_midpoint:383002,Entity-cluster bootstrap planned for the frozen IID validation population,2000,283001,0,UNSUPPORTED_BY_EVIDENCE,INCONCLUSIVE,"Tracked public evidence contains paired prediction row IDs and aggregate EvaluationResults, but not the validation target truth rows or row-to-entity mapping required for paired residuals and entity-cluster resampling. No data or predictions were regenerated."
deadlift_delta_capacity_kg,RMSE,mechanistic_midpoint:383003,Entity-cluster bootstrap planned for the frozen IID validation population,2000,283001,0,UNSUPPORTED_BY_EVIDENCE,INCONCLUSIVE,"Tracked public evidence contains paired prediction row IDs and aggregate EvaluationResults, but not the validation target truth rows or row-to-entity mapping required for paired residuals and entity-cluster resampling. No data or predictions were regenerated."
deadlift_delta_capacity_kg,RMSE,mechanistic_ridge_residual:383001,Entity-cluster bootstrap planned for the frozen IID validation population,2000,283001,0,UNSUPPORTED_BY_EVIDENCE,INCONCLUSIVE,"Tracked public evidence contains paired prediction row IDs and aggregate EvaluationResults, but not the validation target truth rows or row-to-entity mapping required for paired residuals and entity-cluster resampling. No data or predictions were regenerated."
deadlift_delta_capacity_kg,RMSE,mechanistic_ridge_residual:383002,Entity-cluster bootstrap planned for the frozen IID validation population,2000,283001,0,UNSUPPORTED_BY_EVIDENCE,INCONCLUSIVE,"Tracked public evidence contains paired prediction row IDs and aggregate EvaluationResults, but not the validation target truth rows or row-to-entity mapping required for paired residuals and entity-cluster resampling. No data or predictions were regenerated."
deadlift_delta_capacity_kg,RMSE,mechanistic_ridge_residual:383003,Entity-cluster bootstrap planned for the frozen IID validation population,2000,283001,0,UNSUPPORTED_BY_EVIDENCE,INCONCLUSIVE,"Tracked public evidence contains paired prediction row IDs and aggregate EvaluationResults, but not the validation target truth rows or row-to-entity mapping required for paired residuals and entity-cluster resampling. No data or predictions were regenerated."
deadlift_delta_capacity_kg,RMSE,public-native-temporal-expert:383001,Entity-cluster bootstrap planned for the frozen IID validation population,2000,283001,0,UNSUPPORTED_BY_EVIDENCE,INCONCLUSIVE,"Tracked public evidence contains paired prediction row IDs and aggregate EvaluationResults, but not the validation target truth rows or row-to-entity mapping required for paired residuals and entity-cluster resampling. No data or predictions were regenerated."
deadlift_delta_capacity_kg,RMSE,public-native-temporal-expert:383002,Entity-cluster bootstrap planned for the frozen IID validation population,2000,283001,0,UNSUPPORTED_BY_EVIDENCE,INCONCLUSIVE,"Tracked public evidence contains paired prediction row IDs and aggregate EvaluationResults, but not the validation target truth rows or row-to-entity mapping required for paired residuals and entity-cluster resampling. No data or predictions were regenerated."
deadlift_delta_capacity_kg,RMSE,public-native-temporal-expert:383003,Entity-cluster bootstrap planned for the frozen IID validation population,2000,283001,0,UNSUPPORTED_BY_EVIDENCE,INCONCLUSIVE,"Tracked public evidence contains paired prediction row IDs and aggregate EvaluationResults, but not the validation target truth rows or row-to-entity mapping required for paired residuals and entity-cluster resampling. No data or predictions were regenerated."
deadlift_delta_capacity_kg,RMSE,public-native-temporal-expert:ensemble,Entity-cluster bootstrap planned for the frozen IID validation population,2000,283001,0,UNSUPPORTED_BY_EVIDENCE,INCONCLUSIVE,"Tracked public evidence contains paired prediction row IDs and aggregate EvaluationResults, but not the validation target truth rows or row-to-entity mapping required for paired residuals and entity-cluster resampling. No data or predictions were regenerated."
deadlift_delta_capacity_kg,RMSE,ridge:383001,Entity-cluster bootstrap planned for the frozen IID validation population,2000,283001,0,UNSUPPORTED_BY_EVIDENCE,INCONCLUSIVE,"Tracked public evidence contains paired prediction row IDs and aggregate EvaluationResults, but not the validation target truth rows or row-to-entity mapping required for paired residuals and entity-cluster resampling. No data or predictions were regenerated."
deadlift_delta_capacity_kg,RMSE,ridge:383002,Entity-cluster bootstrap planned for the frozen IID validation population,2000,283001,0,UNSUPPORTED_BY_EVIDENCE,INCONCLUSIVE,"Tracked public evidence contains paired prediction row IDs and aggregate EvaluationResults, but not the validation target truth rows or row-to-entity mapping required for paired residuals and entity-cluster resampling. No data or predictions were regenerated."
deadlift_delta_capacity_kg,RMSE,ridge:383003,Entity-cluster bootstrap planned for the frozen IID validation population,2000,283001,0,UNSUPPORTED_BY_EVIDENCE,INCONCLUSIVE,"Tracked public evidence contains paired prediction row IDs and aggregate EvaluationResults, but not the validation target truth rows or row-to-entity mapping required for paired residuals and entity-cluster resampling. No data or predictions were regenerated."
deadlift_delta_capacity_kg,MAE,compact_neural:383001,Entity-cluster bootstrap planned for the frozen IID validation population,2000,283001,0,UNSUPPORTED_BY_EVIDENCE,INCONCLUSIVE,"Tracked public evidence contains paired prediction row IDs and aggregate EvaluationResults, but not the validation target truth rows or row-to-entity mapping required for paired residuals and entity-cluster resampling. No data or predictions were regenerated."
deadlift_delta_capacity_kg,MAE,compact_neural:383002,Entity-cluster bootstrap planned for the frozen IID validation population,2000,283001,0,UNSUPPORTED_BY_EVIDENCE,INCONCLUSIVE,"Tracked public evidence contains paired prediction row IDs and aggregate EvaluationResults, but not the validation target truth rows or row-to-entity mapping required for paired residuals and entity-cluster resampling. No data or predictions were regenerated."
deadlift_delta_capacity_kg,MAE,compact_neural:383003,Entity-cluster bootstrap planned for the frozen IID validation population,2000,283001,0,UNSUPPORTED_BY_EVIDENCE,INCONCLUSIVE,"Tracked public evidence contains paired prediction row IDs and aggregate EvaluationResults, but not the validation target truth rows or row-to-entity mapping required for paired residuals and entity-cluster resampling. No data or predictions were regenerated."
deadlift_delta_capacity_kg,MAE,context_mean:383001,Entity-cluster bootstrap planned for the frozen IID validation population,2000,283001,0,UNSUPPORTED_BY_EVIDENCE,INCONCLUSIVE,"Tracked public evidence contains paired prediction row IDs and aggregate EvaluationResults, but not the validation target truth rows or row-to-entity mapping required for paired residuals and entity-cluster resampling. No data or predictions were regenerated."
deadlift_delta_capacity_kg,MAE,context_mean:383002,Entity-cluster bootstrap planned for the frozen IID validation population,2000,283001,0,UNSUPPORTED_BY_EVIDENCE,INCONCLUSIVE,"Tracked public evidence contains paired prediction row IDs and aggregate EvaluationResults, but not the validation target truth rows or row-to-entity mapping required for paired residuals and entity-cluster resampling. No data or predictions were regenerated."
deadlift_delta_capacity_kg,MAE,context_mean:383003,Entity-cluster bootstrap planned for the frozen IID validation population,2000,283001,0,UNSUPPORTED_BY_EVIDENCE,INCONCLUSIVE,"Tracked public evidence contains paired prediction row IDs and aggregate EvaluationResults, but not the validation target truth rows or row-to-entity mapping required for paired residuals and entity-cluster resampling. No data or predictions were regenerated."
deadlift_delta_capacity_kg,MAE,histogram_boosted_stumps:383001,Entity-cluster bootstrap planned for the frozen IID validation population,2000,283001,0,UNSUPPORTED_BY_EVIDENCE,INCONCLUSIVE,"Tracked public evidence contains paired prediction row IDs and aggregate EvaluationResults, but not the validation target truth rows or row-to-entity mapping required for paired residuals and entity-cluster resampling. No data or predictions were regenerated."
deadlift_delta_capacity_kg,MAE,histogram_boosted_stumps:383002,Entity-cluster bootstrap planned for the frozen IID validation population,2000,283001,0,UNSUPPORTED_BY_EVIDENCE,INCONCLUSIVE,"Tracked public evidence contains paired prediction row IDs and aggregate EvaluationResults, but not the validation target truth rows or row-to-entity mapping required for paired residuals and entity-cluster resampling. No data or predictions were regenerated."
deadlift_delta_capacity_kg,MAE,histogram_boosted_stumps:383003,Entity-cluster bootstrap planned for the frozen IID validation population,2000,283001,0,UNSUPPORTED_BY_EVIDENCE,INCONCLUSIVE,"Tracked public evidence contains paired prediction row IDs and aggregate EvaluationResults, but not the validation target truth rows or row-to-entity mapping required for paired residuals and entity-cluster resampling. No data or predictions were regenerated."
deadlift_delta_capacity_kg,MAE,mechanistic_midpoint:383001,Entity-cluster bootstrap planned for the frozen IID validation population,2000,283001,0,UNSUPPORTED_BY_EVIDENCE,INCONCLUSIVE,"Tracked public evidence contains paired prediction row IDs and aggregate EvaluationResults, but not the validation target truth rows or row-to-entity mapping required for paired residuals and entity-cluster resampling. No data or predictions were regenerated."
deadlift_delta_capacity_kg,MAE,mechanistic_midpoint:383002,Entity-cluster bootstrap planned for the frozen IID validation population,2000,283001,0,UNSUPPORTED_BY_EVIDENCE,INCONCLUSIVE,"Tracked public evidence contains paired prediction row IDs and aggregate EvaluationResults, but not the validation target truth rows or row-to-entity mapping required for paired residuals and entity-cluster resampling. No data or predictions were regenerated."
deadlift_delta_capacity_kg,MAE,mechanistic_midpoint:383003,Entity-cluster bootstrap planned for the frozen IID validation population,2000,283001,0,UNSUPPORTED_BY_EVIDENCE,INCONCLUSIVE,"Tracked public evidence contains paired prediction row IDs and aggregate EvaluationResults, but not the validation target truth rows or row-to-entity mapping required for paired residuals and entity-cluster resampling. No data or predictions were regenerated."
deadlift_delta_capacity_kg,MAE,mechanistic_ridge_residual:383001,Entity-cluster bootstrap planned for the frozen IID validation population,2000,283001,0,UNSUPPORTED_BY_EVIDENCE,INCONCLUSIVE,"Tracked public evidence contains paired prediction row IDs and aggregate EvaluationResults, but not the validation target truth rows or row-to-entity mapping required for paired residuals and entity-cluster resampling. No data or predictions were regenerated."
deadlift_delta_capacity_kg,MAE,mechanistic_ridge_residual:383002,Entity-cluster bootstrap planned for the frozen IID validation population,2000,283001,0,UNSUPPORTED_BY_EVIDENCE,INCONCLUSIVE,"Tracked public evidence contains paired prediction row IDs and aggregate EvaluationResults, but not the validation target truth rows or row-to-entity mapping required for paired residuals and entity-cluster resampling. No data or predictions were regenerated."
deadlift_delta_capacity_kg,MAE,mechanistic_ridge_residual:383003,Entity-cluster bootstrap planned for the frozen IID validation population,2000,283001,0,UNSUPPORTED_BY_EVIDENCE,INCONCLUSIVE,"Tracked public evidence contains paired prediction row IDs and aggregate EvaluationResults, but not the validation target truth rows or row-to-entity mapping required for paired residuals and entity-cluster resampling. No data or predictions were regenerated."
deadlift_delta_capacity_kg,MAE,public-native-temporal-expert:383001,Entity-cluster bootstrap planned for the frozen IID validation population,2000,283001,0,UNSUPPORTED_BY_EVIDENCE,INCONCLUSIVE,"Tracked public evidence contains paired prediction row IDs and aggregate EvaluationResults, but not the validation target truth rows or row-to-entity mapping required for paired residuals and entity-cluster resampling. No data or predictions were regenerated."
deadlift_delta_capacity_kg,MAE,public-native-temporal-expert:383002,Entity-cluster bootstrap planned for the frozen IID validation population,2000,283001,0,UNSUPPORTED_BY_EVIDENCE,INCONCLUSIVE,"Tracked public evidence contains paired prediction row IDs and aggregate EvaluationResults, but not the validation target truth rows or row-to-entity mapping required for paired residuals and entity-cluster resampling. No data or predictions were regenerated."
deadlift_delta_capacity_kg,MAE,public-native-temporal-expert:383003,Entity-cluster bootstrap planned for the frozen IID validation population,2000,283001,0,UNSUPPORTED_BY_EVIDENCE,INCONCLUSIVE,"Tracked public evidence contains paired prediction row IDs and aggregate EvaluationResults, but not the validation target truth rows or row-to-entity mapping required for paired residuals and entity-cluster resampling. No data or predictions were regenerated."
deadlift_delta_capacity_kg,MAE,public-native-temporal-expert:ensemble,Entity-cluster bootstrap planned for the frozen IID validation population,2000,283001,0,UNSUPPORTED_BY_EVIDENCE,INCONCLUSIVE,"Tracked public evidence contains paired prediction row IDs and aggregate EvaluationResults, but not the validation target truth rows or row-to-entity mapping required for paired residuals and entity-cluster resampling. No data or predictions were regenerated."
deadlift_delta_capacity_kg,MAE,ridge:383001,Entity-cluster bootstrap planned for the frozen IID validation population,2000,283001,0,UNSUPPORTED_BY_EVIDENCE,INCONCLUSIVE,"Tracked public evidence contains paired prediction row IDs and aggregate EvaluationResults, but not the validation target truth rows or row-to-entity mapping required for paired residuals and entity-cluster resampling. No data or predictions were regenerated."
deadlift_delta_capacity_kg,MAE,ridge:383002,Entity-cluster bootstrap planned for the frozen IID validation population,2000,283001,0,UNSUPPORTED_BY_EVIDENCE,INCONCLUSIVE,"Tracked public evidence contains paired prediction row IDs and aggregate EvaluationResults, but not the validation target truth rows or row-to-entity mapping required for paired residuals and entity-cluster resampling. No data or predictions were regenerated."
deadlift_delta_capacity_kg,MAE,ridge:383003,Entity-cluster bootstrap planned for the frozen IID validation population,2000,283001,0,UNSUPPORTED_BY_EVIDENCE,INCONCLUSIVE,"Tracked public evidence contains paired prediction row IDs and aggregate EvaluationResults, but not the validation target truth rows or row-to-entity mapping required for paired residuals and entity-cluster resampling. No data or predictions were regenerated."
deadlift_delta_capacity_kg,R²,compact_neural:383001,Entity-cluster bootstrap planned for the frozen IID validation population,2000,283001,0,UNSUPPORTED_BY_EVIDENCE,INCONCLUSIVE,"Tracked public evidence contains paired prediction row IDs and aggregate EvaluationResults, but not the validation target truth rows or row-to-entity mapping required for paired residuals and entity-cluster resampling. No data or predictions were regenerated."
deadlift_delta_capacity_kg,R²,compact_neural:383002,Entity-cluster bootstrap planned for the frozen IID validation population,2000,283001,0,UNSUPPORTED_BY_EVIDENCE,INCONCLUSIVE,"Tracked public evidence contains paired prediction row IDs and aggregate EvaluationResults, but not the validation target truth rows or row-to-entity mapping required for paired residuals and entity-cluster resampling. No data or predictions were regenerated."
deadlift_delta_capacity_kg,R²,compact_neural:383003,Entity-cluster bootstrap planned for the frozen IID validation population,2000,283001,0,UNSUPPORTED_BY_EVIDENCE,INCONCLUSIVE,"Tracked public evidence contains paired prediction row IDs and aggregate EvaluationResults, but not the validation target truth rows or row-to-entity mapping required for paired residuals and entity-cluster resampling. No data or predictions were regenerated."
deadlift_delta_capacity_kg,R²,context_mean:383001,Entity-cluster bootstrap planned for the frozen IID validation population,2000,283001,0,UNSUPPORTED_BY_EVIDENCE,INCONCLUSIVE,"Tracked public evidence contains paired prediction row IDs and aggregate EvaluationResults, but not the validation target truth rows or row-to-entity mapping required for paired residuals and entity-cluster resampling. No data or predictions were regenerated."
deadlift_delta_capacity_kg,R²,context_mean:383002,Entity-cluster bootstrap planned for the frozen IID validation population,2000,283001,0,UNSUPPORTED_BY_EVIDENCE,INCONCLUSIVE,"Tracked public evidence contains paired prediction row IDs and aggregate EvaluationResults, but not the validation target truth rows or row-to-entity mapping required for paired residuals and entity-cluster resampling. No data or predictions were regenerated."
deadlift_delta_capacity_kg,R²,context_mean:383003,Entity-cluster bootstrap planned for the frozen IID validation population,2000,283001,0,UNSUPPORTED_BY_EVIDENCE,INCONCLUSIVE,"Tracked public evidence contains paired prediction row IDs and aggregate EvaluationResults, but not the validation target truth rows or row-to-entity mapping required for paired residuals and entity-cluster resampling. No data or predictions were regenerated."
deadlift_delta_capacity_kg,R²,histogram_boosted_stumps:383001,Entity-cluster bootstrap planned for the frozen IID validation population,2000,283001,0,UNSUPPORTED_BY_EVIDENCE,INCONCLUSIVE,"Tracked public evidence contains paired prediction row IDs and aggregate EvaluationResults, but not the validation target truth rows or row-to-entity mapping required for paired residuals and entity-cluster resampling. No data or predictions were regenerated."
deadlift_delta_capacity_kg,R²,histogram_boosted_stumps:383002,Entity-cluster bootstrap planned for the frozen IID validation population,2000,283001,0,UNSUPPORTED_BY_EVIDENCE,INCONCLUSIVE,"Tracked public evidence contains paired prediction row IDs and aggregate EvaluationResults, but not the validation target truth rows or row-to-entity mapping required for paired residuals and entity-cluster resampling. No data or predictions were regenerated."
deadlift_delta_capacity_kg,R²,histogram_boosted_stumps:383003,Entity-cluster bootstrap planned for the frozen IID validation population,2000,283001,0,UNSUPPORTED_BY_EVIDENCE,INCONCLUSIVE,"Tracked public evidence contains paired prediction row IDs and aggregate EvaluationResults, but not the validation target truth rows or row-to-entity mapping required for paired residuals and entity-cluster resampling. No data or predictions were regenerated."
deadlift_delta_capacity_kg,R²,mechanistic_midpoint:383001,Entity-cluster bootstrap planned for the frozen IID validation population,2000,283001,0,UNSUPPORTED_BY_EVIDENCE,INCONCLUSIVE,"Tracked public evidence contains paired prediction row IDs and aggregate EvaluationResults, but not the validation target truth rows or row-to-entity mapping required for paired residuals and entity-cluster resampling. No data or predictions were regenerated."
deadlift_delta_capacity_kg,R²,mechanistic_midpoint:383002,Entity-cluster bootstrap planned for the frozen IID validation population,2000,283001,0,UNSUPPORTED_BY_EVIDENCE,INCONCLUSIVE,"Tracked public evidence contains paired prediction row IDs and aggregate EvaluationResults, but not the validation target truth rows or row-to-entity mapping required for paired residuals and entity-cluster resampling. No data or predictions were regenerated."
deadlift_delta_capacity_kg,R²,mechanistic_midpoint:383003,Entity-cluster bootstrap planned for the frozen IID validation population,2000,283001,0,UNSUPPORTED_BY_EVIDENCE,INCONCLUSIVE,"Tracked public evidence contains paired prediction row IDs and aggregate EvaluationResults, but not the validation target truth rows or row-to-entity mapping required for paired residuals and entity-cluster resampling. No data or predictions were regenerated."
deadlift_delta_capacity_kg,R²,mechanistic_ridge_residual:383001,Entity-cluster bootstrap planned for the frozen IID validation population,2000,283001,0,UNSUPPORTED_BY_EVIDENCE,INCONCLUSIVE,"Tracked public evidence contains paired prediction row IDs and aggregate EvaluationResults, but not the validation target truth rows or row-to-entity mapping required for paired residuals and entity-cluster resampling. No data or predictions were regenerated."
deadlift_delta_capacity_kg,R²,mechanistic_ridge_residual:383002,Entity-cluster bootstrap planned for the frozen IID validation population,2000,283001,0,UNSUPPORTED_BY_EVIDENCE,INCONCLUSIVE,"Tracked public evidence contains paired prediction row IDs and aggregate EvaluationResults, but not the validation target truth rows or row-to-entity mapping required for paired residuals and entity-cluster resampling. No data or predictions were regenerated."
deadlift_delta_capacity_kg,R²,mechanistic_ridge_residual:383003,Entity-cluster bootstrap planned for the frozen IID validation population,2000,283001,0,UNSUPPORTED_BY_EVIDENCE,INCONCLUSIVE,"Tracked public evidence contains paired prediction row IDs and aggregate EvaluationResults, but not the validation target truth rows or row-to-entity mapping required for paired residuals and entity-cluster resampling. No data or predictions were regenerated."
deadlift_delta_capacity_kg,R²,public-native-temporal-expert:383001,Entity-cluster bootstrap planned for the frozen IID validation population,2000,283001,0,UNSUPPORTED_BY_EVIDENCE,INCONCLUSIVE,"Tracked public evidence contains paired prediction row IDs and aggregate EvaluationResults, but not the validation target truth rows or row-to-entity mapping required for paired residuals and entity-cluster resampling. No data or predictions were regenerated."
deadlift_delta_capacity_kg,R²,public-native-temporal-expert:383002,Entity-cluster bootstrap planned for the frozen IID validation population,2000,283001,0,UNSUPPORTED_BY_EVIDENCE,INCONCLUSIVE,"Tracked public evidence contains paired prediction row IDs and aggregate EvaluationResults, but not the validation target truth rows or row-to-entity mapping required for paired residuals and entity-cluster resampling. No data or predictions were regenerated."
deadlift_delta_capacity_kg,R²,public-native-temporal-expert:383003,Entity-cluster bootstrap planned for the frozen IID validation population,2000,283001,0,UNSUPPORTED_BY_EVIDENCE,INCONCLUSIVE,"Tracked public evidence contains paired prediction row IDs and aggregate EvaluationResults, but not the validation target truth rows or row-to-entity mapping required for paired residuals and entity-cluster resampling. No data or predictions were regenerated."
deadlift_delta_capacity_kg,R²,public-native-temporal-expert:ensemble,Entity-cluster bootstrap planned for the frozen IID validation population,2000,283001,0,UNSUPPORTED_BY_EVIDENCE,INCONCLUSIVE,"Tracked public evidence contains paired prediction row IDs and aggregate EvaluationResults, but not the validation target truth rows or row-to-entity mapping required for paired residuals and entity-cluster resampling. No data or predictions were regenerated."
deadlift_delta_capacity_kg,R²,ridge:383001,Entity-cluster bootstrap planned for the frozen IID validation population,2000,283001,0,UNSUPPORTED_BY_EVIDENCE,INCONCLUSIVE,"Tracked public evidence contains paired prediction row IDs and aggregate EvaluationResults, but not the validation target truth rows or row-to-entity mapping required for paired residuals and entity-cluster resampling. No data or predictions were regenerated."
deadlift_delta_capacity_kg,R²,ridge:383002,Entity-cluster bootstrap planned for the frozen IID validation population,2000,283001,0,UNSUPPORTED_BY_EVIDENCE,INCONCLUSIVE,"Tracked public evidence contains paired prediction row IDs and aggregate EvaluationResults, but not the validation target truth rows or row-to-entity mapping required for paired residuals and entity-cluster resampling. No data or predictions were regenerated."
deadlift_delta_capacity_kg,R²,ridge:383003,Entity-cluster bootstrap planned for the frozen IID validation population,2000,283001,0,UNSUPPORTED_BY_EVIDENCE,INCONCLUSIVE,"Tracked public evidence contains paired prediction row IDs and aggregate EvaluationResults, but not the validation target truth rows or row-to-entity mapping required for paired residuals and entity-cluster resampling. No data or predictions were regenerated."
deadlift_delta_capacity_kg,SRE(ddof=0),compact_neural:383001,Entity-cluster bootstrap planned for the frozen IID validation population,2000,283001,0,UNSUPPORTED_BY_EVIDENCE,INCONCLUSIVE,"Tracked public evidence contains paired prediction row IDs and aggregate EvaluationResults, but not the validation target truth rows or row-to-entity mapping required for paired residuals and entity-cluster resampling. No data or predictions were regenerated."
deadlift_delta_capacity_kg,SRE(ddof=0),compact_neural:383002,Entity-cluster bootstrap planned for the frozen IID validation population,2000,283001,0,UNSUPPORTED_BY_EVIDENCE,INCONCLUSIVE,"Tracked public evidence contains paired prediction row IDs and aggregate EvaluationResults, but not the validation target truth rows or row-to-entity mapping required for paired residuals and entity-cluster resampling. No data or predictions were regenerated."
deadlift_delta_capacity_kg,SRE(ddof=0),compact_neural:383003,Entity-cluster bootstrap planned for the frozen IID validation population,2000,283001,0,UNSUPPORTED_BY_EVIDENCE,INCONCLUSIVE,"Tracked public evidence contains paired prediction row IDs and aggregate EvaluationResults, but not the validation target truth rows or row-to-entity mapping required for paired residuals and entity-cluster resampling. No data or predictions were regenerated."
deadlift_delta_capacity_kg,SRE(ddof=0),context_mean:383001,Entity-cluster bootstrap planned for the frozen IID validation population,2000,283001,0,UNSUPPORTED_BY_EVIDENCE,INCONCLUSIVE,"Tracked public evidence contains paired prediction row IDs and aggregate EvaluationResults, but not the validation target truth rows or row-to-entity mapping required for paired residuals and entity-cluster resampling. No data or predictions were regenerated."
deadlift_delta_capacity_kg,SRE(ddof=0),context_mean:383002,Entity-cluster bootstrap planned for the frozen IID validation population,2000,283001,0,UNSUPPORTED_BY_EVIDENCE,INCONCLUSIVE,"Tracked public evidence contains paired prediction row IDs and aggregate EvaluationResults, but not the validation target truth rows or row-to-entity mapping required for paired residuals and entity-cluster resampling. No data or predictions were regenerated."
deadlift_delta_capacity_kg,SRE(ddof=0),context_mean:383003,Entity-cluster bootstrap planned for the frozen IID validation population,2000,283001,0,UNSUPPORTED_BY_EVIDENCE,INCONCLUSIVE,"Tracked public evidence contains paired prediction row IDs and aggregate EvaluationResults, but not the validation target truth rows or row-to-entity mapping required for paired residuals and entity-cluster resampling. No data or predictions were regenerated."
deadlift_delta_capacity_kg,SRE(ddof=0),histogram_boosted_stumps:383001,Entity-cluster bootstrap planned for the frozen IID validation population,2000,283001,0,UNSUPPORTED_BY_EVIDENCE,INCONCLUSIVE,"Tracked public evidence contains paired prediction row IDs and aggregate EvaluationResults, but not the validation target truth rows or row-to-entity mapping required for paired residuals and entity-cluster resampling. No data or predictions were regenerated."
deadlift_delta_capacity_kg,SRE(ddof=0),histogram_boosted_stumps:383002,Entity-cluster bootstrap planned for the frozen IID validation population,2000,283001,0,UNSUPPORTED_BY_EVIDENCE,INCONCLUSIVE,"Tracked public evidence contains paired prediction row IDs and aggregate EvaluationResults, but not the validation target truth rows or row-to-entity mapping required for paired residuals and entity-cluster resampling. No data or predictions were regenerated."
deadlift_delta_capacity_kg,SRE(ddof=0),histogram_boosted_stumps:383003,Entity-cluster bootstrap planned for the frozen IID validation population,2000,283001,0,UNSUPPORTED_BY_EVIDENCE,INCONCLUSIVE,"Tracked public evidence contains paired prediction row IDs and aggregate EvaluationResults, but not the validation target truth rows or row-to-entity mapping required for paired residuals and entity-cluster resampling. No data or predictions were regenerated."
deadlift_delta_capacity_kg,SRE(ddof=0),mechanistic_midpoint:383001,Entity-cluster bootstrap planned for the frozen IID validation population,2000,283001,0,UNSUPPORTED_BY_EVIDENCE,INCONCLUSIVE,"Tracked public evidence contains paired prediction row IDs and aggregate EvaluationResults, but not the validation target truth rows or row-to-entity mapping required for paired residuals and entity-cluster resampling. No data or predictions were regenerated."
deadlift_delta_capacity_kg,SRE(ddof=0),mechanistic_midpoint:383002,Entity-cluster bootstrap planned for the frozen IID validation population,2000,283001,0,UNSUPPORTED_BY_EVIDENCE,INCONCLUSIVE,"Tracked public evidence contains paired prediction row IDs and aggregate EvaluationResults, but not the validation target truth rows or row-to-entity mapping required for paired residuals and entity-cluster resampling. No data or predictions were regenerated."
deadlift_delta_capacity_kg,SRE(ddof=0),mechanistic_midpoint:383003,Entity-cluster bootstrap planned for the frozen IID validation population,2000,283001,0,UNSUPPORTED_BY_EVIDENCE,INCONCLUSIVE,"Tracked public evidence contains paired prediction row IDs and aggregate EvaluationResults, but not the validation target truth rows or row-to-entity mapping required for paired residuals and entity-cluster resampling. No data or predictions were regenerated."
deadlift_delta_capacity_kg,SRE(ddof=0),mechanistic_ridge_residual:383001,Entity-cluster bootstrap planned for the frozen IID validation population,2000,283001,0,UNSUPPORTED_BY_EVIDENCE,INCONCLUSIVE,"Tracked public evidence contains paired prediction row IDs and aggregate EvaluationResults, but not the validation target truth rows or row-to-entity mapping required for paired residuals and entity-cluster resampling. No data or predictions were regenerated."
deadlift_delta_capacity_kg,SRE(ddof=0),mechanistic_ridge_residual:383002,Entity-cluster bootstrap planned for the frozen IID validation population,2000,283001,0,UNSUPPORTED_BY_EVIDENCE,INCONCLUSIVE,"Tracked public evidence contains paired prediction row IDs and aggregate EvaluationResults, but not the validation target truth rows or row-to-entity mapping required for paired residuals and entity-cluster resampling. No data or predictions were regenerated."
deadlift_delta_capacity_kg,SRE(ddof=0),mechanistic_ridge_residual:383003,Entity-cluster bootstrap planned for the frozen IID validation population,2000,283001,0,UNSUPPORTED_BY_EVIDENCE,INCONCLUSIVE,"Tracked public evidence contains paired prediction row IDs and aggregate EvaluationResults, but not the validation target truth rows or row-to-entity mapping required for paired residuals and entity-cluster resampling. No data or predictions were regenerated."
deadlift_delta_capacity_kg,SRE(ddof=0),public-native-temporal-expert:383001,Entity-cluster bootstrap planned for the frozen IID validation population,2000,283001,0,UNSUPPORTED_BY_EVIDENCE,INCONCLUSIVE,"Tracked public evidence contains paired prediction row IDs and aggregate EvaluationResults, but not the validation target truth rows or row-to-entity mapping required for paired residuals and entity-cluster resampling. No data or predictions were regenerated."
deadlift_delta_capacity_kg,SRE(ddof=0),public-native-temporal-expert:383002,Entity-cluster bootstrap planned for the frozen IID validation population,2000,283001,0,UNSUPPORTED_BY_EVIDENCE,INCONCLUSIVE,"Tracked public evidence contains paired prediction row IDs and aggregate EvaluationResults, but not the validation target truth rows or row-to-entity mapping required for paired residuals and entity-cluster resampling. No data or predictions were regenerated."
deadlift_delta_capacity_kg,SRE(ddof=0),public-native-temporal-expert:383003,Entity-cluster bootstrap planned for the frozen IID validation population,2000,283001,0,UNSUPPORTED_BY_EVIDENCE,INCONCLUSIVE,"Tracked public evidence contains paired prediction row IDs and aggregate EvaluationResults, but not the validation target truth rows or row-to-entity mapping required for paired residuals and entity-cluster resampling. No data or predictions were regenerated."
deadlift_delta_capacity_kg,SRE(ddof=0),public-native-temporal-expert:ensemble,Entity-cluster bootstrap planned for the frozen IID validation population,2000,283001,0,UNSUPPORTED_BY_EVIDENCE,INCONCLUSIVE,"Tracked public evidence contains paired prediction row IDs and aggregate EvaluationResults, but not the validation target truth rows or row-to-entity mapping required for paired residuals and entity-cluster resampling. No data or predictions were regenerated."
deadlift_delta_capacity_kg,SRE(ddof=0),ridge:383001,Entity-cluster bootstrap planned for the frozen IID validation population,2000,283001,0,UNSUPPORTED_BY_EVIDENCE,INCONCLUSIVE,"Tracked public evidence contains paired prediction row IDs and aggregate EvaluationResults, but not the validation target truth rows or row-to-entity mapping required for paired residuals and entity-cluster resampling. No data or predictions were regenerated."
deadlift_delta_capacity_kg,SRE(ddof=0),ridge:383002,Entity-cluster bootstrap planned for the frozen IID validation population,2000,283001,0,UNSUPPORTED_BY_EVIDENCE,INCONCLUSIVE,"Tracked public evidence contains paired prediction row IDs and aggregate EvaluationResults, but not the validation target truth rows or row-to-entity mapping required for paired residuals and entity-cluster resampling. No data or predictions were regenerated."
deadlift_delta_capacity_kg,SRE(ddof=0),ridge:383003,Entity-cluster bootstrap planned for the frozen IID validation population,2000,283001,0,UNSUPPORTED_BY_EVIDENCE,INCONCLUSIVE,"Tracked public evidence contains paired prediction row IDs and aggregate EvaluationResults, but not the validation target truth rows or row-to-entity mapping required for paired residuals and entity-cluster resampling. No data or predictions were regenerated."
