benchmark_version,benchmark_id,task_type,task_identity,qoi_identity,qoi_reference,target_ontology,world_identity,world_summary_dgp,data_generating_process,population_identity,population_resolution,intervention_regime_identity,intervention_regime_resolution,observation_model_identity,representation_identity,dataset_spec_identity,dataset_spec_resolution,dataset_realization_identity,dataset_realization_digest,participant_visible_information,evaluation_identity,metric_identity_ids,metric_direction,model_family,model_family_evidence_status,model_id,fitted_instance_ids,prediction_artifact_identities,evaluation_result_ids,fit_seed_labels,seed_role_summary,dataset_split_design,model_selection_split,ensemble_present,candidate_count,row_level_matched_evidence,rights_access_constraints,native_ranking_status
class_normalized_cross_lift_five_target_performance_forecasting@1.0.0,UNRESOLVED,MULTI_OUTPUT_SEASONAL_PERFORMANCE_FORECAST,psr:task:five-seasonal-powerlifting-outputs@1.0.0~cc696be87ed4,psr:qoi:legacy-five-target-set@1.0.0~d0a410b2edfc,seasonal_five_target_performance_outputs,MULTI_OUTPUT_OTHER,psr:world:refined-class-normalized-seasonal-cross-lift-world@1.0.0~c7dcec83d1f8,The historical specimen's specific latent-state transition law is not characterized.,Historical world description is registry-backed; exact executable DGP and generated rows unavailable.,UNRESOLVED_BY_EVIDENCE,UNRESOLVED_DIRECT_ID,UNRESOLVED_BY_EVIDENCE,UNRESOLVED_DIRECT_ID,psr:observation-model:refined-field-velocity-and-lpt@1.0.0~141fae096dc7,psr:representation:refined-legacy-tables@1.0.0~94f112f44552,psr:dataset-spec:pl-legacy-capacity-refined-sampling-design@1.0.0~66448b8642d5,DIRECT_HISTORICAL_IDENTITY,UNSUPPORTED_BY_EVIDENCE,,Declared input family class_normalized_table_inputs; exact historical information boundary unavailable.,psr:evaluation:refined-prediction-physical-consistency-blend@1.0.0~dceb437baad4,UNSUPPORTED_BY_EVIDENCE,Native metric directions and structured EvaluationResults unavailable,public-native-temporal-expert,UNSUPPORTED_BY_EVIDENCE,UNSUPPORTED_BY_EVIDENCE,[],[],[],,Historical fit/data/split seed values and seed types are not publicly available.,Historical train/selection/evaluation split identities and seeds are not publicly available.,Historical internal model-selection split identity and grain are not publicly available.,False,0,"UNSUPPORTED_BY_EVIDENCE: no public historical rows, splits, fitted models, or predictions",Historical raw rows/checkpoints/outputs are not publicly redistributed; access and row-level rights evidence unavailable,UNSUPPORTED_BY_EVIDENCE
class_normalized_cross_lift_five_target_performance_forecasting@1.0.0,UNRESOLVED,MULTI_OUTPUT_SEASONAL_PERFORMANCE_FORECAST,psr:task:five-seasonal-powerlifting-outputs@1.0.0~cc696be87ed4,psr:qoi:legacy-five-target-set@1.0.0~d0a410b2edfc,seasonal_five_target_performance_outputs,MULTI_OUTPUT_OTHER,psr:world:refined-class-normalized-seasonal-cross-lift-world@1.0.0~c7dcec83d1f8,The historical specimen's specific latent-state transition law is not characterized.,Historical world description is registry-backed; exact executable DGP and generated rows unavailable.,UNRESOLVED_BY_EVIDENCE,UNRESOLVED_DIRECT_ID,UNRESOLVED_BY_EVIDENCE,UNRESOLVED_DIRECT_ID,psr:observation-model:refined-field-velocity-and-lpt@1.0.0~141fae096dc7,psr:representation:refined-legacy-tables@1.0.0~94f112f44552,psr:dataset-spec:pl-legacy-capacity-refined-sampling-design@1.0.0~66448b8642d5,DIRECT_HISTORICAL_IDENTITY,UNSUPPORTED_BY_EVIDENCE,,Declared input family class_normalized_table_inputs; exact historical information boundary unavailable.,psr:evaluation:refined-prediction-physical-consistency-blend@1.0.0~dceb437baad4,UNSUPPORTED_BY_EVIDENCE,Native metric directions and structured EvaluationResults unavailable,compact_neural,UNSUPPORTED_BY_EVIDENCE,UNSUPPORTED_BY_EVIDENCE,[],[],[],,Historical fit/data/split seed values and seed types are not publicly available.,Historical train/selection/evaluation split identities and seeds are not publicly available.,Historical internal model-selection split identity and grain are not publicly available.,False,0,"UNSUPPORTED_BY_EVIDENCE: no public historical rows, splits, fitted models, or predictions",Historical raw rows/checkpoints/outputs are not publicly redistributed; access and row-level rights evidence unavailable,UNSUPPORTED_BY_EVIDENCE
class_normalized_cross_lift_five_target_performance_forecasting@1.0.0,UNRESOLVED,MULTI_OUTPUT_SEASONAL_PERFORMANCE_FORECAST,psr:task:five-seasonal-powerlifting-outputs@1.0.0~cc696be87ed4,psr:qoi:legacy-five-target-set@1.0.0~d0a410b2edfc,seasonal_five_target_performance_outputs,MULTI_OUTPUT_OTHER,psr:world:refined-class-normalized-seasonal-cross-lift-world@1.0.0~c7dcec83d1f8,The historical specimen's specific latent-state transition law is not characterized.,Historical world description is registry-backed; exact executable DGP and generated rows unavailable.,UNRESOLVED_BY_EVIDENCE,UNRESOLVED_DIRECT_ID,UNRESOLVED_BY_EVIDENCE,UNRESOLVED_DIRECT_ID,psr:observation-model:refined-field-velocity-and-lpt@1.0.0~141fae096dc7,psr:representation:refined-legacy-tables@1.0.0~94f112f44552,psr:dataset-spec:pl-legacy-capacity-refined-sampling-design@1.0.0~66448b8642d5,DIRECT_HISTORICAL_IDENTITY,UNSUPPORTED_BY_EVIDENCE,,Declared input family class_normalized_table_inputs; exact historical information boundary unavailable.,psr:evaluation:refined-prediction-physical-consistency-blend@1.0.0~dceb437baad4,UNSUPPORTED_BY_EVIDENCE,Native metric directions and structured EvaluationResults unavailable,mechanistic_midpoint,UNSUPPORTED_BY_EVIDENCE,UNSUPPORTED_BY_EVIDENCE,[],[],[],,Historical fit/data/split seed values and seed types are not publicly available.,Historical train/selection/evaluation split identities and seeds are not publicly available.,Historical internal model-selection split identity and grain are not publicly available.,False,0,"UNSUPPORTED_BY_EVIDENCE: no public historical rows, splits, fitted models, or predictions",Historical raw rows/checkpoints/outputs are not publicly redistributed; access and row-level rights evidence unavailable,UNSUPPORTED_BY_EVIDENCE
class_normalized_cross_lift_five_target_performance_forecasting@1.0.0,UNRESOLVED,MULTI_OUTPUT_SEASONAL_PERFORMANCE_FORECAST,psr:task:five-seasonal-powerlifting-outputs@1.0.0~cc696be87ed4,psr:qoi:legacy-five-target-set@1.0.0~d0a410b2edfc,seasonal_five_target_performance_outputs,MULTI_OUTPUT_OTHER,psr:world:refined-class-normalized-seasonal-cross-lift-world@1.0.0~c7dcec83d1f8,The historical specimen's specific latent-state transition law is not characterized.,Historical world description is registry-backed; exact executable DGP and generated rows unavailable.,UNRESOLVED_BY_EVIDENCE,UNRESOLVED_DIRECT_ID,UNRESOLVED_BY_EVIDENCE,UNRESOLVED_DIRECT_ID,psr:observation-model:refined-field-velocity-and-lpt@1.0.0~141fae096dc7,psr:representation:refined-legacy-tables@1.0.0~94f112f44552,psr:dataset-spec:pl-legacy-capacity-refined-sampling-design@1.0.0~66448b8642d5,DIRECT_HISTORICAL_IDENTITY,UNSUPPORTED_BY_EVIDENCE,,Declared input family class_normalized_table_inputs; exact historical information boundary unavailable.,psr:evaluation:refined-prediction-physical-consistency-blend@1.0.0~dceb437baad4,UNSUPPORTED_BY_EVIDENCE,Native metric directions and structured EvaluationResults unavailable,mechanistic_ridge_residual,UNSUPPORTED_BY_EVIDENCE,UNSUPPORTED_BY_EVIDENCE,[],[],[],,Historical fit/data/split seed values and seed types are not publicly available.,Historical train/selection/evaluation split identities and seeds are not publicly available.,Historical internal model-selection split identity and grain are not publicly available.,False,0,"UNSUPPORTED_BY_EVIDENCE: no public historical rows, splits, fitted models, or predictions",Historical raw rows/checkpoints/outputs are not publicly redistributed; access and row-level rights evidence unavailable,UNSUPPORTED_BY_EVIDENCE
class_normalized_cross_lift_five_target_performance_forecasting@1.0.0,UNRESOLVED,MULTI_OUTPUT_SEASONAL_PERFORMANCE_FORECAST,psr:task:five-seasonal-powerlifting-outputs@1.0.0~cc696be87ed4,psr:qoi:legacy-five-target-set@1.0.0~d0a410b2edfc,seasonal_five_target_performance_outputs,MULTI_OUTPUT_OTHER,psr:world:refined-class-normalized-seasonal-cross-lift-world@1.0.0~c7dcec83d1f8,The historical specimen's specific latent-state transition law is not characterized.,Historical world description is registry-backed; exact executable DGP and generated rows unavailable.,UNRESOLVED_BY_EVIDENCE,UNRESOLVED_DIRECT_ID,UNRESOLVED_BY_EVIDENCE,UNRESOLVED_DIRECT_ID,psr:observation-model:refined-field-velocity-and-lpt@1.0.0~141fae096dc7,psr:representation:refined-legacy-tables@1.0.0~94f112f44552,psr:dataset-spec:pl-legacy-capacity-refined-sampling-design@1.0.0~66448b8642d5,DIRECT_HISTORICAL_IDENTITY,UNSUPPORTED_BY_EVIDENCE,,Declared input family class_normalized_table_inputs; exact historical information boundary unavailable.,psr:evaluation:refined-prediction-physical-consistency-blend@1.0.0~dceb437baad4,UNSUPPORTED_BY_EVIDENCE,Native metric directions and structured EvaluationResults unavailable,context_mean,UNSUPPORTED_BY_EVIDENCE,UNSUPPORTED_BY_EVIDENCE,[],[],[],,Historical fit/data/split seed values and seed types are not publicly available.,Historical train/selection/evaluation split identities and seeds are not publicly available.,Historical internal model-selection split identity and grain are not publicly available.,False,0,"UNSUPPORTED_BY_EVIDENCE: no public historical rows, splits, fitted models, or predictions",Historical raw rows/checkpoints/outputs are not publicly redistributed; access and row-level rights evidence unavailable,UNSUPPORTED_BY_EVIDENCE
class_normalized_cross_lift_five_target_performance_forecasting@1.0.0,UNRESOLVED,MULTI_OUTPUT_SEASONAL_PERFORMANCE_FORECAST,psr:task:five-seasonal-powerlifting-outputs@1.0.0~cc696be87ed4,psr:qoi:legacy-five-target-set@1.0.0~d0a410b2edfc,seasonal_five_target_performance_outputs,MULTI_OUTPUT_OTHER,psr:world:refined-class-normalized-seasonal-cross-lift-world@1.0.0~c7dcec83d1f8,The historical specimen's specific latent-state transition law is not characterized.,Historical world description is registry-backed; exact executable DGP and generated rows unavailable.,UNRESOLVED_BY_EVIDENCE,UNRESOLVED_DIRECT_ID,UNRESOLVED_BY_EVIDENCE,UNRESOLVED_DIRECT_ID,psr:observation-model:refined-field-velocity-and-lpt@1.0.0~141fae096dc7,psr:representation:refined-legacy-tables@1.0.0~94f112f44552,psr:dataset-spec:pl-legacy-capacity-refined-sampling-design@1.0.0~66448b8642d5,DIRECT_HISTORICAL_IDENTITY,UNSUPPORTED_BY_EVIDENCE,,Declared input family class_normalized_table_inputs; exact historical information boundary unavailable.,psr:evaluation:refined-prediction-physical-consistency-blend@1.0.0~dceb437baad4,UNSUPPORTED_BY_EVIDENCE,Native metric directions and structured EvaluationResults unavailable,ridge,UNSUPPORTED_BY_EVIDENCE,UNSUPPORTED_BY_EVIDENCE,[],[],[],,Historical fit/data/split seed values and seed types are not publicly available.,Historical train/selection/evaluation split identities and seeds are not publicly available.,Historical internal model-selection split identity and grain are not publicly available.,False,0,"UNSUPPORTED_BY_EVIDENCE: no public historical rows, splits, fitted models, or predictions",Historical raw rows/checkpoints/outputs are not publicly redistributed; access and row-level rights evidence unavailable,UNSUPPORTED_BY_EVIDENCE
class_normalized_cross_lift_five_target_performance_forecasting@1.0.0,UNRESOLVED,MULTI_OUTPUT_SEASONAL_PERFORMANCE_FORECAST,psr:task:five-seasonal-powerlifting-outputs@1.0.0~cc696be87ed4,psr:qoi:legacy-five-target-set@1.0.0~d0a410b2edfc,seasonal_five_target_performance_outputs,MULTI_OUTPUT_OTHER,psr:world:refined-class-normalized-seasonal-cross-lift-world@1.0.0~c7dcec83d1f8,The historical specimen's specific latent-state transition law is not characterized.,Historical world description is registry-backed; exact executable DGP and generated rows unavailable.,UNRESOLVED_BY_EVIDENCE,UNRESOLVED_DIRECT_ID,UNRESOLVED_BY_EVIDENCE,UNRESOLVED_DIRECT_ID,psr:observation-model:refined-field-velocity-and-lpt@1.0.0~141fae096dc7,psr:representation:refined-legacy-tables@1.0.0~94f112f44552,psr:dataset-spec:pl-legacy-capacity-refined-sampling-design@1.0.0~66448b8642d5,DIRECT_HISTORICAL_IDENTITY,UNSUPPORTED_BY_EVIDENCE,,Declared input family class_normalized_table_inputs; exact historical information boundary unavailable.,psr:evaluation:refined-prediction-physical-consistency-blend@1.0.0~dceb437baad4,UNSUPPORTED_BY_EVIDENCE,Native metric directions and structured EvaluationResults unavailable,histogram_boosted_stumps,UNSUPPORTED_BY_EVIDENCE,UNSUPPORTED_BY_EVIDENCE,[],[],[],,Historical fit/data/split seed values and seed types are not publicly available.,Historical train/selection/evaluation split identities and seeds are not publicly available.,Historical internal model-selection split identity and grain are not publicly available.,False,0,"UNSUPPORTED_BY_EVIDENCE: no public historical rows, splits, fitted models, or predictions",Historical raw rows/checkpoints/outputs are not publicly redistributed; access and row-level rights evidence unavailable,UNSUPPORTED_BY_EVIDENCE
four_target_load_velocity_and_competition_performance_forecasting@1.0.0,UNRESOLVED,FOUR_TARGET_25_DAY_PERFORMANCE_FORECAST,psr:task:four-25-day-athlete-state-outputs@1.0.0~9a575a70b41e,psr:qoi:four-target-p1-p2-p4-p5@1.0.0~1ded2f48e4a3,four_load_velocity_and_competition_performance_targets,MULTI_OUTPUT_OTHER,psr:world:c21-athlete-state-stable-slope-tilt-world@1.0.0~8956f2327a14,Longitudinal synthetic athlete-state trajectories; the specific transition law is not characterized.,Historical world description is registry-backed; exact executable DGP and generated rows unavailable.,UNRESOLVED_BY_EVIDENCE,UNRESOLVED_DIRECT_ID,UNRESOLVED_BY_EVIDENCE,UNRESOLVED_DIRECT_ID,psr:observation-model:c21-field-velocity-rpe-rir-readiness@1.0.0~bab5eaa0e137,psr:representation:c21-c22-temporal-interface@1.0.0~ee6b1d7aace1,psr:dataset-spec:pl-c21-stable-slope-tilt-sampling-design@1.0.0~30f3942a0a2b,DIRECT_HISTORICAL_IDENTITY,UNSUPPORTED_BY_EVIDENCE,,Declared input family four_target_temporal_inputs; exact historical information boundary unavailable.,psr:evaluation:c21-c22-four-target-release-contract@1.0.0~a17c43781876,UNSUPPORTED_BY_EVIDENCE,Native metric directions and structured EvaluationResults unavailable,public-native-temporal-expert,UNSUPPORTED_BY_EVIDENCE,UNSUPPORTED_BY_EVIDENCE,[],[],[],,Historical fit/data/split seed values and seed types are not publicly available.,Historical train/selection/evaluation split identities and seeds are not publicly available.,Historical internal model-selection split identity and grain are not publicly available.,False,0,"UNSUPPORTED_BY_EVIDENCE: no public historical rows, splits, fitted models, or predictions",Historical raw rows/checkpoints/outputs are not publicly redistributed; access and row-level rights evidence unavailable,UNSUPPORTED_BY_EVIDENCE
four_target_load_velocity_and_competition_performance_forecasting@1.0.0,UNRESOLVED,FOUR_TARGET_25_DAY_PERFORMANCE_FORECAST,psr:task:four-25-day-athlete-state-outputs@1.0.0~9a575a70b41e,psr:qoi:four-target-p1-p2-p4-p5@1.0.0~1ded2f48e4a3,four_load_velocity_and_competition_performance_targets,MULTI_OUTPUT_OTHER,psr:world:c21-athlete-state-stable-slope-tilt-world@1.0.0~8956f2327a14,Longitudinal synthetic athlete-state trajectories; the specific transition law is not characterized.,Historical world description is registry-backed; exact executable DGP and generated rows unavailable.,UNRESOLVED_BY_EVIDENCE,UNRESOLVED_DIRECT_ID,UNRESOLVED_BY_EVIDENCE,UNRESOLVED_DIRECT_ID,psr:observation-model:c21-field-velocity-rpe-rir-readiness@1.0.0~bab5eaa0e137,psr:representation:c21-c22-temporal-interface@1.0.0~ee6b1d7aace1,psr:dataset-spec:pl-c21-stable-slope-tilt-sampling-design@1.0.0~30f3942a0a2b,DIRECT_HISTORICAL_IDENTITY,UNSUPPORTED_BY_EVIDENCE,,Declared input family four_target_temporal_inputs; exact historical information boundary unavailable.,psr:evaluation:c21-c22-four-target-release-contract@1.0.0~a17c43781876,UNSUPPORTED_BY_EVIDENCE,Native metric directions and structured EvaluationResults unavailable,compact_neural,UNSUPPORTED_BY_EVIDENCE,UNSUPPORTED_BY_EVIDENCE,[],[],[],,Historical fit/data/split seed values and seed types are not publicly available.,Historical train/selection/evaluation split identities and seeds are not publicly available.,Historical internal model-selection split identity and grain are not publicly available.,False,0,"UNSUPPORTED_BY_EVIDENCE: no public historical rows, splits, fitted models, or predictions",Historical raw rows/checkpoints/outputs are not publicly redistributed; access and row-level rights evidence unavailable,UNSUPPORTED_BY_EVIDENCE
four_target_load_velocity_and_competition_performance_forecasting@1.0.0,UNRESOLVED,FOUR_TARGET_25_DAY_PERFORMANCE_FORECAST,psr:task:four-25-day-athlete-state-outputs@1.0.0~9a575a70b41e,psr:qoi:four-target-p1-p2-p4-p5@1.0.0~1ded2f48e4a3,four_load_velocity_and_competition_performance_targets,MULTI_OUTPUT_OTHER,psr:world:c21-athlete-state-stable-slope-tilt-world@1.0.0~8956f2327a14,Longitudinal synthetic athlete-state trajectories; the specific transition law is not characterized.,Historical world description is registry-backed; exact executable DGP and generated rows unavailable.,UNRESOLVED_BY_EVIDENCE,UNRESOLVED_DIRECT_ID,UNRESOLVED_BY_EVIDENCE,UNRESOLVED_DIRECT_ID,psr:observation-model:c21-field-velocity-rpe-rir-readiness@1.0.0~bab5eaa0e137,psr:representation:c21-c22-temporal-interface@1.0.0~ee6b1d7aace1,psr:dataset-spec:pl-c21-stable-slope-tilt-sampling-design@1.0.0~30f3942a0a2b,DIRECT_HISTORICAL_IDENTITY,UNSUPPORTED_BY_EVIDENCE,,Declared input family four_target_temporal_inputs; exact historical information boundary unavailable.,psr:evaluation:c21-c22-four-target-release-contract@1.0.0~a17c43781876,UNSUPPORTED_BY_EVIDENCE,Native metric directions and structured EvaluationResults unavailable,mechanistic_midpoint,UNSUPPORTED_BY_EVIDENCE,UNSUPPORTED_BY_EVIDENCE,[],[],[],,Historical fit/data/split seed values and seed types are not publicly available.,Historical train/selection/evaluation split identities and seeds are not publicly available.,Historical internal model-selection split identity and grain are not publicly available.,False,0,"UNSUPPORTED_BY_EVIDENCE: no public historical rows, splits, fitted models, or predictions",Historical raw rows/checkpoints/outputs are not publicly redistributed; access and row-level rights evidence unavailable,UNSUPPORTED_BY_EVIDENCE
four_target_load_velocity_and_competition_performance_forecasting@1.0.0,UNRESOLVED,FOUR_TARGET_25_DAY_PERFORMANCE_FORECAST,psr:task:four-25-day-athlete-state-outputs@1.0.0~9a575a70b41e,psr:qoi:four-target-p1-p2-p4-p5@1.0.0~1ded2f48e4a3,four_load_velocity_and_competition_performance_targets,MULTI_OUTPUT_OTHER,psr:world:c21-athlete-state-stable-slope-tilt-world@1.0.0~8956f2327a14,Longitudinal synthetic athlete-state trajectories; the specific transition law is not characterized.,Historical world description is registry-backed; exact executable DGP and generated rows unavailable.,UNRESOLVED_BY_EVIDENCE,UNRESOLVED_DIRECT_ID,UNRESOLVED_BY_EVIDENCE,UNRESOLVED_DIRECT_ID,psr:observation-model:c21-field-velocity-rpe-rir-readiness@1.0.0~bab5eaa0e137,psr:representation:c21-c22-temporal-interface@1.0.0~ee6b1d7aace1,psr:dataset-spec:pl-c21-stable-slope-tilt-sampling-design@1.0.0~30f3942a0a2b,DIRECT_HISTORICAL_IDENTITY,UNSUPPORTED_BY_EVIDENCE,,Declared input family four_target_temporal_inputs; exact historical information boundary unavailable.,psr:evaluation:c21-c22-four-target-release-contract@1.0.0~a17c43781876,UNSUPPORTED_BY_EVIDENCE,Native metric directions and structured EvaluationResults unavailable,mechanistic_ridge_residual,UNSUPPORTED_BY_EVIDENCE,UNSUPPORTED_BY_EVIDENCE,[],[],[],,Historical fit/data/split seed values and seed types are not publicly available.,Historical train/selection/evaluation split identities and seeds are not publicly available.,Historical internal model-selection split identity and grain are not publicly available.,False,0,"UNSUPPORTED_BY_EVIDENCE: no public historical rows, splits, fitted models, or predictions",Historical raw rows/checkpoints/outputs are not publicly redistributed; access and row-level rights evidence unavailable,UNSUPPORTED_BY_EVIDENCE
four_target_load_velocity_and_competition_performance_forecasting@1.0.0,UNRESOLVED,FOUR_TARGET_25_DAY_PERFORMANCE_FORECAST,psr:task:four-25-day-athlete-state-outputs@1.0.0~9a575a70b41e,psr:qoi:four-target-p1-p2-p4-p5@1.0.0~1ded2f48e4a3,four_load_velocity_and_competition_performance_targets,MULTI_OUTPUT_OTHER,psr:world:c21-athlete-state-stable-slope-tilt-world@1.0.0~8956f2327a14,Longitudinal synthetic athlete-state trajectories; the specific transition law is not characterized.,Historical world description is registry-backed; exact executable DGP and generated rows unavailable.,UNRESOLVED_BY_EVIDENCE,UNRESOLVED_DIRECT_ID,UNRESOLVED_BY_EVIDENCE,UNRESOLVED_DIRECT_ID,psr:observation-model:c21-field-velocity-rpe-rir-readiness@1.0.0~bab5eaa0e137,psr:representation:c21-c22-temporal-interface@1.0.0~ee6b1d7aace1,psr:dataset-spec:pl-c21-stable-slope-tilt-sampling-design@1.0.0~30f3942a0a2b,DIRECT_HISTORICAL_IDENTITY,UNSUPPORTED_BY_EVIDENCE,,Declared input family four_target_temporal_inputs; exact historical information boundary unavailable.,psr:evaluation:c21-c22-four-target-release-contract@1.0.0~a17c43781876,UNSUPPORTED_BY_EVIDENCE,Native metric directions and structured EvaluationResults unavailable,context_mean,UNSUPPORTED_BY_EVIDENCE,UNSUPPORTED_BY_EVIDENCE,[],[],[],,Historical fit/data/split seed values and seed types are not publicly available.,Historical train/selection/evaluation split identities and seeds are not publicly available.,Historical internal model-selection split identity and grain are not publicly available.,False,0,"UNSUPPORTED_BY_EVIDENCE: no public historical rows, splits, fitted models, or predictions",Historical raw rows/checkpoints/outputs are not publicly redistributed; access and row-level rights evidence unavailable,UNSUPPORTED_BY_EVIDENCE
four_target_load_velocity_and_competition_performance_forecasting@1.0.0,UNRESOLVED,FOUR_TARGET_25_DAY_PERFORMANCE_FORECAST,psr:task:four-25-day-athlete-state-outputs@1.0.0~9a575a70b41e,psr:qoi:four-target-p1-p2-p4-p5@1.0.0~1ded2f48e4a3,four_load_velocity_and_competition_performance_targets,MULTI_OUTPUT_OTHER,psr:world:c21-athlete-state-stable-slope-tilt-world@1.0.0~8956f2327a14,Longitudinal synthetic athlete-state trajectories; the specific transition law is not characterized.,Historical world description is registry-backed; exact executable DGP and generated rows unavailable.,UNRESOLVED_BY_EVIDENCE,UNRESOLVED_DIRECT_ID,UNRESOLVED_BY_EVIDENCE,UNRESOLVED_DIRECT_ID,psr:observation-model:c21-field-velocity-rpe-rir-readiness@1.0.0~bab5eaa0e137,psr:representation:c21-c22-temporal-interface@1.0.0~ee6b1d7aace1,psr:dataset-spec:pl-c21-stable-slope-tilt-sampling-design@1.0.0~30f3942a0a2b,DIRECT_HISTORICAL_IDENTITY,UNSUPPORTED_BY_EVIDENCE,,Declared input family four_target_temporal_inputs; exact historical information boundary unavailable.,psr:evaluation:c21-c22-four-target-release-contract@1.0.0~a17c43781876,UNSUPPORTED_BY_EVIDENCE,Native metric directions and structured EvaluationResults unavailable,ridge,UNSUPPORTED_BY_EVIDENCE,UNSUPPORTED_BY_EVIDENCE,[],[],[],,Historical fit/data/split seed values and seed types are not publicly available.,Historical train/selection/evaluation split identities and seeds are not publicly available.,Historical internal model-selection split identity and grain are not publicly available.,False,0,"UNSUPPORTED_BY_EVIDENCE: no public historical rows, splits, fitted models, or predictions",Historical raw rows/checkpoints/outputs are not publicly redistributed; access and row-level rights evidence unavailable,UNSUPPORTED_BY_EVIDENCE
four_target_load_velocity_and_competition_performance_forecasting@1.0.0,UNRESOLVED,FOUR_TARGET_25_DAY_PERFORMANCE_FORECAST,psr:task:four-25-day-athlete-state-outputs@1.0.0~9a575a70b41e,psr:qoi:four-target-p1-p2-p4-p5@1.0.0~1ded2f48e4a3,four_load_velocity_and_competition_performance_targets,MULTI_OUTPUT_OTHER,psr:world:c21-athlete-state-stable-slope-tilt-world@1.0.0~8956f2327a14,Longitudinal synthetic athlete-state trajectories; the specific transition law is not characterized.,Historical world description is registry-backed; exact executable DGP and generated rows unavailable.,UNRESOLVED_BY_EVIDENCE,UNRESOLVED_DIRECT_ID,UNRESOLVED_BY_EVIDENCE,UNRESOLVED_DIRECT_ID,psr:observation-model:c21-field-velocity-rpe-rir-readiness@1.0.0~bab5eaa0e137,psr:representation:c21-c22-temporal-interface@1.0.0~ee6b1d7aace1,psr:dataset-spec:pl-c21-stable-slope-tilt-sampling-design@1.0.0~30f3942a0a2b,DIRECT_HISTORICAL_IDENTITY,UNSUPPORTED_BY_EVIDENCE,,Declared input family four_target_temporal_inputs; exact historical information boundary unavailable.,psr:evaluation:c21-c22-four-target-release-contract@1.0.0~a17c43781876,UNSUPPORTED_BY_EVIDENCE,Native metric directions and structured EvaluationResults unavailable,histogram_boosted_stumps,UNSUPPORTED_BY_EVIDENCE,UNSUPPORTED_BY_EVIDENCE,[],[],[],,Historical fit/data/split seed values and seed types are not publicly available.,Historical train/selection/evaluation split identities and seeds are not publicly available.,Historical internal model-selection split identity and grain are not publicly available.,False,0,"UNSUPPORTED_BY_EVIDENCE: no public historical rows, splits, fitted models, or predictions",Historical raw rows/checkpoints/outputs are not publicly redistributed; access and row-level rights evidence unavailable,UNSUPPORTED_BY_EVIDENCE
held_out_final_origin_five_target_performance_evaluation@1.0.0,UNRESOLVED,HELD_OUT_FINAL_ORIGIN_FIVE_TARGET_FORECAST,psr:task:five-outputs-with-mixed-origin-25-day-labels@1.0.0~36e65b57cb2e,psr:qoi:legacy-five-target-set@1.0.0~d0a410b2edfc,seasonal_five_target_performance_outputs,MULTI_OUTPUT_OTHER,psr:world:refined-class-normalized-seasonal-cross-lift-world@1.0.0~c7dcec83d1f8,The historical specimen's specific latent-state transition law is not characterized.,Historical world description is registry-backed; exact executable DGP and generated rows unavailable.,UNRESOLVED_BY_EVIDENCE,UNRESOLVED_DIRECT_ID,UNRESOLVED_BY_EVIDENCE,UNRESOLVED_DIRECT_ID,psr:observation-model:refined-field-velocity-and-lpt@1.0.0~141fae096dc7,psr:representation:refined-legacy-tables@1.0.0~94f112f44552,psr:dataset-spec:pl-legacy-target-domain-split-sampling-design@1.0.0~fd842c9e9b0c,DIRECT_HISTORICAL_IDENTITY,UNSUPPORTED_BY_EVIDENCE,,Declared input family class_normalized_table_inputs; exact historical information boundary unavailable.,psr:evaluation:target-domain-public-validation@1.0.0~31076d7ca05d,UNSUPPORTED_BY_EVIDENCE,Native metric directions and structured EvaluationResults unavailable,public-native-temporal-expert,UNSUPPORTED_BY_EVIDENCE,UNSUPPORTED_BY_EVIDENCE,[],[],[],,Historical fit/data/split seed values and seed types are not publicly available.,Historical train/selection/evaluation split identities and seeds are not publicly available.,Historical internal model-selection split identity and grain are not publicly available.,False,0,"UNSUPPORTED_BY_EVIDENCE: no public historical rows, splits, fitted models, or predictions",Historical raw rows/checkpoints/outputs are not publicly redistributed; access and row-level rights evidence unavailable,UNSUPPORTED_BY_EVIDENCE
held_out_final_origin_five_target_performance_evaluation@1.0.0,UNRESOLVED,HELD_OUT_FINAL_ORIGIN_FIVE_TARGET_FORECAST,psr:task:five-outputs-with-mixed-origin-25-day-labels@1.0.0~36e65b57cb2e,psr:qoi:legacy-five-target-set@1.0.0~d0a410b2edfc,seasonal_five_target_performance_outputs,MULTI_OUTPUT_OTHER,psr:world:refined-class-normalized-seasonal-cross-lift-world@1.0.0~c7dcec83d1f8,The historical specimen's specific latent-state transition law is not characterized.,Historical world description is registry-backed; exact executable DGP and generated rows unavailable.,UNRESOLVED_BY_EVIDENCE,UNRESOLVED_DIRECT_ID,UNRESOLVED_BY_EVIDENCE,UNRESOLVED_DIRECT_ID,psr:observation-model:refined-field-velocity-and-lpt@1.0.0~141fae096dc7,psr:representation:refined-legacy-tables@1.0.0~94f112f44552,psr:dataset-spec:pl-legacy-target-domain-split-sampling-design@1.0.0~fd842c9e9b0c,DIRECT_HISTORICAL_IDENTITY,UNSUPPORTED_BY_EVIDENCE,,Declared input family class_normalized_table_inputs; exact historical information boundary unavailable.,psr:evaluation:target-domain-public-validation@1.0.0~31076d7ca05d,UNSUPPORTED_BY_EVIDENCE,Native metric directions and structured EvaluationResults unavailable,compact_neural,UNSUPPORTED_BY_EVIDENCE,UNSUPPORTED_BY_EVIDENCE,[],[],[],,Historical fit/data/split seed values and seed types are not publicly available.,Historical train/selection/evaluation split identities and seeds are not publicly available.,Historical internal model-selection split identity and grain are not publicly available.,False,0,"UNSUPPORTED_BY_EVIDENCE: no public historical rows, splits, fitted models, or predictions",Historical raw rows/checkpoints/outputs are not publicly redistributed; access and row-level rights evidence unavailable,UNSUPPORTED_BY_EVIDENCE
held_out_final_origin_five_target_performance_evaluation@1.0.0,UNRESOLVED,HELD_OUT_FINAL_ORIGIN_FIVE_TARGET_FORECAST,psr:task:five-outputs-with-mixed-origin-25-day-labels@1.0.0~36e65b57cb2e,psr:qoi:legacy-five-target-set@1.0.0~d0a410b2edfc,seasonal_five_target_performance_outputs,MULTI_OUTPUT_OTHER,psr:world:refined-class-normalized-seasonal-cross-lift-world@1.0.0~c7dcec83d1f8,The historical specimen's specific latent-state transition law is not characterized.,Historical world description is registry-backed; exact executable DGP and generated rows unavailable.,UNRESOLVED_BY_EVIDENCE,UNRESOLVED_DIRECT_ID,UNRESOLVED_BY_EVIDENCE,UNRESOLVED_DIRECT_ID,psr:observation-model:refined-field-velocity-and-lpt@1.0.0~141fae096dc7,psr:representation:refined-legacy-tables@1.0.0~94f112f44552,psr:dataset-spec:pl-legacy-target-domain-split-sampling-design@1.0.0~fd842c9e9b0c,DIRECT_HISTORICAL_IDENTITY,UNSUPPORTED_BY_EVIDENCE,,Declared input family class_normalized_table_inputs; exact historical information boundary unavailable.,psr:evaluation:target-domain-public-validation@1.0.0~31076d7ca05d,UNSUPPORTED_BY_EVIDENCE,Native metric directions and structured EvaluationResults unavailable,mechanistic_midpoint,UNSUPPORTED_BY_EVIDENCE,UNSUPPORTED_BY_EVIDENCE,[],[],[],,Historical fit/data/split seed values and seed types are not publicly available.,Historical train/selection/evaluation split identities and seeds are not publicly available.,Historical internal model-selection split identity and grain are not publicly available.,False,0,"UNSUPPORTED_BY_EVIDENCE: no public historical rows, splits, fitted models, or predictions",Historical raw rows/checkpoints/outputs are not publicly redistributed; access and row-level rights evidence unavailable,UNSUPPORTED_BY_EVIDENCE
held_out_final_origin_five_target_performance_evaluation@1.0.0,UNRESOLVED,HELD_OUT_FINAL_ORIGIN_FIVE_TARGET_FORECAST,psr:task:five-outputs-with-mixed-origin-25-day-labels@1.0.0~36e65b57cb2e,psr:qoi:legacy-five-target-set@1.0.0~d0a410b2edfc,seasonal_five_target_performance_outputs,MULTI_OUTPUT_OTHER,psr:world:refined-class-normalized-seasonal-cross-lift-world@1.0.0~c7dcec83d1f8,The historical specimen's specific latent-state transition law is not characterized.,Historical world description is registry-backed; exact executable DGP and generated rows unavailable.,UNRESOLVED_BY_EVIDENCE,UNRESOLVED_DIRECT_ID,UNRESOLVED_BY_EVIDENCE,UNRESOLVED_DIRECT_ID,psr:observation-model:refined-field-velocity-and-lpt@1.0.0~141fae096dc7,psr:representation:refined-legacy-tables@1.0.0~94f112f44552,psr:dataset-spec:pl-legacy-target-domain-split-sampling-design@1.0.0~fd842c9e9b0c,DIRECT_HISTORICAL_IDENTITY,UNSUPPORTED_BY_EVIDENCE,,Declared input family class_normalized_table_inputs; exact historical information boundary unavailable.,psr:evaluation:target-domain-public-validation@1.0.0~31076d7ca05d,UNSUPPORTED_BY_EVIDENCE,Native metric directions and structured EvaluationResults unavailable,mechanistic_ridge_residual,UNSUPPORTED_BY_EVIDENCE,UNSUPPORTED_BY_EVIDENCE,[],[],[],,Historical fit/data/split seed values and seed types are not publicly available.,Historical train/selection/evaluation split identities and seeds are not publicly available.,Historical internal model-selection split identity and grain are not publicly available.,False,0,"UNSUPPORTED_BY_EVIDENCE: no public historical rows, splits, fitted models, or predictions",Historical raw rows/checkpoints/outputs are not publicly redistributed; access and row-level rights evidence unavailable,UNSUPPORTED_BY_EVIDENCE
held_out_final_origin_five_target_performance_evaluation@1.0.0,UNRESOLVED,HELD_OUT_FINAL_ORIGIN_FIVE_TARGET_FORECAST,psr:task:five-outputs-with-mixed-origin-25-day-labels@1.0.0~36e65b57cb2e,psr:qoi:legacy-five-target-set@1.0.0~d0a410b2edfc,seasonal_five_target_performance_outputs,MULTI_OUTPUT_OTHER,psr:world:refined-class-normalized-seasonal-cross-lift-world@1.0.0~c7dcec83d1f8,The historical specimen's specific latent-state transition law is not characterized.,Historical world description is registry-backed; exact executable DGP and generated rows unavailable.,UNRESOLVED_BY_EVIDENCE,UNRESOLVED_DIRECT_ID,UNRESOLVED_BY_EVIDENCE,UNRESOLVED_DIRECT_ID,psr:observation-model:refined-field-velocity-and-lpt@1.0.0~141fae096dc7,psr:representation:refined-legacy-tables@1.0.0~94f112f44552,psr:dataset-spec:pl-legacy-target-domain-split-sampling-design@1.0.0~fd842c9e9b0c,DIRECT_HISTORICAL_IDENTITY,UNSUPPORTED_BY_EVIDENCE,,Declared input family class_normalized_table_inputs; exact historical information boundary unavailable.,psr:evaluation:target-domain-public-validation@1.0.0~31076d7ca05d,UNSUPPORTED_BY_EVIDENCE,Native metric directions and structured EvaluationResults unavailable,context_mean,UNSUPPORTED_BY_EVIDENCE,UNSUPPORTED_BY_EVIDENCE,[],[],[],,Historical fit/data/split seed values and seed types are not publicly available.,Historical train/selection/evaluation split identities and seeds are not publicly available.,Historical internal model-selection split identity and grain are not publicly available.,False,0,"UNSUPPORTED_BY_EVIDENCE: no public historical rows, splits, fitted models, or predictions",Historical raw rows/checkpoints/outputs are not publicly redistributed; access and row-level rights evidence unavailable,UNSUPPORTED_BY_EVIDENCE
held_out_final_origin_five_target_performance_evaluation@1.0.0,UNRESOLVED,HELD_OUT_FINAL_ORIGIN_FIVE_TARGET_FORECAST,psr:task:five-outputs-with-mixed-origin-25-day-labels@1.0.0~36e65b57cb2e,psr:qoi:legacy-five-target-set@1.0.0~d0a410b2edfc,seasonal_five_target_performance_outputs,MULTI_OUTPUT_OTHER,psr:world:refined-class-normalized-seasonal-cross-lift-world@1.0.0~c7dcec83d1f8,The historical specimen's specific latent-state transition law is not characterized.,Historical world description is registry-backed; exact executable DGP and generated rows unavailable.,UNRESOLVED_BY_EVIDENCE,UNRESOLVED_DIRECT_ID,UNRESOLVED_BY_EVIDENCE,UNRESOLVED_DIRECT_ID,psr:observation-model:refined-field-velocity-and-lpt@1.0.0~141fae096dc7,psr:representation:refined-legacy-tables@1.0.0~94f112f44552,psr:dataset-spec:pl-legacy-target-domain-split-sampling-design@1.0.0~fd842c9e9b0c,DIRECT_HISTORICAL_IDENTITY,UNSUPPORTED_BY_EVIDENCE,,Declared input family class_normalized_table_inputs; exact historical information boundary unavailable.,psr:evaluation:target-domain-public-validation@1.0.0~31076d7ca05d,UNSUPPORTED_BY_EVIDENCE,Native metric directions and structured EvaluationResults unavailable,ridge,UNSUPPORTED_BY_EVIDENCE,UNSUPPORTED_BY_EVIDENCE,[],[],[],,Historical fit/data/split seed values and seed types are not publicly available.,Historical train/selection/evaluation split identities and seeds are not publicly available.,Historical internal model-selection split identity and grain are not publicly available.,False,0,"UNSUPPORTED_BY_EVIDENCE: no public historical rows, splits, fitted models, or predictions",Historical raw rows/checkpoints/outputs are not publicly redistributed; access and row-level rights evidence unavailable,UNSUPPORTED_BY_EVIDENCE
held_out_final_origin_five_target_performance_evaluation@1.0.0,UNRESOLVED,HELD_OUT_FINAL_ORIGIN_FIVE_TARGET_FORECAST,psr:task:five-outputs-with-mixed-origin-25-day-labels@1.0.0~36e65b57cb2e,psr:qoi:legacy-five-target-set@1.0.0~d0a410b2edfc,seasonal_five_target_performance_outputs,MULTI_OUTPUT_OTHER,psr:world:refined-class-normalized-seasonal-cross-lift-world@1.0.0~c7dcec83d1f8,The historical specimen's specific latent-state transition law is not characterized.,Historical world description is registry-backed; exact executable DGP and generated rows unavailable.,UNRESOLVED_BY_EVIDENCE,UNRESOLVED_DIRECT_ID,UNRESOLVED_BY_EVIDENCE,UNRESOLVED_DIRECT_ID,psr:observation-model:refined-field-velocity-and-lpt@1.0.0~141fae096dc7,psr:representation:refined-legacy-tables@1.0.0~94f112f44552,psr:dataset-spec:pl-legacy-target-domain-split-sampling-design@1.0.0~fd842c9e9b0c,DIRECT_HISTORICAL_IDENTITY,UNSUPPORTED_BY_EVIDENCE,,Declared input family class_normalized_table_inputs; exact historical information boundary unavailable.,psr:evaluation:target-domain-public-validation@1.0.0~31076d7ca05d,UNSUPPORTED_BY_EVIDENCE,Native metric directions and structured EvaluationResults unavailable,histogram_boosted_stumps,UNSUPPORTED_BY_EVIDENCE,UNSUPPORTED_BY_EVIDENCE,[],[],[],,Historical fit/data/split seed values and seed types are not publicly available.,Historical train/selection/evaluation split identities and seeds are not publicly available.,Historical internal model-selection split identity and grain are not publicly available.,False,0,"UNSUPPORTED_BY_EVIDENCE: no public historical rows, splits, fitted models, or predictions",Historical raw rows/checkpoints/outputs are not publicly redistributed; access and row-level rights evidence unavailable,UNSUPPORTED_BY_EVIDENCE
iid_latent_capacity_change_with_transient_expression_forecasting@1.0.0,psr:benchmark-spec:iid-latent-capacity-change-with-transient-expression-forecasting@1.0.0~f99463d55ba0,LATENT_CAPACITY_CHANGE_FORECAST,psr:task:latent-capacity-change@1.0.0~44fc77353e7a,psr:qoi:latent-capacity-change@1.0.0~675491124046,latent_capacity_change,LATENT_CAPACITY_CHANGE,psr:world:world-v2-parsimonious-response-world@1.0.0~a1afbf2f5c1e,"Separates chronic adaptation, latent capacity, and transient performance expression.",powerlifting_state_research.benchmarks.latent_capacity_change_with_transient_expression_forecasting.dataset:iid-public-production;package-version=0.1.0;generator-source-sha256=284266740cdaebdbe7108a5abe1acf4a2eeb3c055852b6ebc3c439ec164d1ad3;config-sha256=979aad4cea7be05ec8c4861ac9025f282c45903e0db0cab72c22d1fcdd87d850,psr:population:latent-capacity-transient-uniform-coordinate-population@1.0.0~1aaf9be508dc,DIRECT,psr:intervention-regime:latent-capacity-transient-balanced-plan-history-regime@1.0.0~a1ca0adb3ef3,DIRECT,latent_capacity_transient_public_performance_observation,psr:representation:world-v2-participant-inputs-json-v2@1.0.0~2c2c7f0222c6,psr:dataset-spec:latent-capacity-transient-iid-sampling-design@1.0.0~1d079eb645ed,DIRECT_PUBLIC_NATIVE_IDENTITY,psr:dataset-realization:latent-capacity-transient-iid-production@sha256:2659bad8979e5a00829a50580c14bfbc90579c4520c46c8159dec8c34f1c8cad,sha256:2659bad8979e5a00829a50580c14bfbc90579c4520c46c8159dec8c34f1c8cad,"{""decision_cutoff"": {""event_index"": ""day"", ""value"": 224}, ""declared_future_plan_visible"": true, ""evaluation_truth_forbidden"": true, ""future_intervention_deviations_forbidden"": true, ""future_plan_means_delivered_exposure"": false, ""future_process_disturbances_forbidden"": true, ""future_realized_observations_forbidden"": true, ""future_realized_performance_forbidden"": true, ""history_observation_last_day"": 223, ""history_observed_through_cutoff"": true, ""static_or_context_inputs"": ""only task-declared fields"", ""target_derived_information_forbidden"": true}",psr:evaluation:iid-latent-capacity-change-four-metric-validation@1.0.0~cd4fe982e7b8,"[""psr:metric:rmse@1.0.0~0a9b0918a7aa"",""psr:metric:mae@1.0.0~7319598a8a18"",""psr:metric:r-squared@1.0.0~00bad728358d"",""psr:metric:sre-population-sd-ddof-0@1.0.0~f3341587fd14""]","RMSE↓, MAE↓, R²↑, SRE(ddof=0)↓; all four canonical RES-271 metrics",compact_neural,AVAILABLE_PUBLIC_FIT,psr:model:public-native-compact-neural@1.0.0~e0317f3b36a1,"[""psr:fitted-instance:public-native-compact-neural-seed-383001@sha256:f83064fa9580fd8ac5103c8ddbb865b68d62adc0e106c226c8c555c16e4ef256"",""psr:fitted-instance:public-native-compact-neural-seed-383002@sha256:bf62012aaa82eb7a9bfd581969d97ecaa8072736ea39ac4fe230145561964442"",""psr:fitted-instance:public-native-compact-neural-seed-383003@sha256:b84e4b2d1d64c8701968f0db1a2f1a45cabe960619aa641c7811367633dd4401""]","[""psr:prediction-artifact:prediction-jsonl-7ca5b58f251f@sha256:20964c19c43ab3d88b2e607bd8e9a9529b141dd26c591a6f513730bf3415a75c"",""psr:prediction-artifact:prediction-jsonl-d7e37679920f@sha256:d8953f4278dc86952d4ac68c87d2b005ac782fb8ec61be887c35af9ffa852d28"",""psr:prediction-artifact:prediction-jsonl-515da002595a@sha256:da2637f962f3d842e84a1c18fc54768cca11261360638d01f404d9e36d723909""]","[""psr:evaluation-result@sha256:d6acae8acf6281957585a4299d7387c33cbda7c16ffbf2a7894af697d22b2d4e"",""psr:evaluation-result@sha256:bd8bc4865d7843cfdd58c28183c5afba2c364d20b0ead5287efbfbfeeb9f0618"",""psr:evaluation-result@sha256:eb54fa2513c765733fbf4b1a3fb8e387f8c914229f956adedf725b11f6cb7fb9""]","383001,383002,383003","3 stochastic fit seeds (383001, 383002, 383003); IID generator seeds: intervention_plan=26902; observation_noise=26903; population=26901; serialization_order=26905; split_allocation=26904.",train=12288 entities/12288 rows; validation=3072 entities/3072 rows; allocation seed=26904,"psr:internal-selection-split:public-native-temporal-expert@sha256:9cccd9014e03d9f497f41dd91686307f2315ec19fe8c9b43bab908ac3e8f0b25 (9984 fit rows, 2304 selection rows, entity_disjoint=True)",False,3,All candidate predictions share 3072 unique row_id keys and each canonical EvaluationResult binds 3072 rows; tracked target truth and row-to-entity mapping are unavailable for paired residual or entity-cluster uncertainty,IID data CC-BY-4.0; model prediction rights: MIT; Repository-generated public-native predictions; redistribution permitted under the repository license.,ADMISSIBLE
iid_latent_capacity_change_with_transient_expression_forecasting@1.0.0,psr:benchmark-spec:iid-latent-capacity-change-with-transient-expression-forecasting@1.0.0~f99463d55ba0,LATENT_CAPACITY_CHANGE_FORECAST,psr:task:latent-capacity-change@1.0.0~44fc77353e7a,psr:qoi:latent-capacity-change@1.0.0~675491124046,latent_capacity_change,LATENT_CAPACITY_CHANGE,psr:world:world-v2-parsimonious-response-world@1.0.0~a1afbf2f5c1e,"Separates chronic adaptation, latent capacity, and transient performance expression.",powerlifting_state_research.benchmarks.latent_capacity_change_with_transient_expression_forecasting.dataset:iid-public-production;package-version=0.1.0;generator-source-sha256=284266740cdaebdbe7108a5abe1acf4a2eeb3c055852b6ebc3c439ec164d1ad3;config-sha256=979aad4cea7be05ec8c4861ac9025f282c45903e0db0cab72c22d1fcdd87d850,psr:population:latent-capacity-transient-uniform-coordinate-population@1.0.0~1aaf9be508dc,DIRECT,psr:intervention-regime:latent-capacity-transient-balanced-plan-history-regime@1.0.0~a1ca0adb3ef3,DIRECT,latent_capacity_transient_public_performance_observation,psr:representation:world-v2-participant-inputs-json-v2@1.0.0~2c2c7f0222c6,psr:dataset-spec:latent-capacity-transient-iid-sampling-design@1.0.0~1d079eb645ed,DIRECT_PUBLIC_NATIVE_IDENTITY,psr:dataset-realization:latent-capacity-transient-iid-production@sha256:2659bad8979e5a00829a50580c14bfbc90579c4520c46c8159dec8c34f1c8cad,sha256:2659bad8979e5a00829a50580c14bfbc90579c4520c46c8159dec8c34f1c8cad,"{""decision_cutoff"": {""event_index"": ""day"", ""value"": 224}, ""declared_future_plan_visible"": true, ""evaluation_truth_forbidden"": true, ""future_intervention_deviations_forbidden"": true, ""future_plan_means_delivered_exposure"": false, ""future_process_disturbances_forbidden"": true, ""future_realized_observations_forbidden"": true, ""future_realized_performance_forbidden"": true, ""history_observation_last_day"": 223, ""history_observed_through_cutoff"": true, ""static_or_context_inputs"": ""only task-declared fields"", ""target_derived_information_forbidden"": true}",psr:evaluation:iid-latent-capacity-change-four-metric-validation@1.0.0~cd4fe982e7b8,"[""psr:metric:rmse@1.0.0~0a9b0918a7aa"",""psr:metric:mae@1.0.0~7319598a8a18"",""psr:metric:r-squared@1.0.0~00bad728358d"",""psr:metric:sre-population-sd-ddof-0@1.0.0~f3341587fd14""]","RMSE↓, MAE↓, R²↑, SRE(ddof=0)↓; all four canonical RES-271 metrics",context_mean,AVAILABLE_PUBLIC_FIT,psr:model:public-native-context-mean@1.0.0~0b76d1c62dae,"[""psr:fitted-instance:public-native-context-mean-seed-383001@sha256:61b8453c508e93a84fa9ee4f188b475d853ce6fd19627e8c826706fb9f38ec63"",""psr:fitted-instance:public-native-context-mean-seed-383002@sha256:a1fb9089447382135cf7365a44eaa554d291aac43059de7f45420d0941d58dba"",""psr:fitted-instance:public-native-context-mean-seed-383003@sha256:5845dd0a73a43880664bc253bf1406bcb5cb3ec84a93cc66e33b9b36295187c1""]","[""psr:prediction-artifact:prediction-jsonl-aab4aaf852f4@sha256:2ebd09c90016b93ca4494966ee1dea5e439f813c12de9312d1d03e4b863778a2"",""psr:prediction-artifact:prediction-jsonl-aab4aaf852f4@sha256:2ebd09c90016b93ca4494966ee1dea5e439f813c12de9312d1d03e4b863778a2"",""psr:prediction-artifact:prediction-jsonl-aab4aaf852f4@sha256:2ebd09c90016b93ca4494966ee1dea5e439f813c12de9312d1d03e4b863778a2""]","[""psr:evaluation-result@sha256:1bff8487bcdaa0354e8aee82d3f8726e82f29b834e3ee761da84b538f4a8a861"",""psr:evaluation-result@sha256:c249b8f54d42b01ee5953a84994d8baf1d473ae4e3dcf0326cbe79db7369508c"",""psr:evaluation-result@sha256:64ae5d10fe181da69d712b0a86d3beee5be66e05af084b8d1ef983dcf8985bad""]","383001,383002,383003",3 deterministic seed-labeled repeats (not independent fits); IID generator seeds: intervention_plan=26902; observation_noise=26903; population=26901; serialization_order=26905; split_allocation=26904.,train=12288 entities/12288 rows; validation=3072 entities/3072 rows; allocation seed=26904,"psr:internal-selection-split:public-native-temporal-expert@sha256:9cccd9014e03d9f497f41dd91686307f2315ec19fe8c9b43bab908ac3e8f0b25 (9984 fit rows, 2304 selection rows, entity_disjoint=True)",False,3,All candidate predictions share 3072 unique row_id keys and each canonical EvaluationResult binds 3072 rows; tracked target truth and row-to-entity mapping are unavailable for paired residual or entity-cluster uncertainty,IID data CC-BY-4.0; model prediction rights: MIT; Repository-generated public-native predictions; redistribution permitted under the repository license.,ADMISSIBLE
iid_latent_capacity_change_with_transient_expression_forecasting@1.0.0,psr:benchmark-spec:iid-latent-capacity-change-with-transient-expression-forecasting@1.0.0~f99463d55ba0,LATENT_CAPACITY_CHANGE_FORECAST,psr:task:latent-capacity-change@1.0.0~44fc77353e7a,psr:qoi:latent-capacity-change@1.0.0~675491124046,latent_capacity_change,LATENT_CAPACITY_CHANGE,psr:world:world-v2-parsimonious-response-world@1.0.0~a1afbf2f5c1e,"Separates chronic adaptation, latent capacity, and transient performance expression.",powerlifting_state_research.benchmarks.latent_capacity_change_with_transient_expression_forecasting.dataset:iid-public-production;package-version=0.1.0;generator-source-sha256=284266740cdaebdbe7108a5abe1acf4a2eeb3c055852b6ebc3c439ec164d1ad3;config-sha256=979aad4cea7be05ec8c4861ac9025f282c45903e0db0cab72c22d1fcdd87d850,psr:population:latent-capacity-transient-uniform-coordinate-population@1.0.0~1aaf9be508dc,DIRECT,psr:intervention-regime:latent-capacity-transient-balanced-plan-history-regime@1.0.0~a1ca0adb3ef3,DIRECT,latent_capacity_transient_public_performance_observation,psr:representation:world-v2-participant-inputs-json-v2@1.0.0~2c2c7f0222c6,psr:dataset-spec:latent-capacity-transient-iid-sampling-design@1.0.0~1d079eb645ed,DIRECT_PUBLIC_NATIVE_IDENTITY,psr:dataset-realization:latent-capacity-transient-iid-production@sha256:2659bad8979e5a00829a50580c14bfbc90579c4520c46c8159dec8c34f1c8cad,sha256:2659bad8979e5a00829a50580c14bfbc90579c4520c46c8159dec8c34f1c8cad,"{""decision_cutoff"": {""event_index"": ""day"", ""value"": 224}, ""declared_future_plan_visible"": true, ""evaluation_truth_forbidden"": true, ""future_intervention_deviations_forbidden"": true, ""future_plan_means_delivered_exposure"": false, ""future_process_disturbances_forbidden"": true, ""future_realized_observations_forbidden"": true, ""future_realized_performance_forbidden"": true, ""history_observation_last_day"": 223, ""history_observed_through_cutoff"": true, ""static_or_context_inputs"": ""only task-declared fields"", ""target_derived_information_forbidden"": true}",psr:evaluation:iid-latent-capacity-change-four-metric-validation@1.0.0~cd4fe982e7b8,"[""psr:metric:rmse@1.0.0~0a9b0918a7aa"",""psr:metric:mae@1.0.0~7319598a8a18"",""psr:metric:r-squared@1.0.0~00bad728358d"",""psr:metric:sre-population-sd-ddof-0@1.0.0~f3341587fd14""]","RMSE↓, MAE↓, R²↑, SRE(ddof=0)↓; all four canonical RES-271 metrics",histogram_boosted_stumps,AVAILABLE_PUBLIC_FIT,psr:model:public-native-histogram-boosted-stumps@1.0.0~dbec1ea66506,"[""psr:fitted-instance:public-native-histogram-boosted-stumps-seed-383001@sha256:2ac65f5ac5bf01af1f9ed9979f544efc8a4a2f15ea0dfc5f6832e327cdf2a377"",""psr:fitted-instance:public-native-histogram-boosted-stumps-seed-383002@sha256:b2891fa36ca460f15994084b86fac59101ff83ae572b73d0e2093d6eb9ddeb75"",""psr:fitted-instance:public-native-histogram-boosted-stumps-seed-383003@sha256:ebc78ff2a18236d8e38e9a84684699d02c9f7651b15bc40756968f786d49c1f6""]","[""psr:prediction-artifact:prediction-jsonl-9828ff75ec9e@sha256:ede2355586a256bb282bf7d47dc238c608f7993894b55b8a420550adb4c02806"",""psr:prediction-artifact:prediction-jsonl-9828ff75ec9e@sha256:ede2355586a256bb282bf7d47dc238c608f7993894b55b8a420550adb4c02806"",""psr:prediction-artifact:prediction-jsonl-9828ff75ec9e@sha256:ede2355586a256bb282bf7d47dc238c608f7993894b55b8a420550adb4c02806""]","[""psr:evaluation-result@sha256:e13a7a9ad5e65fbdd0318459407e806d9869a079ada5ec0e20be25eefcb92bf8"",""psr:evaluation-result@sha256:653b408b7fbe89d771012e8217b57507e11630d8db573441a62c90a0d96b4969"",""psr:evaluation-result@sha256:32058c81404e87f25d81c8a407ec7e7e6411aae19dc69d26186254b40c1af2b4""]","383001,383002,383003",3 deterministic seed-labeled repeats (not independent fits); IID generator seeds: intervention_plan=26902; observation_noise=26903; population=26901; serialization_order=26905; split_allocation=26904.,train=12288 entities/12288 rows; validation=3072 entities/3072 rows; allocation seed=26904,"psr:internal-selection-split:public-native-temporal-expert@sha256:9cccd9014e03d9f497f41dd91686307f2315ec19fe8c9b43bab908ac3e8f0b25 (9984 fit rows, 2304 selection rows, entity_disjoint=True)",False,3,All candidate predictions share 3072 unique row_id keys and each canonical EvaluationResult binds 3072 rows; tracked target truth and row-to-entity mapping are unavailable for paired residual or entity-cluster uncertainty,IID data CC-BY-4.0; model prediction rights: MIT; Repository-generated public-native predictions; redistribution permitted under the repository license.,ADMISSIBLE
iid_latent_capacity_change_with_transient_expression_forecasting@1.0.0,psr:benchmark-spec:iid-latent-capacity-change-with-transient-expression-forecasting@1.0.0~f99463d55ba0,LATENT_CAPACITY_CHANGE_FORECAST,psr:task:latent-capacity-change@1.0.0~44fc77353e7a,psr:qoi:latent-capacity-change@1.0.0~675491124046,latent_capacity_change,LATENT_CAPACITY_CHANGE,psr:world:world-v2-parsimonious-response-world@1.0.0~a1afbf2f5c1e,"Separates chronic adaptation, latent capacity, and transient performance expression.",powerlifting_state_research.benchmarks.latent_capacity_change_with_transient_expression_forecasting.dataset:iid-public-production;package-version=0.1.0;generator-source-sha256=284266740cdaebdbe7108a5abe1acf4a2eeb3c055852b6ebc3c439ec164d1ad3;config-sha256=979aad4cea7be05ec8c4861ac9025f282c45903e0db0cab72c22d1fcdd87d850,psr:population:latent-capacity-transient-uniform-coordinate-population@1.0.0~1aaf9be508dc,DIRECT,psr:intervention-regime:latent-capacity-transient-balanced-plan-history-regime@1.0.0~a1ca0adb3ef3,DIRECT,latent_capacity_transient_public_performance_observation,psr:representation:world-v2-participant-inputs-json-v2@1.0.0~2c2c7f0222c6,psr:dataset-spec:latent-capacity-transient-iid-sampling-design@1.0.0~1d079eb645ed,DIRECT_PUBLIC_NATIVE_IDENTITY,psr:dataset-realization:latent-capacity-transient-iid-production@sha256:2659bad8979e5a00829a50580c14bfbc90579c4520c46c8159dec8c34f1c8cad,sha256:2659bad8979e5a00829a50580c14bfbc90579c4520c46c8159dec8c34f1c8cad,"{""decision_cutoff"": {""event_index"": ""day"", ""value"": 224}, ""declared_future_plan_visible"": true, ""evaluation_truth_forbidden"": true, ""future_intervention_deviations_forbidden"": true, ""future_plan_means_delivered_exposure"": false, ""future_process_disturbances_forbidden"": true, ""future_realized_observations_forbidden"": true, ""future_realized_performance_forbidden"": true, ""history_observation_last_day"": 223, ""history_observed_through_cutoff"": true, ""static_or_context_inputs"": ""only task-declared fields"", ""target_derived_information_forbidden"": true}",psr:evaluation:iid-latent-capacity-change-four-metric-validation@1.0.0~cd4fe982e7b8,"[""psr:metric:rmse@1.0.0~0a9b0918a7aa"",""psr:metric:mae@1.0.0~7319598a8a18"",""psr:metric:r-squared@1.0.0~00bad728358d"",""psr:metric:sre-population-sd-ddof-0@1.0.0~f3341587fd14""]","RMSE↓, MAE↓, R²↑, SRE(ddof=0)↓; all four canonical RES-271 metrics",mechanistic_midpoint,AVAILABLE_PUBLIC_FIT,psr:model:public-native-mechanistic-midpoint@1.0.0~9b52973798f4,"[""psr:fitted-instance:public-native-mechanistic-midpoint-seed-383001@sha256:b0dd9239f24b02cc8e3a93d591f0ce1edc70e391beec1c1b9964023254ac8390"",""psr:fitted-instance:public-native-mechanistic-midpoint-seed-383002@sha256:27297eaa4df87e889b6514bc5b6abc0b6d65d1b7dbcc2d606034a86e9a7ecfb3"",""psr:fitted-instance:public-native-mechanistic-midpoint-seed-383003@sha256:6b7ec1326780ab1f688b570fc7cb5e5357be50cb582ef46954fc401647abc5ac""]","[""psr:prediction-artifact:prediction-jsonl-bad41b609c8f@sha256:40d7658d90a8c27a72985f7f64455dbfc85a33c15967673f6de6b6f84988cfef"",""psr:prediction-artifact:prediction-jsonl-bad41b609c8f@sha256:40d7658d90a8c27a72985f7f64455dbfc85a33c15967673f6de6b6f84988cfef"",""psr:prediction-artifact:prediction-jsonl-bad41b609c8f@sha256:40d7658d90a8c27a72985f7f64455dbfc85a33c15967673f6de6b6f84988cfef""]","[""psr:evaluation-result@sha256:85c9bb4a86f2cfeaad71497457db12f6f012d32f065186b5e4b10e4d9c3a4fac"",""psr:evaluation-result@sha256:43a95972223bd9a67a3ecaba609218ea1b015b7ddac1aa2cbb65f40ce5c425d8"",""psr:evaluation-result@sha256:a5c34ec217f484305222a621a8766d5366d13fd67c82e0db27a2ee7def200eb4""]","383001,383002,383003",3 deterministic seed-labeled repeats (not independent fits); IID generator seeds: intervention_plan=26902; observation_noise=26903; population=26901; serialization_order=26905; split_allocation=26904.,train=12288 entities/12288 rows; validation=3072 entities/3072 rows; allocation seed=26904,"psr:internal-selection-split:public-native-temporal-expert@sha256:9cccd9014e03d9f497f41dd91686307f2315ec19fe8c9b43bab908ac3e8f0b25 (9984 fit rows, 2304 selection rows, entity_disjoint=True)",False,3,All candidate predictions share 3072 unique row_id keys and each canonical EvaluationResult binds 3072 rows; tracked target truth and row-to-entity mapping are unavailable for paired residual or entity-cluster uncertainty,IID data CC-BY-4.0; model prediction rights: MIT; Repository-generated public-native predictions; redistribution permitted under the repository license.,ADMISSIBLE
iid_latent_capacity_change_with_transient_expression_forecasting@1.0.0,psr:benchmark-spec:iid-latent-capacity-change-with-transient-expression-forecasting@1.0.0~f99463d55ba0,LATENT_CAPACITY_CHANGE_FORECAST,psr:task:latent-capacity-change@1.0.0~44fc77353e7a,psr:qoi:latent-capacity-change@1.0.0~675491124046,latent_capacity_change,LATENT_CAPACITY_CHANGE,psr:world:world-v2-parsimonious-response-world@1.0.0~a1afbf2f5c1e,"Separates chronic adaptation, latent capacity, and transient performance expression.",powerlifting_state_research.benchmarks.latent_capacity_change_with_transient_expression_forecasting.dataset:iid-public-production;package-version=0.1.0;generator-source-sha256=284266740cdaebdbe7108a5abe1acf4a2eeb3c055852b6ebc3c439ec164d1ad3;config-sha256=979aad4cea7be05ec8c4861ac9025f282c45903e0db0cab72c22d1fcdd87d850,psr:population:latent-capacity-transient-uniform-coordinate-population@1.0.0~1aaf9be508dc,DIRECT,psr:intervention-regime:latent-capacity-transient-balanced-plan-history-regime@1.0.0~a1ca0adb3ef3,DIRECT,latent_capacity_transient_public_performance_observation,psr:representation:world-v2-participant-inputs-json-v2@1.0.0~2c2c7f0222c6,psr:dataset-spec:latent-capacity-transient-iid-sampling-design@1.0.0~1d079eb645ed,DIRECT_PUBLIC_NATIVE_IDENTITY,psr:dataset-realization:latent-capacity-transient-iid-production@sha256:2659bad8979e5a00829a50580c14bfbc90579c4520c46c8159dec8c34f1c8cad,sha256:2659bad8979e5a00829a50580c14bfbc90579c4520c46c8159dec8c34f1c8cad,"{""decision_cutoff"": {""event_index"": ""day"", ""value"": 224}, ""declared_future_plan_visible"": true, ""evaluation_truth_forbidden"": true, ""future_intervention_deviations_forbidden"": true, ""future_plan_means_delivered_exposure"": false, ""future_process_disturbances_forbidden"": true, ""future_realized_observations_forbidden"": true, ""future_realized_performance_forbidden"": true, ""history_observation_last_day"": 223, ""history_observed_through_cutoff"": true, ""static_or_context_inputs"": ""only task-declared fields"", ""target_derived_information_forbidden"": true}",psr:evaluation:iid-latent-capacity-change-four-metric-validation@1.0.0~cd4fe982e7b8,"[""psr:metric:rmse@1.0.0~0a9b0918a7aa"",""psr:metric:mae@1.0.0~7319598a8a18"",""psr:metric:r-squared@1.0.0~00bad728358d"",""psr:metric:sre-population-sd-ddof-0@1.0.0~f3341587fd14""]","RMSE↓, MAE↓, R²↑, SRE(ddof=0)↓; all four canonical RES-271 metrics",mechanistic_ridge_residual,AVAILABLE_PUBLIC_FIT,psr:model:public-native-mechanistic-ridge-residual@1.0.0~e153e20558e2,"[""psr:fitted-instance:public-native-mechanistic-ridge-residual-seed-383001@sha256:db416b1d9d643f91ed2da0223730c63922e90aaf52dc26cee1cfaa579de93e7b"",""psr:fitted-instance:public-native-mechanistic-ridge-residual-seed-383002@sha256:6bb30296ce93dd2f47fd7199a730ba5782e2e70b51d8b3fde5aecd3572364185"",""psr:fitted-instance:public-native-mechanistic-ridge-residual-seed-383003@sha256:8d92b5a0bcc75f5476fe9bd51ebb8a6d789ddb403bb6bf0f7eb9b41cc4ffadb8""]","[""psr:prediction-artifact:prediction-jsonl-b889191ea30b@sha256:3c448d39ba399e2ca20707240fe1f83903685496cd12d5d5892316925988d417"",""psr:prediction-artifact:prediction-jsonl-b889191ea30b@sha256:3c448d39ba399e2ca20707240fe1f83903685496cd12d5d5892316925988d417"",""psr:prediction-artifact:prediction-jsonl-b889191ea30b@sha256:3c448d39ba399e2ca20707240fe1f83903685496cd12d5d5892316925988d417""]","[""psr:evaluation-result@sha256:839187d8f8e9e62d3b61b4a1cff71569314d280b629b26b6b260679b25409d6c"",""psr:evaluation-result@sha256:d6dd605fcbff268e94a89862dd90f2ee3b6b60dff9ea059d78408b996a14c369"",""psr:evaluation-result@sha256:e4cc4e1beded8ac0ad6083d39a3abe0412b96f0e1ef94f75866eab1068a6a3c6""]","383001,383002,383003",3 deterministic seed-labeled repeats (not independent fits); IID generator seeds: intervention_plan=26902; observation_noise=26903; population=26901; serialization_order=26905; split_allocation=26904.,train=12288 entities/12288 rows; validation=3072 entities/3072 rows; allocation seed=26904,"psr:internal-selection-split:public-native-temporal-expert@sha256:9cccd9014e03d9f497f41dd91686307f2315ec19fe8c9b43bab908ac3e8f0b25 (9984 fit rows, 2304 selection rows, entity_disjoint=True)",False,3,All candidate predictions share 3072 unique row_id keys and each canonical EvaluationResult binds 3072 rows; tracked target truth and row-to-entity mapping are unavailable for paired residual or entity-cluster uncertainty,IID data CC-BY-4.0; model prediction rights: MIT; Repository-generated public-native predictions; redistribution permitted under the repository license.,ADMISSIBLE
iid_latent_capacity_change_with_transient_expression_forecasting@1.0.0,psr:benchmark-spec:iid-latent-capacity-change-with-transient-expression-forecasting@1.0.0~f99463d55ba0,LATENT_CAPACITY_CHANGE_FORECAST,psr:task:latent-capacity-change@1.0.0~44fc77353e7a,psr:qoi:latent-capacity-change@1.0.0~675491124046,latent_capacity_change,LATENT_CAPACITY_CHANGE,psr:world:world-v2-parsimonious-response-world@1.0.0~a1afbf2f5c1e,"Separates chronic adaptation, latent capacity, and transient performance expression.",powerlifting_state_research.benchmarks.latent_capacity_change_with_transient_expression_forecasting.dataset:iid-public-production;package-version=0.1.0;generator-source-sha256=284266740cdaebdbe7108a5abe1acf4a2eeb3c055852b6ebc3c439ec164d1ad3;config-sha256=979aad4cea7be05ec8c4861ac9025f282c45903e0db0cab72c22d1fcdd87d850,psr:population:latent-capacity-transient-uniform-coordinate-population@1.0.0~1aaf9be508dc,DIRECT,psr:intervention-regime:latent-capacity-transient-balanced-plan-history-regime@1.0.0~a1ca0adb3ef3,DIRECT,latent_capacity_transient_public_performance_observation,psr:representation:world-v2-participant-inputs-json-v2@1.0.0~2c2c7f0222c6,psr:dataset-spec:latent-capacity-transient-iid-sampling-design@1.0.0~1d079eb645ed,DIRECT_PUBLIC_NATIVE_IDENTITY,psr:dataset-realization:latent-capacity-transient-iid-production@sha256:2659bad8979e5a00829a50580c14bfbc90579c4520c46c8159dec8c34f1c8cad,sha256:2659bad8979e5a00829a50580c14bfbc90579c4520c46c8159dec8c34f1c8cad,"{""decision_cutoff"": {""event_index"": ""day"", ""value"": 224}, ""declared_future_plan_visible"": true, ""evaluation_truth_forbidden"": true, ""future_intervention_deviations_forbidden"": true, ""future_plan_means_delivered_exposure"": false, ""future_process_disturbances_forbidden"": true, ""future_realized_observations_forbidden"": true, ""future_realized_performance_forbidden"": true, ""history_observation_last_day"": 223, ""history_observed_through_cutoff"": true, ""static_or_context_inputs"": ""only task-declared fields"", ""target_derived_information_forbidden"": true}",psr:evaluation:iid-latent-capacity-change-four-metric-validation@1.0.0~cd4fe982e7b8,"[""psr:metric:rmse@1.0.0~0a9b0918a7aa"",""psr:metric:mae@1.0.0~7319598a8a18"",""psr:metric:r-squared@1.0.0~00bad728358d"",""psr:metric:sre-population-sd-ddof-0@1.0.0~f3341587fd14""]","RMSE↓, MAE↓, R²↑, SRE(ddof=0)↓; all four canonical RES-271 metrics",public-native-temporal-expert,AVAILABLE_PUBLIC_FIT,psr:model:public-native-lift-shared-temporal-gru-capacity-change@1.0.0~34d23123138f,"[""psr:fitted-instance:public-native-temporal-expert-seed-383001@sha256:8097eb52fabd88d36992b2af5e363baab3b5e2333d5701798430b20882ce31b9"",""psr:fitted-instance:public-native-temporal-expert-seed-383002@sha256:7f4caedb37631f4aab38fa7cc1156b9625a5e71825b31b05b1385e4790c5763b"",""psr:fitted-instance:public-native-temporal-expert-seed-383003@sha256:e77b5b66e868fcb9345717d913d5bd6bcc17237c0d27ae46bf9cf994b5e5d59f"",""psr:fitted-instance:public-native-temporal-expert-three-seed-ensemble@sha256:ff4e475ffeef1c03976c92c5868e75d0afd72672cb2848f0250e707dbd4c7fad""]","[""psr:prediction-artifact:prediction-jsonl-eb1bf322ba17@sha256:cac5014e1515786ea9e55d04d8aaf393743f48d2e8ba1a2738ccb25f5dde6d38"",""psr:prediction-artifact:prediction-jsonl-2373889b2664@sha256:47c74c688dc10c4f39ac5050e1c947817350b98d0425f2112b21ef078b424a06"",""psr:prediction-artifact:prediction-jsonl-472fe8e81648@sha256:87be20d42ea5d3589e140c8a65620ab9f328de760a5b3b6596561139fe219c0e"",""psr:prediction-artifact:prediction-jsonl-f6fb260feac8@sha256:41d24e7312ce08ab69018b5193c881a15ae577ec93f666e4e1385d8c86aa1c90""]","[""psr:evaluation-result@sha256:39615cfdbe3e54cb2f0f69b567eee8f1bad49b12eb5d772753ba58553b3303f1"",""psr:evaluation-result@sha256:cb614f4c68075544a0521e9a5cc393ba2761e5a47e714818c2fe31175e3dc4b6"",""psr:evaluation-result@sha256:ea4519bc80bcb8b83b3a257937b6d95452e6e9cf901b62585c4326680b7dad1c"",""psr:evaluation-result@sha256:84ccca3c7c53322e1271d07e2578257f8dfcebe14517a1b736898aacc6e93778""]","383001,383002,383003","3 stochastic fit seeds (383001, 383002, 383003); IID generator seeds: intervention_plan=26902; observation_noise=26903; population=26901; serialization_order=26905; split_allocation=26904. The ensemble is a separate derived candidate, not a fourth fit seed.",train=12288 entities/12288 rows; validation=3072 entities/3072 rows; allocation seed=26904,"psr:internal-selection-split:public-native-temporal-expert@sha256:9cccd9014e03d9f497f41dd91686307f2315ec19fe8c9b43bab908ac3e8f0b25 (9984 fit rows, 2304 selection rows, entity_disjoint=True)",True,4,All candidate predictions share 3072 unique row_id keys and each canonical EvaluationResult binds 3072 rows; tracked target truth and row-to-entity mapping are unavailable for paired residual or entity-cluster uncertainty,IID data CC-BY-4.0; model prediction rights: NOASSERTION; External prediction rights are not claimed; only evaluation metadata is retained.,ADMISSIBLE
iid_latent_capacity_change_with_transient_expression_forecasting@1.0.0,psr:benchmark-spec:iid-latent-capacity-change-with-transient-expression-forecasting@1.0.0~f99463d55ba0,LATENT_CAPACITY_CHANGE_FORECAST,psr:task:latent-capacity-change@1.0.0~44fc77353e7a,psr:qoi:latent-capacity-change@1.0.0~675491124046,latent_capacity_change,LATENT_CAPACITY_CHANGE,psr:world:world-v2-parsimonious-response-world@1.0.0~a1afbf2f5c1e,"Separates chronic adaptation, latent capacity, and transient performance expression.",powerlifting_state_research.benchmarks.latent_capacity_change_with_transient_expression_forecasting.dataset:iid-public-production;package-version=0.1.0;generator-source-sha256=284266740cdaebdbe7108a5abe1acf4a2eeb3c055852b6ebc3c439ec164d1ad3;config-sha256=979aad4cea7be05ec8c4861ac9025f282c45903e0db0cab72c22d1fcdd87d850,psr:population:latent-capacity-transient-uniform-coordinate-population@1.0.0~1aaf9be508dc,DIRECT,psr:intervention-regime:latent-capacity-transient-balanced-plan-history-regime@1.0.0~a1ca0adb3ef3,DIRECT,latent_capacity_transient_public_performance_observation,psr:representation:world-v2-participant-inputs-json-v2@1.0.0~2c2c7f0222c6,psr:dataset-spec:latent-capacity-transient-iid-sampling-design@1.0.0~1d079eb645ed,DIRECT_PUBLIC_NATIVE_IDENTITY,psr:dataset-realization:latent-capacity-transient-iid-production@sha256:2659bad8979e5a00829a50580c14bfbc90579c4520c46c8159dec8c34f1c8cad,sha256:2659bad8979e5a00829a50580c14bfbc90579c4520c46c8159dec8c34f1c8cad,"{""decision_cutoff"": {""event_index"": ""day"", ""value"": 224}, ""declared_future_plan_visible"": true, ""evaluation_truth_forbidden"": true, ""future_intervention_deviations_forbidden"": true, ""future_plan_means_delivered_exposure"": false, ""future_process_disturbances_forbidden"": true, ""future_realized_observations_forbidden"": true, ""future_realized_performance_forbidden"": true, ""history_observation_last_day"": 223, ""history_observed_through_cutoff"": true, ""static_or_context_inputs"": ""only task-declared fields"", ""target_derived_information_forbidden"": true}",psr:evaluation:iid-latent-capacity-change-four-metric-validation@1.0.0~cd4fe982e7b8,"[""psr:metric:rmse@1.0.0~0a9b0918a7aa"",""psr:metric:mae@1.0.0~7319598a8a18"",""psr:metric:r-squared@1.0.0~00bad728358d"",""psr:metric:sre-population-sd-ddof-0@1.0.0~f3341587fd14""]","RMSE↓, MAE↓, R²↑, SRE(ddof=0)↓; all four canonical RES-271 metrics",ridge,AVAILABLE_PUBLIC_FIT,psr:model:public-native-ridge@1.0.0~35f69cbae323,"[""psr:fitted-instance:public-native-ridge-seed-383001@sha256:e0e37f64f07399b58fca76c0aa7359b6f23f7c8dd3583af4d44448fcbcb2bc48"",""psr:fitted-instance:public-native-ridge-seed-383002@sha256:e16220f0db2288cf344d82a061a006ffac08ac32a370f298dde02aabe197a755"",""psr:fitted-instance:public-native-ridge-seed-383003@sha256:86f71ea0d7c73098dd543a3b5674f6e7f3effcbecd2b93bb9e9c081e0f2bb6ae""]","[""psr:prediction-artifact:prediction-jsonl-c243aaee0874@sha256:93233ab6e760c75ac3cc13d1d0d1b8433525b303378ba8b4192bd49ad01260f6"",""psr:prediction-artifact:prediction-jsonl-c243aaee0874@sha256:93233ab6e760c75ac3cc13d1d0d1b8433525b303378ba8b4192bd49ad01260f6"",""psr:prediction-artifact:prediction-jsonl-c243aaee0874@sha256:93233ab6e760c75ac3cc13d1d0d1b8433525b303378ba8b4192bd49ad01260f6""]","[""psr:evaluation-result@sha256:91835821f22ef09f72b11d24dee2241b16828899324177f715b7cc0697db345a"",""psr:evaluation-result@sha256:88e89d1c6fb9009b3a1aba0c04cc5edcaa6a1688864090e5b273f4d9d938e6c5"",""psr:evaluation-result@sha256:5abadc070081d5ae857ada8f8fbc57862a19b59a341028004beb68c22b291cf9""]","383001,383002,383003",3 deterministic seed-labeled repeats (not independent fits); IID generator seeds: intervention_plan=26902; observation_noise=26903; population=26901; serialization_order=26905; split_allocation=26904.,train=12288 entities/12288 rows; validation=3072 entities/3072 rows; allocation seed=26904,"psr:internal-selection-split:public-native-temporal-expert@sha256:9cccd9014e03d9f497f41dd91686307f2315ec19fe8c9b43bab908ac3e8f0b25 (9984 fit rows, 2304 selection rows, entity_disjoint=True)",False,3,All candidate predictions share 3072 unique row_id keys and each canonical EvaluationResult binds 3072 rows; tracked target truth and row-to-entity mapping are unavailable for paired residual or entity-cluster uncertainty,IID data CC-BY-4.0; model prediction rights: MIT; Repository-generated public-native predictions; redistribution permitted under the repository license.,ADMISSIBLE
latent_capacity_change_with_transient_expression_forecasting@1.0.0,psr:benchmark-spec:latent-capacity-change-with-transient-expression-forecasting@1.0.0~fbfbe59eb0a8,LATENT_CAPACITY_CHANGE_FORECAST,psr:task:latent-capacity-change@1.0.0~44fc77353e7a,psr:qoi:latent-capacity-change@1.0.0~675491124046,latent_capacity_change,LATENT_CAPACITY_CHANGE,psr:world:world-v2-parsimonious-response-world@1.0.0~a1afbf2f5c1e,"Separates chronic adaptation, latent capacity, and transient performance expression.",Historical world description is registry-backed; exact executable DGP and generated rows unavailable.,COMMITTED_BY_SYSTEM_CONFIG:psr:scientific-system-config:pl-response-v2-parsimonious-production-historical-system@1.0.0~81141316f605,COMMITTED_BY_SYSTEM_CONFIG,COMMITTED_BY_SYSTEM_CONFIG:psr:scientific-system-config:pl-response-v2-parsimonious-production-historical-system@1.0.0~81141316f605,COMMITTED_BY_SYSTEM_CONFIG,psr:observation-model:world-v2-performance-expression-observation@1.0.0~c8a52272a9cd,psr:representation:world-v2-participant-inputs-json-v2@1.0.0~2c2c7f0222c6,psr:dataset-spec:pl-response-v2-parsimonious-production-sampling-design@1.0.0~7098655518cd,DIRECT_HISTORICAL_IDENTITY,UNSUPPORTED_BY_EVIDENCE,,Declared input family weekly_performance_history_and_plan_inputs; exact historical information boundary unavailable.,psr:evaluation:world-v2-canonical-sre-evaluation@1.0.0~2b606bcf527f,UNSUPPORTED_BY_EVIDENCE,SRE↓ only; other metric directions and structured EvaluationResults unavailable,public-native-temporal-expert,UNSUPPORTED_BY_EVIDENCE,UNSUPPORTED_BY_EVIDENCE,[],[],[],,Historical fit/data/split seed values and seed types are not publicly available.,Historical train/selection/evaluation split identities and seeds are not publicly available.,Historical internal model-selection split identity and grain are not publicly available.,False,0,"UNSUPPORTED_BY_EVIDENCE: no public historical rows, splits, fitted models, or predictions",Historical raw rows/checkpoints/outputs are not publicly redistributed; access and row-level rights evidence unavailable,UNSUPPORTED_BY_EVIDENCE
latent_capacity_change_with_transient_expression_forecasting@1.0.0,psr:benchmark-spec:latent-capacity-change-with-transient-expression-forecasting@1.0.0~fbfbe59eb0a8,LATENT_CAPACITY_CHANGE_FORECAST,psr:task:latent-capacity-change@1.0.0~44fc77353e7a,psr:qoi:latent-capacity-change@1.0.0~675491124046,latent_capacity_change,LATENT_CAPACITY_CHANGE,psr:world:world-v2-parsimonious-response-world@1.0.0~a1afbf2f5c1e,"Separates chronic adaptation, latent capacity, and transient performance expression.",Historical world description is registry-backed; exact executable DGP and generated rows unavailable.,COMMITTED_BY_SYSTEM_CONFIG:psr:scientific-system-config:pl-response-v2-parsimonious-production-historical-system@1.0.0~81141316f605,COMMITTED_BY_SYSTEM_CONFIG,COMMITTED_BY_SYSTEM_CONFIG:psr:scientific-system-config:pl-response-v2-parsimonious-production-historical-system@1.0.0~81141316f605,COMMITTED_BY_SYSTEM_CONFIG,psr:observation-model:world-v2-performance-expression-observation@1.0.0~c8a52272a9cd,psr:representation:world-v2-participant-inputs-json-v2@1.0.0~2c2c7f0222c6,psr:dataset-spec:pl-response-v2-parsimonious-production-sampling-design@1.0.0~7098655518cd,DIRECT_HISTORICAL_IDENTITY,UNSUPPORTED_BY_EVIDENCE,,Declared input family weekly_performance_history_and_plan_inputs; exact historical information boundary unavailable.,psr:evaluation:world-v2-canonical-sre-evaluation@1.0.0~2b606bcf527f,UNSUPPORTED_BY_EVIDENCE,SRE↓ only; other metric directions and structured EvaluationResults unavailable,compact_neural,UNSUPPORTED_BY_EVIDENCE,UNSUPPORTED_BY_EVIDENCE,[],[],[],,Historical fit/data/split seed values and seed types are not publicly available.,Historical train/selection/evaluation split identities and seeds are not publicly available.,Historical internal model-selection split identity and grain are not publicly available.,False,0,"UNSUPPORTED_BY_EVIDENCE: no public historical rows, splits, fitted models, or predictions",Historical raw rows/checkpoints/outputs are not publicly redistributed; access and row-level rights evidence unavailable,UNSUPPORTED_BY_EVIDENCE
latent_capacity_change_with_transient_expression_forecasting@1.0.0,psr:benchmark-spec:latent-capacity-change-with-transient-expression-forecasting@1.0.0~fbfbe59eb0a8,LATENT_CAPACITY_CHANGE_FORECAST,psr:task:latent-capacity-change@1.0.0~44fc77353e7a,psr:qoi:latent-capacity-change@1.0.0~675491124046,latent_capacity_change,LATENT_CAPACITY_CHANGE,psr:world:world-v2-parsimonious-response-world@1.0.0~a1afbf2f5c1e,"Separates chronic adaptation, latent capacity, and transient performance expression.",Historical world description is registry-backed; exact executable DGP and generated rows unavailable.,COMMITTED_BY_SYSTEM_CONFIG:psr:scientific-system-config:pl-response-v2-parsimonious-production-historical-system@1.0.0~81141316f605,COMMITTED_BY_SYSTEM_CONFIG,COMMITTED_BY_SYSTEM_CONFIG:psr:scientific-system-config:pl-response-v2-parsimonious-production-historical-system@1.0.0~81141316f605,COMMITTED_BY_SYSTEM_CONFIG,psr:observation-model:world-v2-performance-expression-observation@1.0.0~c8a52272a9cd,psr:representation:world-v2-participant-inputs-json-v2@1.0.0~2c2c7f0222c6,psr:dataset-spec:pl-response-v2-parsimonious-production-sampling-design@1.0.0~7098655518cd,DIRECT_HISTORICAL_IDENTITY,UNSUPPORTED_BY_EVIDENCE,,Declared input family weekly_performance_history_and_plan_inputs; exact historical information boundary unavailable.,psr:evaluation:world-v2-canonical-sre-evaluation@1.0.0~2b606bcf527f,UNSUPPORTED_BY_EVIDENCE,SRE↓ only; other metric directions and structured EvaluationResults unavailable,mechanistic_midpoint,UNSUPPORTED_BY_EVIDENCE,UNSUPPORTED_BY_EVIDENCE,[],[],[],,Historical fit/data/split seed values and seed types are not publicly available.,Historical train/selection/evaluation split identities and seeds are not publicly available.,Historical internal model-selection split identity and grain are not publicly available.,False,0,"UNSUPPORTED_BY_EVIDENCE: no public historical rows, splits, fitted models, or predictions",Historical raw rows/checkpoints/outputs are not publicly redistributed; access and row-level rights evidence unavailable,UNSUPPORTED_BY_EVIDENCE
latent_capacity_change_with_transient_expression_forecasting@1.0.0,psr:benchmark-spec:latent-capacity-change-with-transient-expression-forecasting@1.0.0~fbfbe59eb0a8,LATENT_CAPACITY_CHANGE_FORECAST,psr:task:latent-capacity-change@1.0.0~44fc77353e7a,psr:qoi:latent-capacity-change@1.0.0~675491124046,latent_capacity_change,LATENT_CAPACITY_CHANGE,psr:world:world-v2-parsimonious-response-world@1.0.0~a1afbf2f5c1e,"Separates chronic adaptation, latent capacity, and transient performance expression.",Historical world description is registry-backed; exact executable DGP and generated rows unavailable.,COMMITTED_BY_SYSTEM_CONFIG:psr:scientific-system-config:pl-response-v2-parsimonious-production-historical-system@1.0.0~81141316f605,COMMITTED_BY_SYSTEM_CONFIG,COMMITTED_BY_SYSTEM_CONFIG:psr:scientific-system-config:pl-response-v2-parsimonious-production-historical-system@1.0.0~81141316f605,COMMITTED_BY_SYSTEM_CONFIG,psr:observation-model:world-v2-performance-expression-observation@1.0.0~c8a52272a9cd,psr:representation:world-v2-participant-inputs-json-v2@1.0.0~2c2c7f0222c6,psr:dataset-spec:pl-response-v2-parsimonious-production-sampling-design@1.0.0~7098655518cd,DIRECT_HISTORICAL_IDENTITY,UNSUPPORTED_BY_EVIDENCE,,Declared input family weekly_performance_history_and_plan_inputs; exact historical information boundary unavailable.,psr:evaluation:world-v2-canonical-sre-evaluation@1.0.0~2b606bcf527f,UNSUPPORTED_BY_EVIDENCE,SRE↓ only; other metric directions and structured EvaluationResults unavailable,mechanistic_ridge_residual,UNSUPPORTED_BY_EVIDENCE,UNSUPPORTED_BY_EVIDENCE,[],[],[],,Historical fit/data/split seed values and seed types are not publicly available.,Historical train/selection/evaluation split identities and seeds are not publicly available.,Historical internal model-selection split identity and grain are not publicly available.,False,0,"UNSUPPORTED_BY_EVIDENCE: no public historical rows, splits, fitted models, or predictions",Historical raw rows/checkpoints/outputs are not publicly redistributed; access and row-level rights evidence unavailable,UNSUPPORTED_BY_EVIDENCE
latent_capacity_change_with_transient_expression_forecasting@1.0.0,psr:benchmark-spec:latent-capacity-change-with-transient-expression-forecasting@1.0.0~fbfbe59eb0a8,LATENT_CAPACITY_CHANGE_FORECAST,psr:task:latent-capacity-change@1.0.0~44fc77353e7a,psr:qoi:latent-capacity-change@1.0.0~675491124046,latent_capacity_change,LATENT_CAPACITY_CHANGE,psr:world:world-v2-parsimonious-response-world@1.0.0~a1afbf2f5c1e,"Separates chronic adaptation, latent capacity, and transient performance expression.",Historical world description is registry-backed; exact executable DGP and generated rows unavailable.,COMMITTED_BY_SYSTEM_CONFIG:psr:scientific-system-config:pl-response-v2-parsimonious-production-historical-system@1.0.0~81141316f605,COMMITTED_BY_SYSTEM_CONFIG,COMMITTED_BY_SYSTEM_CONFIG:psr:scientific-system-config:pl-response-v2-parsimonious-production-historical-system@1.0.0~81141316f605,COMMITTED_BY_SYSTEM_CONFIG,psr:observation-model:world-v2-performance-expression-observation@1.0.0~c8a52272a9cd,psr:representation:world-v2-participant-inputs-json-v2@1.0.0~2c2c7f0222c6,psr:dataset-spec:pl-response-v2-parsimonious-production-sampling-design@1.0.0~7098655518cd,DIRECT_HISTORICAL_IDENTITY,UNSUPPORTED_BY_EVIDENCE,,Declared input family weekly_performance_history_and_plan_inputs; exact historical information boundary unavailable.,psr:evaluation:world-v2-canonical-sre-evaluation@1.0.0~2b606bcf527f,UNSUPPORTED_BY_EVIDENCE,SRE↓ only; other metric directions and structured EvaluationResults unavailable,context_mean,UNSUPPORTED_BY_EVIDENCE,UNSUPPORTED_BY_EVIDENCE,[],[],[],,Historical fit/data/split seed values and seed types are not publicly available.,Historical train/selection/evaluation split identities and seeds are not publicly available.,Historical internal model-selection split identity and grain are not publicly available.,False,0,"UNSUPPORTED_BY_EVIDENCE: no public historical rows, splits, fitted models, or predictions",Historical raw rows/checkpoints/outputs are not publicly redistributed; access and row-level rights evidence unavailable,UNSUPPORTED_BY_EVIDENCE
latent_capacity_change_with_transient_expression_forecasting@1.0.0,psr:benchmark-spec:latent-capacity-change-with-transient-expression-forecasting@1.0.0~fbfbe59eb0a8,LATENT_CAPACITY_CHANGE_FORECAST,psr:task:latent-capacity-change@1.0.0~44fc77353e7a,psr:qoi:latent-capacity-change@1.0.0~675491124046,latent_capacity_change,LATENT_CAPACITY_CHANGE,psr:world:world-v2-parsimonious-response-world@1.0.0~a1afbf2f5c1e,"Separates chronic adaptation, latent capacity, and transient performance expression.",Historical world description is registry-backed; exact executable DGP and generated rows unavailable.,COMMITTED_BY_SYSTEM_CONFIG:psr:scientific-system-config:pl-response-v2-parsimonious-production-historical-system@1.0.0~81141316f605,COMMITTED_BY_SYSTEM_CONFIG,COMMITTED_BY_SYSTEM_CONFIG:psr:scientific-system-config:pl-response-v2-parsimonious-production-historical-system@1.0.0~81141316f605,COMMITTED_BY_SYSTEM_CONFIG,psr:observation-model:world-v2-performance-expression-observation@1.0.0~c8a52272a9cd,psr:representation:world-v2-participant-inputs-json-v2@1.0.0~2c2c7f0222c6,psr:dataset-spec:pl-response-v2-parsimonious-production-sampling-design@1.0.0~7098655518cd,DIRECT_HISTORICAL_IDENTITY,UNSUPPORTED_BY_EVIDENCE,,Declared input family weekly_performance_history_and_plan_inputs; exact historical information boundary unavailable.,psr:evaluation:world-v2-canonical-sre-evaluation@1.0.0~2b606bcf527f,UNSUPPORTED_BY_EVIDENCE,SRE↓ only; other metric directions and structured EvaluationResults unavailable,ridge,UNSUPPORTED_BY_EVIDENCE,UNSUPPORTED_BY_EVIDENCE,[],[],[],,Historical fit/data/split seed values and seed types are not publicly available.,Historical train/selection/evaluation split identities and seeds are not publicly available.,Historical internal model-selection split identity and grain are not publicly available.,False,0,"UNSUPPORTED_BY_EVIDENCE: no public historical rows, splits, fitted models, or predictions",Historical raw rows/checkpoints/outputs are not publicly redistributed; access and row-level rights evidence unavailable,UNSUPPORTED_BY_EVIDENCE
latent_capacity_change_with_transient_expression_forecasting@1.0.0,psr:benchmark-spec:latent-capacity-change-with-transient-expression-forecasting@1.0.0~fbfbe59eb0a8,LATENT_CAPACITY_CHANGE_FORECAST,psr:task:latent-capacity-change@1.0.0~44fc77353e7a,psr:qoi:latent-capacity-change@1.0.0~675491124046,latent_capacity_change,LATENT_CAPACITY_CHANGE,psr:world:world-v2-parsimonious-response-world@1.0.0~a1afbf2f5c1e,"Separates chronic adaptation, latent capacity, and transient performance expression.",Historical world description is registry-backed; exact executable DGP and generated rows unavailable.,COMMITTED_BY_SYSTEM_CONFIG:psr:scientific-system-config:pl-response-v2-parsimonious-production-historical-system@1.0.0~81141316f605,COMMITTED_BY_SYSTEM_CONFIG,COMMITTED_BY_SYSTEM_CONFIG:psr:scientific-system-config:pl-response-v2-parsimonious-production-historical-system@1.0.0~81141316f605,COMMITTED_BY_SYSTEM_CONFIG,psr:observation-model:world-v2-performance-expression-observation@1.0.0~c8a52272a9cd,psr:representation:world-v2-participant-inputs-json-v2@1.0.0~2c2c7f0222c6,psr:dataset-spec:pl-response-v2-parsimonious-production-sampling-design@1.0.0~7098655518cd,DIRECT_HISTORICAL_IDENTITY,UNSUPPORTED_BY_EVIDENCE,,Declared input family weekly_performance_history_and_plan_inputs; exact historical information boundary unavailable.,psr:evaluation:world-v2-canonical-sre-evaluation@1.0.0~2b606bcf527f,UNSUPPORTED_BY_EVIDENCE,SRE↓ only; other metric directions and structured EvaluationResults unavailable,histogram_boosted_stumps,UNSUPPORTED_BY_EVIDENCE,UNSUPPORTED_BY_EVIDENCE,[],[],[],,Historical fit/data/split seed values and seed types are not publicly available.,Historical train/selection/evaluation split identities and seeds are not publicly available.,Historical internal model-selection split identity and grain are not publicly available.,False,0,"UNSUPPORTED_BY_EVIDENCE: no public historical rows, splits, fitted models, or predictions",Historical raw rows/checkpoints/outputs are not publicly redistributed; access and row-level rights evidence unavailable,UNSUPPORTED_BY_EVIDENCE
latent_origin_capacity_change_forecasting@1.0.0,UNRESOLVED,LATENT_CAPACITY_CHANGE_FORECAST,psr:task:latent-capacity-change@1.0.0~44fc77353e7a,psr:qoi:latent-capacity-change@1.0.0~675491124046,latent_capacity_change,LATENT_CAPACITY_CHANGE,psr:world:v1-dose-memory-response-world@1.0.0~11b6f0033502,Synthetic capacity dynamics depend on training-dose history.,Historical world description is registry-backed; exact executable DGP and generated rows unavailable.,UNRESOLVED_BY_EVIDENCE,UNRESOLVED_DIRECT_ID,UNRESOLVED_BY_EVIDENCE,UNRESOLVED_DIRECT_ID,psr:observation-model:v1-performance-assessment-load-velocity@1.0.0~ac2781dad306,psr:representation:v1-response-feature-schema-v2@1.0.0~e9db564d4b3b,psr:dataset-spec:v1-response-shared-sampling-inputs@1.0.0~23bb079da836,DIRECT_HISTORICAL_IDENTITY,UNSUPPORTED_BY_EVIDENCE,,Declared input family dose_history_and_assessment_inputs; exact historical information boundary unavailable.,psr:evaluation:v1-t1-public-only-diagnostics@1.0.0~60c57c4744de,UNSUPPORTED_BY_EVIDENCE,Native metric directions and structured EvaluationResults unavailable,public-native-temporal-expert,UNSUPPORTED_BY_EVIDENCE,UNSUPPORTED_BY_EVIDENCE,[],[],[],,Historical fit/data/split seed values and seed types are not publicly available.,Historical train/selection/evaluation split identities and seeds are not publicly available.,Historical internal model-selection split identity and grain are not publicly available.,False,0,"UNSUPPORTED_BY_EVIDENCE: no public historical rows, splits, fitted models, or predictions",Historical raw rows/checkpoints/outputs are not publicly redistributed; access and row-level rights evidence unavailable,UNSUPPORTED_BY_EVIDENCE
latent_origin_capacity_change_forecasting@1.0.0,UNRESOLVED,LATENT_CAPACITY_CHANGE_FORECAST,psr:task:latent-capacity-change@1.0.0~44fc77353e7a,psr:qoi:latent-capacity-change@1.0.0~675491124046,latent_capacity_change,LATENT_CAPACITY_CHANGE,psr:world:v1-dose-memory-response-world@1.0.0~11b6f0033502,Synthetic capacity dynamics depend on training-dose history.,Historical world description is registry-backed; exact executable DGP and generated rows unavailable.,UNRESOLVED_BY_EVIDENCE,UNRESOLVED_DIRECT_ID,UNRESOLVED_BY_EVIDENCE,UNRESOLVED_DIRECT_ID,psr:observation-model:v1-performance-assessment-load-velocity@1.0.0~ac2781dad306,psr:representation:v1-response-feature-schema-v2@1.0.0~e9db564d4b3b,psr:dataset-spec:v1-response-shared-sampling-inputs@1.0.0~23bb079da836,DIRECT_HISTORICAL_IDENTITY,UNSUPPORTED_BY_EVIDENCE,,Declared input family dose_history_and_assessment_inputs; exact historical information boundary unavailable.,psr:evaluation:v1-t1-public-only-diagnostics@1.0.0~60c57c4744de,UNSUPPORTED_BY_EVIDENCE,Native metric directions and structured EvaluationResults unavailable,compact_neural,UNSUPPORTED_BY_EVIDENCE,UNSUPPORTED_BY_EVIDENCE,[],[],[],,Historical fit/data/split seed values and seed types are not publicly available.,Historical train/selection/evaluation split identities and seeds are not publicly available.,Historical internal model-selection split identity and grain are not publicly available.,False,0,"UNSUPPORTED_BY_EVIDENCE: no public historical rows, splits, fitted models, or predictions",Historical raw rows/checkpoints/outputs are not publicly redistributed; access and row-level rights evidence unavailable,UNSUPPORTED_BY_EVIDENCE
latent_origin_capacity_change_forecasting@1.0.0,UNRESOLVED,LATENT_CAPACITY_CHANGE_FORECAST,psr:task:latent-capacity-change@1.0.0~44fc77353e7a,psr:qoi:latent-capacity-change@1.0.0~675491124046,latent_capacity_change,LATENT_CAPACITY_CHANGE,psr:world:v1-dose-memory-response-world@1.0.0~11b6f0033502,Synthetic capacity dynamics depend on training-dose history.,Historical world description is registry-backed; exact executable DGP and generated rows unavailable.,UNRESOLVED_BY_EVIDENCE,UNRESOLVED_DIRECT_ID,UNRESOLVED_BY_EVIDENCE,UNRESOLVED_DIRECT_ID,psr:observation-model:v1-performance-assessment-load-velocity@1.0.0~ac2781dad306,psr:representation:v1-response-feature-schema-v2@1.0.0~e9db564d4b3b,psr:dataset-spec:v1-response-shared-sampling-inputs@1.0.0~23bb079da836,DIRECT_HISTORICAL_IDENTITY,UNSUPPORTED_BY_EVIDENCE,,Declared input family dose_history_and_assessment_inputs; exact historical information boundary unavailable.,psr:evaluation:v1-t1-public-only-diagnostics@1.0.0~60c57c4744de,UNSUPPORTED_BY_EVIDENCE,Native metric directions and structured EvaluationResults unavailable,mechanistic_midpoint,UNSUPPORTED_BY_EVIDENCE,UNSUPPORTED_BY_EVIDENCE,[],[],[],,Historical fit/data/split seed values and seed types are not publicly available.,Historical train/selection/evaluation split identities and seeds are not publicly available.,Historical internal model-selection split identity and grain are not publicly available.,False,0,"UNSUPPORTED_BY_EVIDENCE: no public historical rows, splits, fitted models, or predictions",Historical raw rows/checkpoints/outputs are not publicly redistributed; access and row-level rights evidence unavailable,UNSUPPORTED_BY_EVIDENCE
latent_origin_capacity_change_forecasting@1.0.0,UNRESOLVED,LATENT_CAPACITY_CHANGE_FORECAST,psr:task:latent-capacity-change@1.0.0~44fc77353e7a,psr:qoi:latent-capacity-change@1.0.0~675491124046,latent_capacity_change,LATENT_CAPACITY_CHANGE,psr:world:v1-dose-memory-response-world@1.0.0~11b6f0033502,Synthetic capacity dynamics depend on training-dose history.,Historical world description is registry-backed; exact executable DGP and generated rows unavailable.,UNRESOLVED_BY_EVIDENCE,UNRESOLVED_DIRECT_ID,UNRESOLVED_BY_EVIDENCE,UNRESOLVED_DIRECT_ID,psr:observation-model:v1-performance-assessment-load-velocity@1.0.0~ac2781dad306,psr:representation:v1-response-feature-schema-v2@1.0.0~e9db564d4b3b,psr:dataset-spec:v1-response-shared-sampling-inputs@1.0.0~23bb079da836,DIRECT_HISTORICAL_IDENTITY,UNSUPPORTED_BY_EVIDENCE,,Declared input family dose_history_and_assessment_inputs; exact historical information boundary unavailable.,psr:evaluation:v1-t1-public-only-diagnostics@1.0.0~60c57c4744de,UNSUPPORTED_BY_EVIDENCE,Native metric directions and structured EvaluationResults unavailable,mechanistic_ridge_residual,UNSUPPORTED_BY_EVIDENCE,UNSUPPORTED_BY_EVIDENCE,[],[],[],,Historical fit/data/split seed values and seed types are not publicly available.,Historical train/selection/evaluation split identities and seeds are not publicly available.,Historical internal model-selection split identity and grain are not publicly available.,False,0,"UNSUPPORTED_BY_EVIDENCE: no public historical rows, splits, fitted models, or predictions",Historical raw rows/checkpoints/outputs are not publicly redistributed; access and row-level rights evidence unavailable,UNSUPPORTED_BY_EVIDENCE
latent_origin_capacity_change_forecasting@1.0.0,UNRESOLVED,LATENT_CAPACITY_CHANGE_FORECAST,psr:task:latent-capacity-change@1.0.0~44fc77353e7a,psr:qoi:latent-capacity-change@1.0.0~675491124046,latent_capacity_change,LATENT_CAPACITY_CHANGE,psr:world:v1-dose-memory-response-world@1.0.0~11b6f0033502,Synthetic capacity dynamics depend on training-dose history.,Historical world description is registry-backed; exact executable DGP and generated rows unavailable.,UNRESOLVED_BY_EVIDENCE,UNRESOLVED_DIRECT_ID,UNRESOLVED_BY_EVIDENCE,UNRESOLVED_DIRECT_ID,psr:observation-model:v1-performance-assessment-load-velocity@1.0.0~ac2781dad306,psr:representation:v1-response-feature-schema-v2@1.0.0~e9db564d4b3b,psr:dataset-spec:v1-response-shared-sampling-inputs@1.0.0~23bb079da836,DIRECT_HISTORICAL_IDENTITY,UNSUPPORTED_BY_EVIDENCE,,Declared input family dose_history_and_assessment_inputs; exact historical information boundary unavailable.,psr:evaluation:v1-t1-public-only-diagnostics@1.0.0~60c57c4744de,UNSUPPORTED_BY_EVIDENCE,Native metric directions and structured EvaluationResults unavailable,context_mean,UNSUPPORTED_BY_EVIDENCE,UNSUPPORTED_BY_EVIDENCE,[],[],[],,Historical fit/data/split seed values and seed types are not publicly available.,Historical train/selection/evaluation split identities and seeds are not publicly available.,Historical internal model-selection split identity and grain are not publicly available.,False,0,"UNSUPPORTED_BY_EVIDENCE: no public historical rows, splits, fitted models, or predictions",Historical raw rows/checkpoints/outputs are not publicly redistributed; access and row-level rights evidence unavailable,UNSUPPORTED_BY_EVIDENCE
latent_origin_capacity_change_forecasting@1.0.0,UNRESOLVED,LATENT_CAPACITY_CHANGE_FORECAST,psr:task:latent-capacity-change@1.0.0~44fc77353e7a,psr:qoi:latent-capacity-change@1.0.0~675491124046,latent_capacity_change,LATENT_CAPACITY_CHANGE,psr:world:v1-dose-memory-response-world@1.0.0~11b6f0033502,Synthetic capacity dynamics depend on training-dose history.,Historical world description is registry-backed; exact executable DGP and generated rows unavailable.,UNRESOLVED_BY_EVIDENCE,UNRESOLVED_DIRECT_ID,UNRESOLVED_BY_EVIDENCE,UNRESOLVED_DIRECT_ID,psr:observation-model:v1-performance-assessment-load-velocity@1.0.0~ac2781dad306,psr:representation:v1-response-feature-schema-v2@1.0.0~e9db564d4b3b,psr:dataset-spec:v1-response-shared-sampling-inputs@1.0.0~23bb079da836,DIRECT_HISTORICAL_IDENTITY,UNSUPPORTED_BY_EVIDENCE,,Declared input family dose_history_and_assessment_inputs; exact historical information boundary unavailable.,psr:evaluation:v1-t1-public-only-diagnostics@1.0.0~60c57c4744de,UNSUPPORTED_BY_EVIDENCE,Native metric directions and structured EvaluationResults unavailable,ridge,UNSUPPORTED_BY_EVIDENCE,UNSUPPORTED_BY_EVIDENCE,[],[],[],,Historical fit/data/split seed values and seed types are not publicly available.,Historical train/selection/evaluation split identities and seeds are not publicly available.,Historical internal model-selection split identity and grain are not publicly available.,False,0,"UNSUPPORTED_BY_EVIDENCE: no public historical rows, splits, fitted models, or predictions",Historical raw rows/checkpoints/outputs are not publicly redistributed; access and row-level rights evidence unavailable,UNSUPPORTED_BY_EVIDENCE
latent_origin_capacity_change_forecasting@1.0.0,UNRESOLVED,LATENT_CAPACITY_CHANGE_FORECAST,psr:task:latent-capacity-change@1.0.0~44fc77353e7a,psr:qoi:latent-capacity-change@1.0.0~675491124046,latent_capacity_change,LATENT_CAPACITY_CHANGE,psr:world:v1-dose-memory-response-world@1.0.0~11b6f0033502,Synthetic capacity dynamics depend on training-dose history.,Historical world description is registry-backed; exact executable DGP and generated rows unavailable.,UNRESOLVED_BY_EVIDENCE,UNRESOLVED_DIRECT_ID,UNRESOLVED_BY_EVIDENCE,UNRESOLVED_DIRECT_ID,psr:observation-model:v1-performance-assessment-load-velocity@1.0.0~ac2781dad306,psr:representation:v1-response-feature-schema-v2@1.0.0~e9db564d4b3b,psr:dataset-spec:v1-response-shared-sampling-inputs@1.0.0~23bb079da836,DIRECT_HISTORICAL_IDENTITY,UNSUPPORTED_BY_EVIDENCE,,Declared input family dose_history_and_assessment_inputs; exact historical information boundary unavailable.,psr:evaluation:v1-t1-public-only-diagnostics@1.0.0~60c57c4744de,UNSUPPORTED_BY_EVIDENCE,Native metric directions and structured EvaluationResults unavailable,histogram_boosted_stumps,UNSUPPORTED_BY_EVIDENCE,UNSUPPORTED_BY_EVIDENCE,[],[],[],,Historical fit/data/split seed values and seed types are not publicly available.,Historical train/selection/evaluation split identities and seeds are not publicly available.,Historical internal model-selection split identity and grain are not publicly available.,False,0,"UNSUPPORTED_BY_EVIDENCE: no public historical rows, splits, fitted models, or predictions",Historical raw rows/checkpoints/outputs are not publicly redistributed; access and row-level rights evidence unavailable,UNSUPPORTED_BY_EVIDENCE
observed_origin_referenced_capacity_change_forecasting@1.0.0,UNRESOLVED,OBSERVED_ORIGIN_REFERENCED_CAPACITY_CHANGE_FORECAST,psr:task:v1-t0-observed-origin-performance-change@1.0.0~6fedfb6051bb,psr:qoi:future-capacity-minus-noisy-origin-assessment@1.0.0~b7e407fe2b81,observed_origin_referenced_capacity_change,OBSERVED_ORIGIN_REFERENCED_CAPACITY_CHANGE,psr:world:v1-dose-memory-response-world@1.0.0~11b6f0033502,Synthetic capacity dynamics depend on training-dose history.,Historical world description is registry-backed; exact executable DGP and generated rows unavailable.,UNRESOLVED_BY_EVIDENCE,UNRESOLVED_DIRECT_ID,UNRESOLVED_BY_EVIDENCE,UNRESOLVED_DIRECT_ID,psr:observation-model:v1-performance-assessment-load-velocity@1.0.0~ac2781dad306,psr:representation:v1-response-feature-schema-v2@1.0.0~e9db564d4b3b,psr:dataset-spec:v1-response-shared-sampling-inputs@1.0.0~23bb079da836,DIRECT_HISTORICAL_IDENTITY,UNSUPPORTED_BY_EVIDENCE,,Declared input family dose_history_and_assessment_inputs; exact historical information boundary unavailable.,psr:evaluation:v1-t0-public-only-sre@1.0.0~2181dbc99f16,UNSUPPORTED_BY_EVIDENCE,SRE↓ only; other metric directions and structured EvaluationResults unavailable,public-native-temporal-expert,UNSUPPORTED_BY_EVIDENCE,UNSUPPORTED_BY_EVIDENCE,[],[],[],,Historical fit/data/split seed values and seed types are not publicly available.,Historical train/selection/evaluation split identities and seeds are not publicly available.,Historical internal model-selection split identity and grain are not publicly available.,False,0,"UNSUPPORTED_BY_EVIDENCE: no public historical rows, splits, fitted models, or predictions",Historical raw rows/checkpoints/outputs are not publicly redistributed; access and row-level rights evidence unavailable,UNSUPPORTED_BY_EVIDENCE
observed_origin_referenced_capacity_change_forecasting@1.0.0,UNRESOLVED,OBSERVED_ORIGIN_REFERENCED_CAPACITY_CHANGE_FORECAST,psr:task:v1-t0-observed-origin-performance-change@1.0.0~6fedfb6051bb,psr:qoi:future-capacity-minus-noisy-origin-assessment@1.0.0~b7e407fe2b81,observed_origin_referenced_capacity_change,OBSERVED_ORIGIN_REFERENCED_CAPACITY_CHANGE,psr:world:v1-dose-memory-response-world@1.0.0~11b6f0033502,Synthetic capacity dynamics depend on training-dose history.,Historical world description is registry-backed; exact executable DGP and generated rows unavailable.,UNRESOLVED_BY_EVIDENCE,UNRESOLVED_DIRECT_ID,UNRESOLVED_BY_EVIDENCE,UNRESOLVED_DIRECT_ID,psr:observation-model:v1-performance-assessment-load-velocity@1.0.0~ac2781dad306,psr:representation:v1-response-feature-schema-v2@1.0.0~e9db564d4b3b,psr:dataset-spec:v1-response-shared-sampling-inputs@1.0.0~23bb079da836,DIRECT_HISTORICAL_IDENTITY,UNSUPPORTED_BY_EVIDENCE,,Declared input family dose_history_and_assessment_inputs; exact historical information boundary unavailable.,psr:evaluation:v1-t0-public-only-sre@1.0.0~2181dbc99f16,UNSUPPORTED_BY_EVIDENCE,SRE↓ only; other metric directions and structured EvaluationResults unavailable,compact_neural,UNSUPPORTED_BY_EVIDENCE,UNSUPPORTED_BY_EVIDENCE,[],[],[],,Historical fit/data/split seed values and seed types are not publicly available.,Historical train/selection/evaluation split identities and seeds are not publicly available.,Historical internal model-selection split identity and grain are not publicly available.,False,0,"UNSUPPORTED_BY_EVIDENCE: no public historical rows, splits, fitted models, or predictions",Historical raw rows/checkpoints/outputs are not publicly redistributed; access and row-level rights evidence unavailable,UNSUPPORTED_BY_EVIDENCE
observed_origin_referenced_capacity_change_forecasting@1.0.0,UNRESOLVED,OBSERVED_ORIGIN_REFERENCED_CAPACITY_CHANGE_FORECAST,psr:task:v1-t0-observed-origin-performance-change@1.0.0~6fedfb6051bb,psr:qoi:future-capacity-minus-noisy-origin-assessment@1.0.0~b7e407fe2b81,observed_origin_referenced_capacity_change,OBSERVED_ORIGIN_REFERENCED_CAPACITY_CHANGE,psr:world:v1-dose-memory-response-world@1.0.0~11b6f0033502,Synthetic capacity dynamics depend on training-dose history.,Historical world description is registry-backed; exact executable DGP and generated rows unavailable.,UNRESOLVED_BY_EVIDENCE,UNRESOLVED_DIRECT_ID,UNRESOLVED_BY_EVIDENCE,UNRESOLVED_DIRECT_ID,psr:observation-model:v1-performance-assessment-load-velocity@1.0.0~ac2781dad306,psr:representation:v1-response-feature-schema-v2@1.0.0~e9db564d4b3b,psr:dataset-spec:v1-response-shared-sampling-inputs@1.0.0~23bb079da836,DIRECT_HISTORICAL_IDENTITY,UNSUPPORTED_BY_EVIDENCE,,Declared input family dose_history_and_assessment_inputs; exact historical information boundary unavailable.,psr:evaluation:v1-t0-public-only-sre@1.0.0~2181dbc99f16,UNSUPPORTED_BY_EVIDENCE,SRE↓ only; other metric directions and structured EvaluationResults unavailable,mechanistic_midpoint,UNSUPPORTED_BY_EVIDENCE,UNSUPPORTED_BY_EVIDENCE,[],[],[],,Historical fit/data/split seed values and seed types are not publicly available.,Historical train/selection/evaluation split identities and seeds are not publicly available.,Historical internal model-selection split identity and grain are not publicly available.,False,0,"UNSUPPORTED_BY_EVIDENCE: no public historical rows, splits, fitted models, or predictions",Historical raw rows/checkpoints/outputs are not publicly redistributed; access and row-level rights evidence unavailable,UNSUPPORTED_BY_EVIDENCE
observed_origin_referenced_capacity_change_forecasting@1.0.0,UNRESOLVED,OBSERVED_ORIGIN_REFERENCED_CAPACITY_CHANGE_FORECAST,psr:task:v1-t0-observed-origin-performance-change@1.0.0~6fedfb6051bb,psr:qoi:future-capacity-minus-noisy-origin-assessment@1.0.0~b7e407fe2b81,observed_origin_referenced_capacity_change,OBSERVED_ORIGIN_REFERENCED_CAPACITY_CHANGE,psr:world:v1-dose-memory-response-world@1.0.0~11b6f0033502,Synthetic capacity dynamics depend on training-dose history.,Historical world description is registry-backed; exact executable DGP and generated rows unavailable.,UNRESOLVED_BY_EVIDENCE,UNRESOLVED_DIRECT_ID,UNRESOLVED_BY_EVIDENCE,UNRESOLVED_DIRECT_ID,psr:observation-model:v1-performance-assessment-load-velocity@1.0.0~ac2781dad306,psr:representation:v1-response-feature-schema-v2@1.0.0~e9db564d4b3b,psr:dataset-spec:v1-response-shared-sampling-inputs@1.0.0~23bb079da836,DIRECT_HISTORICAL_IDENTITY,UNSUPPORTED_BY_EVIDENCE,,Declared input family dose_history_and_assessment_inputs; exact historical information boundary unavailable.,psr:evaluation:v1-t0-public-only-sre@1.0.0~2181dbc99f16,UNSUPPORTED_BY_EVIDENCE,SRE↓ only; other metric directions and structured EvaluationResults unavailable,mechanistic_ridge_residual,UNSUPPORTED_BY_EVIDENCE,UNSUPPORTED_BY_EVIDENCE,[],[],[],,Historical fit/data/split seed values and seed types are not publicly available.,Historical train/selection/evaluation split identities and seeds are not publicly available.,Historical internal model-selection split identity and grain are not publicly available.,False,0,"UNSUPPORTED_BY_EVIDENCE: no public historical rows, splits, fitted models, or predictions",Historical raw rows/checkpoints/outputs are not publicly redistributed; access and row-level rights evidence unavailable,UNSUPPORTED_BY_EVIDENCE
observed_origin_referenced_capacity_change_forecasting@1.0.0,UNRESOLVED,OBSERVED_ORIGIN_REFERENCED_CAPACITY_CHANGE_FORECAST,psr:task:v1-t0-observed-origin-performance-change@1.0.0~6fedfb6051bb,psr:qoi:future-capacity-minus-noisy-origin-assessment@1.0.0~b7e407fe2b81,observed_origin_referenced_capacity_change,OBSERVED_ORIGIN_REFERENCED_CAPACITY_CHANGE,psr:world:v1-dose-memory-response-world@1.0.0~11b6f0033502,Synthetic capacity dynamics depend on training-dose history.,Historical world description is registry-backed; exact executable DGP and generated rows unavailable.,UNRESOLVED_BY_EVIDENCE,UNRESOLVED_DIRECT_ID,UNRESOLVED_BY_EVIDENCE,UNRESOLVED_DIRECT_ID,psr:observation-model:v1-performance-assessment-load-velocity@1.0.0~ac2781dad306,psr:representation:v1-response-feature-schema-v2@1.0.0~e9db564d4b3b,psr:dataset-spec:v1-response-shared-sampling-inputs@1.0.0~23bb079da836,DIRECT_HISTORICAL_IDENTITY,UNSUPPORTED_BY_EVIDENCE,,Declared input family dose_history_and_assessment_inputs; exact historical information boundary unavailable.,psr:evaluation:v1-t0-public-only-sre@1.0.0~2181dbc99f16,UNSUPPORTED_BY_EVIDENCE,SRE↓ only; other metric directions and structured EvaluationResults unavailable,context_mean,UNSUPPORTED_BY_EVIDENCE,UNSUPPORTED_BY_EVIDENCE,[],[],[],,Historical fit/data/split seed values and seed types are not publicly available.,Historical train/selection/evaluation split identities and seeds are not publicly available.,Historical internal model-selection split identity and grain are not publicly available.,False,0,"UNSUPPORTED_BY_EVIDENCE: no public historical rows, splits, fitted models, or predictions",Historical raw rows/checkpoints/outputs are not publicly redistributed; access and row-level rights evidence unavailable,UNSUPPORTED_BY_EVIDENCE
observed_origin_referenced_capacity_change_forecasting@1.0.0,UNRESOLVED,OBSERVED_ORIGIN_REFERENCED_CAPACITY_CHANGE_FORECAST,psr:task:v1-t0-observed-origin-performance-change@1.0.0~6fedfb6051bb,psr:qoi:future-capacity-minus-noisy-origin-assessment@1.0.0~b7e407fe2b81,observed_origin_referenced_capacity_change,OBSERVED_ORIGIN_REFERENCED_CAPACITY_CHANGE,psr:world:v1-dose-memory-response-world@1.0.0~11b6f0033502,Synthetic capacity dynamics depend on training-dose history.,Historical world description is registry-backed; exact executable DGP and generated rows unavailable.,UNRESOLVED_BY_EVIDENCE,UNRESOLVED_DIRECT_ID,UNRESOLVED_BY_EVIDENCE,UNRESOLVED_DIRECT_ID,psr:observation-model:v1-performance-assessment-load-velocity@1.0.0~ac2781dad306,psr:representation:v1-response-feature-schema-v2@1.0.0~e9db564d4b3b,psr:dataset-spec:v1-response-shared-sampling-inputs@1.0.0~23bb079da836,DIRECT_HISTORICAL_IDENTITY,UNSUPPORTED_BY_EVIDENCE,,Declared input family dose_history_and_assessment_inputs; exact historical information boundary unavailable.,psr:evaluation:v1-t0-public-only-sre@1.0.0~2181dbc99f16,UNSUPPORTED_BY_EVIDENCE,SRE↓ only; other metric directions and structured EvaluationResults unavailable,ridge,UNSUPPORTED_BY_EVIDENCE,UNSUPPORTED_BY_EVIDENCE,[],[],[],,Historical fit/data/split seed values and seed types are not publicly available.,Historical train/selection/evaluation split identities and seeds are not publicly available.,Historical internal model-selection split identity and grain are not publicly available.,False,0,"UNSUPPORTED_BY_EVIDENCE: no public historical rows, splits, fitted models, or predictions",Historical raw rows/checkpoints/outputs are not publicly redistributed; access and row-level rights evidence unavailable,UNSUPPORTED_BY_EVIDENCE
observed_origin_referenced_capacity_change_forecasting@1.0.0,UNRESOLVED,OBSERVED_ORIGIN_REFERENCED_CAPACITY_CHANGE_FORECAST,psr:task:v1-t0-observed-origin-performance-change@1.0.0~6fedfb6051bb,psr:qoi:future-capacity-minus-noisy-origin-assessment@1.0.0~b7e407fe2b81,observed_origin_referenced_capacity_change,OBSERVED_ORIGIN_REFERENCED_CAPACITY_CHANGE,psr:world:v1-dose-memory-response-world@1.0.0~11b6f0033502,Synthetic capacity dynamics depend on training-dose history.,Historical world description is registry-backed; exact executable DGP and generated rows unavailable.,UNRESOLVED_BY_EVIDENCE,UNRESOLVED_DIRECT_ID,UNRESOLVED_BY_EVIDENCE,UNRESOLVED_DIRECT_ID,psr:observation-model:v1-performance-assessment-load-velocity@1.0.0~ac2781dad306,psr:representation:v1-response-feature-schema-v2@1.0.0~e9db564d4b3b,psr:dataset-spec:v1-response-shared-sampling-inputs@1.0.0~23bb079da836,DIRECT_HISTORICAL_IDENTITY,UNSUPPORTED_BY_EVIDENCE,,Declared input family dose_history_and_assessment_inputs; exact historical information boundary unavailable.,psr:evaluation:v1-t0-public-only-sre@1.0.0~2181dbc99f16,UNSUPPORTED_BY_EVIDENCE,SRE↓ only; other metric directions and structured EvaluationResults unavailable,histogram_boosted_stumps,UNSUPPORTED_BY_EVIDENCE,UNSUPPORTED_BY_EVIDENCE,[],[],[],,Historical fit/data/split seed values and seed types are not publicly available.,Historical train/selection/evaluation split identities and seeds are not publicly available.,Historical internal model-selection split identity and grain are not publicly available.,False,0,"UNSUPPORTED_BY_EVIDENCE: no public historical rows, splits, fitted models, or predictions",Historical raw rows/checkpoints/outputs are not publicly redistributed; access and row-level rights evidence unavailable,UNSUPPORTED_BY_EVIDENCE
performance_forecasting_under_schedule_exposure_reporting_heterogeneity@1.0.0,UNRESOLVED,FOUR_TARGET_25_DAY_PERFORMANCE_FORECAST,psr:task:four-25-day-athlete-state-outputs@1.0.0~9a575a70b41e,psr:qoi:four-target-p1-p2-p4-p5@1.0.0~1ded2f48e4a3,four_load_velocity_and_competition_performance_targets,MULTI_OUTPUT_OTHER,psr:world:c22-heterogeneous-schedule-exposure-world@1.0.0~55a292e3b1c6,The historical specimen's specific athlete-state transition law is not characterized.,Historical world description is registry-backed; exact executable DGP and generated rows unavailable.,UNRESOLVED_BY_EVIDENCE,UNRESOLVED_DIRECT_ID,UNRESOLVED_BY_EVIDENCE,UNRESOLVED_DIRECT_ID,psr:observation-model:c22-schedule-reporting-observation@1.0.0~c624f7e4e737,psr:representation:c21-c22-temporal-interface@1.0.0~ee6b1d7aace1,psr:dataset-spec:pl-c22-schedule-exposure-sampling-design@1.0.0~6fcc1c11df19,DIRECT_HISTORICAL_IDENTITY,UNSUPPORTED_BY_EVIDENCE,,Declared input family four_target_temporal_inputs; exact historical information boundary unavailable.,psr:evaluation:c21-c22-four-target-release-contract@1.0.0~a17c43781876,UNSUPPORTED_BY_EVIDENCE,Native metric directions and structured EvaluationResults unavailable,public-native-temporal-expert,UNSUPPORTED_BY_EVIDENCE,UNSUPPORTED_BY_EVIDENCE,[],[],[],,Historical fit/data/split seed values and seed types are not publicly available.,Historical train/selection/evaluation split identities and seeds are not publicly available.,Historical internal model-selection split identity and grain are not publicly available.,False,0,"UNSUPPORTED_BY_EVIDENCE: no public historical rows, splits, fitted models, or predictions",Historical raw rows/checkpoints/outputs are not publicly redistributed; access and row-level rights evidence unavailable,UNSUPPORTED_BY_EVIDENCE
performance_forecasting_under_schedule_exposure_reporting_heterogeneity@1.0.0,UNRESOLVED,FOUR_TARGET_25_DAY_PERFORMANCE_FORECAST,psr:task:four-25-day-athlete-state-outputs@1.0.0~9a575a70b41e,psr:qoi:four-target-p1-p2-p4-p5@1.0.0~1ded2f48e4a3,four_load_velocity_and_competition_performance_targets,MULTI_OUTPUT_OTHER,psr:world:c22-heterogeneous-schedule-exposure-world@1.0.0~55a292e3b1c6,The historical specimen's specific athlete-state transition law is not characterized.,Historical world description is registry-backed; exact executable DGP and generated rows unavailable.,UNRESOLVED_BY_EVIDENCE,UNRESOLVED_DIRECT_ID,UNRESOLVED_BY_EVIDENCE,UNRESOLVED_DIRECT_ID,psr:observation-model:c22-schedule-reporting-observation@1.0.0~c624f7e4e737,psr:representation:c21-c22-temporal-interface@1.0.0~ee6b1d7aace1,psr:dataset-spec:pl-c22-schedule-exposure-sampling-design@1.0.0~6fcc1c11df19,DIRECT_HISTORICAL_IDENTITY,UNSUPPORTED_BY_EVIDENCE,,Declared input family four_target_temporal_inputs; exact historical information boundary unavailable.,psr:evaluation:c21-c22-four-target-release-contract@1.0.0~a17c43781876,UNSUPPORTED_BY_EVIDENCE,Native metric directions and structured EvaluationResults unavailable,compact_neural,UNSUPPORTED_BY_EVIDENCE,UNSUPPORTED_BY_EVIDENCE,[],[],[],,Historical fit/data/split seed values and seed types are not publicly available.,Historical train/selection/evaluation split identities and seeds are not publicly available.,Historical internal model-selection split identity and grain are not publicly available.,False,0,"UNSUPPORTED_BY_EVIDENCE: no public historical rows, splits, fitted models, or predictions",Historical raw rows/checkpoints/outputs are not publicly redistributed; access and row-level rights evidence unavailable,UNSUPPORTED_BY_EVIDENCE
performance_forecasting_under_schedule_exposure_reporting_heterogeneity@1.0.0,UNRESOLVED,FOUR_TARGET_25_DAY_PERFORMANCE_FORECAST,psr:task:four-25-day-athlete-state-outputs@1.0.0~9a575a70b41e,psr:qoi:four-target-p1-p2-p4-p5@1.0.0~1ded2f48e4a3,four_load_velocity_and_competition_performance_targets,MULTI_OUTPUT_OTHER,psr:world:c22-heterogeneous-schedule-exposure-world@1.0.0~55a292e3b1c6,The historical specimen's specific athlete-state transition law is not characterized.,Historical world description is registry-backed; exact executable DGP and generated rows unavailable.,UNRESOLVED_BY_EVIDENCE,UNRESOLVED_DIRECT_ID,UNRESOLVED_BY_EVIDENCE,UNRESOLVED_DIRECT_ID,psr:observation-model:c22-schedule-reporting-observation@1.0.0~c624f7e4e737,psr:representation:c21-c22-temporal-interface@1.0.0~ee6b1d7aace1,psr:dataset-spec:pl-c22-schedule-exposure-sampling-design@1.0.0~6fcc1c11df19,DIRECT_HISTORICAL_IDENTITY,UNSUPPORTED_BY_EVIDENCE,,Declared input family four_target_temporal_inputs; exact historical information boundary unavailable.,psr:evaluation:c21-c22-four-target-release-contract@1.0.0~a17c43781876,UNSUPPORTED_BY_EVIDENCE,Native metric directions and structured EvaluationResults unavailable,mechanistic_midpoint,UNSUPPORTED_BY_EVIDENCE,UNSUPPORTED_BY_EVIDENCE,[],[],[],,Historical fit/data/split seed values and seed types are not publicly available.,Historical train/selection/evaluation split identities and seeds are not publicly available.,Historical internal model-selection split identity and grain are not publicly available.,False,0,"UNSUPPORTED_BY_EVIDENCE: no public historical rows, splits, fitted models, or predictions",Historical raw rows/checkpoints/outputs are not publicly redistributed; access and row-level rights evidence unavailable,UNSUPPORTED_BY_EVIDENCE
performance_forecasting_under_schedule_exposure_reporting_heterogeneity@1.0.0,UNRESOLVED,FOUR_TARGET_25_DAY_PERFORMANCE_FORECAST,psr:task:four-25-day-athlete-state-outputs@1.0.0~9a575a70b41e,psr:qoi:four-target-p1-p2-p4-p5@1.0.0~1ded2f48e4a3,four_load_velocity_and_competition_performance_targets,MULTI_OUTPUT_OTHER,psr:world:c22-heterogeneous-schedule-exposure-world@1.0.0~55a292e3b1c6,The historical specimen's specific athlete-state transition law is not characterized.,Historical world description is registry-backed; exact executable DGP and generated rows unavailable.,UNRESOLVED_BY_EVIDENCE,UNRESOLVED_DIRECT_ID,UNRESOLVED_BY_EVIDENCE,UNRESOLVED_DIRECT_ID,psr:observation-model:c22-schedule-reporting-observation@1.0.0~c624f7e4e737,psr:representation:c21-c22-temporal-interface@1.0.0~ee6b1d7aace1,psr:dataset-spec:pl-c22-schedule-exposure-sampling-design@1.0.0~6fcc1c11df19,DIRECT_HISTORICAL_IDENTITY,UNSUPPORTED_BY_EVIDENCE,,Declared input family four_target_temporal_inputs; exact historical information boundary unavailable.,psr:evaluation:c21-c22-four-target-release-contract@1.0.0~a17c43781876,UNSUPPORTED_BY_EVIDENCE,Native metric directions and structured EvaluationResults unavailable,mechanistic_ridge_residual,UNSUPPORTED_BY_EVIDENCE,UNSUPPORTED_BY_EVIDENCE,[],[],[],,Historical fit/data/split seed values and seed types are not publicly available.,Historical train/selection/evaluation split identities and seeds are not publicly available.,Historical internal model-selection split identity and grain are not publicly available.,False,0,"UNSUPPORTED_BY_EVIDENCE: no public historical rows, splits, fitted models, or predictions",Historical raw rows/checkpoints/outputs are not publicly redistributed; access and row-level rights evidence unavailable,UNSUPPORTED_BY_EVIDENCE
performance_forecasting_under_schedule_exposure_reporting_heterogeneity@1.0.0,UNRESOLVED,FOUR_TARGET_25_DAY_PERFORMANCE_FORECAST,psr:task:four-25-day-athlete-state-outputs@1.0.0~9a575a70b41e,psr:qoi:four-target-p1-p2-p4-p5@1.0.0~1ded2f48e4a3,four_load_velocity_and_competition_performance_targets,MULTI_OUTPUT_OTHER,psr:world:c22-heterogeneous-schedule-exposure-world@1.0.0~55a292e3b1c6,The historical specimen's specific athlete-state transition law is not characterized.,Historical world description is registry-backed; exact executable DGP and generated rows unavailable.,UNRESOLVED_BY_EVIDENCE,UNRESOLVED_DIRECT_ID,UNRESOLVED_BY_EVIDENCE,UNRESOLVED_DIRECT_ID,psr:observation-model:c22-schedule-reporting-observation@1.0.0~c624f7e4e737,psr:representation:c21-c22-temporal-interface@1.0.0~ee6b1d7aace1,psr:dataset-spec:pl-c22-schedule-exposure-sampling-design@1.0.0~6fcc1c11df19,DIRECT_HISTORICAL_IDENTITY,UNSUPPORTED_BY_EVIDENCE,,Declared input family four_target_temporal_inputs; exact historical information boundary unavailable.,psr:evaluation:c21-c22-four-target-release-contract@1.0.0~a17c43781876,UNSUPPORTED_BY_EVIDENCE,Native metric directions and structured EvaluationResults unavailable,context_mean,UNSUPPORTED_BY_EVIDENCE,UNSUPPORTED_BY_EVIDENCE,[],[],[],,Historical fit/data/split seed values and seed types are not publicly available.,Historical train/selection/evaluation split identities and seeds are not publicly available.,Historical internal model-selection split identity and grain are not publicly available.,False,0,"UNSUPPORTED_BY_EVIDENCE: no public historical rows, splits, fitted models, or predictions",Historical raw rows/checkpoints/outputs are not publicly redistributed; access and row-level rights evidence unavailable,UNSUPPORTED_BY_EVIDENCE
performance_forecasting_under_schedule_exposure_reporting_heterogeneity@1.0.0,UNRESOLVED,FOUR_TARGET_25_DAY_PERFORMANCE_FORECAST,psr:task:four-25-day-athlete-state-outputs@1.0.0~9a575a70b41e,psr:qoi:four-target-p1-p2-p4-p5@1.0.0~1ded2f48e4a3,four_load_velocity_and_competition_performance_targets,MULTI_OUTPUT_OTHER,psr:world:c22-heterogeneous-schedule-exposure-world@1.0.0~55a292e3b1c6,The historical specimen's specific athlete-state transition law is not characterized.,Historical world description is registry-backed; exact executable DGP and generated rows unavailable.,UNRESOLVED_BY_EVIDENCE,UNRESOLVED_DIRECT_ID,UNRESOLVED_BY_EVIDENCE,UNRESOLVED_DIRECT_ID,psr:observation-model:c22-schedule-reporting-observation@1.0.0~c624f7e4e737,psr:representation:c21-c22-temporal-interface@1.0.0~ee6b1d7aace1,psr:dataset-spec:pl-c22-schedule-exposure-sampling-design@1.0.0~6fcc1c11df19,DIRECT_HISTORICAL_IDENTITY,UNSUPPORTED_BY_EVIDENCE,,Declared input family four_target_temporal_inputs; exact historical information boundary unavailable.,psr:evaluation:c21-c22-four-target-release-contract@1.0.0~a17c43781876,UNSUPPORTED_BY_EVIDENCE,Native metric directions and structured EvaluationResults unavailable,ridge,UNSUPPORTED_BY_EVIDENCE,UNSUPPORTED_BY_EVIDENCE,[],[],[],,Historical fit/data/split seed values and seed types are not publicly available.,Historical train/selection/evaluation split identities and seeds are not publicly available.,Historical internal model-selection split identity and grain are not publicly available.,False,0,"UNSUPPORTED_BY_EVIDENCE: no public historical rows, splits, fitted models, or predictions",Historical raw rows/checkpoints/outputs are not publicly redistributed; access and row-level rights evidence unavailable,UNSUPPORTED_BY_EVIDENCE
performance_forecasting_under_schedule_exposure_reporting_heterogeneity@1.0.0,UNRESOLVED,FOUR_TARGET_25_DAY_PERFORMANCE_FORECAST,psr:task:four-25-day-athlete-state-outputs@1.0.0~9a575a70b41e,psr:qoi:four-target-p1-p2-p4-p5@1.0.0~1ded2f48e4a3,four_load_velocity_and_competition_performance_targets,MULTI_OUTPUT_OTHER,psr:world:c22-heterogeneous-schedule-exposure-world@1.0.0~55a292e3b1c6,The historical specimen's specific athlete-state transition law is not characterized.,Historical world description is registry-backed; exact executable DGP and generated rows unavailable.,UNRESOLVED_BY_EVIDENCE,UNRESOLVED_DIRECT_ID,UNRESOLVED_BY_EVIDENCE,UNRESOLVED_DIRECT_ID,psr:observation-model:c22-schedule-reporting-observation@1.0.0~c624f7e4e737,psr:representation:c21-c22-temporal-interface@1.0.0~ee6b1d7aace1,psr:dataset-spec:pl-c22-schedule-exposure-sampling-design@1.0.0~6fcc1c11df19,DIRECT_HISTORICAL_IDENTITY,UNSUPPORTED_BY_EVIDENCE,,Declared input family four_target_temporal_inputs; exact historical information boundary unavailable.,psr:evaluation:c21-c22-four-target-release-contract@1.0.0~a17c43781876,UNSUPPORTED_BY_EVIDENCE,Native metric directions and structured EvaluationResults unavailable,histogram_boosted_stumps,UNSUPPORTED_BY_EVIDENCE,UNSUPPORTED_BY_EVIDENCE,[],[],[],,Historical fit/data/split seed values and seed types are not publicly available.,Historical train/selection/evaluation split identities and seeds are not publicly available.,Historical internal model-selection split identity and grain are not publicly available.,False,0,"UNSUPPORTED_BY_EVIDENCE: no public historical rows, splits, fitted models, or predictions",Historical raw rows/checkpoints/outputs are not publicly redistributed; access and row-level rights evidence unavailable,UNSUPPORTED_BY_EVIDENCE
seasonal_five_target_load_velocity_performance_forecasting@1.0.0,UNRESOLVED,MULTI_OUTPUT_SEASONAL_PERFORMANCE_FORECAST,psr:task:five-seasonal-powerlifting-outputs@1.0.0~cc696be87ed4,psr:qoi:legacy-five-target-set@1.0.0~d0a410b2edfc,seasonal_five_target_performance_outputs,MULTI_OUTPUT_OTHER,psr:world:early-seasonal-capacity-load-velocity-world@1.0.0~168dadf66c15,The historical specimen's specific latent-state transition law is not characterized.,Historical world description is registry-backed; exact executable DGP and generated rows unavailable.,UNRESOLVED_BY_EVIDENCE,UNRESOLVED_DIRECT_ID,UNRESOLVED_BY_EVIDENCE,UNRESOLVED_DIRECT_ID,psr:observation-model:legacy-multi-channel-field-observation@1.0.0~4c95cbb9d46a,psr:representation:published-legacy-tables@1.0.0~467ad9987e65,psr:dataset-spec:pl-legacy-capacity-early-sampling-design@1.0.0~200b45f1c717,DIRECT_HISTORICAL_IDENTITY,UNSUPPORTED_BY_EVIDENCE,,Declared input family seasonal_public_table_inputs; exact historical information boundary unavailable.,psr:evaluation:legacy-prediction-physical-consistency-blend@1.0.0~a67b640c37ae,UNSUPPORTED_BY_EVIDENCE,Native metric directions and structured EvaluationResults unavailable,public-native-temporal-expert,UNSUPPORTED_BY_EVIDENCE,UNSUPPORTED_BY_EVIDENCE,[],[],[],,Historical fit/data/split seed values and seed types are not publicly available.,Historical train/selection/evaluation split identities and seeds are not publicly available.,Historical internal model-selection split identity and grain are not publicly available.,False,0,"UNSUPPORTED_BY_EVIDENCE: no public historical rows, splits, fitted models, or predictions",Historical raw rows/checkpoints/outputs are not publicly redistributed; access and row-level rights evidence unavailable,UNSUPPORTED_BY_EVIDENCE
seasonal_five_target_load_velocity_performance_forecasting@1.0.0,UNRESOLVED,MULTI_OUTPUT_SEASONAL_PERFORMANCE_FORECAST,psr:task:five-seasonal-powerlifting-outputs@1.0.0~cc696be87ed4,psr:qoi:legacy-five-target-set@1.0.0~d0a410b2edfc,seasonal_five_target_performance_outputs,MULTI_OUTPUT_OTHER,psr:world:early-seasonal-capacity-load-velocity-world@1.0.0~168dadf66c15,The historical specimen's specific latent-state transition law is not characterized.,Historical world description is registry-backed; exact executable DGP and generated rows unavailable.,UNRESOLVED_BY_EVIDENCE,UNRESOLVED_DIRECT_ID,UNRESOLVED_BY_EVIDENCE,UNRESOLVED_DIRECT_ID,psr:observation-model:legacy-multi-channel-field-observation@1.0.0~4c95cbb9d46a,psr:representation:published-legacy-tables@1.0.0~467ad9987e65,psr:dataset-spec:pl-legacy-capacity-early-sampling-design@1.0.0~200b45f1c717,DIRECT_HISTORICAL_IDENTITY,UNSUPPORTED_BY_EVIDENCE,,Declared input family seasonal_public_table_inputs; exact historical information boundary unavailable.,psr:evaluation:legacy-prediction-physical-consistency-blend@1.0.0~a67b640c37ae,UNSUPPORTED_BY_EVIDENCE,Native metric directions and structured EvaluationResults unavailable,compact_neural,UNSUPPORTED_BY_EVIDENCE,UNSUPPORTED_BY_EVIDENCE,[],[],[],,Historical fit/data/split seed values and seed types are not publicly available.,Historical train/selection/evaluation split identities and seeds are not publicly available.,Historical internal model-selection split identity and grain are not publicly available.,False,0,"UNSUPPORTED_BY_EVIDENCE: no public historical rows, splits, fitted models, or predictions",Historical raw rows/checkpoints/outputs are not publicly redistributed; access and row-level rights evidence unavailable,UNSUPPORTED_BY_EVIDENCE
seasonal_five_target_load_velocity_performance_forecasting@1.0.0,UNRESOLVED,MULTI_OUTPUT_SEASONAL_PERFORMANCE_FORECAST,psr:task:five-seasonal-powerlifting-outputs@1.0.0~cc696be87ed4,psr:qoi:legacy-five-target-set@1.0.0~d0a410b2edfc,seasonal_five_target_performance_outputs,MULTI_OUTPUT_OTHER,psr:world:early-seasonal-capacity-load-velocity-world@1.0.0~168dadf66c15,The historical specimen's specific latent-state transition law is not characterized.,Historical world description is registry-backed; exact executable DGP and generated rows unavailable.,UNRESOLVED_BY_EVIDENCE,UNRESOLVED_DIRECT_ID,UNRESOLVED_BY_EVIDENCE,UNRESOLVED_DIRECT_ID,psr:observation-model:legacy-multi-channel-field-observation@1.0.0~4c95cbb9d46a,psr:representation:published-legacy-tables@1.0.0~467ad9987e65,psr:dataset-spec:pl-legacy-capacity-early-sampling-design@1.0.0~200b45f1c717,DIRECT_HISTORICAL_IDENTITY,UNSUPPORTED_BY_EVIDENCE,,Declared input family seasonal_public_table_inputs; exact historical information boundary unavailable.,psr:evaluation:legacy-prediction-physical-consistency-blend@1.0.0~a67b640c37ae,UNSUPPORTED_BY_EVIDENCE,Native metric directions and structured EvaluationResults unavailable,mechanistic_midpoint,UNSUPPORTED_BY_EVIDENCE,UNSUPPORTED_BY_EVIDENCE,[],[],[],,Historical fit/data/split seed values and seed types are not publicly available.,Historical train/selection/evaluation split identities and seeds are not publicly available.,Historical internal model-selection split identity and grain are not publicly available.,False,0,"UNSUPPORTED_BY_EVIDENCE: no public historical rows, splits, fitted models, or predictions",Historical raw rows/checkpoints/outputs are not publicly redistributed; access and row-level rights evidence unavailable,UNSUPPORTED_BY_EVIDENCE
seasonal_five_target_load_velocity_performance_forecasting@1.0.0,UNRESOLVED,MULTI_OUTPUT_SEASONAL_PERFORMANCE_FORECAST,psr:task:five-seasonal-powerlifting-outputs@1.0.0~cc696be87ed4,psr:qoi:legacy-five-target-set@1.0.0~d0a410b2edfc,seasonal_five_target_performance_outputs,MULTI_OUTPUT_OTHER,psr:world:early-seasonal-capacity-load-velocity-world@1.0.0~168dadf66c15,The historical specimen's specific latent-state transition law is not characterized.,Historical world description is registry-backed; exact executable DGP and generated rows unavailable.,UNRESOLVED_BY_EVIDENCE,UNRESOLVED_DIRECT_ID,UNRESOLVED_BY_EVIDENCE,UNRESOLVED_DIRECT_ID,psr:observation-model:legacy-multi-channel-field-observation@1.0.0~4c95cbb9d46a,psr:representation:published-legacy-tables@1.0.0~467ad9987e65,psr:dataset-spec:pl-legacy-capacity-early-sampling-design@1.0.0~200b45f1c717,DIRECT_HISTORICAL_IDENTITY,UNSUPPORTED_BY_EVIDENCE,,Declared input family seasonal_public_table_inputs; exact historical information boundary unavailable.,psr:evaluation:legacy-prediction-physical-consistency-blend@1.0.0~a67b640c37ae,UNSUPPORTED_BY_EVIDENCE,Native metric directions and structured EvaluationResults unavailable,mechanistic_ridge_residual,UNSUPPORTED_BY_EVIDENCE,UNSUPPORTED_BY_EVIDENCE,[],[],[],,Historical fit/data/split seed values and seed types are not publicly available.,Historical train/selection/evaluation split identities and seeds are not publicly available.,Historical internal model-selection split identity and grain are not publicly available.,False,0,"UNSUPPORTED_BY_EVIDENCE: no public historical rows, splits, fitted models, or predictions",Historical raw rows/checkpoints/outputs are not publicly redistributed; access and row-level rights evidence unavailable,UNSUPPORTED_BY_EVIDENCE
seasonal_five_target_load_velocity_performance_forecasting@1.0.0,UNRESOLVED,MULTI_OUTPUT_SEASONAL_PERFORMANCE_FORECAST,psr:task:five-seasonal-powerlifting-outputs@1.0.0~cc696be87ed4,psr:qoi:legacy-five-target-set@1.0.0~d0a410b2edfc,seasonal_five_target_performance_outputs,MULTI_OUTPUT_OTHER,psr:world:early-seasonal-capacity-load-velocity-world@1.0.0~168dadf66c15,The historical specimen's specific latent-state transition law is not characterized.,Historical world description is registry-backed; exact executable DGP and generated rows unavailable.,UNRESOLVED_BY_EVIDENCE,UNRESOLVED_DIRECT_ID,UNRESOLVED_BY_EVIDENCE,UNRESOLVED_DIRECT_ID,psr:observation-model:legacy-multi-channel-field-observation@1.0.0~4c95cbb9d46a,psr:representation:published-legacy-tables@1.0.0~467ad9987e65,psr:dataset-spec:pl-legacy-capacity-early-sampling-design@1.0.0~200b45f1c717,DIRECT_HISTORICAL_IDENTITY,UNSUPPORTED_BY_EVIDENCE,,Declared input family seasonal_public_table_inputs; exact historical information boundary unavailable.,psr:evaluation:legacy-prediction-physical-consistency-blend@1.0.0~a67b640c37ae,UNSUPPORTED_BY_EVIDENCE,Native metric directions and structured EvaluationResults unavailable,context_mean,UNSUPPORTED_BY_EVIDENCE,UNSUPPORTED_BY_EVIDENCE,[],[],[],,Historical fit/data/split seed values and seed types are not publicly available.,Historical train/selection/evaluation split identities and seeds are not publicly available.,Historical internal model-selection split identity and grain are not publicly available.,False,0,"UNSUPPORTED_BY_EVIDENCE: no public historical rows, splits, fitted models, or predictions",Historical raw rows/checkpoints/outputs are not publicly redistributed; access and row-level rights evidence unavailable,UNSUPPORTED_BY_EVIDENCE
seasonal_five_target_load_velocity_performance_forecasting@1.0.0,UNRESOLVED,MULTI_OUTPUT_SEASONAL_PERFORMANCE_FORECAST,psr:task:five-seasonal-powerlifting-outputs@1.0.0~cc696be87ed4,psr:qoi:legacy-five-target-set@1.0.0~d0a410b2edfc,seasonal_five_target_performance_outputs,MULTI_OUTPUT_OTHER,psr:world:early-seasonal-capacity-load-velocity-world@1.0.0~168dadf66c15,The historical specimen's specific latent-state transition law is not characterized.,Historical world description is registry-backed; exact executable DGP and generated rows unavailable.,UNRESOLVED_BY_EVIDENCE,UNRESOLVED_DIRECT_ID,UNRESOLVED_BY_EVIDENCE,UNRESOLVED_DIRECT_ID,psr:observation-model:legacy-multi-channel-field-observation@1.0.0~4c95cbb9d46a,psr:representation:published-legacy-tables@1.0.0~467ad9987e65,psr:dataset-spec:pl-legacy-capacity-early-sampling-design@1.0.0~200b45f1c717,DIRECT_HISTORICAL_IDENTITY,UNSUPPORTED_BY_EVIDENCE,,Declared input family seasonal_public_table_inputs; exact historical information boundary unavailable.,psr:evaluation:legacy-prediction-physical-consistency-blend@1.0.0~a67b640c37ae,UNSUPPORTED_BY_EVIDENCE,Native metric directions and structured EvaluationResults unavailable,ridge,UNSUPPORTED_BY_EVIDENCE,UNSUPPORTED_BY_EVIDENCE,[],[],[],,Historical fit/data/split seed values and seed types are not publicly available.,Historical train/selection/evaluation split identities and seeds are not publicly available.,Historical internal model-selection split identity and grain are not publicly available.,False,0,"UNSUPPORTED_BY_EVIDENCE: no public historical rows, splits, fitted models, or predictions",Historical raw rows/checkpoints/outputs are not publicly redistributed; access and row-level rights evidence unavailable,UNSUPPORTED_BY_EVIDENCE
seasonal_five_target_load_velocity_performance_forecasting@1.0.0,UNRESOLVED,MULTI_OUTPUT_SEASONAL_PERFORMANCE_FORECAST,psr:task:five-seasonal-powerlifting-outputs@1.0.0~cc696be87ed4,psr:qoi:legacy-five-target-set@1.0.0~d0a410b2edfc,seasonal_five_target_performance_outputs,MULTI_OUTPUT_OTHER,psr:world:early-seasonal-capacity-load-velocity-world@1.0.0~168dadf66c15,The historical specimen's specific latent-state transition law is not characterized.,Historical world description is registry-backed; exact executable DGP and generated rows unavailable.,UNRESOLVED_BY_EVIDENCE,UNRESOLVED_DIRECT_ID,UNRESOLVED_BY_EVIDENCE,UNRESOLVED_DIRECT_ID,psr:observation-model:legacy-multi-channel-field-observation@1.0.0~4c95cbb9d46a,psr:representation:published-legacy-tables@1.0.0~467ad9987e65,psr:dataset-spec:pl-legacy-capacity-early-sampling-design@1.0.0~200b45f1c717,DIRECT_HISTORICAL_IDENTITY,UNSUPPORTED_BY_EVIDENCE,,Declared input family seasonal_public_table_inputs; exact historical information boundary unavailable.,psr:evaluation:legacy-prediction-physical-consistency-blend@1.0.0~a67b640c37ae,UNSUPPORTED_BY_EVIDENCE,Native metric directions and structured EvaluationResults unavailable,histogram_boosted_stumps,UNSUPPORTED_BY_EVIDENCE,UNSUPPORTED_BY_EVIDENCE,[],[],[],,Historical fit/data/split seed values and seed types are not publicly available.,Historical train/selection/evaluation split identities and seeds are not publicly available.,Historical internal model-selection split identity and grain are not publicly available.,False,0,"UNSUPPORTED_BY_EVIDENCE: no public historical rows, splits, fitted models, or predictions",Historical raw rows/checkpoints/outputs are not publicly redistributed; access and row-level rights evidence unavailable,UNSUPPORTED_BY_EVIDENCE
