benchmark_version,axis_slug,profile_status_before_res281,profile_status_reason_before_res281,res281_attack_state_counts,res281_attack_states_by_contract,res281_direct_axis_states,evidence_refs,missing_evidence
class_normalized_cross_lift_five_target_performance_forecasting@1.0.0,domain_faithfulness,UNSUPPORTED_BY_EVIDENCE,The public historical record does not contain the executable evidence needed to run this diagnostic.,"{""FAIL"":0,""INCONCLUSIVE"":0,""NOT_APPLICABLE"":0,""NOT_RUN"":0,""PASS"":0,""UNSUPPORTED_BY_EVIDENCE"":0}",{},{},"[""artifacts/registries/benchmark-registry.json"",""docs/benchmarks/class-normalized-cross-lift-five-target-performance-forecasting.md"",""src/powerlifting_state_research/provenance/historical_sources.py""]","[""Public row-level realization, executable audit adapter, and matching model/evaluation artifacts are not available for this historical version.""]"
class_normalized_cross_lift_five_target_performance_forecasting@1.0.0,reproducibility,UNSUPPORTED_BY_EVIDENCE,The public historical record does not contain the executable evidence needed to run this diagnostic.,"{""FAIL"":0,""INCONCLUSIVE"":0,""NOT_APPLICABLE"":0,""NOT_RUN"":0,""PASS"":0,""UNSUPPORTED_BY_EVIDENCE"":0}",{},{},"[""artifacts/registries/benchmark-registry.json"",""docs/benchmarks/class-normalized-cross-lift-five-target-performance-forecasting.md"",""src/powerlifting_state_research/provenance/historical_sources.py""]","[""Public row-level realization, executable audit adapter, and matching model/evaluation artifacts are not available for this historical version.""]"
class_normalized_cross_lift_five_target_performance_forecasting@1.0.0,leakage_shortcut_susceptibility,UNSUPPORTED_BY_EVIDENCE,The public historical record does not contain the executable evidence needed to run this diagnostic.,"{""FAIL"":0,""INCONCLUSIVE"":0,""NOT_APPLICABLE"":1,""NOT_RUN"":0,""PASS"":0,""UNSUPPORTED_BY_EVIDENCE"":3}","{""participant_input_leakage@1.0.0"":""UNSUPPORTED_BY_EVIDENCE"",""shortcut_feature_dependence@1.0.0"":""NOT_APPLICABLE"",""target_identity_contamination@1.0.0"":""UNSUPPORTED_BY_EVIDENCE"",""temporal_history_disruption@1.0.0"":""UNSUPPORTED_BY_EVIDENCE""}",{},"[""artifacts/registries/attack-contract-registry.json"",""artifacts/registries/benchmark-registry.json"",""docs/benchmarks/class-normalized-cross-lift-five-target-performance-forecasting.md"",""src/powerlifting_state_research/provenance/historical_sources.py""]","[""Public row-level realization, executable audit adapter, and matching model/evaluation artifacts are not available for this historical version."",""Rights-cleared historical participant rows and split identities."",""Version-specific runnable adapter and fitted model/evaluation artifacts.""]"
class_normalized_cross_lift_five_target_performance_forecasting@1.0.0,reconstructability,UNSUPPORTED_BY_EVIDENCE,The public historical record does not contain the executable evidence needed to run this diagnostic.,"{""FAIL"":0,""INCONCLUSIVE"":1,""NOT_APPLICABLE"":0,""NOT_RUN"":0,""PASS"":0,""UNSUPPORTED_BY_EVIDENCE"":0}","{""reconstruction_provenance_gaps@1.0.0"":""INCONCLUSIVE""}",{},"[""artifacts/registries/attack-contract-registry.json"",""artifacts/registries/benchmark-registry.json"",""docs/benchmarks/class-normalized-cross-lift-five-target-performance-forecasting.md"",""src/powerlifting_state_research/provenance/historical_sources.py""]","[""Public row-level realization, executable audit adapter, and matching model/evaluation artifacts are not available for this historical version.""]"
class_normalized_cross_lift_five_target_performance_forecasting@1.0.0,simple_model_frontier,UNSUPPORTED_BY_EVIDENCE,The public historical record does not contain the executable evidence needed to run this diagnostic.,"{""FAIL"":0,""INCONCLUSIVE"":0,""NOT_APPLICABLE"":1,""NOT_RUN"":0,""PASS"":0,""UNSUPPORTED_BY_EVIDENCE"":0}","{""baseline_domination@1.0.0"":""NOT_APPLICABLE""}",{},"[""artifacts/registries/attack-contract-registry.json"",""artifacts/registries/benchmark-registry.json"",""docs/benchmarks/class-normalized-cross-lift-five-target-performance-forecasting.md"",""src/powerlifting_state_research/provenance/historical_sources.py""]","[""Public row-level realization, executable audit adapter, and matching model/evaluation artifacts are not available for this historical version.""]"
class_normalized_cross_lift_five_target_performance_forecasting@1.0.0,ml_load_bearing_contribution,UNSUPPORTED_BY_EVIDENCE,The public historical record does not contain the executable evidence needed to run this diagnostic.,"{""FAIL"":0,""INCONCLUSIVE"":0,""NOT_APPLICABLE"":0,""NOT_RUN"":0,""PASS"":0,""UNSUPPORTED_BY_EVIDENCE"":0}",{},{},"[""artifacts/registries/benchmark-registry.json"",""docs/benchmarks/class-normalized-cross-lift-five-target-performance-forecasting.md"",""src/powerlifting_state_research/provenance/historical_sources.py""]","[""Public row-level realization, executable audit adapter, and matching model/evaluation artifacts are not available for this historical version.""]"
class_normalized_cross_lift_five_target_performance_forecasting@1.0.0,out_of_distribution_robustness,UNSUPPORTED_BY_EVIDENCE,The public historical record does not contain the executable evidence needed to run this diagnostic.,"{""FAIL"":0,""INCONCLUSIVE"":0,""NOT_APPLICABLE"":3,""NOT_RUN"":0,""PASS"":0,""UNSUPPORTED_BY_EVIDENCE"":1}","{""distributional_shift_sensitivity@1.0.0"":""NOT_APPLICABLE"",""observation_noise_perturbation@1.0.0"":""NOT_APPLICABLE"",""sparse_missing_history_sensitivity@1.0.0"":""UNSUPPORTED_BY_EVIDENCE"",""training_plan_counterfactual_sensitivity@1.0.0"":""NOT_APPLICABLE""}",{},"[""artifacts/registries/attack-contract-registry.json"",""artifacts/registries/benchmark-registry.json"",""docs/benchmarks/class-normalized-cross-lift-five-target-performance-forecasting.md"",""src/powerlifting_state_research/provenance/historical_sources.py""]","[""Public row-level realization, executable audit adapter, and matching model/evaluation artifacts are not available for this historical version."",""Rights-cleared historical participant rows and split identities."",""Version-specific runnable adapter and fitted model/evaluation artifacts.""]"
class_normalized_cross_lift_five_target_performance_forecasting@1.0.0,seed_stability,UNSUPPORTED_BY_EVIDENCE,The public historical record does not contain the executable evidence needed to run this diagnostic.,"{""FAIL"":0,""INCONCLUSIVE"":0,""NOT_APPLICABLE"":2,""NOT_RUN"":0,""PASS"":0,""UNSUPPORTED_BY_EVIDENCE"":0}","{""model_ranking_instability@1.0.0"":""NOT_APPLICABLE"",""parameter_seed_sensitivity@1.0.0"":""NOT_APPLICABLE""}",{},"[""artifacts/registries/attack-contract-registry.json"",""artifacts/registries/benchmark-registry.json"",""docs/benchmarks/class-normalized-cross-lift-five-target-performance-forecasting.md"",""src/powerlifting_state_research/provenance/historical_sources.py""]","[""Public row-level realization, executable audit adapter, and matching model/evaluation artifacts are not available for this historical version.""]"
class_normalized_cross_lift_five_target_performance_forecasting@1.0.0,hidden_test_fairness,UNSUPPORTED_BY_EVIDENCE,The public historical record does not contain the executable evidence needed to run this diagnostic.,"{""FAIL"":0,""INCONCLUSIVE"":0,""NOT_APPLICABLE"":0,""NOT_RUN"":0,""PASS"":0,""UNSUPPORTED_BY_EVIDENCE"":1}","{""hidden_test_fairness@1.0.0"":""UNSUPPORTED_BY_EVIDENCE""}",{},"[""artifacts/registries/attack-contract-registry.json"",""artifacts/registries/benchmark-registry.json"",""docs/benchmarks/class-normalized-cross-lift-five-target-performance-forecasting.md"",""src/powerlifting_state_research/provenance/historical_sources.py""]","[""Public evidence does not establish whether a hidden/access-controlled test exists or document its split identity and access controls."",""Rights-cleared historical participant rows and split identities."",""Version-specific runnable adapter and fitted model/evaluation artifacts.""]"
class_normalized_cross_lift_five_target_performance_forecasting@1.0.0,audit_coverage,NOT_RUN,RES-277 defines the applicable denominator and status ledger; RES-278 has not executed the coverage audit.,"{""FAIL"":0,""INCONCLUSIVE"":0,""NOT_APPLICABLE"":0,""NOT_RUN"":0,""PASS"":1,""UNSUPPORTED_BY_EVIDENCE"":0}","{""audit_coverage_accounting@1.0.0"":""PASS""}",{},"[""artifacts/registries/attack-contract-registry.json"",""artifacts/registries/benchmark-registry.json"",""artifacts/registries/validity-axis-registry.json"",""artifacts/registries/version-validity-profiles.json"",""docs/benchmarks/class-normalized-cross-lift-five-target-performance-forecasting.md"",""src/powerlifting_state_research/provenance/historical_sources.py""]",[]
four_target_load_velocity_and_competition_performance_forecasting@1.0.0,domain_faithfulness,UNSUPPORTED_BY_EVIDENCE,The public historical record does not contain the executable evidence needed to run this diagnostic.,"{""FAIL"":0,""INCONCLUSIVE"":0,""NOT_APPLICABLE"":0,""NOT_RUN"":0,""PASS"":0,""UNSUPPORTED_BY_EVIDENCE"":0}",{},{},"[""artifacts/registries/benchmark-registry.json"",""docs/benchmarks/four-target-load-velocity-and-competition-performance-forecasting.md"",""src/powerlifting_state_research/provenance/historical_sources.py""]","[""Public row-level realization, executable audit adapter, and matching model/evaluation artifacts are not available for this historical version.""]"
four_target_load_velocity_and_competition_performance_forecasting@1.0.0,reproducibility,UNSUPPORTED_BY_EVIDENCE,The public historical record does not contain the executable evidence needed to run this diagnostic.,"{""FAIL"":0,""INCONCLUSIVE"":0,""NOT_APPLICABLE"":0,""NOT_RUN"":0,""PASS"":0,""UNSUPPORTED_BY_EVIDENCE"":0}",{},{},"[""artifacts/registries/benchmark-registry.json"",""docs/benchmarks/four-target-load-velocity-and-competition-performance-forecasting.md"",""src/powerlifting_state_research/provenance/historical_sources.py""]","[""Public row-level realization, executable audit adapter, and matching model/evaluation artifacts are not available for this historical version.""]"
four_target_load_velocity_and_competition_performance_forecasting@1.0.0,leakage_shortcut_susceptibility,UNSUPPORTED_BY_EVIDENCE,The public historical record does not contain the executable evidence needed to run this diagnostic.,"{""FAIL"":0,""INCONCLUSIVE"":0,""NOT_APPLICABLE"":1,""NOT_RUN"":0,""PASS"":0,""UNSUPPORTED_BY_EVIDENCE"":3}","{""participant_input_leakage@1.0.0"":""UNSUPPORTED_BY_EVIDENCE"",""shortcut_feature_dependence@1.0.0"":""NOT_APPLICABLE"",""target_identity_contamination@1.0.0"":""UNSUPPORTED_BY_EVIDENCE"",""temporal_history_disruption@1.0.0"":""UNSUPPORTED_BY_EVIDENCE""}",{},"[""artifacts/registries/attack-contract-registry.json"",""artifacts/registries/benchmark-registry.json"",""docs/benchmarks/four-target-load-velocity-and-competition-performance-forecasting.md"",""src/powerlifting_state_research/provenance/historical_sources.py""]","[""Public row-level realization, executable audit adapter, and matching model/evaluation artifacts are not available for this historical version."",""Rights-cleared historical participant rows and split identities."",""Version-specific runnable adapter and fitted model/evaluation artifacts.""]"
four_target_load_velocity_and_competition_performance_forecasting@1.0.0,reconstructability,UNSUPPORTED_BY_EVIDENCE,The public historical record does not contain the executable evidence needed to run this diagnostic.,"{""FAIL"":0,""INCONCLUSIVE"":1,""NOT_APPLICABLE"":0,""NOT_RUN"":0,""PASS"":0,""UNSUPPORTED_BY_EVIDENCE"":0}","{""reconstruction_provenance_gaps@1.0.0"":""INCONCLUSIVE""}",{},"[""artifacts/registries/attack-contract-registry.json"",""artifacts/registries/benchmark-registry.json"",""docs/benchmarks/four-target-load-velocity-and-competition-performance-forecasting.md"",""src/powerlifting_state_research/provenance/historical_sources.py""]","[""Public row-level realization, executable audit adapter, and matching model/evaluation artifacts are not available for this historical version.""]"
four_target_load_velocity_and_competition_performance_forecasting@1.0.0,simple_model_frontier,UNSUPPORTED_BY_EVIDENCE,The public historical record does not contain the executable evidence needed to run this diagnostic.,"{""FAIL"":0,""INCONCLUSIVE"":0,""NOT_APPLICABLE"":1,""NOT_RUN"":0,""PASS"":0,""UNSUPPORTED_BY_EVIDENCE"":0}","{""baseline_domination@1.0.0"":""NOT_APPLICABLE""}",{},"[""artifacts/registries/attack-contract-registry.json"",""artifacts/registries/benchmark-registry.json"",""docs/benchmarks/four-target-load-velocity-and-competition-performance-forecasting.md"",""src/powerlifting_state_research/provenance/historical_sources.py""]","[""Public row-level realization, executable audit adapter, and matching model/evaluation artifacts are not available for this historical version.""]"
four_target_load_velocity_and_competition_performance_forecasting@1.0.0,ml_load_bearing_contribution,UNSUPPORTED_BY_EVIDENCE,The public historical record does not contain the executable evidence needed to run this diagnostic.,"{""FAIL"":0,""INCONCLUSIVE"":0,""NOT_APPLICABLE"":0,""NOT_RUN"":0,""PASS"":0,""UNSUPPORTED_BY_EVIDENCE"":0}",{},{},"[""artifacts/registries/benchmark-registry.json"",""docs/benchmarks/four-target-load-velocity-and-competition-performance-forecasting.md"",""src/powerlifting_state_research/provenance/historical_sources.py""]","[""Public row-level realization, executable audit adapter, and matching model/evaluation artifacts are not available for this historical version.""]"
four_target_load_velocity_and_competition_performance_forecasting@1.0.0,out_of_distribution_robustness,UNSUPPORTED_BY_EVIDENCE,The public historical record does not contain the executable evidence needed to run this diagnostic.,"{""FAIL"":0,""INCONCLUSIVE"":0,""NOT_APPLICABLE"":3,""NOT_RUN"":0,""PASS"":0,""UNSUPPORTED_BY_EVIDENCE"":1}","{""distributional_shift_sensitivity@1.0.0"":""NOT_APPLICABLE"",""observation_noise_perturbation@1.0.0"":""NOT_APPLICABLE"",""sparse_missing_history_sensitivity@1.0.0"":""UNSUPPORTED_BY_EVIDENCE"",""training_plan_counterfactual_sensitivity@1.0.0"":""NOT_APPLICABLE""}",{},"[""artifacts/registries/attack-contract-registry.json"",""artifacts/registries/benchmark-registry.json"",""docs/benchmarks/four-target-load-velocity-and-competition-performance-forecasting.md"",""src/powerlifting_state_research/provenance/historical_sources.py""]","[""Public row-level realization, executable audit adapter, and matching model/evaluation artifacts are not available for this historical version."",""Rights-cleared historical participant rows and split identities."",""Version-specific runnable adapter and fitted model/evaluation artifacts.""]"
four_target_load_velocity_and_competition_performance_forecasting@1.0.0,seed_stability,UNSUPPORTED_BY_EVIDENCE,The public historical record does not contain the executable evidence needed to run this diagnostic.,"{""FAIL"":0,""INCONCLUSIVE"":0,""NOT_APPLICABLE"":2,""NOT_RUN"":0,""PASS"":0,""UNSUPPORTED_BY_EVIDENCE"":0}","{""model_ranking_instability@1.0.0"":""NOT_APPLICABLE"",""parameter_seed_sensitivity@1.0.0"":""NOT_APPLICABLE""}",{},"[""artifacts/registries/attack-contract-registry.json"",""artifacts/registries/benchmark-registry.json"",""docs/benchmarks/four-target-load-velocity-and-competition-performance-forecasting.md"",""src/powerlifting_state_research/provenance/historical_sources.py""]","[""Public row-level realization, executable audit adapter, and matching model/evaluation artifacts are not available for this historical version.""]"
four_target_load_velocity_and_competition_performance_forecasting@1.0.0,hidden_test_fairness,UNSUPPORTED_BY_EVIDENCE,The public historical record does not contain the executable evidence needed to run this diagnostic.,"{""FAIL"":0,""INCONCLUSIVE"":0,""NOT_APPLICABLE"":0,""NOT_RUN"":0,""PASS"":0,""UNSUPPORTED_BY_EVIDENCE"":1}","{""hidden_test_fairness@1.0.0"":""UNSUPPORTED_BY_EVIDENCE""}",{},"[""artifacts/registries/attack-contract-registry.json"",""artifacts/registries/benchmark-registry.json"",""docs/benchmarks/four-target-load-velocity-and-competition-performance-forecasting.md"",""src/powerlifting_state_research/provenance/historical_sources.py""]","[""Public evidence does not establish whether a hidden/access-controlled test exists or document its split identity and access controls."",""Rights-cleared historical participant rows and split identities."",""Version-specific runnable adapter and fitted model/evaluation artifacts.""]"
four_target_load_velocity_and_competition_performance_forecasting@1.0.0,audit_coverage,NOT_RUN,RES-277 defines the applicable denominator and status ledger; RES-278 has not executed the coverage audit.,"{""FAIL"":0,""INCONCLUSIVE"":0,""NOT_APPLICABLE"":0,""NOT_RUN"":0,""PASS"":1,""UNSUPPORTED_BY_EVIDENCE"":0}","{""audit_coverage_accounting@1.0.0"":""PASS""}",{},"[""artifacts/registries/attack-contract-registry.json"",""artifacts/registries/benchmark-registry.json"",""artifacts/registries/validity-axis-registry.json"",""artifacts/registries/version-validity-profiles.json"",""docs/benchmarks/four-target-load-velocity-and-competition-performance-forecasting.md"",""src/powerlifting_state_research/provenance/historical_sources.py""]",[]
held_out_final_origin_five_target_performance_evaluation@1.0.0,domain_faithfulness,UNSUPPORTED_BY_EVIDENCE,The public historical record does not contain the executable evidence needed to run this diagnostic.,"{""FAIL"":0,""INCONCLUSIVE"":0,""NOT_APPLICABLE"":0,""NOT_RUN"":0,""PASS"":0,""UNSUPPORTED_BY_EVIDENCE"":0}",{},{},"[""artifacts/registries/benchmark-registry.json"",""docs/benchmarks/held-out-final-origin-five-target-performance-evaluation.md"",""src/powerlifting_state_research/provenance/historical_sources.py""]","[""Public row-level realization, executable audit adapter, and matching model/evaluation artifacts are not available for this historical version.""]"
held_out_final_origin_five_target_performance_evaluation@1.0.0,reproducibility,UNSUPPORTED_BY_EVIDENCE,The public historical record does not contain the executable evidence needed to run this diagnostic.,"{""FAIL"":0,""INCONCLUSIVE"":0,""NOT_APPLICABLE"":0,""NOT_RUN"":0,""PASS"":0,""UNSUPPORTED_BY_EVIDENCE"":0}",{},{},"[""artifacts/registries/benchmark-registry.json"",""docs/benchmarks/held-out-final-origin-five-target-performance-evaluation.md"",""src/powerlifting_state_research/provenance/historical_sources.py""]","[""Public row-level realization, executable audit adapter, and matching model/evaluation artifacts are not available for this historical version.""]"
held_out_final_origin_five_target_performance_evaluation@1.0.0,leakage_shortcut_susceptibility,UNSUPPORTED_BY_EVIDENCE,The public historical record does not contain the executable evidence needed to run this diagnostic.,"{""FAIL"":0,""INCONCLUSIVE"":0,""NOT_APPLICABLE"":1,""NOT_RUN"":0,""PASS"":0,""UNSUPPORTED_BY_EVIDENCE"":3}","{""participant_input_leakage@1.0.0"":""UNSUPPORTED_BY_EVIDENCE"",""shortcut_feature_dependence@1.0.0"":""NOT_APPLICABLE"",""target_identity_contamination@1.0.0"":""UNSUPPORTED_BY_EVIDENCE"",""temporal_history_disruption@1.0.0"":""UNSUPPORTED_BY_EVIDENCE""}",{},"[""artifacts/registries/attack-contract-registry.json"",""artifacts/registries/benchmark-registry.json"",""docs/benchmarks/held-out-final-origin-five-target-performance-evaluation.md"",""src/powerlifting_state_research/provenance/historical_sources.py""]","[""Public row-level realization, executable audit adapter, and matching model/evaluation artifacts are not available for this historical version."",""Rights-cleared historical participant rows and split identities."",""Version-specific runnable adapter and fitted model/evaluation artifacts.""]"
held_out_final_origin_five_target_performance_evaluation@1.0.0,reconstructability,UNSUPPORTED_BY_EVIDENCE,The public historical record does not contain the executable evidence needed to run this diagnostic.,"{""FAIL"":0,""INCONCLUSIVE"":1,""NOT_APPLICABLE"":0,""NOT_RUN"":0,""PASS"":0,""UNSUPPORTED_BY_EVIDENCE"":0}","{""reconstruction_provenance_gaps@1.0.0"":""INCONCLUSIVE""}",{},"[""artifacts/registries/attack-contract-registry.json"",""artifacts/registries/benchmark-registry.json"",""docs/benchmarks/held-out-final-origin-five-target-performance-evaluation.md"",""src/powerlifting_state_research/provenance/historical_sources.py""]","[""Public row-level realization, executable audit adapter, and matching model/evaluation artifacts are not available for this historical version.""]"
held_out_final_origin_five_target_performance_evaluation@1.0.0,simple_model_frontier,UNSUPPORTED_BY_EVIDENCE,The public historical record does not contain the executable evidence needed to run this diagnostic.,"{""FAIL"":0,""INCONCLUSIVE"":0,""NOT_APPLICABLE"":1,""NOT_RUN"":0,""PASS"":0,""UNSUPPORTED_BY_EVIDENCE"":0}","{""baseline_domination@1.0.0"":""NOT_APPLICABLE""}",{},"[""artifacts/registries/attack-contract-registry.json"",""artifacts/registries/benchmark-registry.json"",""docs/benchmarks/held-out-final-origin-five-target-performance-evaluation.md"",""src/powerlifting_state_research/provenance/historical_sources.py""]","[""Public row-level realization, executable audit adapter, and matching model/evaluation artifacts are not available for this historical version.""]"
held_out_final_origin_five_target_performance_evaluation@1.0.0,ml_load_bearing_contribution,UNSUPPORTED_BY_EVIDENCE,The public historical record does not contain the executable evidence needed to run this diagnostic.,"{""FAIL"":0,""INCONCLUSIVE"":0,""NOT_APPLICABLE"":0,""NOT_RUN"":0,""PASS"":0,""UNSUPPORTED_BY_EVIDENCE"":0}",{},{},"[""artifacts/registries/benchmark-registry.json"",""docs/benchmarks/held-out-final-origin-five-target-performance-evaluation.md"",""src/powerlifting_state_research/provenance/historical_sources.py""]","[""Public row-level realization, executable audit adapter, and matching model/evaluation artifacts are not available for this historical version.""]"
held_out_final_origin_five_target_performance_evaluation@1.0.0,out_of_distribution_robustness,UNSUPPORTED_BY_EVIDENCE,The public historical record does not contain the executable evidence needed to run this diagnostic.,"{""FAIL"":0,""INCONCLUSIVE"":0,""NOT_APPLICABLE"":3,""NOT_RUN"":0,""PASS"":0,""UNSUPPORTED_BY_EVIDENCE"":1}","{""distributional_shift_sensitivity@1.0.0"":""NOT_APPLICABLE"",""observation_noise_perturbation@1.0.0"":""NOT_APPLICABLE"",""sparse_missing_history_sensitivity@1.0.0"":""UNSUPPORTED_BY_EVIDENCE"",""training_plan_counterfactual_sensitivity@1.0.0"":""NOT_APPLICABLE""}",{},"[""artifacts/registries/attack-contract-registry.json"",""artifacts/registries/benchmark-registry.json"",""docs/benchmarks/held-out-final-origin-five-target-performance-evaluation.md"",""src/powerlifting_state_research/provenance/historical_sources.py""]","[""Public row-level realization, executable audit adapter, and matching model/evaluation artifacts are not available for this historical version."",""Rights-cleared historical participant rows and split identities."",""Version-specific runnable adapter and fitted model/evaluation artifacts.""]"
held_out_final_origin_five_target_performance_evaluation@1.0.0,seed_stability,UNSUPPORTED_BY_EVIDENCE,The public historical record does not contain the executable evidence needed to run this diagnostic.,"{""FAIL"":0,""INCONCLUSIVE"":0,""NOT_APPLICABLE"":2,""NOT_RUN"":0,""PASS"":0,""UNSUPPORTED_BY_EVIDENCE"":0}","{""model_ranking_instability@1.0.0"":""NOT_APPLICABLE"",""parameter_seed_sensitivity@1.0.0"":""NOT_APPLICABLE""}",{},"[""artifacts/registries/attack-contract-registry.json"",""artifacts/registries/benchmark-registry.json"",""docs/benchmarks/held-out-final-origin-five-target-performance-evaluation.md"",""src/powerlifting_state_research/provenance/historical_sources.py""]","[""Public row-level realization, executable audit adapter, and matching model/evaluation artifacts are not available for this historical version.""]"
held_out_final_origin_five_target_performance_evaluation@1.0.0,hidden_test_fairness,UNSUPPORTED_BY_EVIDENCE,The public historical record does not contain the executable evidence needed to run this diagnostic.,"{""FAIL"":0,""INCONCLUSIVE"":0,""NOT_APPLICABLE"":0,""NOT_RUN"":0,""PASS"":0,""UNSUPPORTED_BY_EVIDENCE"":1}","{""hidden_test_fairness@1.0.0"":""UNSUPPORTED_BY_EVIDENCE""}",{},"[""artifacts/registries/attack-contract-registry.json"",""artifacts/registries/benchmark-registry.json"",""docs/benchmarks/held-out-final-origin-five-target-performance-evaluation.md"",""src/powerlifting_state_research/provenance/historical_sources.py""]","[""Public evidence does not establish whether a hidden/access-controlled test exists or document its split identity and access controls."",""Rights-cleared historical participant rows and split identities."",""Version-specific runnable adapter and fitted model/evaluation artifacts.""]"
held_out_final_origin_five_target_performance_evaluation@1.0.0,audit_coverage,NOT_RUN,RES-277 defines the applicable denominator and status ledger; RES-278 has not executed the coverage audit.,"{""FAIL"":0,""INCONCLUSIVE"":0,""NOT_APPLICABLE"":0,""NOT_RUN"":0,""PASS"":1,""UNSUPPORTED_BY_EVIDENCE"":0}","{""audit_coverage_accounting@1.0.0"":""PASS""}",{},"[""artifacts/registries/attack-contract-registry.json"",""artifacts/registries/benchmark-registry.json"",""artifacts/registries/validity-axis-registry.json"",""artifacts/registries/version-validity-profiles.json"",""docs/benchmarks/held-out-final-origin-five-target-performance-evaluation.md"",""src/powerlifting_state_research/provenance/historical_sources.py""]",[]
iid_latent_capacity_change_with_transient_expression_forecasting@1.0.0,domain_faithfulness,NOT_RUN,"RES-277 defines this diagnostic but does not execute it; linked public artifacts are inputs, not audit findings.","{""FAIL"":0,""INCONCLUSIVE"":0,""NOT_APPLICABLE"":0,""NOT_RUN"":0,""PASS"":0,""UNSUPPORTED_BY_EVIDENCE"":0}",{},{},"[""docs/benchmarks/iid-latent-capacity-change-with-transient-expression-forecasting.md"",""docs/science/system-model.md""]",[]
iid_latent_capacity_change_with_transient_expression_forecasting@1.0.0,reproducibility,NOT_RUN,"RES-277 defines this diagnostic but does not execute it; linked public artifacts are inputs, not audit findings.","{""FAIL"":0,""INCONCLUSIVE"":0,""NOT_APPLICABLE"":0,""NOT_RUN"":0,""PASS"":0,""UNSUPPORTED_BY_EVIDENCE"":0}",{},"{""reproducibility"":""PASS""}","[""data/manifests/realizations/latent_capacity_change_with_transient_expression_forecasting/iid-production.json"",""results/manifests/public-native-comparator-suite-checksums.json"",""scripts/verify_public_iid_production.py"",""src/powerlifting_state_research/benchmarks/latent_capacity_change_with_transient_expression_forecasting/dataset.py"",""tests/benchmarks/iid_latent_capacity_change_with_transient_expression_forecasting/test_full_production.py""]",[]
iid_latent_capacity_change_with_transient_expression_forecasting@1.0.0,leakage_shortcut_susceptibility,NOT_RUN,"RES-277 defines this diagnostic but does not execute it; linked public artifacts are inputs, not audit findings.","{""FAIL"":0,""INCONCLUSIVE"":1,""NOT_APPLICABLE"":0,""NOT_RUN"":1,""PASS"":2,""UNSUPPORTED_BY_EVIDENCE"":0}","{""participant_input_leakage@1.0.0"":""PASS"",""shortcut_feature_dependence@1.0.0"":""NOT_RUN"",""target_identity_contamination@1.0.0"":""PASS"",""temporal_history_disruption@1.0.0"":""INCONCLUSIVE""}",{},"[""artifacts/model-cards/public-native-comparator-suite.md"",""artifacts/registries/public-native-comparator-registry.json"",""artifacts/schemas/prediction-contract.schema.json"",""artifacts/training-protocols/public-native-comparator-suite.json"",""data/manifests/realizations/latent_capacity_change_with_transient_expression_forecasting/iid-production.json"",""docs/benchmarks/iid-latent-capacity-change-public-native-evaluation.md"",""models/checkpoint-manifests/public-native-temporal-expert/checkpoint-publication.json"",""models/checkpoint-manifests/public-native-temporal-expert/ensemble-manifest.json"",""models/checkpoint-manifests/public-native-temporal-expert/seed-383001.checkpoint-manifest.json"",""models/checkpoint-manifests/public-native-temporal-expert/seed-383001.fitted-instance.json"",""models/checkpoint-manifests/public-native-temporal-expert/seed-383002.checkpoint-manifest.json"",""models/checkpoint-manifests/public-native-temporal-expert/seed-383002.fitted-instance.json"",""models/checkpoint-manifests/public-native-temporal-expert/seed-383003.checkpoint-manifest.json"",""models/checkpoint-manifests/public-native-temporal-expert/seed-383003.fitted-instance.json"",""models/fitted-instances/public-native-comparator-suite/public-native-compact-neural/seed-383001.fitted-instance.json"",""models/fitted-instances/public-native-comparator-suite/public-native-compact-neural/seed-383002.fitted-instance.json"",""models/fitted-instances/public-native-comparator-suite/public-native-compact-neural/seed-383003.fitted-instance.json"",""models/fitted-instances/public-native-comparator-suite/public-native-context-mean/seed-383001.fitted-instance.json"",""models/fitted-instances/public-native-comparator-suite/public-native-context-mean/seed-383002.fitted-instance.json"",""models/fitted-instances/public-native-comparator-suite/public-native-context-mean/seed-383003.fitted-instance.json"",""models/fitted-instances/public-native-comparator-suite/public-native-histogram-boosted-stumps/seed-383001.fitted-instance.json"",""models/fitted-instances/public-native-comparator-suite/public-native-histogram-boosted-stumps/seed-383002.fitted-instance.json"",""models/fitted-instances/public-native-comparator-suite/public-native-histogram-boosted-stumps/seed-383003.fitted-instance.json"",""models/fitted-instances/public-native-comparator-suite/public-native-mechanistic-midpoint/seed-383001.fitted-instance.json"",""models/fitted-instances/public-native-comparator-suite/public-native-mechanistic-midpoint/seed-383002.fitted-instance.json"",""models/fitted-instances/public-native-comparator-suite/public-native-mechanistic-midpoint/seed-383003.fitted-instance.json"",""models/fitted-instances/public-native-comparator-suite/public-native-mechanistic-ridge-residual/seed-383001.fitted-instance.json"",""models/fitted-instances/public-native-comparator-suite/public-native-mechanistic-ridge-residual/seed-383002.fitted-instance.json"",""models/fitted-instances/public-native-comparator-suite/public-native-mechanistic-ridge-residual/seed-383003.fitted-instance.json"",""models/fitted-instances/public-native-comparator-suite/public-native-ridge/seed-383001.fitted-instance.json"",""models/fitted-instances/public-native-comparator-suite/public-native-ridge/seed-383002.fitted-instance.json"",""models/fitted-instances/public-native-comparator-suite/public-native-ridge/seed-383003.fitted-instance.json"",""results/audits/res281/realizations/res281-participant-input-leakage-seed-281101/baseline.jsonl"",""results/audits/res281/realizations/res281-participant-input-leakage-seed-281101/key-relabelled.jsonl"",""results/audits/res281/realizations/res281-participant-input-leakage-seed-281101/manifest.json"",""results/audits/res281/realizations/res281-target-identity-contamination-seed-281102/baseline.jsonl"",""results/audits/res281/realizations/res281-target-identity-contamination-seed-281102/manifest.json"",""results/audits/res281/realizations/res281-target-identity-contamination-seed-281102/target-canary.jsonl"",""results/audits/res281/realizations/res281-temporal-history-disruption-seed-281103/baseline.jsonl"",""results/audits/res281/realizations/res281-temporal-history-disruption-seed-281103/manifest.json"",""results/audits/res281/realizations/res281-temporal-history-disruption-seed-281103/reversed-history.jsonl"",""results/benchmarks/iid_latent_capacity_change_with_transient_expression_forecasting/public-native-comparator-suite/internal-selection-split.json"",""results/benchmarks/iid_latent_capacity_change_with_transient_expression_forecasting/public-native-comparator-suite/public-native-compact-neural/seed-383001.evaluation-result.json"",""results/benchmarks/iid_latent_capacity_change_with_transient_expression_forecasting/public-native-comparator-suite/public-native-compact-neural/seed-383001.predictions.jsonl"",""results/benchmarks/iid_latent_capacity_change_with_transient_expression_forecasting/public-native-comparator-suite/public-native-compact-neural/seed-383002.evaluation-result.json"",""results/benchmarks/iid_latent_capacity_change_with_transient_expression_forecasting/public-native-comparator-suite/public-native-compact-neural/seed-383002.predictions.jsonl"",""results/benchmarks/iid_latent_capacity_change_with_transient_expression_forecasting/public-native-comparator-suite/public-native-compact-neural/seed-383003.evaluation-result.json"",""results/benchmarks/iid_latent_capacity_change_with_transient_expression_forecasting/public-native-comparator-suite/public-native-compact-neural/seed-383003.predictions.jsonl"",""results/benchmarks/iid_latent_capacity_change_with_transient_expression_forecasting/public-native-comparator-suite/public-native-context-mean/seed-383001.evaluation-result.json"",""results/benchmarks/iid_latent_capacity_change_with_transient_expression_forecasting/public-native-comparator-suite/public-native-context-mean/seed-383001.predictions.jsonl"",""results/benchmarks/iid_latent_capacity_change_with_transient_expression_forecasting/public-native-comparator-suite/public-native-context-mean/seed-383002.evaluation-result.json"",""results/benchmarks/iid_latent_capacity_change_with_transient_expression_forecasting/public-native-comparator-suite/public-native-context-mean/seed-383002.predictions.jsonl"",""results/benchmarks/iid_latent_capacity_change_with_transient_expression_forecasting/public-native-comparator-suite/public-native-context-mean/seed-383003.evaluation-result.json"",""results/benchmarks/iid_latent_capacity_change_with_transient_expression_forecasting/public-native-comparator-suite/public-native-context-mean/seed-383003.predictions.jsonl"",""results/benchmarks/iid_latent_capacity_change_with_transient_expression_forecasting/public-native-comparator-suite/public-native-histogram-boosted-stumps/seed-383001.evaluation-result.json"",""results/benchmarks/iid_latent_capacity_change_with_transient_expression_forecasting/public-native-comparator-suite/public-native-histogram-boosted-stumps/seed-383001.predictions.jsonl"",""results/benchmarks/iid_latent_capacity_change_with_transient_expression_forecasting/public-native-comparator-suite/public-native-histogram-boosted-stumps/seed-383002.evaluation-result.json"",""results/benchmarks/iid_latent_capacity_change_with_transient_expression_forecasting/public-native-comparator-suite/public-native-histogram-boosted-stumps/seed-383002.predictions.jsonl"",""results/benchmarks/iid_latent_capacity_change_with_transient_expression_forecasting/public-native-comparator-suite/public-native-histogram-boosted-stumps/seed-383003.evaluation-result.json"",""results/benchmarks/iid_latent_capacity_change_with_transient_expression_forecasting/public-native-comparator-suite/public-native-histogram-boosted-stumps/seed-383003.predictions.jsonl"",""results/benchmarks/iid_latent_capacity_change_with_transient_expression_forecasting/public-native-comparator-suite/public-native-mechanistic-midpoint/seed-383001.evaluation-result.json"",""results/benchmarks/iid_latent_capacity_change_with_transient_expression_forecasting/public-native-comparator-suite/public-native-mechanistic-midpoint/seed-383001.predictions.jsonl"",""results/benchmarks/iid_latent_capacity_change_with_transient_expression_forecasting/public-native-comparator-suite/public-native-mechanistic-midpoint/seed-383002.evaluation-result.json"",""results/benchmarks/iid_latent_capacity_change_with_transient_expression_forecasting/public-native-comparator-suite/public-native-mechanistic-midpoint/seed-383002.predictions.jsonl"",""results/benchmarks/iid_latent_capacity_change_with_transient_expression_forecasting/public-native-comparator-suite/public-native-mechanistic-midpoint/seed-383003.evaluation-result.json"",""results/benchmarks/iid_latent_capacity_change_with_transient_expression_forecasting/public-native-comparator-suite/public-native-mechanistic-midpoint/seed-383003.predictions.jsonl"",""results/benchmarks/iid_latent_capacity_change_with_transient_expression_forecasting/public-native-comparator-suite/public-native-mechanistic-ridge-residual/seed-383001.evaluation-result.json"",""results/benchmarks/iid_latent_capacity_change_with_transient_expression_forecasting/public-native-comparator-suite/public-native-mechanistic-ridge-residual/seed-383001.predictions.jsonl"",""results/benchmarks/iid_latent_capacity_change_with_transient_expression_forecasting/public-native-comparator-suite/public-native-mechanistic-ridge-residual/seed-383002.evaluation-result.json"",""results/benchmarks/iid_latent_capacity_change_with_transient_expression_forecasting/public-native-comparator-suite/public-native-mechanistic-ridge-residual/seed-383002.predictions.jsonl"",""results/benchmarks/iid_latent_capacity_change_with_transient_expression_forecasting/public-native-comparator-suite/public-native-mechanistic-ridge-residual/seed-383003.evaluation-result.json"",""results/benchmarks/iid_latent_capacity_change_with_transient_expression_forecasting/public-native-comparator-suite/public-native-mechanistic-ridge-residual/seed-383003.predictions.jsonl"",""results/benchmarks/iid_latent_capacity_change_with_transient_expression_forecasting/public-native-comparator-suite/public-native-ridge/seed-383001.evaluation-result.json"",""results/benchmarks/iid_latent_capacity_change_with_transient_expression_forecasting/public-native-comparator-suite/public-native-ridge/seed-383001.predictions.jsonl"",""results/benchmarks/iid_latent_capacity_change_with_transient_expression_forecasting/public-native-comparator-suite/public-native-ridge/seed-383002.evaluation-result.json"",""results/benchmarks/iid_latent_capacity_change_with_transient_expression_forecasting/public-native-comparator-suite/public-native-ridge/seed-383002.predictions.jsonl"",""results/benchmarks/iid_latent_capacity_change_with_transient_expression_forecasting/public-native-comparator-suite/public-native-ridge/seed-383003.evaluation-result.json"",""results/benchmarks/iid_latent_capacity_change_with_transient_expression_forecasting/public-native-comparator-suite/public-native-ridge/seed-383003.predictions.jsonl"",""results/benchmarks/iid_latent_capacity_change_with_transient_expression_forecasting/public-native-comparator-suite/training-seal.json"",""results/benchmarks/iid_latent_capacity_change_with_transient_expression_forecasting/public-native-temporal-expert/ensemble.evaluation-result.json"",""results/benchmarks/iid_latent_capacity_change_with_transient_expression_forecasting/public-native-temporal-expert/ensemble.predictions.jsonl"",""results/benchmarks/iid_latent_capacity_change_with_transient_expression_forecasting/public-native-temporal-expert/seed-383001.evaluation-result.json"",""results/benchmarks/iid_latent_capacity_change_with_transient_expression_forecasting/public-native-temporal-expert/seed-383001.predictions.jsonl"",""results/benchmarks/iid_latent_capacity_change_with_transient_expression_forecasting/public-native-temporal-expert/seed-383002.evaluation-result.json"",""results/benchmarks/iid_latent_capacity_change_with_transient_expression_forecasting/public-native-temporal-expert/seed-383002.predictions.jsonl"",""results/benchmarks/iid_latent_capacity_change_with_transient_expression_forecasting/public-native-temporal-expert/seed-383003.evaluation-result.json"",""results/benchmarks/iid_latent_capacity_change_with_transient_expression_forecasting/public-native-temporal-expert/seed-383003.predictions.jsonl"",""results/manifests/public-native-comparator-suite-checksums.json"",""results/manifests/public-native-comparator-suite.json"",""results/manifests/public-native-temporal-expert-source-inventory.json"",""results/manifests/public-native-temporal-expert-verification-receipt.json"",""results/manifests/public-native-temporal-expert.json"",""results/tables/public-native-comparator-frontier.csv""]",[]
iid_latent_capacity_change_with_transient_expression_forecasting@1.0.0,reconstructability,NOT_RUN,"RES-277 defines this diagnostic but does not execute it; linked public artifacts are inputs, not audit findings.","{""FAIL"":0,""INCONCLUSIVE"":0,""NOT_APPLICABLE"":0,""NOT_RUN"":0,""PASS"":1,""UNSUPPORTED_BY_EVIDENCE"":0}","{""reconstruction_provenance_gaps@1.0.0"":""PASS""}",{},"[""artifacts/registries/public-native-comparator-registry.json"",""artifacts/training-protocols/public-native-comparator-suite.json"",""data/manifests/realizations/latent_capacity_change_with_transient_expression_forecasting/iid-production.json"",""data/synthetic/latent_capacity_change_with_transient_expression_forecasting/iid-production/train.jsonl"",""data/synthetic/latent_capacity_change_with_transient_expression_forecasting/iid-production/validation.jsonl"",""docs/benchmarks/iid-latent-capacity-change-with-transient-expression-forecasting.md"",""models/checkpoint-manifests/public-native-temporal-expert/checkpoint-publication.json"",""models/checkpoint-manifests/public-native-temporal-expert/ensemble-manifest.json"",""models/checkpoint-manifests/public-native-temporal-expert/seed-383001.checkpoint-manifest.json"",""models/checkpoint-manifests/public-native-temporal-expert/seed-383001.fitted-instance.json"",""models/checkpoint-manifests/public-native-temporal-expert/seed-383002.checkpoint-manifest.json"",""models/checkpoint-manifests/public-native-temporal-expert/seed-383002.fitted-instance.json"",""models/checkpoint-manifests/public-native-temporal-expert/seed-383003.checkpoint-manifest.json"",""models/checkpoint-manifests/public-native-temporal-expert/seed-383003.fitted-instance.json"",""models/fitted-instances/public-native-comparator-suite/public-native-compact-neural/seed-383001.fitted-instance.json"",""models/fitted-instances/public-native-comparator-suite/public-native-compact-neural/seed-383002.fitted-instance.json"",""models/fitted-instances/public-native-comparator-suite/public-native-compact-neural/seed-383003.fitted-instance.json"",""models/fitted-instances/public-native-comparator-suite/public-native-context-mean/seed-383001.fitted-instance.json"",""models/fitted-instances/public-native-comparator-suite/public-native-context-mean/seed-383002.fitted-instance.json"",""models/fitted-instances/public-native-comparator-suite/public-native-context-mean/seed-383003.fitted-instance.json"",""models/fitted-instances/public-native-comparator-suite/public-native-histogram-boosted-stumps/seed-383001.fitted-instance.json"",""models/fitted-instances/public-native-comparator-suite/public-native-histogram-boosted-stumps/seed-383002.fitted-instance.json"",""models/fitted-instances/public-native-comparator-suite/public-native-histogram-boosted-stumps/seed-383003.fitted-instance.json"",""models/fitted-instances/public-native-comparator-suite/public-native-mechanistic-midpoint/seed-383001.fitted-instance.json"",""models/fitted-instances/public-native-comparator-suite/public-native-mechanistic-midpoint/seed-383002.fitted-instance.json"",""models/fitted-instances/public-native-comparator-suite/public-native-mechanistic-midpoint/seed-383003.fitted-instance.json"",""models/fitted-instances/public-native-comparator-suite/public-native-mechanistic-ridge-residual/seed-383001.fitted-instance.json"",""models/fitted-instances/public-native-comparator-suite/public-native-mechanistic-ridge-residual/seed-383002.fitted-instance.json"",""models/fitted-instances/public-native-comparator-suite/public-native-mechanistic-ridge-residual/seed-383003.fitted-instance.json"",""models/fitted-instances/public-native-comparator-suite/public-native-ridge/seed-383001.fitted-instance.json"",""models/fitted-instances/public-native-comparator-suite/public-native-ridge/seed-383002.fitted-instance.json"",""models/fitted-instances/public-native-comparator-suite/public-native-ridge/seed-383003.fitted-instance.json"",""results/benchmarks/iid_latent_capacity_change_with_transient_expression_forecasting/public-native-comparator-suite/internal-selection-split.json"",""results/benchmarks/iid_latent_capacity_change_with_transient_expression_forecasting/public-native-comparator-suite/public-native-compact-neural/seed-383001.evaluation-result.json"",""results/benchmarks/iid_latent_capacity_change_with_transient_expression_forecasting/public-native-comparator-suite/public-native-compact-neural/seed-383001.predictions.jsonl"",""results/benchmarks/iid_latent_capacity_change_with_transient_expression_forecasting/public-native-comparator-suite/public-native-compact-neural/seed-383002.evaluation-result.json"",""results/benchmarks/iid_latent_capacity_change_with_transient_expression_forecasting/public-native-comparator-suite/public-native-compact-neural/seed-383002.predictions.jsonl"",""results/benchmarks/iid_latent_capacity_change_with_transient_expression_forecasting/public-native-comparator-suite/public-native-compact-neural/seed-383003.evaluation-result.json"",""results/benchmarks/iid_latent_capacity_change_with_transient_expression_forecasting/public-native-comparator-suite/public-native-compact-neural/seed-383003.predictions.jsonl"",""results/benchmarks/iid_latent_capacity_change_with_transient_expression_forecasting/public-native-comparator-suite/public-native-context-mean/seed-383001.evaluation-result.json"",""results/benchmarks/iid_latent_capacity_change_with_transient_expression_forecasting/public-native-comparator-suite/public-native-context-mean/seed-383001.predictions.jsonl"",""results/benchmarks/iid_latent_capacity_change_with_transient_expression_forecasting/public-native-comparator-suite/public-native-context-mean/seed-383002.evaluation-result.json"",""results/benchmarks/iid_latent_capacity_change_with_transient_expression_forecasting/public-native-comparator-suite/public-native-context-mean/seed-383002.predictions.jsonl"",""results/benchmarks/iid_latent_capacity_change_with_transient_expression_forecasting/public-native-comparator-suite/public-native-context-mean/seed-383003.evaluation-result.json"",""results/benchmarks/iid_latent_capacity_change_with_transient_expression_forecasting/public-native-comparator-suite/public-native-context-mean/seed-383003.predictions.jsonl"",""results/benchmarks/iid_latent_capacity_change_with_transient_expression_forecasting/public-native-comparator-suite/public-native-histogram-boosted-stumps/seed-383001.evaluation-result.json"",""results/benchmarks/iid_latent_capacity_change_with_transient_expression_forecasting/public-native-comparator-suite/public-native-histogram-boosted-stumps/seed-383001.predictions.jsonl"",""results/benchmarks/iid_latent_capacity_change_with_transient_expression_forecasting/public-native-comparator-suite/public-native-histogram-boosted-stumps/seed-383002.evaluation-result.json"",""results/benchmarks/iid_latent_capacity_change_with_transient_expression_forecasting/public-native-comparator-suite/public-native-histogram-boosted-stumps/seed-383002.predictions.jsonl"",""results/benchmarks/iid_latent_capacity_change_with_transient_expression_forecasting/public-native-comparator-suite/public-native-histogram-boosted-stumps/seed-383003.evaluation-result.json"",""results/benchmarks/iid_latent_capacity_change_with_transient_expression_forecasting/public-native-comparator-suite/public-native-histogram-boosted-stumps/seed-383003.predictions.jsonl"",""results/benchmarks/iid_latent_capacity_change_with_transient_expression_forecasting/public-native-comparator-suite/public-native-mechanistic-midpoint/seed-383001.evaluation-result.json"",""results/benchmarks/iid_latent_capacity_change_with_transient_expression_forecasting/public-native-comparator-suite/public-native-mechanistic-midpoint/seed-383001.predictions.jsonl"",""results/benchmarks/iid_latent_capacity_change_with_transient_expression_forecasting/public-native-comparator-suite/public-native-mechanistic-midpoint/seed-383002.evaluation-result.json"",""results/benchmarks/iid_latent_capacity_change_with_transient_expression_forecasting/public-native-comparator-suite/public-native-mechanistic-midpoint/seed-383002.predictions.jsonl"",""results/benchmarks/iid_latent_capacity_change_with_transient_expression_forecasting/public-native-comparator-suite/public-native-mechanistic-midpoint/seed-383003.evaluation-result.json"",""results/benchmarks/iid_latent_capacity_change_with_transient_expression_forecasting/public-native-comparator-suite/public-native-mechanistic-midpoint/seed-383003.predictions.jsonl"",""results/benchmarks/iid_latent_capacity_change_with_transient_expression_forecasting/public-native-comparator-suite/public-native-mechanistic-ridge-residual/seed-383001.evaluation-result.json"",""results/benchmarks/iid_latent_capacity_change_with_transient_expression_forecasting/public-native-comparator-suite/public-native-mechanistic-ridge-residual/seed-383001.predictions.jsonl"",""results/benchmarks/iid_latent_capacity_change_with_transient_expression_forecasting/public-native-comparator-suite/public-native-mechanistic-ridge-residual/seed-383002.evaluation-result.json"",""results/benchmarks/iid_latent_capacity_change_with_transient_expression_forecasting/public-native-comparator-suite/public-native-mechanistic-ridge-residual/seed-383002.predictions.jsonl"",""results/benchmarks/iid_latent_capacity_change_with_transient_expression_forecasting/public-native-comparator-suite/public-native-mechanistic-ridge-residual/seed-383003.evaluation-result.json"",""results/benchmarks/iid_latent_capacity_change_with_transient_expression_forecasting/public-native-comparator-suite/public-native-mechanistic-ridge-residual/seed-383003.predictions.jsonl"",""results/benchmarks/iid_latent_capacity_change_with_transient_expression_forecasting/public-native-comparator-suite/public-native-ridge/seed-383001.evaluation-result.json"",""results/benchmarks/iid_latent_capacity_change_with_transient_expression_forecasting/public-native-comparator-suite/public-native-ridge/seed-383001.predictions.jsonl"",""results/benchmarks/iid_latent_capacity_change_with_transient_expression_forecasting/public-native-comparator-suite/public-native-ridge/seed-383002.evaluation-result.json"",""results/benchmarks/iid_latent_capacity_change_with_transient_expression_forecasting/public-native-comparator-suite/public-native-ridge/seed-383002.predictions.jsonl"",""results/benchmarks/iid_latent_capacity_change_with_transient_expression_forecasting/public-native-comparator-suite/public-native-ridge/seed-383003.evaluation-result.json"",""results/benchmarks/iid_latent_capacity_change_with_transient_expression_forecasting/public-native-comparator-suite/public-native-ridge/seed-383003.predictions.jsonl"",""results/benchmarks/iid_latent_capacity_change_with_transient_expression_forecasting/public-native-comparator-suite/training-seal.json"",""results/benchmarks/iid_latent_capacity_change_with_transient_expression_forecasting/public-native-temporal-expert/ensemble.evaluation-result.json"",""results/benchmarks/iid_latent_capacity_change_with_transient_expression_forecasting/public-native-temporal-expert/ensemble.predictions.jsonl"",""results/benchmarks/iid_latent_capacity_change_with_transient_expression_forecasting/public-native-temporal-expert/seed-383001.evaluation-result.json"",""results/benchmarks/iid_latent_capacity_change_with_transient_expression_forecasting/public-native-temporal-expert/seed-383001.predictions.jsonl"",""results/benchmarks/iid_latent_capacity_change_with_transient_expression_forecasting/public-native-temporal-expert/seed-383002.evaluation-result.json"",""results/benchmarks/iid_latent_capacity_change_with_transient_expression_forecasting/public-native-temporal-expert/seed-383002.predictions.jsonl"",""results/benchmarks/iid_latent_capacity_change_with_transient_expression_forecasting/public-native-temporal-expert/seed-383003.evaluation-result.json"",""results/benchmarks/iid_latent_capacity_change_with_transient_expression_forecasting/public-native-temporal-expert/seed-383003.predictions.jsonl"",""results/manifests/public-native-comparator-suite-checksums.json"",""results/manifests/public-native-comparator-suite.json"",""results/manifests/public-native-temporal-expert-source-inventory.json"",""results/manifests/public-native-temporal-expert-verification-receipt.json"",""results/manifests/public-native-temporal-expert.json"",""results/tables/public-native-comparator-frontier.csv"",""src/powerlifting_state_research/benchmarks/latent_capacity_change_with_transient_expression_forecasting/dataset.py"",""src/powerlifting_state_research/benchmarks/latent_capacity_change_with_transient_expression_forecasting/dynamics.py"",""src/powerlifting_state_research/benchmarks/latent_capacity_change_with_transient_expression_forecasting/interventions.py"",""src/powerlifting_state_research/benchmarks/latent_capacity_change_with_transient_expression_forecasting/observations.py"",""src/powerlifting_state_research/benchmarks/latent_capacity_change_with_transient_expression_forecasting/population.py"",""src/powerlifting_state_research/benchmarks/latent_capacity_change_with_transient_expression_forecasting/research.py"",""src/powerlifting_state_research/contracts/serialization.py""]",[]
iid_latent_capacity_change_with_transient_expression_forecasting@1.0.0,simple_model_frontier,NOT_RUN,"RES-277 defines this diagnostic but does not execute it; linked public artifacts are inputs, not audit findings.","{""FAIL"":0,""INCONCLUSIVE"":1,""NOT_APPLICABLE"":0,""NOT_RUN"":0,""PASS"":0,""UNSUPPORTED_BY_EVIDENCE"":0}","{""baseline_domination@1.0.0"":""INCONCLUSIVE""}",{},"[""artifacts/model-cards/public-native-comparator-suite.md"",""artifacts/registries/public-native-comparator-registry.json"",""artifacts/training-protocols/public-native-comparator-suite.json"",""data/manifests/realizations/latent_capacity_change_with_transient_expression_forecasting/iid-production.json"",""models/checkpoint-manifests/public-native-temporal-expert/checkpoint-publication.json"",""models/checkpoint-manifests/public-native-temporal-expert/ensemble-manifest.json"",""models/checkpoint-manifests/public-native-temporal-expert/seed-383001.checkpoint-manifest.json"",""models/checkpoint-manifests/public-native-temporal-expert/seed-383001.fitted-instance.json"",""models/checkpoint-manifests/public-native-temporal-expert/seed-383002.checkpoint-manifest.json"",""models/checkpoint-manifests/public-native-temporal-expert/seed-383002.fitted-instance.json"",""models/checkpoint-manifests/public-native-temporal-expert/seed-383003.checkpoint-manifest.json"",""models/checkpoint-manifests/public-native-temporal-expert/seed-383003.fitted-instance.json"",""models/fitted-instances/public-native-comparator-suite/public-native-compact-neural/seed-383001.fitted-instance.json"",""models/fitted-instances/public-native-comparator-suite/public-native-compact-neural/seed-383002.fitted-instance.json"",""models/fitted-instances/public-native-comparator-suite/public-native-compact-neural/seed-383003.fitted-instance.json"",""models/fitted-instances/public-native-comparator-suite/public-native-context-mean/seed-383001.fitted-instance.json"",""models/fitted-instances/public-native-comparator-suite/public-native-context-mean/seed-383002.fitted-instance.json"",""models/fitted-instances/public-native-comparator-suite/public-native-context-mean/seed-383003.fitted-instance.json"",""models/fitted-instances/public-native-comparator-suite/public-native-histogram-boosted-stumps/seed-383001.fitted-instance.json"",""models/fitted-instances/public-native-comparator-suite/public-native-histogram-boosted-stumps/seed-383002.fitted-instance.json"",""models/fitted-instances/public-native-comparator-suite/public-native-histogram-boosted-stumps/seed-383003.fitted-instance.json"",""models/fitted-instances/public-native-comparator-suite/public-native-mechanistic-midpoint/seed-383001.fitted-instance.json"",""models/fitted-instances/public-native-comparator-suite/public-native-mechanistic-midpoint/seed-383002.fitted-instance.json"",""models/fitted-instances/public-native-comparator-suite/public-native-mechanistic-midpoint/seed-383003.fitted-instance.json"",""models/fitted-instances/public-native-comparator-suite/public-native-mechanistic-ridge-residual/seed-383001.fitted-instance.json"",""models/fitted-instances/public-native-comparator-suite/public-native-mechanistic-ridge-residual/seed-383002.fitted-instance.json"",""models/fitted-instances/public-native-comparator-suite/public-native-mechanistic-ridge-residual/seed-383003.fitted-instance.json"",""models/fitted-instances/public-native-comparator-suite/public-native-ridge/seed-383001.fitted-instance.json"",""models/fitted-instances/public-native-comparator-suite/public-native-ridge/seed-383002.fitted-instance.json"",""models/fitted-instances/public-native-comparator-suite/public-native-ridge/seed-383003.fitted-instance.json"",""results/benchmarks/iid_latent_capacity_change_with_transient_expression_forecasting/public-native-comparator-suite/internal-selection-split.json"",""results/benchmarks/iid_latent_capacity_change_with_transient_expression_forecasting/public-native-comparator-suite/public-native-compact-neural/seed-383001.evaluation-result.json"",""results/benchmarks/iid_latent_capacity_change_with_transient_expression_forecasting/public-native-comparator-suite/public-native-compact-neural/seed-383001.predictions.jsonl"",""results/benchmarks/iid_latent_capacity_change_with_transient_expression_forecasting/public-native-comparator-suite/public-native-compact-neural/seed-383002.evaluation-result.json"",""results/benchmarks/iid_latent_capacity_change_with_transient_expression_forecasting/public-native-comparator-suite/public-native-compact-neural/seed-383002.predictions.jsonl"",""results/benchmarks/iid_latent_capacity_change_with_transient_expression_forecasting/public-native-comparator-suite/public-native-compact-neural/seed-383003.evaluation-result.json"",""results/benchmarks/iid_latent_capacity_change_with_transient_expression_forecasting/public-native-comparator-suite/public-native-compact-neural/seed-383003.predictions.jsonl"",""results/benchmarks/iid_latent_capacity_change_with_transient_expression_forecasting/public-native-comparator-suite/public-native-context-mean/seed-383001.evaluation-result.json"",""results/benchmarks/iid_latent_capacity_change_with_transient_expression_forecasting/public-native-comparator-suite/public-native-context-mean/seed-383001.predictions.jsonl"",""results/benchmarks/iid_latent_capacity_change_with_transient_expression_forecasting/public-native-comparator-suite/public-native-context-mean/seed-383002.evaluation-result.json"",""results/benchmarks/iid_latent_capacity_change_with_transient_expression_forecasting/public-native-comparator-suite/public-native-context-mean/seed-383002.predictions.jsonl"",""results/benchmarks/iid_latent_capacity_change_with_transient_expression_forecasting/public-native-comparator-suite/public-native-context-mean/seed-383003.evaluation-result.json"",""results/benchmarks/iid_latent_capacity_change_with_transient_expression_forecasting/public-native-comparator-suite/public-native-context-mean/seed-383003.predictions.jsonl"",""results/benchmarks/iid_latent_capacity_change_with_transient_expression_forecasting/public-native-comparator-suite/public-native-histogram-boosted-stumps/seed-383001.evaluation-result.json"",""results/benchmarks/iid_latent_capacity_change_with_transient_expression_forecasting/public-native-comparator-suite/public-native-histogram-boosted-stumps/seed-383001.predictions.jsonl"",""results/benchmarks/iid_latent_capacity_change_with_transient_expression_forecasting/public-native-comparator-suite/public-native-histogram-boosted-stumps/seed-383002.evaluation-result.json"",""results/benchmarks/iid_latent_capacity_change_with_transient_expression_forecasting/public-native-comparator-suite/public-native-histogram-boosted-stumps/seed-383002.predictions.jsonl"",""results/benchmarks/iid_latent_capacity_change_with_transient_expression_forecasting/public-native-comparator-suite/public-native-histogram-boosted-stumps/seed-383003.evaluation-result.json"",""results/benchmarks/iid_latent_capacity_change_with_transient_expression_forecasting/public-native-comparator-suite/public-native-histogram-boosted-stumps/seed-383003.predictions.jsonl"",""results/benchmarks/iid_latent_capacity_change_with_transient_expression_forecasting/public-native-comparator-suite/public-native-mechanistic-midpoint/seed-383001.evaluation-result.json"",""results/benchmarks/iid_latent_capacity_change_with_transient_expression_forecasting/public-native-comparator-suite/public-native-mechanistic-midpoint/seed-383001.predictions.jsonl"",""results/benchmarks/iid_latent_capacity_change_with_transient_expression_forecasting/public-native-comparator-suite/public-native-mechanistic-midpoint/seed-383002.evaluation-result.json"",""results/benchmarks/iid_latent_capacity_change_with_transient_expression_forecasting/public-native-comparator-suite/public-native-mechanistic-midpoint/seed-383002.predictions.jsonl"",""results/benchmarks/iid_latent_capacity_change_with_transient_expression_forecasting/public-native-comparator-suite/public-native-mechanistic-midpoint/seed-383003.evaluation-result.json"",""results/benchmarks/iid_latent_capacity_change_with_transient_expression_forecasting/public-native-comparator-suite/public-native-mechanistic-midpoint/seed-383003.predictions.jsonl"",""results/benchmarks/iid_latent_capacity_change_with_transient_expression_forecasting/public-native-comparator-suite/public-native-mechanistic-ridge-residual/seed-383001.evaluation-result.json"",""results/benchmarks/iid_latent_capacity_change_with_transient_expression_forecasting/public-native-comparator-suite/public-native-mechanistic-ridge-residual/seed-383001.predictions.jsonl"",""results/benchmarks/iid_latent_capacity_change_with_transient_expression_forecasting/public-native-comparator-suite/public-native-mechanistic-ridge-residual/seed-383002.evaluation-result.json"",""results/benchmarks/iid_latent_capacity_change_with_transient_expression_forecasting/public-native-comparator-suite/public-native-mechanistic-ridge-residual/seed-383002.predictions.jsonl"",""results/benchmarks/iid_latent_capacity_change_with_transient_expression_forecasting/public-native-comparator-suite/public-native-mechanistic-ridge-residual/seed-383003.evaluation-result.json"",""results/benchmarks/iid_latent_capacity_change_with_transient_expression_forecasting/public-native-comparator-suite/public-native-mechanistic-ridge-residual/seed-383003.predictions.jsonl"",""results/benchmarks/iid_latent_capacity_change_with_transient_expression_forecasting/public-native-comparator-suite/public-native-ridge/seed-383001.evaluation-result.json"",""results/benchmarks/iid_latent_capacity_change_with_transient_expression_forecasting/public-native-comparator-suite/public-native-ridge/seed-383001.predictions.jsonl"",""results/benchmarks/iid_latent_capacity_change_with_transient_expression_forecasting/public-native-comparator-suite/public-native-ridge/seed-383002.evaluation-result.json"",""results/benchmarks/iid_latent_capacity_change_with_transient_expression_forecasting/public-native-comparator-suite/public-native-ridge/seed-383002.predictions.jsonl"",""results/benchmarks/iid_latent_capacity_change_with_transient_expression_forecasting/public-native-comparator-suite/public-native-ridge/seed-383003.evaluation-result.json"",""results/benchmarks/iid_latent_capacity_change_with_transient_expression_forecasting/public-native-comparator-suite/public-native-ridge/seed-383003.predictions.jsonl"",""results/benchmarks/iid_latent_capacity_change_with_transient_expression_forecasting/public-native-comparator-suite/training-seal.json"",""results/benchmarks/iid_latent_capacity_change_with_transient_expression_forecasting/public-native-temporal-expert/ensemble.evaluation-result.json"",""results/benchmarks/iid_latent_capacity_change_with_transient_expression_forecasting/public-native-temporal-expert/ensemble.predictions.jsonl"",""results/benchmarks/iid_latent_capacity_change_with_transient_expression_forecasting/public-native-temporal-expert/seed-383001.evaluation-result.json"",""results/benchmarks/iid_latent_capacity_change_with_transient_expression_forecasting/public-native-temporal-expert/seed-383001.predictions.jsonl"",""results/benchmarks/iid_latent_capacity_change_with_transient_expression_forecasting/public-native-temporal-expert/seed-383002.evaluation-result.json"",""results/benchmarks/iid_latent_capacity_change_with_transient_expression_forecasting/public-native-temporal-expert/seed-383002.predictions.jsonl"",""results/benchmarks/iid_latent_capacity_change_with_transient_expression_forecasting/public-native-temporal-expert/seed-383003.evaluation-result.json"",""results/benchmarks/iid_latent_capacity_change_with_transient_expression_forecasting/public-native-temporal-expert/seed-383003.predictions.jsonl"",""results/manifests/public-native-comparator-suite-checksums.json"",""results/manifests/public-native-comparator-suite.json"",""results/manifests/public-native-temporal-expert-source-inventory.json"",""results/manifests/public-native-temporal-expert-verification-receipt.json"",""results/manifests/public-native-temporal-expert.json"",""results/tables/public-native-comparator-frontier.csv""]",[]
iid_latent_capacity_change_with_transient_expression_forecasting@1.0.0,ml_load_bearing_contribution,NOT_RUN,"RES-277 defines this diagnostic but does not execute it; linked public artifacts are inputs, not audit findings.","{""FAIL"":0,""INCONCLUSIVE"":0,""NOT_APPLICABLE"":0,""NOT_RUN"":0,""PASS"":0,""UNSUPPORTED_BY_EVIDENCE"":0}",{},{},"[""artifacts/model-cards/public-native-comparator-suite.md"",""artifacts/registries/public-native-comparator-registry.json"",""results/tables/public-native-comparator-frontier.csv""]",[]
iid_latent_capacity_change_with_transient_expression_forecasting@1.0.0,out_of_distribution_robustness,NOT_RUN,"RES-277 defines this diagnostic but does not execute it; linked public artifacts are inputs, not audit findings.","{""FAIL"":0,""INCONCLUSIVE"":2,""NOT_APPLICABLE"":0,""NOT_RUN"":0,""PASS"":0,""UNSUPPORTED_BY_EVIDENCE"":2}","{""distributional_shift_sensitivity@1.0.0"":""UNSUPPORTED_BY_EVIDENCE"",""observation_noise_perturbation@1.0.0"":""INCONCLUSIVE"",""sparse_missing_history_sensitivity@1.0.0"":""UNSUPPORTED_BY_EVIDENCE"",""training_plan_counterfactual_sensitivity@1.0.0"":""INCONCLUSIVE""}",{},"[""artifacts/model-cards/public-native-comparator-suite.md"",""artifacts/registries/attack-contract-registry.json"",""artifacts/registries/benchmark-registry.json"",""artifacts/registries/public-native-comparator-registry.json"",""artifacts/schemas/public-forecast-row.schema.json"",""artifacts/training-protocols/public-native-comparator-suite.json"",""data/manifests/realizations/latent_capacity_change_with_transient_expression_forecasting/iid-production.json"",""docs/benchmarks/claim-boundaries.md"",""docs/benchmarks/iid-latent-capacity-change-with-transient-expression-forecasting.md"",""models/checkpoint-manifests/public-native-temporal-expert/checkpoint-publication.json"",""models/checkpoint-manifests/public-native-temporal-expert/ensemble-manifest.json"",""models/checkpoint-manifests/public-native-temporal-expert/seed-383001.checkpoint-manifest.json"",""models/checkpoint-manifests/public-native-temporal-expert/seed-383001.fitted-instance.json"",""models/checkpoint-manifests/public-native-temporal-expert/seed-383002.checkpoint-manifest.json"",""models/checkpoint-manifests/public-native-temporal-expert/seed-383002.fitted-instance.json"",""models/checkpoint-manifests/public-native-temporal-expert/seed-383003.checkpoint-manifest.json"",""models/checkpoint-manifests/public-native-temporal-expert/seed-383003.fitted-instance.json"",""models/fitted-instances/public-native-comparator-suite/public-native-compact-neural/seed-383001.fitted-instance.json"",""models/fitted-instances/public-native-comparator-suite/public-native-compact-neural/seed-383002.fitted-instance.json"",""models/fitted-instances/public-native-comparator-suite/public-native-compact-neural/seed-383003.fitted-instance.json"",""models/fitted-instances/public-native-comparator-suite/public-native-context-mean/seed-383001.fitted-instance.json"",""models/fitted-instances/public-native-comparator-suite/public-native-context-mean/seed-383002.fitted-instance.json"",""models/fitted-instances/public-native-comparator-suite/public-native-context-mean/seed-383003.fitted-instance.json"",""models/fitted-instances/public-native-comparator-suite/public-native-histogram-boosted-stumps/seed-383001.fitted-instance.json"",""models/fitted-instances/public-native-comparator-suite/public-native-histogram-boosted-stumps/seed-383002.fitted-instance.json"",""models/fitted-instances/public-native-comparator-suite/public-native-histogram-boosted-stumps/seed-383003.fitted-instance.json"",""models/fitted-instances/public-native-comparator-suite/public-native-mechanistic-midpoint/seed-383001.fitted-instance.json"",""models/fitted-instances/public-native-comparator-suite/public-native-mechanistic-midpoint/seed-383002.fitted-instance.json"",""models/fitted-instances/public-native-comparator-suite/public-native-mechanistic-midpoint/seed-383003.fitted-instance.json"",""models/fitted-instances/public-native-comparator-suite/public-native-mechanistic-ridge-residual/seed-383001.fitted-instance.json"",""models/fitted-instances/public-native-comparator-suite/public-native-mechanistic-ridge-residual/seed-383002.fitted-instance.json"",""models/fitted-instances/public-native-comparator-suite/public-native-mechanistic-ridge-residual/seed-383003.fitted-instance.json"",""models/fitted-instances/public-native-comparator-suite/public-native-ridge/seed-383001.fitted-instance.json"",""models/fitted-instances/public-native-comparator-suite/public-native-ridge/seed-383002.fitted-instance.json"",""models/fitted-instances/public-native-comparator-suite/public-native-ridge/seed-383003.fitted-instance.json"",""results/audits/res281/realizations/res281-observation-noise-perturbation-seed-281105/baseline.jsonl"",""results/audits/res281/realizations/res281-observation-noise-perturbation-seed-281105/manifest.json"",""results/audits/res281/realizations/res281-observation-noise-perturbation-seed-281105/noise-replicate-1.jsonl"",""results/audits/res281/realizations/res281-observation-noise-perturbation-seed-281105/noise-replicate-2.jsonl"",""results/audits/res281/realizations/res281-observation-noise-perturbation-seed-281105/noise-replicate-3.jsonl"",""results/audits/res281/realizations/res281-training-plan-counterfactual-sensitivity-seed-281104/baseline.jsonl"",""results/audits/res281/realizations/res281-training-plan-counterfactual-sensitivity-seed-281104/manifest.json"",""results/audits/res281/realizations/res281-training-plan-counterfactual-sensitivity-seed-281104/supported-plan-counterfactual.jsonl"",""results/benchmarks/iid_latent_capacity_change_with_transient_expression_forecasting/public-native-comparator-suite/internal-selection-split.json"",""results/benchmarks/iid_latent_capacity_change_with_transient_expression_forecasting/public-native-comparator-suite/public-native-compact-neural/seed-383001.evaluation-result.json"",""results/benchmarks/iid_latent_capacity_change_with_transient_expression_forecasting/public-native-comparator-suite/public-native-compact-neural/seed-383001.predictions.jsonl"",""results/benchmarks/iid_latent_capacity_change_with_transient_expression_forecasting/public-native-comparator-suite/public-native-compact-neural/seed-383002.evaluation-result.json"",""results/benchmarks/iid_latent_capacity_change_with_transient_expression_forecasting/public-native-comparator-suite/public-native-compact-neural/seed-383002.predictions.jsonl"",""results/benchmarks/iid_latent_capacity_change_with_transient_expression_forecasting/public-native-comparator-suite/public-native-compact-neural/seed-383003.evaluation-result.json"",""results/benchmarks/iid_latent_capacity_change_with_transient_expression_forecasting/public-native-comparator-suite/public-native-compact-neural/seed-383003.predictions.jsonl"",""results/benchmarks/iid_latent_capacity_change_with_transient_expression_forecasting/public-native-comparator-suite/public-native-context-mean/seed-383001.evaluation-result.json"",""results/benchmarks/iid_latent_capacity_change_with_transient_expression_forecasting/public-native-comparator-suite/public-native-context-mean/seed-383001.predictions.jsonl"",""results/benchmarks/iid_latent_capacity_change_with_transient_expression_forecasting/public-native-comparator-suite/public-native-context-mean/seed-383002.evaluation-result.json"",""results/benchmarks/iid_latent_capacity_change_with_transient_expression_forecasting/public-native-comparator-suite/public-native-context-mean/seed-383002.predictions.jsonl"",""results/benchmarks/iid_latent_capacity_change_with_transient_expression_forecasting/public-native-comparator-suite/public-native-context-mean/seed-383003.evaluation-result.json"",""results/benchmarks/iid_latent_capacity_change_with_transient_expression_forecasting/public-native-comparator-suite/public-native-context-mean/seed-383003.predictions.jsonl"",""results/benchmarks/iid_latent_capacity_change_with_transient_expression_forecasting/public-native-comparator-suite/public-native-histogram-boosted-stumps/seed-383001.evaluation-result.json"",""results/benchmarks/iid_latent_capacity_change_with_transient_expression_forecasting/public-native-comparator-suite/public-native-histogram-boosted-stumps/seed-383001.predictions.jsonl"",""results/benchmarks/iid_latent_capacity_change_with_transient_expression_forecasting/public-native-comparator-suite/public-native-histogram-boosted-stumps/seed-383002.evaluation-result.json"",""results/benchmarks/iid_latent_capacity_change_with_transient_expression_forecasting/public-native-comparator-suite/public-native-histogram-boosted-stumps/seed-383002.predictions.jsonl"",""results/benchmarks/iid_latent_capacity_change_with_transient_expression_forecasting/public-native-comparator-suite/public-native-histogram-boosted-stumps/seed-383003.evaluation-result.json"",""results/benchmarks/iid_latent_capacity_change_with_transient_expression_forecasting/public-native-comparator-suite/public-native-histogram-boosted-stumps/seed-383003.predictions.jsonl"",""results/benchmarks/iid_latent_capacity_change_with_transient_expression_forecasting/public-native-comparator-suite/public-native-mechanistic-midpoint/seed-383001.evaluation-result.json"",""results/benchmarks/iid_latent_capacity_change_with_transient_expression_forecasting/public-native-comparator-suite/public-native-mechanistic-midpoint/seed-383001.predictions.jsonl"",""results/benchmarks/iid_latent_capacity_change_with_transient_expression_forecasting/public-native-comparator-suite/public-native-mechanistic-midpoint/seed-383002.evaluation-result.json"",""results/benchmarks/iid_latent_capacity_change_with_transient_expression_forecasting/public-native-comparator-suite/public-native-mechanistic-midpoint/seed-383002.predictions.jsonl"",""results/benchmarks/iid_latent_capacity_change_with_transient_expression_forecasting/public-native-comparator-suite/public-native-mechanistic-midpoint/seed-383003.evaluation-result.json"",""results/benchmarks/iid_latent_capacity_change_with_transient_expression_forecasting/public-native-comparator-suite/public-native-mechanistic-midpoint/seed-383003.predictions.jsonl"",""results/benchmarks/iid_latent_capacity_change_with_transient_expression_forecasting/public-native-comparator-suite/public-native-mechanistic-ridge-residual/seed-383001.evaluation-result.json"",""results/benchmarks/iid_latent_capacity_change_with_transient_expression_forecasting/public-native-comparator-suite/public-native-mechanistic-ridge-residual/seed-383001.predictions.jsonl"",""results/benchmarks/iid_latent_capacity_change_with_transient_expression_forecasting/public-native-comparator-suite/public-native-mechanistic-ridge-residual/seed-383002.evaluation-result.json"",""results/benchmarks/iid_latent_capacity_change_with_transient_expression_forecasting/public-native-comparator-suite/public-native-mechanistic-ridge-residual/seed-383002.predictions.jsonl"",""results/benchmarks/iid_latent_capacity_change_with_transient_expression_forecasting/public-native-comparator-suite/public-native-mechanistic-ridge-residual/seed-383003.evaluation-result.json"",""results/benchmarks/iid_latent_capacity_change_with_transient_expression_forecasting/public-native-comparator-suite/public-native-mechanistic-ridge-residual/seed-383003.predictions.jsonl"",""results/benchmarks/iid_latent_capacity_change_with_transient_expression_forecasting/public-native-comparator-suite/public-native-ridge/seed-383001.evaluation-result.json"",""results/benchmarks/iid_latent_capacity_change_with_transient_expression_forecasting/public-native-comparator-suite/public-native-ridge/seed-383001.predictions.jsonl"",""results/benchmarks/iid_latent_capacity_change_with_transient_expression_forecasting/public-native-comparator-suite/public-native-ridge/seed-383002.evaluation-result.json"",""results/benchmarks/iid_latent_capacity_change_with_transient_expression_forecasting/public-native-comparator-suite/public-native-ridge/seed-383002.predictions.jsonl"",""results/benchmarks/iid_latent_capacity_change_with_transient_expression_forecasting/public-native-comparator-suite/public-native-ridge/seed-383003.evaluation-result.json"",""results/benchmarks/iid_latent_capacity_change_with_transient_expression_forecasting/public-native-comparator-suite/public-native-ridge/seed-383003.predictions.jsonl"",""results/benchmarks/iid_latent_capacity_change_with_transient_expression_forecasting/public-native-comparator-suite/training-seal.json"",""results/benchmarks/iid_latent_capacity_change_with_transient_expression_forecasting/public-native-temporal-expert/ensemble.evaluation-result.json"",""results/benchmarks/iid_latent_capacity_change_with_transient_expression_forecasting/public-native-temporal-expert/ensemble.predictions.jsonl"",""results/benchmarks/iid_latent_capacity_change_with_transient_expression_forecasting/public-native-temporal-expert/seed-383001.evaluation-result.json"",""results/benchmarks/iid_latent_capacity_change_with_transient_expression_forecasting/public-native-temporal-expert/seed-383001.predictions.jsonl"",""results/benchmarks/iid_latent_capacity_change_with_transient_expression_forecasting/public-native-temporal-expert/seed-383002.evaluation-result.json"",""results/benchmarks/iid_latent_capacity_change_with_transient_expression_forecasting/public-native-temporal-expert/seed-383002.predictions.jsonl"",""results/benchmarks/iid_latent_capacity_change_with_transient_expression_forecasting/public-native-temporal-expert/seed-383003.evaluation-result.json"",""results/benchmarks/iid_latent_capacity_change_with_transient_expression_forecasting/public-native-temporal-expert/seed-383003.predictions.jsonl"",""results/manifests/public-native-comparator-suite-checksums.json"",""results/manifests/public-native-comparator-suite.json"",""results/manifests/public-native-temporal-expert-source-inventory.json"",""results/manifests/public-native-temporal-expert-verification-receipt.json"",""results/manifests/public-native-temporal-expert.json"",""results/tables/public-native-comparator-frontier.csv"",""src/powerlifting_state_research/models/temporal_expert.py""]","[""A predeclared native shift manifest with a supported generator transform."",""A versioned missing-history representation and admissible mask/cadence protocol.""]"
iid_latent_capacity_change_with_transient_expression_forecasting@1.0.0,seed_stability,NOT_RUN,"RES-277 defines this diagnostic but does not execute it; linked public artifacts are inputs, not audit findings.","{""FAIL"":0,""INCONCLUSIVE"":2,""NOT_APPLICABLE"":0,""NOT_RUN"":0,""PASS"":0,""UNSUPPORTED_BY_EVIDENCE"":0}","{""model_ranking_instability@1.0.0"":""INCONCLUSIVE"",""parameter_seed_sensitivity@1.0.0"":""INCONCLUSIVE""}",{},"[""artifacts/registries/public-native-comparator-registry.json"",""artifacts/training-protocols/public-native-comparator-suite.json"",""data/manifests/realizations/latent_capacity_change_with_transient_expression_forecasting/iid-production.json"",""models/checkpoint-manifests/public-native-temporal-expert/checkpoint-publication.json"",""models/checkpoint-manifests/public-native-temporal-expert/ensemble-manifest.json"",""models/checkpoint-manifests/public-native-temporal-expert/seed-383001.checkpoint-manifest.json"",""models/checkpoint-manifests/public-native-temporal-expert/seed-383001.fitted-instance.json"",""models/checkpoint-manifests/public-native-temporal-expert/seed-383002.checkpoint-manifest.json"",""models/checkpoint-manifests/public-native-temporal-expert/seed-383002.fitted-instance.json"",""models/checkpoint-manifests/public-native-temporal-expert/seed-383003.checkpoint-manifest.json"",""models/checkpoint-manifests/public-native-temporal-expert/seed-383003.fitted-instance.json"",""models/fitted-instances/public-native-comparator-suite/public-native-compact-neural/seed-383001.fitted-instance.json"",""models/fitted-instances/public-native-comparator-suite/public-native-compact-neural/seed-383002.fitted-instance.json"",""models/fitted-instances/public-native-comparator-suite/public-native-compact-neural/seed-383003.fitted-instance.json"",""models/fitted-instances/public-native-comparator-suite/public-native-context-mean/seed-383001.fitted-instance.json"",""models/fitted-instances/public-native-comparator-suite/public-native-context-mean/seed-383002.fitted-instance.json"",""models/fitted-instances/public-native-comparator-suite/public-native-context-mean/seed-383003.fitted-instance.json"",""models/fitted-instances/public-native-comparator-suite/public-native-histogram-boosted-stumps/seed-383001.fitted-instance.json"",""models/fitted-instances/public-native-comparator-suite/public-native-histogram-boosted-stumps/seed-383002.fitted-instance.json"",""models/fitted-instances/public-native-comparator-suite/public-native-histogram-boosted-stumps/seed-383003.fitted-instance.json"",""models/fitted-instances/public-native-comparator-suite/public-native-mechanistic-midpoint/seed-383001.fitted-instance.json"",""models/fitted-instances/public-native-comparator-suite/public-native-mechanistic-midpoint/seed-383002.fitted-instance.json"",""models/fitted-instances/public-native-comparator-suite/public-native-mechanistic-midpoint/seed-383003.fitted-instance.json"",""models/fitted-instances/public-native-comparator-suite/public-native-mechanistic-ridge-residual/seed-383001.fitted-instance.json"",""models/fitted-instances/public-native-comparator-suite/public-native-mechanistic-ridge-residual/seed-383002.fitted-instance.json"",""models/fitted-instances/public-native-comparator-suite/public-native-mechanistic-ridge-residual/seed-383003.fitted-instance.json"",""models/fitted-instances/public-native-comparator-suite/public-native-ridge/seed-383001.fitted-instance.json"",""models/fitted-instances/public-native-comparator-suite/public-native-ridge/seed-383002.fitted-instance.json"",""models/fitted-instances/public-native-comparator-suite/public-native-ridge/seed-383003.fitted-instance.json"",""results/benchmarks/iid_latent_capacity_change_with_transient_expression_forecasting/public-native-comparator-suite/internal-selection-split.json"",""results/benchmarks/iid_latent_capacity_change_with_transient_expression_forecasting/public-native-comparator-suite/public-native-compact-neural/seed-383001.evaluation-result.json"",""results/benchmarks/iid_latent_capacity_change_with_transient_expression_forecasting/public-native-comparator-suite/public-native-compact-neural/seed-383001.predictions.jsonl"",""results/benchmarks/iid_latent_capacity_change_with_transient_expression_forecasting/public-native-comparator-suite/public-native-compact-neural/seed-383002.evaluation-result.json"",""results/benchmarks/iid_latent_capacity_change_with_transient_expression_forecasting/public-native-comparator-suite/public-native-compact-neural/seed-383002.predictions.jsonl"",""results/benchmarks/iid_latent_capacity_change_with_transient_expression_forecasting/public-native-comparator-suite/public-native-compact-neural/seed-383003.evaluation-result.json"",""results/benchmarks/iid_latent_capacity_change_with_transient_expression_forecasting/public-native-comparator-suite/public-native-compact-neural/seed-383003.predictions.jsonl"",""results/benchmarks/iid_latent_capacity_change_with_transient_expression_forecasting/public-native-comparator-suite/public-native-context-mean/seed-383001.evaluation-result.json"",""results/benchmarks/iid_latent_capacity_change_with_transient_expression_forecasting/public-native-comparator-suite/public-native-context-mean/seed-383001.predictions.jsonl"",""results/benchmarks/iid_latent_capacity_change_with_transient_expression_forecasting/public-native-comparator-suite/public-native-context-mean/seed-383002.evaluation-result.json"",""results/benchmarks/iid_latent_capacity_change_with_transient_expression_forecasting/public-native-comparator-suite/public-native-context-mean/seed-383002.predictions.jsonl"",""results/benchmarks/iid_latent_capacity_change_with_transient_expression_forecasting/public-native-comparator-suite/public-native-context-mean/seed-383003.evaluation-result.json"",""results/benchmarks/iid_latent_capacity_change_with_transient_expression_forecasting/public-native-comparator-suite/public-native-context-mean/seed-383003.predictions.jsonl"",""results/benchmarks/iid_latent_capacity_change_with_transient_expression_forecasting/public-native-comparator-suite/public-native-histogram-boosted-stumps/seed-383001.evaluation-result.json"",""results/benchmarks/iid_latent_capacity_change_with_transient_expression_forecasting/public-native-comparator-suite/public-native-histogram-boosted-stumps/seed-383001.predictions.jsonl"",""results/benchmarks/iid_latent_capacity_change_with_transient_expression_forecasting/public-native-comparator-suite/public-native-histogram-boosted-stumps/seed-383002.evaluation-result.json"",""results/benchmarks/iid_latent_capacity_change_with_transient_expression_forecasting/public-native-comparator-suite/public-native-histogram-boosted-stumps/seed-383002.predictions.jsonl"",""results/benchmarks/iid_latent_capacity_change_with_transient_expression_forecasting/public-native-comparator-suite/public-native-histogram-boosted-stumps/seed-383003.evaluation-result.json"",""results/benchmarks/iid_latent_capacity_change_with_transient_expression_forecasting/public-native-comparator-suite/public-native-histogram-boosted-stumps/seed-383003.predictions.jsonl"",""results/benchmarks/iid_latent_capacity_change_with_transient_expression_forecasting/public-native-comparator-suite/public-native-mechanistic-midpoint/seed-383001.evaluation-result.json"",""results/benchmarks/iid_latent_capacity_change_with_transient_expression_forecasting/public-native-comparator-suite/public-native-mechanistic-midpoint/seed-383001.predictions.jsonl"",""results/benchmarks/iid_latent_capacity_change_with_transient_expression_forecasting/public-native-comparator-suite/public-native-mechanistic-midpoint/seed-383002.evaluation-result.json"",""results/benchmarks/iid_latent_capacity_change_with_transient_expression_forecasting/public-native-comparator-suite/public-native-mechanistic-midpoint/seed-383002.predictions.jsonl"",""results/benchmarks/iid_latent_capacity_change_with_transient_expression_forecasting/public-native-comparator-suite/public-native-mechanistic-midpoint/seed-383003.evaluation-result.json"",""results/benchmarks/iid_latent_capacity_change_with_transient_expression_forecasting/public-native-comparator-suite/public-native-mechanistic-midpoint/seed-383003.predictions.jsonl"",""results/benchmarks/iid_latent_capacity_change_with_transient_expression_forecasting/public-native-comparator-suite/public-native-mechanistic-ridge-residual/seed-383001.evaluation-result.json"",""results/benchmarks/iid_latent_capacity_change_with_transient_expression_forecasting/public-native-comparator-suite/public-native-mechanistic-ridge-residual/seed-383001.predictions.jsonl"",""results/benchmarks/iid_latent_capacity_change_with_transient_expression_forecasting/public-native-comparator-suite/public-native-mechanistic-ridge-residual/seed-383002.evaluation-result.json"",""results/benchmarks/iid_latent_capacity_change_with_transient_expression_forecasting/public-native-comparator-suite/public-native-mechanistic-ridge-residual/seed-383002.predictions.jsonl"",""results/benchmarks/iid_latent_capacity_change_with_transient_expression_forecasting/public-native-comparator-suite/public-native-mechanistic-ridge-residual/seed-383003.evaluation-result.json"",""results/benchmarks/iid_latent_capacity_change_with_transient_expression_forecasting/public-native-comparator-suite/public-native-mechanistic-ridge-residual/seed-383003.predictions.jsonl"",""results/benchmarks/iid_latent_capacity_change_with_transient_expression_forecasting/public-native-comparator-suite/public-native-ridge/seed-383001.evaluation-result.json"",""results/benchmarks/iid_latent_capacity_change_with_transient_expression_forecasting/public-native-comparator-suite/public-native-ridge/seed-383001.predictions.jsonl"",""results/benchmarks/iid_latent_capacity_change_with_transient_expression_forecasting/public-native-comparator-suite/public-native-ridge/seed-383002.evaluation-result.json"",""results/benchmarks/iid_latent_capacity_change_with_transient_expression_forecasting/public-native-comparator-suite/public-native-ridge/seed-383002.predictions.jsonl"",""results/benchmarks/iid_latent_capacity_change_with_transient_expression_forecasting/public-native-comparator-suite/public-native-ridge/seed-383003.evaluation-result.json"",""results/benchmarks/iid_latent_capacity_change_with_transient_expression_forecasting/public-native-comparator-suite/public-native-ridge/seed-383003.predictions.jsonl"",""results/benchmarks/iid_latent_capacity_change_with_transient_expression_forecasting/public-native-comparator-suite/training-seal.json"",""results/benchmarks/iid_latent_capacity_change_with_transient_expression_forecasting/public-native-temporal-expert/ensemble.evaluation-result.json"",""results/benchmarks/iid_latent_capacity_change_with_transient_expression_forecasting/public-native-temporal-expert/ensemble.predictions.jsonl"",""results/benchmarks/iid_latent_capacity_change_with_transient_expression_forecasting/public-native-temporal-expert/seed-383001.evaluation-result.json"",""results/benchmarks/iid_latent_capacity_change_with_transient_expression_forecasting/public-native-temporal-expert/seed-383001.predictions.jsonl"",""results/benchmarks/iid_latent_capacity_change_with_transient_expression_forecasting/public-native-temporal-expert/seed-383002.evaluation-result.json"",""results/benchmarks/iid_latent_capacity_change_with_transient_expression_forecasting/public-native-temporal-expert/seed-383002.predictions.jsonl"",""results/benchmarks/iid_latent_capacity_change_with_transient_expression_forecasting/public-native-temporal-expert/seed-383003.evaluation-result.json"",""results/benchmarks/iid_latent_capacity_change_with_transient_expression_forecasting/public-native-temporal-expert/seed-383003.predictions.jsonl"",""results/manifests/public-native-comparator-suite-checksums.json"",""results/manifests/public-native-comparator-suite.json"",""results/manifests/public-native-temporal-expert-source-inventory.json"",""results/manifests/public-native-temporal-expert-verification-receipt.json"",""results/manifests/public-native-temporal-expert.json"",""results/tables/public-native-comparator-frontier.csv""]",[]
iid_latent_capacity_change_with_transient_expression_forecasting@1.0.0,hidden_test_fairness,NOT_APPLICABLE,This public-native version publishes its evaluation split and makes no hidden-test claim.,"{""FAIL"":0,""INCONCLUSIVE"":0,""NOT_APPLICABLE"":1,""NOT_RUN"":0,""PASS"":0,""UNSUPPORTED_BY_EVIDENCE"":0}","{""hidden_test_fairness@1.0.0"":""NOT_APPLICABLE""}",{},"[""data/manifests/realizations/latent_capacity_change_with_transient_expression_forecasting/iid-production.json"",""docs/benchmarks/iid-latent-capacity-change-public-native-evaluation.md""]",[]
iid_latent_capacity_change_with_transient_expression_forecasting@1.0.0,audit_coverage,NOT_RUN,RES-277 defines the applicable denominator and status ledger; RES-278 has not executed the coverage audit.,"{""FAIL"":0,""INCONCLUSIVE"":0,""NOT_APPLICABLE"":0,""NOT_RUN"":0,""PASS"":1,""UNSUPPORTED_BY_EVIDENCE"":0}","{""audit_coverage_accounting@1.0.0"":""PASS""}",{},"[""artifacts/model-cards/public-native-comparator-suite.md"",""artifacts/registries/attack-contract-registry.json"",""artifacts/registries/public-native-comparator-registry.json"",""artifacts/registries/validity-axis-registry.json"",""artifacts/registries/version-validity-profiles.json"",""artifacts/schemas/prediction-contract.schema.json"",""data/manifests/realizations/latent_capacity_change_with_transient_expression_forecasting/iid-production.json"",""docs/benchmarks/claim-boundaries.md"",""docs/benchmarks/iid-latent-capacity-change-public-native-evaluation.md"",""docs/benchmarks/iid-latent-capacity-change-with-transient-expression-forecasting.md"",""docs/science/system-model.md"",""results/manifests/public-native-comparator-suite-checksums.json"",""results/manifests/public-native-comparator-suite.json"",""results/tables/public-native-comparator-frontier.csv"",""scripts/verify_public_iid_production.py"",""src/powerlifting_state_research/benchmarks/latent_capacity_change_with_transient_expression_forecasting/research.py""]",[]
latent_capacity_change_with_transient_expression_forecasting@1.0.0,domain_faithfulness,UNSUPPORTED_BY_EVIDENCE,The public historical record does not contain the executable evidence needed to run this diagnostic.,"{""FAIL"":0,""INCONCLUSIVE"":0,""NOT_APPLICABLE"":0,""NOT_RUN"":0,""PASS"":0,""UNSUPPORTED_BY_EVIDENCE"":0}",{},{},"[""artifacts/registries/benchmark-registry.json"",""docs/benchmarks/latent-capacity-change-with-transient-expression-forecasting.md"",""src/powerlifting_state_research/provenance/historical_sources.py""]","[""Public row-level realization, executable audit adapter, and matching model/evaluation artifacts are not available for this historical version.""]"
latent_capacity_change_with_transient_expression_forecasting@1.0.0,reproducibility,UNSUPPORTED_BY_EVIDENCE,The public historical record does not contain the executable evidence needed to run this diagnostic.,"{""FAIL"":0,""INCONCLUSIVE"":0,""NOT_APPLICABLE"":0,""NOT_RUN"":0,""PASS"":0,""UNSUPPORTED_BY_EVIDENCE"":0}",{},{},"[""artifacts/registries/benchmark-registry.json"",""docs/benchmarks/latent-capacity-change-with-transient-expression-forecasting.md"",""src/powerlifting_state_research/provenance/historical_sources.py""]","[""Public row-level realization, executable audit adapter, and matching model/evaluation artifacts are not available for this historical version.""]"
latent_capacity_change_with_transient_expression_forecasting@1.0.0,leakage_shortcut_susceptibility,UNSUPPORTED_BY_EVIDENCE,The public historical record does not contain the executable evidence needed to run this diagnostic.,"{""FAIL"":0,""INCONCLUSIVE"":0,""NOT_APPLICABLE"":1,""NOT_RUN"":0,""PASS"":0,""UNSUPPORTED_BY_EVIDENCE"":3}","{""participant_input_leakage@1.0.0"":""UNSUPPORTED_BY_EVIDENCE"",""shortcut_feature_dependence@1.0.0"":""NOT_APPLICABLE"",""target_identity_contamination@1.0.0"":""UNSUPPORTED_BY_EVIDENCE"",""temporal_history_disruption@1.0.0"":""UNSUPPORTED_BY_EVIDENCE""}",{},"[""artifacts/registries/attack-contract-registry.json"",""artifacts/registries/benchmark-registry.json"",""docs/benchmarks/latent-capacity-change-with-transient-expression-forecasting.md"",""src/powerlifting_state_research/provenance/historical_sources.py""]","[""Public row-level realization, executable audit adapter, and matching model/evaluation artifacts are not available for this historical version."",""Rights-cleared historical participant rows and split identities."",""Version-specific runnable adapter and fitted model/evaluation artifacts.""]"
latent_capacity_change_with_transient_expression_forecasting@1.0.0,reconstructability,UNSUPPORTED_BY_EVIDENCE,The public historical record does not contain the executable evidence needed to run this diagnostic.,"{""FAIL"":0,""INCONCLUSIVE"":1,""NOT_APPLICABLE"":0,""NOT_RUN"":0,""PASS"":0,""UNSUPPORTED_BY_EVIDENCE"":0}","{""reconstruction_provenance_gaps@1.0.0"":""INCONCLUSIVE""}",{},"[""artifacts/registries/attack-contract-registry.json"",""artifacts/registries/benchmark-registry.json"",""docs/benchmarks/latent-capacity-change-with-transient-expression-forecasting.md"",""src/powerlifting_state_research/provenance/historical_sources.py""]","[""Public row-level realization, executable audit adapter, and matching model/evaluation artifacts are not available for this historical version.""]"
latent_capacity_change_with_transient_expression_forecasting@1.0.0,simple_model_frontier,UNSUPPORTED_BY_EVIDENCE,The public historical record does not contain the executable evidence needed to run this diagnostic.,"{""FAIL"":0,""INCONCLUSIVE"":0,""NOT_APPLICABLE"":1,""NOT_RUN"":0,""PASS"":0,""UNSUPPORTED_BY_EVIDENCE"":0}","{""baseline_domination@1.0.0"":""NOT_APPLICABLE""}",{},"[""artifacts/registries/attack-contract-registry.json"",""artifacts/registries/benchmark-registry.json"",""docs/benchmarks/latent-capacity-change-with-transient-expression-forecasting.md"",""src/powerlifting_state_research/provenance/historical_sources.py""]","[""Public row-level realization, executable audit adapter, and matching model/evaluation artifacts are not available for this historical version.""]"
latent_capacity_change_with_transient_expression_forecasting@1.0.0,ml_load_bearing_contribution,UNSUPPORTED_BY_EVIDENCE,The public historical record does not contain the executable evidence needed to run this diagnostic.,"{""FAIL"":0,""INCONCLUSIVE"":0,""NOT_APPLICABLE"":0,""NOT_RUN"":0,""PASS"":0,""UNSUPPORTED_BY_EVIDENCE"":0}",{},{},"[""artifacts/registries/benchmark-registry.json"",""docs/benchmarks/latent-capacity-change-with-transient-expression-forecasting.md"",""src/powerlifting_state_research/provenance/historical_sources.py""]","[""Public row-level realization, executable audit adapter, and matching model/evaluation artifacts are not available for this historical version.""]"
latent_capacity_change_with_transient_expression_forecasting@1.0.0,out_of_distribution_robustness,UNSUPPORTED_BY_EVIDENCE,The public historical record does not contain the executable evidence needed to run this diagnostic.,"{""FAIL"":0,""INCONCLUSIVE"":0,""NOT_APPLICABLE"":1,""NOT_RUN"":0,""PASS"":0,""UNSUPPORTED_BY_EVIDENCE"":3}","{""distributional_shift_sensitivity@1.0.0"":""NOT_APPLICABLE"",""observation_noise_perturbation@1.0.0"":""UNSUPPORTED_BY_EVIDENCE"",""sparse_missing_history_sensitivity@1.0.0"":""UNSUPPORTED_BY_EVIDENCE"",""training_plan_counterfactual_sensitivity@1.0.0"":""UNSUPPORTED_BY_EVIDENCE""}",{},"[""artifacts/registries/attack-contract-registry.json"",""artifacts/registries/benchmark-registry.json"",""docs/benchmarks/latent-capacity-change-with-transient-expression-forecasting.md"",""src/powerlifting_state_research/provenance/historical_sources.py""]","[""Public row-level realization, executable audit adapter, and matching model/evaluation artifacts are not available for this historical version."",""Rights-cleared historical participant rows and split identities."",""Version-specific runnable adapter and fitted model/evaluation artifacts.""]"
latent_capacity_change_with_transient_expression_forecasting@1.0.0,seed_stability,UNSUPPORTED_BY_EVIDENCE,The public historical record does not contain the executable evidence needed to run this diagnostic.,"{""FAIL"":0,""INCONCLUSIVE"":0,""NOT_APPLICABLE"":2,""NOT_RUN"":0,""PASS"":0,""UNSUPPORTED_BY_EVIDENCE"":0}","{""model_ranking_instability@1.0.0"":""NOT_APPLICABLE"",""parameter_seed_sensitivity@1.0.0"":""NOT_APPLICABLE""}",{},"[""artifacts/registries/attack-contract-registry.json"",""artifacts/registries/benchmark-registry.json"",""docs/benchmarks/latent-capacity-change-with-transient-expression-forecasting.md"",""src/powerlifting_state_research/provenance/historical_sources.py""]","[""Public row-level realization, executable audit adapter, and matching model/evaluation artifacts are not available for this historical version.""]"
latent_capacity_change_with_transient_expression_forecasting@1.0.0,hidden_test_fairness,UNSUPPORTED_BY_EVIDENCE,The public historical record does not contain the executable evidence needed to run this diagnostic.,"{""FAIL"":0,""INCONCLUSIVE"":0,""NOT_APPLICABLE"":0,""NOT_RUN"":0,""PASS"":0,""UNSUPPORTED_BY_EVIDENCE"":1}","{""hidden_test_fairness@1.0.0"":""UNSUPPORTED_BY_EVIDENCE""}",{},"[""artifacts/registries/attack-contract-registry.json"",""artifacts/registries/benchmark-registry.json"",""docs/benchmarks/latent-capacity-change-with-transient-expression-forecasting.md"",""src/powerlifting_state_research/provenance/historical_sources.py""]","[""Public evidence does not establish whether a hidden/access-controlled test exists or document its split identity and access controls."",""Rights-cleared historical participant rows and split identities."",""Version-specific runnable adapter and fitted model/evaluation artifacts.""]"
latent_capacity_change_with_transient_expression_forecasting@1.0.0,audit_coverage,NOT_RUN,RES-277 defines the applicable denominator and status ledger; RES-278 has not executed the coverage audit.,"{""FAIL"":0,""INCONCLUSIVE"":0,""NOT_APPLICABLE"":0,""NOT_RUN"":0,""PASS"":1,""UNSUPPORTED_BY_EVIDENCE"":0}","{""audit_coverage_accounting@1.0.0"":""PASS""}",{},"[""artifacts/registries/attack-contract-registry.json"",""artifacts/registries/benchmark-registry.json"",""artifacts/registries/validity-axis-registry.json"",""artifacts/registries/version-validity-profiles.json"",""docs/benchmarks/latent-capacity-change-with-transient-expression-forecasting.md"",""src/powerlifting_state_research/provenance/historical_sources.py""]",[]
latent_origin_capacity_change_forecasting@1.0.0,domain_faithfulness,UNSUPPORTED_BY_EVIDENCE,The public historical record does not contain the executable evidence needed to run this diagnostic.,"{""FAIL"":0,""INCONCLUSIVE"":0,""NOT_APPLICABLE"":0,""NOT_RUN"":0,""PASS"":0,""UNSUPPORTED_BY_EVIDENCE"":0}",{},{},"[""artifacts/registries/benchmark-registry.json"",""docs/benchmarks/latent-origin-capacity-change-forecasting.md"",""src/powerlifting_state_research/provenance/historical_sources.py""]","[""Public row-level realization, executable audit adapter, and matching model/evaluation artifacts are not available for this historical version.""]"
latent_origin_capacity_change_forecasting@1.0.0,reproducibility,UNSUPPORTED_BY_EVIDENCE,The public historical record does not contain the executable evidence needed to run this diagnostic.,"{""FAIL"":0,""INCONCLUSIVE"":0,""NOT_APPLICABLE"":0,""NOT_RUN"":0,""PASS"":0,""UNSUPPORTED_BY_EVIDENCE"":0}",{},{},"[""artifacts/registries/benchmark-registry.json"",""docs/benchmarks/latent-origin-capacity-change-forecasting.md"",""src/powerlifting_state_research/provenance/historical_sources.py""]","[""Public row-level realization, executable audit adapter, and matching model/evaluation artifacts are not available for this historical version.""]"
latent_origin_capacity_change_forecasting@1.0.0,leakage_shortcut_susceptibility,UNSUPPORTED_BY_EVIDENCE,The public historical record does not contain the executable evidence needed to run this diagnostic.,"{""FAIL"":0,""INCONCLUSIVE"":0,""NOT_APPLICABLE"":1,""NOT_RUN"":0,""PASS"":0,""UNSUPPORTED_BY_EVIDENCE"":3}","{""participant_input_leakage@1.0.0"":""UNSUPPORTED_BY_EVIDENCE"",""shortcut_feature_dependence@1.0.0"":""NOT_APPLICABLE"",""target_identity_contamination@1.0.0"":""UNSUPPORTED_BY_EVIDENCE"",""temporal_history_disruption@1.0.0"":""UNSUPPORTED_BY_EVIDENCE""}",{},"[""artifacts/registries/attack-contract-registry.json"",""artifacts/registries/benchmark-registry.json"",""docs/benchmarks/latent-origin-capacity-change-forecasting.md"",""src/powerlifting_state_research/provenance/historical_sources.py""]","[""Public row-level realization, executable audit adapter, and matching model/evaluation artifacts are not available for this historical version."",""Rights-cleared historical participant rows and split identities."",""Version-specific runnable adapter and fitted model/evaluation artifacts.""]"
latent_origin_capacity_change_forecasting@1.0.0,reconstructability,UNSUPPORTED_BY_EVIDENCE,The public historical record does not contain the executable evidence needed to run this diagnostic.,"{""FAIL"":0,""INCONCLUSIVE"":1,""NOT_APPLICABLE"":0,""NOT_RUN"":0,""PASS"":0,""UNSUPPORTED_BY_EVIDENCE"":0}","{""reconstruction_provenance_gaps@1.0.0"":""INCONCLUSIVE""}",{},"[""artifacts/registries/attack-contract-registry.json"",""artifacts/registries/benchmark-registry.json"",""docs/benchmarks/latent-origin-capacity-change-forecasting.md"",""src/powerlifting_state_research/provenance/historical_sources.py""]","[""Public row-level realization, executable audit adapter, and matching model/evaluation artifacts are not available for this historical version.""]"
latent_origin_capacity_change_forecasting@1.0.0,simple_model_frontier,UNSUPPORTED_BY_EVIDENCE,The public historical record does not contain the executable evidence needed to run this diagnostic.,"{""FAIL"":0,""INCONCLUSIVE"":0,""NOT_APPLICABLE"":1,""NOT_RUN"":0,""PASS"":0,""UNSUPPORTED_BY_EVIDENCE"":0}","{""baseline_domination@1.0.0"":""NOT_APPLICABLE""}",{},"[""artifacts/registries/attack-contract-registry.json"",""artifacts/registries/benchmark-registry.json"",""docs/benchmarks/latent-origin-capacity-change-forecasting.md"",""src/powerlifting_state_research/provenance/historical_sources.py""]","[""Public row-level realization, executable audit adapter, and matching model/evaluation artifacts are not available for this historical version.""]"
latent_origin_capacity_change_forecasting@1.0.0,ml_load_bearing_contribution,UNSUPPORTED_BY_EVIDENCE,The public historical record does not contain the executable evidence needed to run this diagnostic.,"{""FAIL"":0,""INCONCLUSIVE"":0,""NOT_APPLICABLE"":0,""NOT_RUN"":0,""PASS"":0,""UNSUPPORTED_BY_EVIDENCE"":0}",{},{},"[""artifacts/registries/benchmark-registry.json"",""docs/benchmarks/latent-origin-capacity-change-forecasting.md"",""src/powerlifting_state_research/provenance/historical_sources.py""]","[""Public row-level realization, executable audit adapter, and matching model/evaluation artifacts are not available for this historical version.""]"
latent_origin_capacity_change_forecasting@1.0.0,out_of_distribution_robustness,UNSUPPORTED_BY_EVIDENCE,The public historical record does not contain the executable evidence needed to run this diagnostic.,"{""FAIL"":0,""INCONCLUSIVE"":0,""NOT_APPLICABLE"":2,""NOT_RUN"":0,""PASS"":0,""UNSUPPORTED_BY_EVIDENCE"":2}","{""distributional_shift_sensitivity@1.0.0"":""NOT_APPLICABLE"",""observation_noise_perturbation@1.0.0"":""NOT_APPLICABLE"",""sparse_missing_history_sensitivity@1.0.0"":""UNSUPPORTED_BY_EVIDENCE"",""training_plan_counterfactual_sensitivity@1.0.0"":""UNSUPPORTED_BY_EVIDENCE""}",{},"[""artifacts/registries/attack-contract-registry.json"",""artifacts/registries/benchmark-registry.json"",""docs/benchmarks/latent-origin-capacity-change-forecasting.md"",""src/powerlifting_state_research/provenance/historical_sources.py""]","[""Public row-level realization, executable audit adapter, and matching model/evaluation artifacts are not available for this historical version."",""Rights-cleared historical participant rows and split identities."",""Version-specific runnable adapter and fitted model/evaluation artifacts.""]"
latent_origin_capacity_change_forecasting@1.0.0,seed_stability,UNSUPPORTED_BY_EVIDENCE,The public historical record does not contain the executable evidence needed to run this diagnostic.,"{""FAIL"":0,""INCONCLUSIVE"":0,""NOT_APPLICABLE"":2,""NOT_RUN"":0,""PASS"":0,""UNSUPPORTED_BY_EVIDENCE"":0}","{""model_ranking_instability@1.0.0"":""NOT_APPLICABLE"",""parameter_seed_sensitivity@1.0.0"":""NOT_APPLICABLE""}",{},"[""artifacts/registries/attack-contract-registry.json"",""artifacts/registries/benchmark-registry.json"",""docs/benchmarks/latent-origin-capacity-change-forecasting.md"",""src/powerlifting_state_research/provenance/historical_sources.py""]","[""Public row-level realization, executable audit adapter, and matching model/evaluation artifacts are not available for this historical version.""]"
latent_origin_capacity_change_forecasting@1.0.0,hidden_test_fairness,UNSUPPORTED_BY_EVIDENCE,The public historical record does not contain the executable evidence needed to run this diagnostic.,"{""FAIL"":0,""INCONCLUSIVE"":0,""NOT_APPLICABLE"":0,""NOT_RUN"":0,""PASS"":0,""UNSUPPORTED_BY_EVIDENCE"":1}","{""hidden_test_fairness@1.0.0"":""UNSUPPORTED_BY_EVIDENCE""}",{},"[""artifacts/registries/attack-contract-registry.json"",""artifacts/registries/benchmark-registry.json"",""docs/benchmarks/latent-origin-capacity-change-forecasting.md"",""src/powerlifting_state_research/provenance/historical_sources.py""]","[""Public evidence does not establish whether a hidden/access-controlled test exists or document its split identity and access controls."",""Rights-cleared historical participant rows and split identities."",""Version-specific runnable adapter and fitted model/evaluation artifacts.""]"
latent_origin_capacity_change_forecasting@1.0.0,audit_coverage,NOT_RUN,RES-277 defines the applicable denominator and status ledger; RES-278 has not executed the coverage audit.,"{""FAIL"":0,""INCONCLUSIVE"":0,""NOT_APPLICABLE"":0,""NOT_RUN"":0,""PASS"":1,""UNSUPPORTED_BY_EVIDENCE"":0}","{""audit_coverage_accounting@1.0.0"":""PASS""}",{},"[""artifacts/registries/attack-contract-registry.json"",""artifacts/registries/benchmark-registry.json"",""artifacts/registries/validity-axis-registry.json"",""artifacts/registries/version-validity-profiles.json"",""docs/benchmarks/latent-origin-capacity-change-forecasting.md"",""src/powerlifting_state_research/provenance/historical_sources.py""]",[]
observed_origin_referenced_capacity_change_forecasting@1.0.0,domain_faithfulness,UNSUPPORTED_BY_EVIDENCE,The public historical record does not contain the executable evidence needed to run this diagnostic.,"{""FAIL"":0,""INCONCLUSIVE"":0,""NOT_APPLICABLE"":0,""NOT_RUN"":0,""PASS"":0,""UNSUPPORTED_BY_EVIDENCE"":0}",{},{},"[""artifacts/registries/benchmark-registry.json"",""docs/benchmarks/observed-origin-referenced-capacity-change-forecasting.md"",""src/powerlifting_state_research/provenance/historical_sources.py""]","[""Public row-level realization, executable audit adapter, and matching model/evaluation artifacts are not available for this historical version.""]"
observed_origin_referenced_capacity_change_forecasting@1.0.0,reproducibility,UNSUPPORTED_BY_EVIDENCE,The public historical record does not contain the executable evidence needed to run this diagnostic.,"{""FAIL"":0,""INCONCLUSIVE"":0,""NOT_APPLICABLE"":0,""NOT_RUN"":0,""PASS"":0,""UNSUPPORTED_BY_EVIDENCE"":0}",{},{},"[""artifacts/registries/benchmark-registry.json"",""docs/benchmarks/observed-origin-referenced-capacity-change-forecasting.md"",""src/powerlifting_state_research/provenance/historical_sources.py""]","[""Public row-level realization, executable audit adapter, and matching model/evaluation artifacts are not available for this historical version.""]"
observed_origin_referenced_capacity_change_forecasting@1.0.0,leakage_shortcut_susceptibility,UNSUPPORTED_BY_EVIDENCE,The public historical record does not contain the executable evidence needed to run this diagnostic.,"{""FAIL"":0,""INCONCLUSIVE"":0,""NOT_APPLICABLE"":1,""NOT_RUN"":0,""PASS"":0,""UNSUPPORTED_BY_EVIDENCE"":3}","{""participant_input_leakage@1.0.0"":""UNSUPPORTED_BY_EVIDENCE"",""shortcut_feature_dependence@1.0.0"":""NOT_APPLICABLE"",""target_identity_contamination@1.0.0"":""UNSUPPORTED_BY_EVIDENCE"",""temporal_history_disruption@1.0.0"":""UNSUPPORTED_BY_EVIDENCE""}",{},"[""artifacts/registries/attack-contract-registry.json"",""artifacts/registries/benchmark-registry.json"",""docs/benchmarks/observed-origin-referenced-capacity-change-forecasting.md"",""src/powerlifting_state_research/provenance/historical_sources.py""]","[""Public row-level realization, executable audit adapter, and matching model/evaluation artifacts are not available for this historical version."",""Rights-cleared historical participant rows and split identities."",""Version-specific runnable adapter and fitted model/evaluation artifacts.""]"
observed_origin_referenced_capacity_change_forecasting@1.0.0,reconstructability,UNSUPPORTED_BY_EVIDENCE,The public historical record does not contain the executable evidence needed to run this diagnostic.,"{""FAIL"":0,""INCONCLUSIVE"":1,""NOT_APPLICABLE"":0,""NOT_RUN"":0,""PASS"":0,""UNSUPPORTED_BY_EVIDENCE"":0}","{""reconstruction_provenance_gaps@1.0.0"":""INCONCLUSIVE""}",{},"[""artifacts/registries/attack-contract-registry.json"",""artifacts/registries/benchmark-registry.json"",""docs/benchmarks/observed-origin-referenced-capacity-change-forecasting.md"",""src/powerlifting_state_research/provenance/historical_sources.py""]","[""Public row-level realization, executable audit adapter, and matching model/evaluation artifacts are not available for this historical version.""]"
observed_origin_referenced_capacity_change_forecasting@1.0.0,simple_model_frontier,UNSUPPORTED_BY_EVIDENCE,The public historical record does not contain the executable evidence needed to run this diagnostic.,"{""FAIL"":0,""INCONCLUSIVE"":0,""NOT_APPLICABLE"":1,""NOT_RUN"":0,""PASS"":0,""UNSUPPORTED_BY_EVIDENCE"":0}","{""baseline_domination@1.0.0"":""NOT_APPLICABLE""}",{},"[""artifacts/registries/attack-contract-registry.json"",""artifacts/registries/benchmark-registry.json"",""docs/benchmarks/observed-origin-referenced-capacity-change-forecasting.md"",""src/powerlifting_state_research/provenance/historical_sources.py""]","[""Public row-level realization, executable audit adapter, and matching model/evaluation artifacts are not available for this historical version.""]"
observed_origin_referenced_capacity_change_forecasting@1.0.0,ml_load_bearing_contribution,UNSUPPORTED_BY_EVIDENCE,The public historical record does not contain the executable evidence needed to run this diagnostic.,"{""FAIL"":0,""INCONCLUSIVE"":0,""NOT_APPLICABLE"":0,""NOT_RUN"":0,""PASS"":0,""UNSUPPORTED_BY_EVIDENCE"":0}",{},{},"[""artifacts/registries/benchmark-registry.json"",""docs/benchmarks/observed-origin-referenced-capacity-change-forecasting.md"",""src/powerlifting_state_research/provenance/historical_sources.py""]","[""Public row-level realization, executable audit adapter, and matching model/evaluation artifacts are not available for this historical version.""]"
observed_origin_referenced_capacity_change_forecasting@1.0.0,out_of_distribution_robustness,UNSUPPORTED_BY_EVIDENCE,The public historical record does not contain the executable evidence needed to run this diagnostic.,"{""FAIL"":0,""INCONCLUSIVE"":0,""NOT_APPLICABLE"":2,""NOT_RUN"":0,""PASS"":0,""UNSUPPORTED_BY_EVIDENCE"":2}","{""distributional_shift_sensitivity@1.0.0"":""NOT_APPLICABLE"",""observation_noise_perturbation@1.0.0"":""NOT_APPLICABLE"",""sparse_missing_history_sensitivity@1.0.0"":""UNSUPPORTED_BY_EVIDENCE"",""training_plan_counterfactual_sensitivity@1.0.0"":""UNSUPPORTED_BY_EVIDENCE""}",{},"[""artifacts/registries/attack-contract-registry.json"",""artifacts/registries/benchmark-registry.json"",""docs/benchmarks/observed-origin-referenced-capacity-change-forecasting.md"",""src/powerlifting_state_research/provenance/historical_sources.py""]","[""Public row-level realization, executable audit adapter, and matching model/evaluation artifacts are not available for this historical version."",""Rights-cleared historical participant rows and split identities."",""Version-specific runnable adapter and fitted model/evaluation artifacts.""]"
observed_origin_referenced_capacity_change_forecasting@1.0.0,seed_stability,UNSUPPORTED_BY_EVIDENCE,The public historical record does not contain the executable evidence needed to run this diagnostic.,"{""FAIL"":0,""INCONCLUSIVE"":0,""NOT_APPLICABLE"":2,""NOT_RUN"":0,""PASS"":0,""UNSUPPORTED_BY_EVIDENCE"":0}","{""model_ranking_instability@1.0.0"":""NOT_APPLICABLE"",""parameter_seed_sensitivity@1.0.0"":""NOT_APPLICABLE""}",{},"[""artifacts/registries/attack-contract-registry.json"",""artifacts/registries/benchmark-registry.json"",""docs/benchmarks/observed-origin-referenced-capacity-change-forecasting.md"",""src/powerlifting_state_research/provenance/historical_sources.py""]","[""Public row-level realization, executable audit adapter, and matching model/evaluation artifacts are not available for this historical version.""]"
observed_origin_referenced_capacity_change_forecasting@1.0.0,hidden_test_fairness,UNSUPPORTED_BY_EVIDENCE,The public historical record does not contain the executable evidence needed to run this diagnostic.,"{""FAIL"":0,""INCONCLUSIVE"":0,""NOT_APPLICABLE"":0,""NOT_RUN"":0,""PASS"":0,""UNSUPPORTED_BY_EVIDENCE"":1}","{""hidden_test_fairness@1.0.0"":""UNSUPPORTED_BY_EVIDENCE""}",{},"[""artifacts/registries/attack-contract-registry.json"",""artifacts/registries/benchmark-registry.json"",""docs/benchmarks/observed-origin-referenced-capacity-change-forecasting.md"",""src/powerlifting_state_research/provenance/historical_sources.py""]","[""Public evidence does not establish whether a hidden/access-controlled test exists or document its split identity and access controls."",""Rights-cleared historical participant rows and split identities."",""Version-specific runnable adapter and fitted model/evaluation artifacts.""]"
observed_origin_referenced_capacity_change_forecasting@1.0.0,audit_coverage,NOT_RUN,RES-277 defines the applicable denominator and status ledger; RES-278 has not executed the coverage audit.,"{""FAIL"":0,""INCONCLUSIVE"":0,""NOT_APPLICABLE"":0,""NOT_RUN"":0,""PASS"":1,""UNSUPPORTED_BY_EVIDENCE"":0}","{""audit_coverage_accounting@1.0.0"":""PASS""}",{},"[""artifacts/registries/attack-contract-registry.json"",""artifacts/registries/benchmark-registry.json"",""artifacts/registries/validity-axis-registry.json"",""artifacts/registries/version-validity-profiles.json"",""docs/benchmarks/observed-origin-referenced-capacity-change-forecasting.md"",""src/powerlifting_state_research/provenance/historical_sources.py""]",[]
performance_forecasting_under_schedule_exposure_reporting_heterogeneity@1.0.0,domain_faithfulness,UNSUPPORTED_BY_EVIDENCE,The public historical record does not contain the executable evidence needed to run this diagnostic.,"{""FAIL"":0,""INCONCLUSIVE"":0,""NOT_APPLICABLE"":0,""NOT_RUN"":0,""PASS"":0,""UNSUPPORTED_BY_EVIDENCE"":0}",{},{},"[""artifacts/registries/benchmark-registry.json"",""docs/benchmarks/performance-forecasting-under-schedule-exposure-reporting-heterogeneity.md"",""src/powerlifting_state_research/provenance/historical_sources.py""]","[""Public row-level realization, executable audit adapter, and matching model/evaluation artifacts are not available for this historical version.""]"
performance_forecasting_under_schedule_exposure_reporting_heterogeneity@1.0.0,reproducibility,UNSUPPORTED_BY_EVIDENCE,The public historical record does not contain the executable evidence needed to run this diagnostic.,"{""FAIL"":0,""INCONCLUSIVE"":0,""NOT_APPLICABLE"":0,""NOT_RUN"":0,""PASS"":0,""UNSUPPORTED_BY_EVIDENCE"":0}",{},{},"[""artifacts/registries/benchmark-registry.json"",""docs/benchmarks/performance-forecasting-under-schedule-exposure-reporting-heterogeneity.md"",""src/powerlifting_state_research/provenance/historical_sources.py""]","[""Public row-level realization, executable audit adapter, and matching model/evaluation artifacts are not available for this historical version.""]"
performance_forecasting_under_schedule_exposure_reporting_heterogeneity@1.0.0,leakage_shortcut_susceptibility,UNSUPPORTED_BY_EVIDENCE,The public historical record does not contain the executable evidence needed to run this diagnostic.,"{""FAIL"":0,""INCONCLUSIVE"":0,""NOT_APPLICABLE"":1,""NOT_RUN"":0,""PASS"":0,""UNSUPPORTED_BY_EVIDENCE"":3}","{""participant_input_leakage@1.0.0"":""UNSUPPORTED_BY_EVIDENCE"",""shortcut_feature_dependence@1.0.0"":""NOT_APPLICABLE"",""target_identity_contamination@1.0.0"":""UNSUPPORTED_BY_EVIDENCE"",""temporal_history_disruption@1.0.0"":""UNSUPPORTED_BY_EVIDENCE""}",{},"[""artifacts/registries/attack-contract-registry.json"",""artifacts/registries/benchmark-registry.json"",""docs/benchmarks/performance-forecasting-under-schedule-exposure-reporting-heterogeneity.md"",""src/powerlifting_state_research/provenance/historical_sources.py""]","[""Public row-level realization, executable audit adapter, and matching model/evaluation artifacts are not available for this historical version."",""Rights-cleared historical participant rows and split identities."",""Version-specific runnable adapter and fitted model/evaluation artifacts.""]"
performance_forecasting_under_schedule_exposure_reporting_heterogeneity@1.0.0,reconstructability,UNSUPPORTED_BY_EVIDENCE,The public historical record does not contain the executable evidence needed to run this diagnostic.,"{""FAIL"":0,""INCONCLUSIVE"":1,""NOT_APPLICABLE"":0,""NOT_RUN"":0,""PASS"":0,""UNSUPPORTED_BY_EVIDENCE"":0}","{""reconstruction_provenance_gaps@1.0.0"":""INCONCLUSIVE""}",{},"[""artifacts/registries/attack-contract-registry.json"",""artifacts/registries/benchmark-registry.json"",""docs/benchmarks/performance-forecasting-under-schedule-exposure-reporting-heterogeneity.md"",""src/powerlifting_state_research/provenance/historical_sources.py""]","[""Public row-level realization, executable audit adapter, and matching model/evaluation artifacts are not available for this historical version.""]"
performance_forecasting_under_schedule_exposure_reporting_heterogeneity@1.0.0,simple_model_frontier,UNSUPPORTED_BY_EVIDENCE,The public historical record does not contain the executable evidence needed to run this diagnostic.,"{""FAIL"":0,""INCONCLUSIVE"":0,""NOT_APPLICABLE"":1,""NOT_RUN"":0,""PASS"":0,""UNSUPPORTED_BY_EVIDENCE"":0}","{""baseline_domination@1.0.0"":""NOT_APPLICABLE""}",{},"[""artifacts/registries/attack-contract-registry.json"",""artifacts/registries/benchmark-registry.json"",""docs/benchmarks/performance-forecasting-under-schedule-exposure-reporting-heterogeneity.md"",""src/powerlifting_state_research/provenance/historical_sources.py""]","[""Public row-level realization, executable audit adapter, and matching model/evaluation artifacts are not available for this historical version.""]"
performance_forecasting_under_schedule_exposure_reporting_heterogeneity@1.0.0,ml_load_bearing_contribution,UNSUPPORTED_BY_EVIDENCE,The public historical record does not contain the executable evidence needed to run this diagnostic.,"{""FAIL"":0,""INCONCLUSIVE"":0,""NOT_APPLICABLE"":0,""NOT_RUN"":0,""PASS"":0,""UNSUPPORTED_BY_EVIDENCE"":0}",{},{},"[""artifacts/registries/benchmark-registry.json"",""docs/benchmarks/performance-forecasting-under-schedule-exposure-reporting-heterogeneity.md"",""src/powerlifting_state_research/provenance/historical_sources.py""]","[""Public row-level realization, executable audit adapter, and matching model/evaluation artifacts are not available for this historical version.""]"
performance_forecasting_under_schedule_exposure_reporting_heterogeneity@1.0.0,out_of_distribution_robustness,UNSUPPORTED_BY_EVIDENCE,The public historical record does not contain the executable evidence needed to run this diagnostic.,"{""FAIL"":0,""INCONCLUSIVE"":0,""NOT_APPLICABLE"":3,""NOT_RUN"":0,""PASS"":0,""UNSUPPORTED_BY_EVIDENCE"":1}","{""distributional_shift_sensitivity@1.0.0"":""NOT_APPLICABLE"",""observation_noise_perturbation@1.0.0"":""NOT_APPLICABLE"",""sparse_missing_history_sensitivity@1.0.0"":""UNSUPPORTED_BY_EVIDENCE"",""training_plan_counterfactual_sensitivity@1.0.0"":""NOT_APPLICABLE""}",{},"[""artifacts/registries/attack-contract-registry.json"",""artifacts/registries/benchmark-registry.json"",""docs/benchmarks/performance-forecasting-under-schedule-exposure-reporting-heterogeneity.md"",""src/powerlifting_state_research/provenance/historical_sources.py""]","[""Public row-level realization, executable audit adapter, and matching model/evaluation artifacts are not available for this historical version."",""Rights-cleared historical participant rows and split identities."",""Version-specific runnable adapter and fitted model/evaluation artifacts.""]"
performance_forecasting_under_schedule_exposure_reporting_heterogeneity@1.0.0,seed_stability,UNSUPPORTED_BY_EVIDENCE,The public historical record does not contain the executable evidence needed to run this diagnostic.,"{""FAIL"":0,""INCONCLUSIVE"":0,""NOT_APPLICABLE"":2,""NOT_RUN"":0,""PASS"":0,""UNSUPPORTED_BY_EVIDENCE"":0}","{""model_ranking_instability@1.0.0"":""NOT_APPLICABLE"",""parameter_seed_sensitivity@1.0.0"":""NOT_APPLICABLE""}",{},"[""artifacts/registries/attack-contract-registry.json"",""artifacts/registries/benchmark-registry.json"",""docs/benchmarks/performance-forecasting-under-schedule-exposure-reporting-heterogeneity.md"",""src/powerlifting_state_research/provenance/historical_sources.py""]","[""Public row-level realization, executable audit adapter, and matching model/evaluation artifacts are not available for this historical version.""]"
performance_forecasting_under_schedule_exposure_reporting_heterogeneity@1.0.0,hidden_test_fairness,UNSUPPORTED_BY_EVIDENCE,The public historical record does not contain the executable evidence needed to run this diagnostic.,"{""FAIL"":0,""INCONCLUSIVE"":0,""NOT_APPLICABLE"":0,""NOT_RUN"":0,""PASS"":0,""UNSUPPORTED_BY_EVIDENCE"":1}","{""hidden_test_fairness@1.0.0"":""UNSUPPORTED_BY_EVIDENCE""}",{},"[""artifacts/registries/attack-contract-registry.json"",""artifacts/registries/benchmark-registry.json"",""docs/benchmarks/performance-forecasting-under-schedule-exposure-reporting-heterogeneity.md"",""src/powerlifting_state_research/provenance/historical_sources.py""]","[""Public evidence does not establish whether a hidden/access-controlled test exists or document its split identity and access controls."",""Rights-cleared historical participant rows and split identities."",""Version-specific runnable adapter and fitted model/evaluation artifacts.""]"
performance_forecasting_under_schedule_exposure_reporting_heterogeneity@1.0.0,audit_coverage,NOT_RUN,RES-277 defines the applicable denominator and status ledger; RES-278 has not executed the coverage audit.,"{""FAIL"":0,""INCONCLUSIVE"":0,""NOT_APPLICABLE"":0,""NOT_RUN"":0,""PASS"":1,""UNSUPPORTED_BY_EVIDENCE"":0}","{""audit_coverage_accounting@1.0.0"":""PASS""}",{},"[""artifacts/registries/attack-contract-registry.json"",""artifacts/registries/benchmark-registry.json"",""artifacts/registries/validity-axis-registry.json"",""artifacts/registries/version-validity-profiles.json"",""docs/benchmarks/performance-forecasting-under-schedule-exposure-reporting-heterogeneity.md"",""src/powerlifting_state_research/provenance/historical_sources.py""]",[]
seasonal_five_target_load_velocity_performance_forecasting@1.0.0,domain_faithfulness,UNSUPPORTED_BY_EVIDENCE,The public historical record does not contain the executable evidence needed to run this diagnostic.,"{""FAIL"":0,""INCONCLUSIVE"":0,""NOT_APPLICABLE"":0,""NOT_RUN"":0,""PASS"":0,""UNSUPPORTED_BY_EVIDENCE"":0}",{},{},"[""artifacts/registries/benchmark-registry.json"",""docs/benchmarks/seasonal-five-target-load-velocity-performance-forecasting.md"",""src/powerlifting_state_research/provenance/historical_sources.py""]","[""Public row-level realization, executable audit adapter, and matching model/evaluation artifacts are not available for this historical version.""]"
seasonal_five_target_load_velocity_performance_forecasting@1.0.0,reproducibility,UNSUPPORTED_BY_EVIDENCE,The public historical record does not contain the executable evidence needed to run this diagnostic.,"{""FAIL"":0,""INCONCLUSIVE"":0,""NOT_APPLICABLE"":0,""NOT_RUN"":0,""PASS"":0,""UNSUPPORTED_BY_EVIDENCE"":0}",{},{},"[""artifacts/registries/benchmark-registry.json"",""docs/benchmarks/seasonal-five-target-load-velocity-performance-forecasting.md"",""src/powerlifting_state_research/provenance/historical_sources.py""]","[""Public row-level realization, executable audit adapter, and matching model/evaluation artifacts are not available for this historical version.""]"
seasonal_five_target_load_velocity_performance_forecasting@1.0.0,leakage_shortcut_susceptibility,UNSUPPORTED_BY_EVIDENCE,The public historical record does not contain the executable evidence needed to run this diagnostic.,"{""FAIL"":0,""INCONCLUSIVE"":0,""NOT_APPLICABLE"":1,""NOT_RUN"":0,""PASS"":0,""UNSUPPORTED_BY_EVIDENCE"":3}","{""participant_input_leakage@1.0.0"":""UNSUPPORTED_BY_EVIDENCE"",""shortcut_feature_dependence@1.0.0"":""NOT_APPLICABLE"",""target_identity_contamination@1.0.0"":""UNSUPPORTED_BY_EVIDENCE"",""temporal_history_disruption@1.0.0"":""UNSUPPORTED_BY_EVIDENCE""}",{},"[""artifacts/registries/attack-contract-registry.json"",""artifacts/registries/benchmark-registry.json"",""docs/benchmarks/seasonal-five-target-load-velocity-performance-forecasting.md"",""src/powerlifting_state_research/provenance/historical_sources.py""]","[""Public row-level realization, executable audit adapter, and matching model/evaluation artifacts are not available for this historical version."",""Rights-cleared historical participant rows and split identities."",""Version-specific runnable adapter and fitted model/evaluation artifacts.""]"
seasonal_five_target_load_velocity_performance_forecasting@1.0.0,reconstructability,UNSUPPORTED_BY_EVIDENCE,The public historical record does not contain the executable evidence needed to run this diagnostic.,"{""FAIL"":0,""INCONCLUSIVE"":1,""NOT_APPLICABLE"":0,""NOT_RUN"":0,""PASS"":0,""UNSUPPORTED_BY_EVIDENCE"":0}","{""reconstruction_provenance_gaps@1.0.0"":""INCONCLUSIVE""}",{},"[""artifacts/registries/attack-contract-registry.json"",""artifacts/registries/benchmark-registry.json"",""docs/benchmarks/seasonal-five-target-load-velocity-performance-forecasting.md"",""src/powerlifting_state_research/provenance/historical_sources.py""]","[""Public row-level realization, executable audit adapter, and matching model/evaluation artifacts are not available for this historical version.""]"
seasonal_five_target_load_velocity_performance_forecasting@1.0.0,simple_model_frontier,UNSUPPORTED_BY_EVIDENCE,The public historical record does not contain the executable evidence needed to run this diagnostic.,"{""FAIL"":0,""INCONCLUSIVE"":0,""NOT_APPLICABLE"":1,""NOT_RUN"":0,""PASS"":0,""UNSUPPORTED_BY_EVIDENCE"":0}","{""baseline_domination@1.0.0"":""NOT_APPLICABLE""}",{},"[""artifacts/registries/attack-contract-registry.json"",""artifacts/registries/benchmark-registry.json"",""docs/benchmarks/seasonal-five-target-load-velocity-performance-forecasting.md"",""src/powerlifting_state_research/provenance/historical_sources.py""]","[""Public row-level realization, executable audit adapter, and matching model/evaluation artifacts are not available for this historical version.""]"
seasonal_five_target_load_velocity_performance_forecasting@1.0.0,ml_load_bearing_contribution,UNSUPPORTED_BY_EVIDENCE,The public historical record does not contain the executable evidence needed to run this diagnostic.,"{""FAIL"":0,""INCONCLUSIVE"":0,""NOT_APPLICABLE"":0,""NOT_RUN"":0,""PASS"":0,""UNSUPPORTED_BY_EVIDENCE"":0}",{},{},"[""artifacts/registries/benchmark-registry.json"",""docs/benchmarks/seasonal-five-target-load-velocity-performance-forecasting.md"",""src/powerlifting_state_research/provenance/historical_sources.py""]","[""Public row-level realization, executable audit adapter, and matching model/evaluation artifacts are not available for this historical version.""]"
seasonal_five_target_load_velocity_performance_forecasting@1.0.0,out_of_distribution_robustness,UNSUPPORTED_BY_EVIDENCE,The public historical record does not contain the executable evidence needed to run this diagnostic.,"{""FAIL"":0,""INCONCLUSIVE"":0,""NOT_APPLICABLE"":3,""NOT_RUN"":0,""PASS"":0,""UNSUPPORTED_BY_EVIDENCE"":1}","{""distributional_shift_sensitivity@1.0.0"":""NOT_APPLICABLE"",""observation_noise_perturbation@1.0.0"":""NOT_APPLICABLE"",""sparse_missing_history_sensitivity@1.0.0"":""UNSUPPORTED_BY_EVIDENCE"",""training_plan_counterfactual_sensitivity@1.0.0"":""NOT_APPLICABLE""}",{},"[""artifacts/registries/attack-contract-registry.json"",""artifacts/registries/benchmark-registry.json"",""docs/benchmarks/seasonal-five-target-load-velocity-performance-forecasting.md"",""src/powerlifting_state_research/provenance/historical_sources.py""]","[""Public row-level realization, executable audit adapter, and matching model/evaluation artifacts are not available for this historical version."",""Rights-cleared historical participant rows and split identities."",""Version-specific runnable adapter and fitted model/evaluation artifacts.""]"
seasonal_five_target_load_velocity_performance_forecasting@1.0.0,seed_stability,UNSUPPORTED_BY_EVIDENCE,The public historical record does not contain the executable evidence needed to run this diagnostic.,"{""FAIL"":0,""INCONCLUSIVE"":0,""NOT_APPLICABLE"":2,""NOT_RUN"":0,""PASS"":0,""UNSUPPORTED_BY_EVIDENCE"":0}","{""model_ranking_instability@1.0.0"":""NOT_APPLICABLE"",""parameter_seed_sensitivity@1.0.0"":""NOT_APPLICABLE""}",{},"[""artifacts/registries/attack-contract-registry.json"",""artifacts/registries/benchmark-registry.json"",""docs/benchmarks/seasonal-five-target-load-velocity-performance-forecasting.md"",""src/powerlifting_state_research/provenance/historical_sources.py""]","[""Public row-level realization, executable audit adapter, and matching model/evaluation artifacts are not available for this historical version.""]"
seasonal_five_target_load_velocity_performance_forecasting@1.0.0,hidden_test_fairness,UNSUPPORTED_BY_EVIDENCE,The public historical record does not contain the executable evidence needed to run this diagnostic.,"{""FAIL"":0,""INCONCLUSIVE"":0,""NOT_APPLICABLE"":0,""NOT_RUN"":0,""PASS"":0,""UNSUPPORTED_BY_EVIDENCE"":1}","{""hidden_test_fairness@1.0.0"":""UNSUPPORTED_BY_EVIDENCE""}",{},"[""artifacts/registries/attack-contract-registry.json"",""artifacts/registries/benchmark-registry.json"",""docs/benchmarks/seasonal-five-target-load-velocity-performance-forecasting.md"",""src/powerlifting_state_research/provenance/historical_sources.py""]","[""Public evidence does not establish whether a hidden/access-controlled test exists or document its split identity and access controls."",""Rights-cleared historical participant rows and split identities."",""Version-specific runnable adapter and fitted model/evaluation artifacts.""]"
seasonal_five_target_load_velocity_performance_forecasting@1.0.0,audit_coverage,NOT_RUN,RES-277 defines the applicable denominator and status ledger; RES-278 has not executed the coverage audit.,"{""FAIL"":0,""INCONCLUSIVE"":0,""NOT_APPLICABLE"":0,""NOT_RUN"":0,""PASS"":1,""UNSUPPORTED_BY_EVIDENCE"":0}","{""audit_coverage_accounting@1.0.0"":""PASS""}",{},"[""artifacts/registries/attack-contract-registry.json"",""artifacts/registries/benchmark-registry.json"",""artifacts/registries/validity-axis-registry.json"",""artifacts/registries/version-validity-profiles.json"",""docs/benchmarks/seasonal-five-target-load-velocity-performance-forecasting.md"",""src/powerlifting_state_research/provenance/historical_sources.py""]",[]
